No,FI10501J.PV,FI10301J.PV,PI10105.PV,PI10103.PV,TI10101.PV,TI10103.PV,PI10101.PV,PIP101A1.PV,PIP101B1.PV,WIP101A.PV,WIP101B.PV,EIP101A.PV,EIP101B.PV,FIC10101.PV,FIC10101.OP,FIC10101.SP,LIC10101.PV,LIC10101.OP,LIC10101.SP,VX1YHQ.OP,VX2YHQ.OP,VX9D101.OP,VX2D101.OP,VX1P101.OP,PSV10101AB.OP,DS_P101.OP,XL_P101.OP,label
1,60.898369,0.0,1.903837,0.0,38.024018,25.066494,0.799717,2.848891,0.0,89.213974,0.0,14.873875,0.0,60.79615,33.586714,60.451722,49.917558,33.58429,50.0,27.0,0.0,0.0,0.0,0.0,0.0,0.0,0.0,0
2,60.559543,0.0,1.907023,0.0,37.838885,25.016307,0.804662,2.858883,0.0,88.949557,0.0,14.857162,0.0,60.505341,33.853893,60.74602,49.999311,33.747789,50.0,27.0,0.0,0.0,0.0,0.0,0.0,0.0,0.0,0
3,60.639079,0.0,1.900197,0.0,38.147857,24.934831,0.8011,2.831485,0.0,89.018044,0.0,14.931876,0.0,60.821261,33.707546,60.738197,49.997152,33.743443,50.0,27.0,0.0,0.0,0.0,0.0,0.0,0.0,0.0,0
4,60.697427,0.0,1.902442,0.0,38.109845,24.978805,0.79985,2.838411,0.0,89.166815,0.0,14.841938,0.0,60.841701,33.743009,60.838635,50.024927,33.799242,50.0,27.0,0.0,0.0,0.0,0.0,0.0,0.0,0.0,0
5,61.009797,0.0,1.909814,0.0,38.205006,25.01395,0.805911,2.855128,0.0,88.846634,0.0,14.823279,0.0,60.747195,33.912685,61.102229,50.097659,33.945683,50.0,27.0,0.0,0.0,0.0,0.0,0.0,0.0,0.0,0
6,60.902236,0.0,1.890884,0.0,37.938263,24.975243,0.801143,2.847667,0.0,89.431504,0.0,14.900301,0.0,60.759902,33.727514,60.702152,49.986594,33.723418,50.0,27.0,0.0,0.0,0.0,0.0,0.0,0.0,0.0,0
7,60.73258,0.0,1.900321,0.0,38.220062,24.989812,0.795132,2.852752,0.0,89.601059,0.0,14.933287,0.0,60.716369,33.86002,60.941733,50.05288,33.856518,50.0,27.0,0.0,0.0,0.0,0.0,0.0,0.0,0.0,0
8,60.665155,0.0,1.905184,0.0,38.065489,25.020886,0.80126,2.850051,0.0,89.446676,0.0,14.936782,0.0,60.526072,33.924704,60.873795,50.033839,33.818775,50.0,27.0,0.0,0.0,0.0,0.0,0.0,0.0,0.0,0
9,60.725916,0.0,1.897523,0.0,38.150372,25.056576,0.803849,2.852154,0.0,89.247194,0.0,14.911076,0.0,60.593455,33.791955,60.639427,49.968892,33.68857,50.0,27.0,0.0,0.0,0.0,0.0,0.0,0.0,0.0,0
10,60.836597,0.0,1.893984,0.0,38.032064,25.156589,0.800797,2.857914,0.0,89.251075,0.0,14.899926,0.0,60.82917,33.772766,60.831791,50.022216,33.79544,50.0,27.0,0.0,0.0,0.0,0.0,0.0,0.0,0.0,0
11,60.888169,0.0,1.905442,0.0,37.941295,25.073739,0.801473,2.851348,0.0,89.054622,0.0,14.9051,0.0,60.874089,33.754297,60.837589,50.023708,33.798661,50.0,27.0,0.0,0.0,0.0,0.0,0.0,0.0,0.0,0
12,60.641753,0.0,1.897483,0.0,38.142232,25.006342,0.79928,2.851198,0.0,89.471274,0.0,14.944602,0.0,60.905794,33.540739,60.4211,49.908474,33.567278,50.0,27.0,0.0,0.0,0.0,0.0,0.0,0.0,0.0,0
13,60.661623,0.0,1.90352,0.0,37.820044,25.064341,0.800163,2.843449,0.0,89.248408,0.0,14.885013,0.0,60.944175,33.867769,61.179605,50.118577,33.988669,50.0,27.0,0.0,0.0,0.0,0.0,0.0,0.0,0.0,0
14,60.900771,0.0,1.8993,0.0,37.775018,24.93016,0.802905,2.857941,0.0,89.24368,0.0,14.833619,0.0,60.899828,33.679226,60.722835,49.991737,33.734908,50.0,27.0,0.0,0.0,0.0,0.0,0.0,0.0,0.0,0
15,60.693029,0.0,1.888302,0.0,37.940361,24.898769,0.799631,2.857554,0.0,88.911871,0.0,14.854794,0.0,60.417523,33.930996,60.78267,50.008317,33.76815,50.0,27.0,0.0,0.0,0.0,0.0,0.0,0.0,0.0,0
16,61.040486,0.0,1.910723,0.0,37.90635,24.913698,0.797418,2.841143,0.0,89.555357,0.0,14.84627,0.0,60.743504,33.782611,60.77283,50.005555,33.762683,50.0,27.0,0.0,0.0,0.0,0.0,0.0,0.0,0.0,0
17,60.675652,0.0,1.901129,0.0,37.792527,24.91497,0.80215,2.851078,0.0,89.158419,0.0,14.798486,0.0,60.964897,33.798037,61.024929,50.075207,33.902738,50.0,27.0,0.0,0.0,0.0,0.0,0.0,0.0,0.0,0
18,60.834564,0.0,1.887672,0.0,38.089171,24.963445,0.800678,2.858974,0.0,89.138276,0.0,14.876055,0.0,60.865021,33.630795,60.568524,49.948684,33.64918,50.0,27.0,0.0,0.0,0.0,0.0,0.0,0.0,0.0,0
19,60.56469,0.0,1.900108,0.0,38.033027,24.964662,0.797472,2.841893,0.0,89.238793,0.0,14.856826,0.0,60.913854,33.700596,60.783125,50.008255,33.768403,50.0,27.0,0.0,0.0,0.0,0.0,0.0,0.0,0.0,0
20,60.930765,0.0,1.896474,0.0,38.142578,25.165904,0.79955,2.854573,0.0,89.374568,0.0,14.90799,0.0,61.073179,33.665506,60.876603,50.03405,33.820335,50.0,27.0,0.0,0.0,0.0,0.0,0.0,0.0,0.0,0
21,60.375216,0.0,1.90392,0.0,38.110188,25.0748,0.799213,2.841921,0.0,89.54143,0.0,14.90974,0.0,60.794987,33.71033,60.705246,49.986519,33.725137,50.0,27.0,0.0,0.0,0.0,0.0,0.0,0.0,0.0,0
22,60.486476,0.0,1.894425,0.0,37.983067,25.127589,0.801144,2.843777,0.0,89.198176,0.0,14.790542,0.0,60.433388,33.909579,60.769548,50.004358,33.76086,50.0,27.0,0.0,0.0,0.0,0.0,0.0,0.0,0.0,0
23,60.552965,0.0,1.90777,0.0,38.08006,25.08557,0.798501,2.839291,0.0,88.950515,0.0,14.843468,0.0,60.815108,33.778978,60.854771,50.027892,33.808206,50.0,27.0,0.0,0.0,0.0,0.0,0.0,0.0,0.0,0
24,60.931078,0.0,1.902199,0.0,38.14847,25.035815,0.798948,2.851531,0.0,88.928934,0.0,14.89229,0.0,60.819429,33.805212,60.91195,50.043557,33.839972,50.0,27.0,0.0,0.0,0.0,0.0,0.0,0.0,0.0,0
25,60.799806,0.0,1.891944,0.0,38.162358,25.018382,0.799538,2.849951,0.0,89.237562,0.0,14.793868,0.0,60.85197,33.72558,60.770734,50.004309,33.761519,50.0,27.0,0.0,0.0,0.0,0.0,0.0,0.0,0.0,0
26,60.678786,0.0,1.890641,0.0,38.034007,25.040186,0.796133,2.826071,0.0,89.514231,0.0,14.945524,0.0,60.86104,33.740354,60.816046,50.016812,33.786692,50.0,27.0,0.0,0.0,0.0,0.0,0.0,0.0,0.0,0
27,60.915103,0.0,1.901301,0.0,38.088483,24.977512,0.798094,2.865238,0.0,89.076226,0.0,14.843185,0.0,61.038841,33.831275,61.188445,50.119658,33.99358,50.0,27.0,0.0,0.0,0.0,0.0,0.0,0.0,0.0,0
28,60.594258,0.0,1.909293,0.0,37.900567,25.012856,0.803021,2.846344,0.0,89.568857,0.0,14.848037,0.0,60.522028,34.089555,61.207092,50.124216,34.00394,50.0,27.0,0.0,0.0,0.0,0.0,0.0,0.0,0.0,0
29,60.78326,0.0,1.903641,0.0,37.826058,25.005133,0.800956,2.858211,0.0,89.437502,0.0,14.923763,0.0,60.645576,33.711584,60.490542,49.925547,33.605857,50.0,27.0,0.0,0.0,0.0,0.0,0.0,0.0,0.0,0
30,60.83974,0.0,1.897932,0.0,38.053386,25.099447,0.796792,2.842857,0.0,89.684342,0.0,14.9656,0.0,61.087106,33.826265,61.183665,50.117494,33.990925,50.0,27.0,0.0,0.0,0.0,0.0,0.0,0.0,0.0,0
31,60.797823,0.0,1.906773,0.0,38.103466,24.97037,0.797283,2.857535,0.0,89.136816,0.0,14.8601,0.0,60.946928,33.620594,60.603615,49.956586,33.668675,50.0,27.0,0.0,0.0,0.0,0.0,0.0,0.0,0.0,0
32,60.576952,0.0,1.907564,0.0,37.991601,25.091931,0.799827,2.853772,0.0,89.245918,0.0,14.876008,0.0,60.598365,33.806421,60.66849,49.974733,33.704717,50.0,27.0,0.0,0.0,0.0,0.0,0.0,0.0,0.0,0
33,60.604868,0.0,1.901273,0.0,38.063827,24.904435,0.799281,2.851003,0.0,89.274128,0.0,14.899023,0.0,60.675988,33.815875,60.761671,50.000613,33.756484,50.0,27.0,0.0,0.0,0.0,0.0,0.0,0.0,0.0,0
34,60.441081,0.0,1.899504,0.0,37.9075,25.110285,0.801733,2.851792,0.0,89.095997,0.0,14.844649,0.0,60.818217,33.732426,60.72252,49.989789,33.734733,50.0,27.0,0.0,0.0,0.0,0.0,0.0,0.0,0.0,0
35,60.762194,0.0,1.900215,0.0,37.747401,24.971525,0.80083,2.849034,0.0,89.673069,0.0,14.777472,0.0,60.732145,33.63684,60.440802,49.911974,33.578223,50.0,27.0,0.0,0.0,0.0,0.0,0.0,0.0,0.0,0
36,60.472457,0.0,1.896795,0.0,38.087546,25.072549,0.802704,2.851682,0.0,89.215907,0.0,14.851824,0.0,60.902894,33.448546,60.232578,49.85486,33.462543,50.0,27.0,0.0,0.0,0.0,0.0,0.0,0.0,0.0,0
37,60.536809,0.0,1.90385,0.0,38.002867,24.978544,0.797401,2.842436,0.0,89.582356,0.0,14.909722,0.0,61.048449,33.654403,60.854258,50.027412,33.807921,50.0,27.0,0.0,0.0,0.0,0.0,0.0,0.0,0.0,0
38,60.36827,0.0,1.89508,0.0,38.216475,25.082401,0.793958,2.851746,0.0,89.130792,0.0,14.844426,0.0,60.545707,33.654762,60.36441,49.891883,33.535783,50.0,27.0,0.0,0.0,0.0,0.0,0.0,0.0,0.0,0
39,60.56798,0.0,1.892672,0.0,38.073233,24.934092,0.801324,2.85864,0.0,89.128874,0.0,14.870261,0.0,60.364415,33.861128,60.62975,49.96576,33.683194,50.0,27.0,0.0,0.0,0.0,0.0,0.0,0.0,0.0,0
40,60.841812,0.0,1.897998,0.0,38.149638,25.035623,0.800613,2.846482,0.0,89.176494,0.0,14.815216,0.0,60.881483,33.708754,60.808823,50.015426,33.782679,50.0,27.0,0.0,0.0,0.0,0.0,0.0,0.0,0.0,0
41,61.021971,0.0,1.894818,0.0,37.830169,24.967589,0.800482,2.847926,0.0,88.690576,0.0,14.859961,0.0,60.877825,33.602507,60.58559,49.953648,33.658661,50.0,27.0,0.0,0.0,0.0,0.0,0.0,0.0,0.0,0
42,60.568397,0.0,1.893776,0.0,38.078004,25.057942,0.798066,2.840058,0.0,89.401662,0.0,14.818417,0.0,60.627808,33.778245,60.724534,49.992282,33.735852,50.0,27.0,0.0,0.0,0.0,0.0,0.0,0.0,0.0,0
43,61.119559,0.0,1.903844,0.0,37.921507,25.049982,0.800777,2.84704,0.0,89.672374,0.0,14.78256,0.0,60.484167,33.796493,60.61334,49.961587,33.674078,50.0,27.0,0.0,0.0,0.0,0.0,0.0,0.0,0.0,0
44,60.667766,0.0,1.901048,0.0,37.94128,24.846266,0.796243,2.85689,0.0,89.484411,0.0,14.881086,0.0,60.478246,33.789449,60.584488,49.953804,33.658049,50.0,27.0,0.0,0.0,0.0,0.0,0.0,0.0,0.0,0
45,60.670933,0.0,1.905106,0.0,38.037993,24.955962,0.80158,2.859929,0.0,89.238005,0.0,14.923307,0.0,60.61431,33.866845,60.877168,50.034929,33.820649,50.0,27.0,0.0,0.0,0.0,0.0,0.0,0.0,0.0,0
46,60.731645,0.0,1.900102,0.0,38.204469,24.985773,0.803171,2.845476,0.0,89.004482,0.0,14.816796,0.0,60.82941,33.666237,60.652683,49.972709,33.695935,50.0,27.0,0.0,0.0,0.0,0.0,0.0,0.0,0.0,0
47,60.786456,0.0,1.894124,0.0,37.771803,25.038322,0.802076,2.85192,0.0,88.942611,0.0,14.864865,0.0,60.880512,33.613522,60.603635,49.959288,33.668686,50.0,27.0,0.0,0.0,0.0,0.0,0.0,0.0,0.0,0
48,60.942491,0.0,1.893358,0.0,38.065197,24.85423,0.800471,2.850544,0.0,89.031557,0.0,14.807478,0.0,60.878893,33.674639,60.748239,49.999458,33.749022,50.0,27.0,0.0,0.0,0.0,0.0,0.0,0.0,0.0,0
49,61.09428,0.0,1.895993,0.0,37.893599,25.037648,0.799215,2.84846,0.0,88.944232,0.0,14.878162,0.0,60.553583,33.858245,60.818387,50.01885,33.787993,50.0,27.0,0.0,0.0,0.0,0.0,0.0,0.0,0.0,0
50,60.618233,0.0,1.901416,0.0,37.987152,24.987773,0.796103,2.854168,0.0,89.36373,0.0,14.819984,0.0,60.806169,33.772083,60.872676,50.033761,33.818153,50.0,27.0,0.0,0.0,0.0,0.0,0.0,0.0,0.0,0
51,61.040063,0.0,1.888184,0.0,37.749062,24.924417,0.80069,2.855657,0.0,89.061719,0.0,14.842452,0.0,60.897354,33.602875,60.602782,49.958995,33.668212,50.0,27.0,0.0,0.0,0.0,0.0,0.0,0.0,0.0,0
52,60.661527,0.0,1.898336,0.0,37.848584,25.000446,0.796638,2.836556,0.0,88.640295,0.0,14.880853,0.0,60.917666,33.839917,61.141515,50.108103,33.967508,50.0,27.0,0.0,0.0,0.0,0.0,0.0,0.0,0.0,0
53,60.847302,0.0,1.885561,0.0,38.012388,24.863675,0.798412,2.850753,0.0,88.916367,0.0,14.907627,0.0,60.493597,33.709707,60.428793,49.910572,33.571552,50.0,27.0,0.0,0.0,0.0,0.0,0.0,0.0,0.0,0
54,60.600062,0.0,1.89505,0.0,38.087549,25.093017,0.802527,2.865409,0.0,89.332802,0.0,14.84076,0.0,60.90549,33.639356,60.696341,49.984966,33.720189,50.0,27.0,0.0,0.0,0.0,0.0,0.0,0.0,0.0,0
55,60.627214,0.0,1.903876,0.0,38.122179,25.065112,0.799419,2.848314,0.0,89.166093,0.0,14.913865,0.0,61.06346,33.573545,60.728561,49.993946,33.738089,50.0,27.0,0.0,0.0,0.0,0.0,0.0,0.0,0.0,0
56,60.704436,0.0,1.896935,0.0,38.033399,24.95177,0.799842,2.842227,0.0,89.250741,0.0,14.799569,0.0,60.914207,33.495208,60.434998,49.912837,33.574999,50.0,27.0,0.0,0.0,0.0,0.0,0.0,0.0,0.0,0
57,60.548678,0.0,1.903113,0.0,37.951351,25.085329,0.798339,2.831176,0.0,89.25774,0.0,14.779788,0.0,60.677311,33.805571,60.882724,50.03702,33.823736,50.0,27.0,0.0,0.0,0.0,0.0,0.0,0.0,0.0,0
58,60.408079,0.0,1.898217,0.0,37.896874,24.956167,0.799958,2.861363,0.0,88.764125,0.0,14.827168,0.0,60.828069,33.596633,60.579916,49.953141,33.655509,50.0,27.0,0.0,0.0,0.0,0.0,0.0,0.0,0.0,0
59,60.605033,0.0,1.893912,0.0,38.01805,24.999697,0.795634,2.851331,0.0,89.022659,0.0,14.828198,0.0,60.290134,33.994567,60.896882,50.040982,33.831601,50.0,27.0,0.0,0.0,0.0,0.0,0.0,0.0,0.0,0
60,61.015115,0.0,1.903616,0.0,38.104068,25.001758,0.800558,2.858321,0.0,89.102189,0.0,14.793049,0.0,60.578213,33.746547,60.623873,49.96532,33.679929,50.0,27.0,0.0,0.0,0.0,0.0,0.0,0.0,0.0,0
61,61.029992,0.0,1.899885,0.0,38.012763,24.9914,0.796791,2.845215,0.0,89.576421,0.0,14.795151,0.0,60.783188,33.634384,60.589399,49.955964,33.660777,50.0,27.0,0.0,0.0,0.0,0.0,0.0,0.0,0.0,0
62,60.518001,0.0,1.895887,0.0,37.988865,24.991594,0.80023,2.855935,0.0,89.261246,0.0,14.904877,0.0,60.423027,34.013642,61.041348,50.0811,33.91186,50.0,27.0,0.0,0.0,0.0,0.0,0.0,0.0,0.0,0
63,61.019729,0.0,1.89961,0.0,38.094954,25.040267,0.800258,2.848364,0.0,89.058678,0.0,14.903958,0.0,60.610689,33.85259,60.850647,50.027987,33.805915,50.0,27.0,0.0,0.0,0.0,0.0,0.0,0.0,0.0,0
64,60.755023,0.0,1.896768,0.0,37.943594,24.985783,0.798604,2.855345,0.0,89.151471,0.0,14.974831,0.0,60.746947,33.654811,60.554715,49.946054,33.641509,50.0,27.0,0.0,0.0,0.0,0.0,0.0,0.0,0.0,0
65,60.91796,0.0,1.89858,0.0,37.708181,25.010897,0.798622,2.842139,0.0,88.692689,0.0,14.808851,0.0,60.807131,33.806919,60.947768,50.05496,33.859871,50.0,27.0,0.0,0.0,0.0,0.0,0.0,0.0,0.0,0
66,60.480356,0.0,1.902115,0.0,37.93331,24.866757,0.796386,2.865288,0.0,89.080385,0.0,14.902585,0.0,60.639447,33.541029,60.210432,49.85089,33.45024,50.0,27.0,0.0,0.0,0.0,0.0,0.0,0.0,0.0,0
67,60.781129,0.0,1.901913,0.0,38.13012,24.952252,0.800001,2.847004,0.0,89.120438,0.0,14.830707,0.0,60.697209,33.646554,60.517599,49.936532,33.620888,50.0,27.0,0.0,0.0,0.0,0.0,0.0,0.0,0.0,0
68,60.804243,0.0,1.891808,0.0,38.312785,24.911637,0.798566,2.851696,0.0,89.122552,0.0,14.848568,0.0,60.526619,33.794927,60.671208,49.979304,33.706227,50.0,27.0,0.0,0.0,0.0,0.0,0.0,0.0,0.0,0
69,60.892831,0.0,1.898073,0.0,37.939479,25.002283,0.799526,2.834283,0.0,88.913404,0.0,14.857734,0.0,60.70865,33.829995,60.918175,50.047668,33.843431,50.0,27.0,0.0,0.0,0.0,0.0,0.0,0.0,0.0,0
70,60.876176,0.0,1.898634,0.0,38.01908,25.049659,0.802955,2.857836,0.0,88.895817,0.0,14.843146,0.0,60.634276,33.955523,61.095492,50.09644,33.94194,50.0,27.0,0.0,0.0,0.0,0.0,0.0,0.0,0.0,0
71,60.897308,0.0,1.899214,0.0,38.201259,25.077333,0.802996,2.854521,0.0,89.74662,0.0,14.812687,0.0,60.635964,33.865726,60.878937,50.036106,33.821632,50.0,27.0,0.0,0.0,0.0,0.0,0.0,0.0,0.0,0
72,60.75685,0.0,1.897612,0.0,38.198062,25.051278,0.800498,2.836261,0.0,89.604425,0.0,14.945989,0.0,60.58709,33.704092,60.473931,49.923984,33.596628,50.0,27.0,0.0,0.0,0.0,0.0,0.0,0.0,0.0,0
73,61.010006,0.0,1.901622,0.0,37.931229,24.902473,0.798565,2.857534,0.0,89.398814,0.0,14.825984,0.0,61.133391,33.548876,60.699896,49.986818,33.722164,50.0,27.0,0.0,0.0,0.0,0.0,0.0,0.0,0.0,0
74,60.656768,0.0,1.896358,0.0,37.889213,24.938323,0.799114,2.842999,0.0,89.260145,0.0,14.951763,0.0,61.250754,33.450357,60.636538,49.969372,33.686966,50.0,27.0,0.0,0.0,0.0,0.0,0.0,0.0,0.0,0
75,60.720209,0.0,1.90461,0.0,37.987036,24.99244,0.799042,2.849735,0.0,89.090765,0.0,14.88616,0.0,60.977299,33.608867,60.735828,49.996968,33.742127,50.0,27.0,0.0,0.0,0.0,0.0,0.0,0.0,0.0,0
76,60.756725,0.0,1.897889,0.0,37.865296,24.956997,0.798105,2.846259,0.0,89.202087,0.0,14.874505,0.0,60.740488,33.885503,61.097638,50.096985,33.943132,50.0,27.0,0.0,0.0,0.0,0.0,0.0,0.0,0.0,0
77,60.460296,0.0,1.899409,0.0,38.00201,24.93613,0.796868,2.862666,0.0,89.326501,0.0,14.804229,0.0,60.341121,33.849076,60.599112,49.958713,33.666174,50.0,27.0,0.0,0.0,0.0,0.0,0.0,0.0,0.0,0
78,60.814412,0.0,1.901854,0.0,37.775449,24.83849,0.8024,2.854462,0.0,89.089425,0.0,14.800441,0.0,60.873291,33.698149,60.796797,50.013557,33.775998,50.0,27.0,0.0,0.0,0.0,0.0,0.0,0.0,0.0,0
79,60.726019,0.0,1.906673,0.0,38.041361,25.058659,0.798725,2.861695,0.0,89.160365,0.0,14.800875,0.0,60.712854,33.773783,60.800681,50.014563,33.778156,50.0,27.0,0.0,0.0,0.0,0.0,0.0,0.0,0.0,0
80,61.065613,0.0,1.894826,0.0,38.148744,24.921214,0.800909,2.839242,0.0,89.046029,0.0,14.855718,0.0,60.533558,33.867926,60.814479,50.018304,33.785822,50.0,27.0,0.0,0.0,0.0,0.0,0.0,0.0,0.0,0
81,60.847086,0.0,1.898035,0.0,38.021706,25.026166,0.801559,2.844715,0.0,89.069145,0.0,14.792719,0.0,60.260933,33.976352,60.753007,50.001223,33.75167,50.0,27.0,0.0,0.0,0.0,0.0,0.0,0.0,0.0,0
82,60.72161,0.0,1.895059,0.0,38.06296,25.090673,0.801072,2.855604,0.0,89.062637,0.0,14.938287,0.0,60.453073,33.917872,60.791036,50.011728,33.772798,50.0,27.0,0.0,0.0,0.0,0.0,0.0,0.0,0.0,0
83,60.54823,0.0,1.895294,0.0,37.753217,24.95259,0.799489,2.836252,0.0,89.603794,0.0,14.829268,0.0,60.924434,33.772119,60.933826,50.051136,33.852126,50.0,27.0,0.0,0.0,0.0,0.0,0.0,0.0,0.0,0
84,60.582546,0.0,1.90972,0.0,38.226312,25.002461,0.798335,2.846531,0.0,89.342364,0.0,14.88639,0.0,60.789208,33.883068,61.032048,50.07803,33.906693,50.0,27.0,0.0,0.0,0.0,0.0,0.0,0.0,0.0,0
85,60.814599,0.0,1.905503,0.0,38.047072,25.050222,0.79661,2.854022,0.0,89.221175,0.0,14.90232,0.0,60.896809,33.742077,60.827067,50.020986,33.792815,50.0,27.0,0.0,0.0,0.0,0.0,0.0,0.0,0.0,0
86,60.714426,0.0,1.901845,0.0,37.956855,24.982394,0.799958,2.839939,0.0,89.699774,0.0,14.879992,0.0,60.763949,33.717264,60.646225,49.970897,33.692347,50.0,27.0,0.0,0.0,0.0,0.0,0.0,0.0,0.0,0
87,60.948829,0.0,1.895059,0.0,37.99209,24.929008,0.798746,2.859369,0.0,89.078904,0.0,14.793494,0.0,61.069494,33.802135,61.138153,50.107009,33.96564,50.0,27.0,0.0,0.0,0.0,0.0,0.0,0.0,0.0,0
88,60.755241,0.0,1.899142,0.0,37.912729,25.111793,0.798457,2.841519,0.0,89.049138,0.0,14.949841,0.0,60.417716,33.905048,60.699167,49.985143,33.721759,50.0,27.0,0.0,0.0,0.0,0.0,0.0,0.0,0.0,0
89,60.99209,0.0,1.896612,0.0,37.935068,24.923541,0.797701,2.859142,0.0,89.245886,0.0,14.790025,0.0,61.076506,33.751428,61.016323,50.072877,33.897957,50.0,27.0,0.0,0.0,0.0,0.0,0.0,0.0,0.0,0
90,60.87111,0.0,1.899348,0.0,38.135024,24.942288,0.800198,2.855432,0.0,89.02826,0.0,14.899917,0.0,60.888168,33.729,60.784439,50.008423,33.769133,50.0,27.0,0.0,0.0,0.0,0.0,0.0,0.0,0.0,0
91,60.989084,0.0,1.898374,0.0,37.958184,24.888785,0.800726,2.857082,0.0,89.409453,0.0,14.835902,0.0,60.966528,33.547397,60.486213,49.925953,33.603452,50.0,27.0,0.0,0.0,0.0,0.0,0.0,0.0,0.0,0
92,60.912744,0.0,1.907716,0.0,37.868602,24.852388,0.800293,2.844809,0.0,89.455748,0.0,14.881349,0.0,61.014425,33.689634,60.864161,50.030784,33.813423,50.0,27.0,0.0,0.0,0.0,0.0,0.0,0.0,0.0,0
93,60.825663,0.0,1.89426,0.0,38.087802,25.024126,0.802215,2.830596,0.0,89.062151,0.0,14.863916,0.0,60.986987,33.531057,60.511616,49.933189,33.617565,50.0,27.0,0.0,0.0,0.0,0.0,0.0,0.0,0.0,0
94,60.70168,0.0,1.890844,0.0,38.12586,25.0193,0.797683,2.850264,0.0,88.910767,0.0,14.867219,0.0,60.74439,33.619318,60.484904,49.926138,33.602725,50.0,27.0,0.0,0.0,0.0,0.0,0.0,0.0,0.0,0
95,60.478362,0.0,1.902795,0.0,38.057484,25.087055,0.799811,2.855142,0.0,88.612407,0.0,14.895554,0.0,60.721103,33.74283,60.738368,49.996562,33.743538,50.0,27.0,0.0,0.0,0.0,0.0,0.0,0.0,0.0,0
96,60.440422,0.0,1.9109,0.0,38.174912,25.044291,0.799922,2.852753,0.0,89.210023,0.0,14.865534,0.0,60.629401,33.718229,60.593694,49.956592,33.663164,50.0,27.0,0.0,0.0,0.0,0.0,0.0,0.0,0.0,0
97,60.680783,0.0,1.897799,0.0,37.91516,25.095038,0.797758,2.84299,0.0,89.150832,0.0,14.857929,0.0,60.627764,33.670394,60.493388,49.929084,33.607438,50.0,27.0,0.0,0.0,0.0,0.0,0.0,0.0,0.0,0
98,60.868806,0.0,1.909187,0.0,38.071716,24.928181,0.80227,2.852691,0.0,88.670233,0.0,14.955083,0.0,60.758007,33.737377,60.77332,50.006809,33.762956,50.0,27.0,0.0,0.0,0.0,0.0,0.0,0.0,0.0,0
99,60.83885,0.0,1.903565,0.0,38.064199,25.023653,0.799497,2.845018,0.0,88.404752,0.0,14.815477,0.0,60.789989,33.753097,60.837506,50.024515,33.798614,50.0,27.0,0.0,0.0,0.0,0.0,0.0,0.0,0.0,0
100,60.813976,0.0,1.902234,0.0,37.844242,25.004079,0.806314,2.850799,0.0,89.266928,0.0,14.873167,0.0,60.652674,33.825764,60.850502,50.027986,33.805835,50.0,27.0,0.0,0.0,0.0,0.0,0.0,0.0,0.0,0
101,60.729408,0.0,1.896745,0.0,37.912157,25.01491,0.801073,2.832014,0.0,88.791577,0.0,14.863935,0.0,60.560245,33.852563,60.802237,50.014506,33.779021,50.0,27.0,0.0,0.0,0.0,0.0,0.0,0.0,0.0,0
102,60.514488,0.0,1.896352,0.0,38.012753,24.986047,0.801755,2.846092,0.0,88.849799,0.0,14.800554,0.0,60.501146,33.879679,60.785213,50.009728,33.769563,50.0,27.0,0.0,0.0,0.0,0.0,0.0,0.0,0.0,0
103,60.619083,0.0,1.887524,0.0,37.794832,25.007776,0.80322,2.855704,0.0,88.896877,0.0,14.790206,0.0,60.904421,33.614224,60.610789,49.96147,33.672661,50.0,27.0,0.0,0.0,0.0,0.0,0.0,0.0,0.0,0
104,60.783262,0.0,1.891523,0.0,38.036541,25.002207,0.802714,2.860036,0.0,89.311318,0.0,14.947542,0.0,60.926926,33.869579,61.190286,50.121832,33.994603,50.0,27.0,0.0,0.0,0.0,0.0,0.0,0.0,0.0,0
105,60.781955,0.0,1.903126,0.0,38.007292,24.927844,0.800071,2.835817,0.0,89.453925,0.0,14.821956,0.0,60.677609,33.74575,60.663306,49.975571,33.701837,50.0,27.0,0.0,0.0,0.0,0.0,0.0,0.0,0.0,0
106,60.941594,0.0,1.900346,0.0,37.925992,24.962324,0.798245,2.841021,0.0,88.905766,0.0,14.874308,0.0,60.564289,33.882691,60.83974,50.024458,33.799856,50.0,27.0,0.0,0.0,0.0,0.0,0.0,0.0,0.0,0
107,60.85455,0.0,1.900205,0.0,37.818128,24.930292,0.801069,2.84592,0.0,89.148087,0.0,14.874025,0.0,60.634791,33.786227,60.689548,49.982824,33.716416,50.0,27.0,0.0,0.0,0.0,0.0,0.0,0.0,0.0,0
108,60.506951,0.0,1.909433,0.0,37.973827,25.078114,0.797469,2.857496,0.0,89.822551,0.0,14.946366,0.0,60.600053,33.681921,60.431368,49.91155,33.572982,50.0,27.0,0.0,0.0,0.0,0.0,0.0,0.0,0.0,0
109,60.549975,0.0,1.901468,0.0,37.891125,25.021548,0.796727,2.852887,0.0,89.416226,0.0,14.89888,0.0,60.82527,33.686036,60.675809,49.979552,33.708783,50.0,27.0,0.0,0.0,0.0,0.0,0.0,0.0,0.0,0
110,60.5837,0.0,1.893724,0.0,38.037295,25.008291,0.798644,2.846617,0.0,89.580166,0.0,14.830131,0.0,60.987127,33.740411,60.961704,50.058674,33.867613,50.0,27.0,0.0,0.0,0.0,0.0,0.0,0.0,0.0,0
111,60.600534,0.0,1.899613,0.0,37.913147,25.001404,0.80316,2.864442,0.0,89.277718,0.0,14.762649,0.0,60.759168,33.798209,60.857251,50.029512,33.809584,50.0,27.0,0.0,0.0,0.0,0.0,0.0,0.0,0.0,0
112,60.534728,0.0,1.894487,0.0,38.127396,25.030445,0.800817,2.833206,0.0,89.341549,0.0,14.888701,0.0,60.691696,33.748589,60.678981,49.980092,33.710545,50.0,27.0,0.0,0.0,0.0,0.0,0.0,0.0,0.0,0
113,61.00318,0.0,1.907417,0.0,38.047156,24.967047,0.795222,2.851158,0.0,89.31631,0.0,14.875591,0.0,60.699708,33.823734,60.846297,50.026436,33.803498,50.0,27.0,0.0,0.0,0.0,0.0,0.0,0.0,0.0,0
114,60.875147,0.0,1.907515,0.0,37.986329,25.007236,0.800877,2.848953,0.0,89.415843,0.0,14.824961,0.0,60.746401,33.631313,60.477941,49.924493,33.598856,50.0,27.0,0.0,0.0,0.0,0.0,0.0,0.0,0.0,0
115,60.765583,0.0,1.903382,0.0,38.131308,24.992017,0.799544,2.87168,0.0,89.243875,0.0,14.92591,0.0,60.826262,33.732944,60.788958,50.010832,33.771643,50.0,27.0,0.0,0.0,0.0,0.0,0.0,0.0,0.0,0
116,60.870794,0.0,1.901667,0.0,38.061766,25.035045,0.799313,2.844651,0.0,88.91011,0.0,14.862517,0.0,60.754995,33.725352,60.704008,49.987299,33.724449,50.0,27.0,0.0,0.0,0.0,0.0,0.0,0.0,0.0,0
117,60.550605,0.0,1.902193,0.0,38.028424,24.994056,0.797021,2.865676,0.0,88.907989,0.0,14.828514,0.0,60.91684,33.601183,60.607121,49.960583,33.670623,50.0,27.0,0.0,0.0,0.0,0.0,0.0,0.0,0.0,0
118,60.733023,0.0,1.901913,0.0,38.022224,25.049565,0.800132,2.859001,0.0,88.940453,0.0,14.835443,0.0,61.081966,33.463125,60.500388,49.931278,33.611327,50.0,27.0,0.0,0.0,0.0,0.0,0.0,0.0,0.0,0
119,60.685128,0.0,1.903915,0.0,38.100671,24.934373,0.796703,2.844643,0.0,89.355389,0.0,14.790214,0.0,60.523201,33.94383,60.991958,50.067488,33.884421,50.0,27.0,0.0,0.0,0.0,0.0,0.0,0.0,0.0,0
120,60.611038,0.0,1.893209,0.0,38.203541,25.068862,0.80003,2.833158,0.0,88.904533,0.0,14.857643,0.0,60.625708,33.633308,60.410161,49.906346,33.561201,50.0,27.0,0.0,0.0,0.0,0.0,0.0,0.0,0.0,0
121,60.627085,0.0,1.898608,0.0,37.858439,25.034776,0.797147,2.865993,0.0,88.815732,0.0,14.909615,0.0,60.56658,33.777586,60.668841,49.97831,33.704912,50.0,27.0,0.0,0.0,0.0,0.0,0.0,0.0,0.0,0
122,60.865616,0.0,1.896243,0.0,38.140977,25.037593,0.797757,2.843474,0.0,88.680556,0.0,14.907119,0.0,60.669579,33.820468,60.855903,50.030121,33.808835,50.0,27.0,0.0,0.0,0.0,0.0,0.0,0.0,0.0,0
123,60.747755,0.0,1.903463,0.0,37.832631,25.018435,0.800472,2.848351,0.0,89.324613,0.0,14.836228,0.0,60.8292,33.805517,60.972342,50.062154,33.873523,50.0,27.0,0.0,0.0,0.0,0.0,0.0,0.0,0.0,0
124,60.82449,0.0,1.897157,0.0,37.948236,25.053998,0.796461,2.859483,0.0,89.22067,0.0,14.817969,0.0,60.621498,33.826596,60.800156,50.014254,33.777864,50.0,27.0,0.0,0.0,0.0,0.0,0.0,0.0,0.0,0
125,60.661756,0.0,1.902588,0.0,38.037029,24.997359,0.802006,2.843631,0.0,89.210214,0.0,14.883843,0.0,61.055563,33.557839,60.656146,49.974379,33.697859,50.0,27.0,0.0,0.0,0.0,0.0,0.0,0.0,0.0,0
126,60.636935,0.0,1.91365,0.0,37.99914,25.034496,0.797952,2.855049,0.0,89.151204,0.0,14.860576,0.0,60.73707,33.865678,61.011964,50.072853,33.895535,50.0,27.0,0.0,0.0,0.0,0.0,0.0,0.0,0.0,0
127,60.479231,0.0,1.907929,0.0,37.987816,25.093367,0.796779,2.854331,0.0,88.958156,0.0,14.852602,0.0,60.860065,33.57069,60.495539,49.929753,33.608633,50.0,27.0,0.0,0.0,0.0,0.0,0.0,0.0,0.0,0
128,60.807381,0.0,1.904078,0.0,38.058313,24.817517,0.801668,2.855711,0.0,89.00928,0.0,14.812673,0.0,61.28151,33.403956,60.588062,49.955675,33.660035,50.0,27.0,0.0,0.0,0.0,0.0,0.0,0.0,0.0,0
129,60.90409,0.0,1.890941,0.0,38.154312,25.055993,0.799285,2.853013,0.0,89.117782,0.0,14.855328,0.0,60.718646,33.750602,60.799744,50.014404,33.777635,50.0,27.0,0.0,0.0,0.0,0.0,0.0,0.0,0.0,0
130,60.684526,0.0,1.900384,0.0,37.784405,25.062469,0.799953,2.848302,0.0,88.90636,0.0,14.793288,0.0,60.634366,33.773241,60.75815,50.002836,33.754528,50.0,27.0,0.0,0.0,0.0,0.0,0.0,0.0,0.0,0
131,61.03322,0.0,1.902477,0.0,38.185974,25.04946,0.801268,2.836474,0.0,89.430309,0.0,14.835925,0.0,60.703754,33.76949,60.811888,50.017675,33.784382,50.0,27.0,0.0,0.0,0.0,0.0,0.0,0.0,0.0,0
132,60.668207,0.0,1.89643,0.0,37.999888,25.076484,0.80132,2.836911,0.0,88.821588,0.0,14.850875,0.0,60.942237,33.680272,60.855419,50.029619,33.808566,50.0,27.0,0.0,0.0,0.0,0.0,0.0,0.0,0.0,0
133,60.498298,0.0,1.895722,0.0,38.08723,24.932984,0.799296,2.845942,0.0,88.870544,0.0,14.765802,0.0,60.626477,33.713642,60.615476,49.963152,33.675264,50.0,27.0,0.0,0.0,0.0,0.0,0.0,0.0,0.0,0
134,60.81102,0.0,1.904278,0.0,37.870165,25.003011,0.799182,2.845727,0.0,89.134919,0.0,14.820395,0.0,60.323914,33.87862,60.661602,49.976084,33.70089,50.0,27.0,0.0,0.0,0.0,0.0,0.0,0.0,0.0,0
135,60.982009,0.0,1.891985,0.0,37.941158,24.998741,0.796663,2.85233,0.0,89.309498,0.0,14.955495,0.0,61.001217,33.59543,60.720444,49.992467,33.73358,50.0,27.0,0.0,0.0,0.0,0.0,0.0,0.0,0.0,0
136,60.819589,0.0,1.899356,0.0,37.942565,25.042794,0.799681,2.847842,0.0,88.94966,0.0,14.895539,0.0,60.949549,33.520251,60.527745,49.939243,33.626525,50.0,27.0,0.0,0.0,0.0,0.0,0.0,0.0,0.0,0
137,60.652935,0.0,1.894167,0.0,37.976492,24.958064,0.800533,2.838829,0.0,88.93365,0.0,14.839489,0.0,60.729705,33.628561,60.56273,49.949215,33.645961,50.0,27.0,0.0,0.0,0.0,0.0,0.0,0.0,0.0,0
138,60.720365,0.0,1.902155,0.0,37.976803,25.056225,0.796516,2.855347,0.0,88.984074,0.0,14.769638,0.0,60.671148,33.652762,60.565657,49.950277,33.647587,50.0,27.0,0.0,0.0,0.0,0.0,0.0,0.0,0.0,0
139,60.894902,0.0,1.895304,0.0,37.975733,25.00002,0.800205,2.857265,0.0,89.366975,0.0,14.802542,0.0,60.353214,33.883037,60.740053,49.998727,33.744474,50.0,27.0,0.0,0.0,0.0,0.0,0.0,0.0,0.0,0
140,60.753645,0.0,1.904926,0.0,37.941538,24.931501,0.795047,2.840684,0.0,89.059779,0.0,14.868866,0.0,60.616565,33.943733,61.107257,50.100227,33.948476,50.0,27.0,0.0,0.0,0.0,0.0,0.0,0.0,0.0,0
141,60.867237,0.0,1.901366,0.0,38.158453,25.049254,0.803055,2.851393,0.0,88.789634,0.0,14.842155,0.0,60.520993,33.954865,61.004499,50.071326,33.891389,50.0,27.0,0.0,0.0,0.0,0.0,0.0,0.0,0.0,0
142,60.40249,0.0,1.90126,0.0,37.991743,24.939141,0.800033,2.85292,0.0,89.304878,0.0,14.79874,0.0,60.754853,33.760033,60.797166,50.013665,33.776203,50.0,27.0,0.0,0.0,0.0,0.0,0.0,0.0,0.0,0
143,60.707087,0.0,1.899038,0.0,38.157245,24.949365,0.801837,2.845119,0.0,88.588488,0.0,14.871373,0.0,60.621131,33.775763,60.69398,49.985077,33.718878,50.0,27.0,0.0,0.0,0.0,0.0,0.0,0.0,0.0,0
144,60.90498,0.0,1.899844,0.0,38.048481,24.938177,0.799946,2.856587,0.0,89.161385,0.0,14.91973,0.0,60.707413,33.742347,60.705221,49.988258,33.725123,50.0,27.0,0.0,0.0,0.0,0.0,0.0,0.0,0.0,0
145,60.634921,0.0,1.898798,0.0,38.059617,24.891416,0.800032,2.848215,0.0,88.656911,0.0,14.877605,0.0,60.501047,33.790836,60.601273,49.959586,33.667374,50.0,27.0,0.0,0.0,0.0,0.0,0.0,0.0,0.0,0
146,60.393739,0.0,1.901299,0.0,37.929935,25.022542,0.80261,2.852179,0.0,89.239974,0.0,14.791358,0.0,60.632232,33.750139,60.64035,49.970588,33.689083,50.0,27.0,0.0,0.0,0.0,0.0,0.0,0.0,0.0,0
147,61.18617,0.0,1.903356,0.0,38.105782,24.980588,0.801519,2.856772,0.0,89.269681,0.0,14.90718,0.0,60.720074,33.814634,60.863728,50.032475,33.813182,50.0,27.0,0.0,0.0,0.0,0.0,0.0,0.0,0.0,0
148,60.816369,0.0,1.898901,0.0,37.76857,24.852441,0.802373,2.844663,0.0,89.597077,0.0,14.947464,0.0,60.920751,33.676218,60.763456,50.004598,33.757475,50.0,27.0,0.0,0.0,0.0,0.0,0.0,0.0,0.0,0
149,60.601047,0.0,1.899101,0.0,38.007036,25.141232,0.800447,2.848856,0.0,89.177383,0.0,14.874635,0.0,60.725556,33.687558,60.602012,49.959953,33.667784,50.0,27.0,0.0,0.0,0.0,0.0,0.0,0.0,0.0,0
150,60.775247,0.0,1.898014,0.0,38.117938,24.999765,0.803605,2.865083,0.0,89.307772,0.0,14.818369,0.0,61.06931,33.521141,60.602452,49.960274,33.668029,50.0,27.0,0.0,0.0,0.0,0.0,0.0,0.0,0.0,0
151,60.957156,0.0,1.899429,0.0,38.033732,25.037977,0.798008,2.855569,0.0,89.287364,0.0,14.875826,0.0,60.531042,33.868959,60.827039,50.022547,33.7928,50.0,27.0,0.0,0.0,0.0,0.0,0.0,0.0,0.0,0
152,60.791895,0.0,1.891251,0.0,38.222386,25.019225,0.803937,2.838169,0.0,89.347754,0.0,14.760639,0.0,60.622769,33.641562,60.420603,49.910097,33.567002,50.0,27.0,0.0,0.0,0.0,0.0,0.0,0.0,0.0,0
153,60.759595,0.0,1.908719,0.0,37.737411,25.060761,0.801619,2.84243,0.0,89.144493,0.0,14.818761,0.0,60.482076,34.049295,61.152607,50.112867,33.973671,50.0,27.0,0.0,0.0,0.0,0.0,0.0,0.0,0.0,0
154,60.503392,0.0,1.898567,0.0,37.817674,24.899719,0.802594,2.860653,0.0,88.87217,0.0,14.861472,0.0,60.94644,33.714274,60.868378,50.033746,33.815766,50.0,27.0,0.0,0.0,0.0,0.0,0.0,0.0,0.0,0
155,60.70158,0.0,1.900479,0.0,37.858461,25.07358,0.797009,2.84738,0.0,88.769169,0.0,14.925094,0.0,60.861027,33.671405,60.697417,49.986325,33.720787,50.0,27.0,0.0,0.0,0.0,0.0,0.0,0.0,0.0,0
156,60.741487,0.0,1.910536,0.0,38.052792,25.125988,0.796569,2.861281,0.0,88.934132,0.0,14.834131,0.0,60.634199,33.816379,60.78662,50.011049,33.770344,50.0,27.0,0.0,0.0,0.0,0.0,0.0,0.0,0.0,0
157,60.994979,0.0,1.901751,0.0,37.85439,24.983858,0.801655,2.853435,0.0,89.355592,0.0,14.869293,0.0,60.882777,33.613426,60.597565,49.95874,33.665314,50.0,27.0,0.0,0.0,0.0,0.0,0.0,0.0,0.0,0
158,60.97849,0.0,1.897092,0.0,37.78769,25.095774,0.797061,2.832809,0.0,89.202705,0.0,14.871176,0.0,61.059598,33.506272,60.566185,49.950272,33.64788,50.0,27.0,0.0,0.0,0.0,0.0,0.0,0.0,0.0,0
159,60.948825,0.0,1.90684,0.0,38.093575,24.918275,0.800753,2.85684,0.0,89.292257,0.0,14.920452,0.0,61.015071,33.592752,60.734914,49.997155,33.741619,50.0,27.0,0.0,0.0,0.0,0.0,0.0,0.0,0.0,0
160,60.64044,0.0,1.904081,0.0,37.918365,24.797246,0.79857,2.840405,0.0,89.346441,0.0,14.796316,0.0,60.658339,33.630103,60.47448,49.925186,33.596933,50.0,27.0,0.0,0.0,0.0,0.0,0.0,0.0,0.0,0
161,60.751021,0.0,1.906669,0.0,38.030487,25.025758,0.798504,2.837462,0.0,88.911494,0.0,14.848425,0.0,60.894337,33.584582,60.625948,49.967424,33.681082,50.0,27.0,0.0,0.0,0.0,0.0,0.0,0.0,0.0,0
162,60.888119,0.0,1.904053,0.0,37.825374,25.061268,0.798776,2.844891,0.0,89.306225,0.0,14.881704,0.0,60.753672,33.741646,60.833366,50.024915,33.796314,50.0,27.0,0.0,0.0,0.0,0.0,0.0,0.0,0.0,0
163,60.528153,0.0,1.9035,0.0,38.067317,24.982328,0.801331,2.827307,0.0,88.882569,0.0,14.830705,0.0,60.459276,33.826932,60.713888,49.991768,33.729938,50.0,27.0,0.0,0.0,0.0,0.0,0.0,0.0,0.0,0
164,61.078958,0.0,1.895927,0.0,37.965292,25.021589,0.798397,2.85894,0.0,88.803366,0.0,14.892114,0.0,60.721215,33.819504,60.944246,50.055479,33.857914,50.0,27.0,0.0,0.0,0.0,0.0,0.0,0.0,0.0,0
165,60.611565,0.0,1.894662,0.0,37.960431,25.032343,0.798082,2.838176,0.0,88.945694,0.0,14.764599,0.0,60.662626,33.696459,60.612169,49.963418,33.673427,50.0,27.0,0.0,0.0,0.0,0.0,0.0,0.0,0.0,0
166,60.764681,0.0,1.896169,0.0,37.847523,25.017338,0.800287,2.843485,0.0,88.98537,0.0,14.810024,0.0,60.755104,33.78442,60.893343,50.041316,33.829635,50.0,27.0,0.0,0.0,0.0,0.0,0.0,0.0,0.0,0
167,61.005732,0.0,1.905283,0.0,37.8863,25.142942,0.799098,2.858106,0.0,88.848022,0.0,14.864199,0.0,60.463246,33.790781,60.606263,49.961762,33.670146,50.0,27.0,0.0,0.0,0.0,0.0,0.0,0.0,0.0,0
168,60.700792,0.0,1.891413,0.0,37.94252,25.000278,0.79583,2.853162,0.0,89.145295,0.0,14.811543,0.0,60.701095,33.876039,61.015014,50.07493,33.89723,50.0,27.0,0.0,0.0,0.0,0.0,0.0,0.0,0.0,0
169,60.654917,0.0,1.906757,0.0,38.173973,24.972634,0.799042,2.853538,0.0,89.03205,0.0,14.860317,0.0,60.880885,33.710706,60.826434,50.022434,33.792464,50.0,27.0,0.0,0.0,0.0,0.0,0.0,0.0,0.0,0
170,60.397486,0.0,1.894434,0.0,38.162672,25.080313,0.800996,2.835571,0.0,89.229917,0.0,14.833286,0.0,60.651699,33.932525,61.068552,50.089243,33.926973,50.0,27.0,0.0,0.0,0.0,0.0,0.0,0.0,0.0,0
171,61.047538,0.0,1.889092,0.0,38.040754,24.977258,0.796095,2.85036,0.0,89.214026,0.0,14.799052,0.0,61.084624,33.532969,60.63261,49.968306,33.684783,50.0,27.0,0.0,0.0,0.0,0.0,0.0,0.0,0.0,0
172,60.550013,0.0,1.897155,0.0,37.992541,24.998241,0.800107,2.85101,0.0,88.992354,0.0,14.813087,0.0,60.915825,33.679768,60.801718,50.015205,33.778732,50.0,27.0,0.0,0.0,0.0,0.0,0.0,0.0,0.0,0
173,60.544119,0.0,1.903019,0.0,38.003775,25.012238,0.802364,2.842743,0.0,89.037393,0.0,14.960354,0.0,60.851464,33.830931,61.063347,50.087442,33.924082,50.0,27.0,0.0,0.0,0.0,0.0,0.0,0.0,0.0,0
174,60.752389,0.0,1.897157,0.0,37.935335,24.927713,0.799429,2.860649,0.0,89.541389,0.0,14.866235,0.0,60.927832,33.473728,60.372998,49.896198,33.540554,50.0,27.0,0.0,0.0,0.0,0.0,0.0,0.0,0.0,0
175,60.890623,0.0,1.902878,0.0,38.073756,25.116386,0.798874,2.84725,0.0,89.12643,0.0,14.86391,0.0,60.872855,33.702048,60.834311,50.024219,33.796839,50.0,27.0,0.0,0.0,0.0,0.0,0.0,0.0,0.0,0
176,60.280012,0.0,1.891967,0.0,37.976071,25.070198,0.801132,2.850846,0.0,88.697449,0.0,14.916424,0.0,60.531271,33.760633,60.618711,49.964508,33.677062,50.0,27.0,0.0,0.0,0.0,0.0,0.0,0.0,0.0,0
177,60.999221,0.0,1.906386,0.0,37.930485,25.115653,0.798803,2.854154,0.0,88.79069,0.0,14.756337,0.0,60.757186,33.717436,60.748044,50.000431,33.748913,50.0,27.0,0.0,0.0,0.0,0.0,0.0,0.0,0.0,0
178,60.489196,0.0,1.904983,0.0,37.888127,25.105841,0.796846,2.848808,0.0,89.335543,0.0,14.843231,0.0,60.681478,33.736841,60.713839,49.990975,33.729911,50.0,27.0,0.0,0.0,0.0,0.0,0.0,0.0,0.0,0
179,60.832893,0.0,1.904113,0.0,37.812326,24.980798,0.795894,2.849616,0.0,89.313163,0.0,14.822492,0.0,60.795148,33.759531,60.873349,50.035108,33.818527,50.0,27.0,0.0,0.0,0.0,0.0,0.0,0.0,0.0,0
180,60.978426,0.0,1.897504,0.0,38.108345,24.895736,0.79735,2.846601,0.0,88.584039,0.0,14.840825,0.0,60.692654,33.683171,60.604895,49.960734,33.669386,50.0,27.0,0.0,0.0,0.0,0.0,0.0,0.0,0.0,0
181,60.827901,0.0,1.901843,0.0,37.895014,25.127294,0.79951,2.845066,0.0,89.789865,0.0,14.872887,0.0,60.555425,33.799121,60.717733,49.992117,33.732074,50.0,27.0,0.0,0.0,0.0,0.0,0.0,0.0,0.0,0
182,60.986385,0.0,1.894236,0.0,37.983714,25.119803,0.800059,2.847483,0.0,89.151774,0.0,14.881518,0.0,60.501697,33.906567,60.880505,50.037146,33.822503,50.0,27.0,0.0,0.0,0.0,0.0,0.0,0.0,0.0,0
183,60.545559,0.0,1.893696,0.0,38.051556,25.149914,0.798584,2.855073,0.0,89.098054,0.0,14.829945,0.0,60.421892,33.948576,60.865635,50.032851,33.814242,50.0,27.0,0.0,0.0,0.0,0.0,0.0,0.0,0.0,0
184,61.130427,0.0,1.910681,0.0,37.85543,24.911165,0.796179,2.842833,0.0,89.405545,0.0,14.970275,0.0,60.673295,33.691626,60.547301,49.944701,33.63739,50.0,27.0,0.0,0.0,0.0,0.0,0.0,0.0,0.0,0
185,60.872022,0.0,1.8898,0.0,37.978417,24.957562,0.797118,2.853812,0.0,89.095528,0.0,14.939541,0.0,60.391146,33.811665,60.526235,49.939154,33.625686,50.0,27.0,0.0,0.0,0.0,0.0,0.0,0.0,0.0,0
186,61.0335,0.0,1.910263,0.0,37.865334,25.088833,0.799269,2.850998,0.0,88.894478,0.0,14.82163,0.0,60.78648,33.684219,60.644293,49.972087,33.691274,50.0,27.0,0.0,0.0,0.0,0.0,0.0,0.0,0.0,0
187,60.50099,0.0,1.893358,0.0,37.995935,25.024991,0.798057,2.846851,0.0,89.22291,0.0,14.893791,0.0,60.764625,33.582516,60.416797,49.909347,33.564887,50.0,27.0,0.0,0.0,0.0,0.0,0.0,0.0,0.0,0
188,60.680376,0.0,1.893564,0.0,37.859191,24.824318,0.796175,2.847462,0.0,89.071513,0.0,14.845282,0.0,60.751073,33.768575,60.817452,50.020538,33.787473,50.0,27.0,0.0,0.0,0.0,0.0,0.0,0.0,0.0,0
189,60.667974,0.0,1.8829,0.0,38.103423,24.898328,0.798966,2.84648,0.0,89.025901,0.0,14.788056,0.0,60.670389,33.825697,60.853112,50.030291,33.807284,50.0,27.0,0.0,0.0,0.0,0.0,0.0,0.0,0.0,0
190,60.434906,0.0,1.90165,0.0,38.052082,24.817214,0.801391,2.858488,0.0,89.384019,0.0,14.793162,0.0,60.864753,33.659551,60.68559,49.983839,33.714217,50.0,27.0,0.0,0.0,0.0,0.0,0.0,0.0,0.0,0
191,60.933559,0.0,1.898647,0.0,37.920197,25.225,0.80123,2.856224,0.0,89.059775,0.0,14.869669,0.0,60.924946,33.606571,60.645227,49.972763,33.691793,50.0,27.0,0.0,0.0,0.0,0.0,0.0,0.0,0.0,0
192,60.988404,0.0,1.893855,0.0,37.867204,24.855615,0.801588,2.82435,0.0,88.976351,0.0,14.848544,0.0,60.585903,33.85791,60.853833,50.030556,33.807685,50.0,27.0,0.0,0.0,0.0,0.0,0.0,0.0,0.0,0
193,60.758246,0.0,1.889276,0.0,37.972489,24.922237,0.799821,2.839821,0.0,89.048863,0.0,14.827163,0.0,60.84022,33.682719,60.721861,49.993927,33.734367,50.0,27.0,0.0,0.0,0.0,0.0,0.0,0.0,0.0,0
194,60.487259,0.0,1.898141,0.0,37.841523,24.916146,0.801961,2.846229,0.0,88.997166,0.0,14.882111,0.0,60.651383,33.825957,60.842566,50.02732,33.801425,50.0,27.0,0.0,0.0,0.0,0.0,0.0,0.0,0.0,0
195,60.510411,0.0,1.898429,0.0,38.141704,25.116128,0.799282,2.865032,0.0,89.138471,0.0,14.837436,0.0,60.456687,33.998977,61.000884,50.070943,33.88938,50.0,27.0,0.0,0.0,0.0,0.0,0.0,0.0,0.0,0
196,60.925228,0.0,1.89862,0.0,38.133863,24.973682,0.798814,2.848562,0.0,88.937941,0.0,14.858972,0.0,61.011899,33.813813,61.131504,50.106692,33.961946,50.0,27.0,0.0,0.0,0.0,0.0,0.0,0.0,0.0,0
197,60.971697,0.0,1.908097,0.0,37.907611,24.905002,0.800605,2.844377,0.0,89.493839,0.0,14.828729,0.0,60.491099,33.841834,60.662334,49.976485,33.701297,50.0,27.0,0.0,0.0,0.0,0.0,0.0,0.0,0.0,0
198,61.021237,0.0,1.907286,0.0,38.033358,24.891794,0.795487,2.83414,0.0,89.164305,0.0,14.83045,0.0,60.617858,33.960838,61.029414,50.078062,33.90523,50.0,27.0,0.0,0.0,0.0,0.0,0.0,0.0,0.0,0
199,60.802701,0.0,1.896806,0.0,38.074603,24.963205,0.801703,2.844097,0.0,89.23095,0.0,14.873405,0.0,60.715198,33.796635,60.754666,50.001734,33.752592,50.0,27.0,0.0,0.0,0.0,0.0,0.0,0.0,0.0,0
200,60.582988,0.0,1.905368,0.0,38.186649,24.967423,0.799359,2.853371,0.0,88.661018,0.0,14.887502,0.0,60.771585,33.723577,60.654481,49.974035,33.696934,50.0,27.0,0.0,0.0,0.0,0.0,0.0,0.0,0.0,0
201,60.792909,0.0,1.899329,0.0,38.113089,25.079968,0.800199,2.849931,0.0,89.073449,0.0,14.884475,0.0,60.778353,33.904682,61.050587,50.083646,33.916993,50.0,27.0,0.0,0.0,0.0,0.0,0.0,0.0,0.0,0
202,60.722769,0.0,1.900907,0.0,38.191157,24.936331,0.800047,2.847332,0.0,89.077793,0.0,14.881135,0.0,60.857047,33.767437,60.822765,50.020261,33.790425,50.0,27.0,0.0,0.0,0.0,0.0,0.0,0.0,0.0,0
203,60.743881,0.0,1.894891,0.0,38.156687,24.934722,0.79904,2.855499,0.0,88.878676,0.0,14.894893,0.0,60.844972,33.718418,60.709434,49.988835,33.727463,50.0,27.0,0.0,0.0,0.0,0.0,0.0,0.0,0.0,0
204,60.857135,0.0,1.897478,0.0,38.215306,24.950555,0.796758,2.839588,0.0,89.094343,0.0,14.824319,0.0,60.576901,33.805148,60.632779,49.967704,33.684877,50.0,27.0,0.0,0.0,0.0,0.0,0.0,0.0,0.0,0
205,60.688427,0.0,1.896012,0.0,37.909459,25.050344,0.802116,2.844463,0.0,89.362694,0.0,14.908276,0.0,60.609958,33.8054,60.662876,49.976183,33.701598,50.0,27.0,0.0,0.0,0.0,0.0,0.0,0.0,0.0,0
206,60.817152,0.0,1.898472,0.0,38.036191,24.923266,0.800326,2.855244,0.0,88.864625,0.0,14.809449,0.0,60.869734,33.7195,60.738149,49.997107,33.743416,50.0,27.0,0.0,0.0,0.0,0.0,0.0,0.0,0.0,0
207,60.628269,0.0,1.900176,0.0,38.155994,25.062421,0.800699,2.847333,0.0,88.736709,0.0,14.840231,0.0,60.62581,33.932522,60.951792,50.056171,33.862107,50.0,27.0,0.0,0.0,0.0,0.0,0.0,0.0,0.0,0
208,60.981185,0.0,1.904807,0.0,38.05773,25.008711,0.799878,2.842889,0.0,89.507494,0.0,14.787949,0.0,60.791239,33.797052,60.811089,50.017002,33.783938,50.0,27.0,0.0,0.0,0.0,0.0,0.0,0.0,0.0,0
209,60.742807,0.0,1.906581,0.0,38.147589,24.91523,0.796511,2.837711,0.0,89.176717,0.0,14.860264,0.0,60.862291,33.754766,60.791705,50.01156,33.773169,50.0,27.0,0.0,0.0,0.0,0.0,0.0,0.0,0.0,0
210,60.795682,0.0,1.899108,0.0,37.858445,24.935044,0.798029,2.84305,0.0,89.044187,0.0,14.836304,0.0,60.903149,33.722289,60.768468,50.00508,33.76026,50.0,27.0,0.0,0.0,0.0,0.0,0.0,0.0,0.0,0
211,60.626505,0.0,1.90794,0.0,37.954671,24.958261,0.800742,2.856251,0.0,89.948865,0.0,14.947438,0.0,61.309341,33.52497,60.766859,50.00461,33.759366,50.0,27.0,0.0,0.0,0.0,0.0,0.0,0.0,0.0,0
212,60.868648,0.0,1.896272,0.0,38.074185,25.038989,0.800271,2.848755,0.0,89.38545,0.0,14.892115,0.0,61.108316,33.564566,60.683261,49.981481,33.712923,50.0,27.0,0.0,0.0,0.0,0.0,0.0,0.0,0.0,0
213,60.861353,0.0,1.898537,0.0,37.88495,25.034287,0.79895,2.854238,0.0,88.795337,0.0,14.883953,0.0,60.525417,34.047165,61.144909,50.109171,33.969394,50.0,27.0,0.0,0.0,0.0,0.0,0.0,0.0,0.0,0
214,60.422496,0.0,1.893335,0.0,38.05875,25.128831,0.801412,2.858142,0.0,89.161216,0.0,14.871101,0.0,60.404881,34.019285,60.926847,50.048356,33.848248,50.0,27.0,0.0,0.0,0.0,0.0,0.0,0.0,0.0,0
215,60.852469,0.0,1.902112,0.0,38.039818,24.949258,0.8049,2.84552,0.0,89.02231,0.0,14.871812,0.0,60.678785,33.875386,60.864591,50.030908,33.813662,50.0,27.0,0.0,0.0,0.0,0.0,0.0,0.0,0.0,0
216,60.888679,0.0,1.902864,0.0,37.967736,25.072207,0.802955,2.845425,0.0,89.586217,0.0,14.838662,0.0,60.649583,33.819156,60.705166,49.98669,33.725092,50.0,27.0,0.0,0.0,0.0,0.0,0.0,0.0,0.0,0
217,60.636834,0.0,1.8829,0.0,37.686682,25.039775,0.800746,2.851171,0.0,89.163255,0.0,14.860095,0.0,60.538372,33.830593,60.614606,49.961726,33.674781,50.0,27.0,0.0,0.0,0.0,0.0,0.0,0.0,0.0,0
218,60.620347,0.0,1.896242,0.0,37.776086,25.113407,0.797564,2.846523,0.0,89.388344,0.0,14.868394,0.0,60.876147,33.63158,60.527822,49.937929,33.626568,50.0,27.0,0.0,0.0,0.0,0.0,0.0,0.0,0.0,0
219,60.880391,0.0,1.888676,0.0,38.147154,24.964977,0.795672,2.851714,0.0,89.177926,0.0,14.865619,0.0,60.686833,33.780228,60.673834,49.978595,33.707685,50.0,27.0,0.0,0.0,0.0,0.0,0.0,0.0,0.0,0
220,60.546963,0.0,1.908745,0.0,38.087502,25.005769,0.798603,2.841072,0.0,89.230035,0.0,14.863634,0.0,60.751166,33.698273,60.566105,49.948926,33.647836,50.0,27.0,0.0,0.0,0.0,0.0,0.0,0.0,0.0,0
221,60.634687,0.0,1.899785,0.0,38.04966,25.088052,0.798,2.848887,0.0,89.414224,0.0,14.868971,0.0,60.937402,33.599091,60.554695,49.946026,33.641497,50.0,27.0,0.0,0.0,0.0,0.0,0.0,0.0,0.0,0
222,61.03147,0.0,1.908459,0.0,38.127901,24.936856,0.797731,2.857383,0.0,89.708722,0.0,14.819568,0.0,60.611095,33.985362,61.067098,50.087921,33.926165,50.0,27.0,0.0,0.0,0.0,0.0,0.0,0.0,0.0,0
223,61.139853,0.0,1.893735,0.0,37.986215,24.807912,0.796686,2.842608,0.0,89.189278,0.0,14.79495,0.0,60.933625,33.751309,60.867422,50.032294,33.815235,50.0,27.0,0.0,0.0,0.0,0.0,0.0,0.0,0.0,0
224,60.615827,0.0,1.897055,0.0,37.810437,25.039422,0.802717,2.845082,0.0,88.736287,0.0,14.919768,0.0,60.845085,33.758628,60.798457,50.013072,33.776921,50.0,27.0,0.0,0.0,0.0,0.0,0.0,0.0,0.0,0
225,60.724532,0.0,1.88527,0.0,37.937687,25.029553,0.802849,2.847026,0.0,88.868602,0.0,14.905503,0.0,60.899555,33.739681,60.815876,50.017821,33.786598,50.0,27.0,0.0,0.0,0.0,0.0,0.0,0.0,0.0,0
226,60.724808,0.0,1.898585,0.0,38.037019,25.008759,0.802096,2.847058,0.0,89.165296,0.0,14.870882,0.0,60.722254,33.803968,60.779411,50.007654,33.766339,50.0,27.0,0.0,0.0,0.0,0.0,0.0,0.0,0.0,0
227,60.854164,0.0,1.898468,0.0,37.901873,25.083529,0.80179,2.855431,0.0,89.201016,0.0,14.874082,0.0,60.684103,33.922452,60.987615,50.065162,33.882008,50.0,27.0,0.0,0.0,0.0,0.0,0.0,0.0,0.0,0
228,60.732747,0.0,1.89603,0.0,38.052116,25.06815,0.799282,2.854447,0.0,89.30186,0.0,14.917271,0.0,60.524979,33.776516,60.501687,49.93053,33.612048,50.0,27.0,0.0,0.0,0.0,0.0,0.0,0.0,0.0,0
229,60.396674,0.0,1.905099,0.0,38.038502,25.04697,0.798944,2.87565,0.0,89.53121,0.0,14.909415,0.0,60.836314,33.750912,60.760469,50.002402,33.755816,50.0,27.0,0.0,0.0,0.0,0.0,0.0,0.0,0.0,0
230,60.449766,0.0,1.894924,0.0,37.936099,25.132241,0.796781,2.844353,0.0,89.659419,0.0,14.831844,0.0,60.824161,33.686806,60.617832,49.962965,33.676573,50.0,27.0,0.0,0.0,0.0,0.0,0.0,0.0,0.0,0
231,60.897073,0.0,1.90851,0.0,37.716068,24.981484,0.799597,2.852589,0.0,89.396423,0.0,14.832504,0.0,60.974228,33.582546,60.560872,49.947406,33.644929,50.0,27.0,0.0,0.0,0.0,0.0,0.0,0.0,0.0,0
232,60.798888,0.0,1.901633,0.0,37.913256,24.982521,0.797852,2.842829,0.0,89.141916,0.0,14.861487,0.0,61.006061,33.557484,60.565674,49.948995,33.647597,50.0,27.0,0.0,0.0,0.0,0.0,0.0,0.0,0.0,0
233,60.661951,0.0,1.901237,0.0,37.858088,24.951292,0.804349,2.852178,0.0,89.163787,0.0,14.870439,0.0,60.66056,33.883239,60.934838,50.051284,33.852688,50.0,27.0,0.0,0.0,0.0,0.0,0.0,0.0,0.0,0
234,60.816598,0.0,1.898872,0.0,37.957594,25.030956,0.798249,2.838936,0.0,89.639079,0.0,14.862436,0.0,60.732351,33.768164,60.74675,49.999042,33.748195,50.0,27.0,0.0,0.0,0.0,0.0,0.0,0.0,0.0,0
235,60.989473,0.0,1.901483,0.0,38.269895,24.943731,0.802432,2.847387,0.0,89.154281,0.0,14.916915,0.0,60.842666,33.757557,60.83379,50.023105,33.79655,50.0,27.0,0.0,0.0,0.0,0.0,0.0,0.0,0.0,0
236,60.468442,0.0,1.902999,0.0,37.981349,24.969876,0.80076,2.82878,0.0,88.801673,0.0,14.806025,0.0,60.697039,33.649601,60.460999,49.919952,33.589444,50.0,27.0,0.0,0.0,0.0,0.0,0.0,0.0,0.0,0
237,60.590903,0.0,1.903036,0.0,37.871754,24.887404,0.805507,2.856855,0.0,88.76276,0.0,14.892243,0.0,60.764276,33.645483,60.534302,49.940611,33.630168,50.0,27.0,0.0,0.0,0.0,0.0,0.0,0.0,0.0,0
238,60.450467,0.0,1.89383,0.0,38.057981,24.900245,0.80051,2.849332,0.0,89.271466,0.0,14.841528,0.0,60.544275,33.697917,60.439277,49.914642,33.577376,50.0,27.0,0.0,0.0,0.0,0.0,0.0,0.0,0.0,0
239,60.673508,0.0,1.901944,0.0,37.921394,25.049533,0.79911,2.854685,0.0,89.458243,0.0,14.855135,0.0,60.328564,33.912318,60.68238,49.982259,33.712433,50.0,27.0,0.0,0.0,0.0,0.0,0.0,0.0,0.0,0
240,60.90767,0.0,1.905805,0.0,37.933357,25.0012,0.799298,2.867361,0.0,89.286452,0.0,14.757751,0.0,60.794753,33.708936,60.697447,49.986512,33.720804,50.0,27.0,0.0,0.0,0.0,0.0,0.0,0.0,0.0,0
241,60.308934,0.0,1.901287,0.0,38.052398,24.969186,0.798898,2.845246,0.0,88.640701,0.0,14.928401,0.0,60.848255,33.618521,60.566311,49.950333,33.647951,50.0,27.0,0.0,0.0,0.0,0.0,0.0,0.0,0.0,0
242,60.729776,0.0,1.896979,0.0,37.831556,25.048848,0.799065,2.842425,0.0,88.828274,0.0,14.814354,0.0,60.978127,33.721041,60.930058,50.051118,33.850032,50.0,27.0,0.0,0.0,0.0,0.0,0.0,0.0,0.0,0
243,60.567644,0.0,1.890877,0.0,38.067199,25.027757,0.798303,2.853813,0.0,89.481771,0.0,14.820156,0.0,60.774634,33.785081,60.864653,50.032786,33.813696,50.0,27.0,0.0,0.0,0.0,0.0,0.0,0.0,0.0,0
244,60.533239,0.0,1.904239,0.0,37.879106,24.927797,0.795094,2.847774,0.0,89.298171,0.0,14.846212,0.0,60.703243,33.801179,60.821592,50.020722,33.789773,50.0,27.0,0.0,0.0,0.0,0.0,0.0,0.0,0.0,0
245,60.764223,0.0,1.901006,0.0,37.97123,24.922249,0.796554,2.857552,0.0,89.481964,0.0,14.810733,0.0,60.815903,33.687107,60.686236,49.983207,33.714576,50.0,27.0,0.0,0.0,0.0,0.0,0.0,0.0,0.0,0
246,60.371888,0.0,1.902678,0.0,37.923798,24.975996,0.79854,2.837118,0.0,88.930154,0.0,14.835653,0.0,60.970593,33.602448,60.670453,49.978928,33.705807,50.0,27.0,0.0,0.0,0.0,0.0,0.0,0.0,0.0,0
247,61.034644,0.0,1.902424,0.0,37.925569,25.017483,0.799823,2.84071,0.0,88.894496,0.0,14.913915,0.0,60.276264,33.862255,60.542912,49.943781,33.634951,50.0,27.0,0.0,0.0,0.0,0.0,0.0,0.0,0.0,0
248,60.76068,0.0,1.891554,0.0,38.032414,24.982557,0.803051,2.860754,0.0,88.961134,0.0,14.833292,0.0,60.684306,33.700633,60.593367,49.958006,33.662982,50.0,27.0,0.0,0.0,0.0,0.0,0.0,0.0,0.0,0
249,60.311053,0.0,1.902897,0.0,38.21074,24.998592,0.797034,2.85039,0.0,89.378531,0.0,14.796314,0.0,60.994913,33.445743,60.372001,49.89703,33.540001,50.0,27.0,0.0,0.0,0.0,0.0,0.0,0.0,0.0,0
250,60.868775,0.0,1.906288,0.0,38.020022,25.01312,0.798416,2.857311,0.0,88.794461,0.0,14.811356,0.0,60.946979,33.548985,60.580774,49.955247,33.655986,50.0,27.0,0.0,0.0,0.0,0.0,0.0,0.0,0.0,0
251,60.70282,0.0,1.902201,0.0,38.127121,24.957013,0.796373,2.834165,0.0,88.674278,0.0,14.76201,0.0,60.580333,33.763983,60.690528,49.985805,33.71696,50.0,27.0,0.0,0.0,0.0,0.0,0.0,0.0,0.0,0
252,60.521446,0.0,1.901595,0.0,38.071148,24.999482,0.798399,2.855586,0.0,89.093477,0.0,14.835829,0.0,60.873128,33.689988,60.820352,50.021758,33.789085,50.0,27.0,0.0,0.0,0.0,0.0,0.0,0.0,0.0,0
253,61.196291,0.0,1.896401,0.0,37.973355,25.048371,0.799767,2.855311,0.0,88.557161,0.0,14.913308,0.0,60.470821,33.917193,60.900604,50.043831,33.833669,50.0,27.0,0.0,0.0,0.0,0.0,0.0,0.0,0.0,0
254,61.140246,0.0,1.89616,0.0,37.882229,25.040877,0.801367,2.872815,0.0,89.490171,0.0,14.8197,0.0,60.385772,33.84839,60.643562,49.972568,33.690868,50.0,27.0,0.0,0.0,0.0,0.0,0.0,0.0,0.0,0
255,60.546587,0.0,1.904847,0.0,37.955596,25.023118,0.796735,2.847012,0.0,89.024215,0.0,14.939243,0.0,60.627989,33.726184,60.61189,49.96395,33.673272,50.0,27.0,0.0,0.0,0.0,0.0,0.0,0.0,0.0,0
256,60.658186,0.0,1.900682,0.0,38.112724,24.898928,0.800908,2.850785,0.0,89.359358,0.0,14.803742,0.0,60.847623,33.431859,60.211688,49.853516,33.450938,50.0,27.0,0.0,0.0,0.0,0.0,0.0,0.0,0.0,0
257,60.866484,0.0,1.903972,0.0,37.971149,24.987535,0.797566,2.854625,0.0,89.636026,0.0,14.796659,0.0,60.939658,33.632795,60.767318,50.007818,33.759621,50.0,27.0,0.0,0.0,0.0,0.0,0.0,0.0,0.0,0
258,60.757176,0.0,1.891213,0.0,37.957896,25.043846,0.801051,2.861496,0.0,88.946112,0.0,14.848225,0.0,60.55197,33.670931,60.470843,49.925835,33.594913,50.0,27.0,0.0,0.0,0.0,0.0,0.0,0.0,0.0,0
259,60.918113,0.0,1.905421,0.0,38.010516,24.977025,0.798463,2.85084,0.0,89.26936,0.0,14.838558,0.0,60.642241,33.92474,61.101564,50.100532,33.945313,50.0,27.0,0.0,0.0,0.0,0.0,0.0,0.0,0.0,0
260,60.684009,0.0,1.896932,0.0,37.930854,25.11025,0.795776,2.85964,0.0,88.671761,0.0,14.812637,0.0,60.301332,33.976544,60.84122,50.028074,33.800678,50.0,27.0,0.0,0.0,0.0,0.0,0.0,0.0,0.0,0
261,60.762069,0.0,1.889682,0.0,38.239448,24.966038,0.804441,2.862934,0.0,89.267202,0.0,14.816943,0.0,60.615029,33.674649,60.484366,49.929302,33.602425,50.0,27.0,0.0,0.0,0.0,0.0,0.0,0.0,0.0,0
262,60.765174,0.0,1.895296,0.0,37.970673,24.973552,0.796848,2.850909,0.0,89.416888,0.0,14.797022,0.0,60.88622,33.692438,60.801247,50.017238,33.778471,50.0,27.0,0.0,0.0,0.0,0.0,0.0,0.0,0.0,0
263,60.701194,0.0,1.891532,0.0,37.934335,24.953725,0.801568,2.849795,0.0,89.71579,0.0,14.825054,0.0,60.711129,33.762999,60.780306,50.011364,33.766836,50.0,27.0,0.0,0.0,0.0,0.0,0.0,0.0,0.0,0
264,60.746681,0.0,1.901333,0.0,37.860544,25.037667,0.795613,2.847254,0.0,88.953418,0.0,14.791916,0.0,60.831983,33.782193,60.937324,50.054707,33.854069,50.0,27.0,0.0,0.0,0.0,0.0,0.0,0.0,0.0,0
265,60.970568,0.0,1.902449,0.0,38.104749,25.012883,0.803001,2.856398,0.0,89.502148,0.0,14.896153,0.0,61.079368,33.521234,60.627664,49.968846,33.682036,50.0,27.0,0.0,0.0,0.0,0.0,0.0,0.0,0.0,0
266,60.835827,0.0,1.912259,0.0,37.88511,24.950354,0.8072,2.857779,0.0,89.183237,0.0,14.861271,0.0,60.636244,33.784857,60.768851,50.008024,33.760473,50.0,27.0,0.0,0.0,0.0,0.0,0.0,0.0,0.0,0
267,60.612006,0.0,1.900598,0.0,37.92589,24.980248,0.803166,2.850981,0.0,89.09682,0.0,14.893428,0.0,60.563769,33.641945,60.386635,49.902342,33.548131,50.0,27.0,0.0,0.0,0.0,0.0,0.0,0.0,0.0,0
268,60.677054,0.0,1.899619,0.0,37.921214,24.972333,0.800582,2.859953,0.0,88.951113,0.0,14.925795,0.0,60.592863,33.88823,60.946307,50.057518,33.859059,50.0,27.0,0.0,0.0,0.0,0.0,0.0,0.0,0.0,0
269,60.803862,0.0,1.887634,0.0,38.056411,25.129154,0.801614,2.843156,0.0,89.02226,0.0,14.899758,0.0,60.886439,33.708414,60.838493,50.027433,33.799163,50.0,27.0,0.0,0.0,0.0,0.0,0.0,0.0,0.0,0
270,60.913326,0.0,1.897196,0.0,38.036666,25.077753,0.798189,2.854292,0.0,89.302638,0.0,14.89021,0.0,60.659682,33.700345,60.59771,49.960745,33.665395,50.0,27.0,0.0,0.0,0.0,0.0,0.0,0.0,0.0,0
271,60.300456,0.0,1.913612,0.0,37.776585,24.938871,0.800971,2.846393,0.0,89.22461,0.0,14.786221,0.0,60.545502,33.780773,60.657058,49.977344,33.698365,50.0,27.0,0.0,0.0,0.0,0.0,0.0,0.0,0.0,0
272,60.56234,0.0,1.905086,0.0,37.865354,24.96516,0.805288,2.862188,0.0,89.354481,0.0,14.820655,0.0,60.702032,33.737767,60.715899,49.99372,33.731055,50.0,27.0,0.0,0.0,0.0,0.0,0.0,0.0,0.0,0
273,61.011259,0.0,1.900848,0.0,38.070913,25.040725,0.800856,2.846095,0.0,89.137641,0.0,14.87054,0.0,60.515061,33.866658,60.79994,50.01698,33.777745,50.0,27.0,0.0,0.0,0.0,0.0,0.0,0.0,0.0,0
274,60.642223,0.0,1.908907,0.0,37.948478,24.920684,0.799673,2.832854,0.0,88.885296,0.0,14.825671,0.0,60.96626,33.725645,60.935887,50.054471,33.853271,50.0,27.0,0.0,0.0,0.0,0.0,0.0,0.0,0.0,0
275,60.784913,0.0,1.89725,0.0,37.998082,25.019719,0.800133,2.844137,0.0,89.02273,0.0,14.801093,0.0,60.742976,33.913574,61.110913,50.102576,33.950507,50.0,27.0,0.0,0.0,0.0,0.0,0.0,0.0,0.0,0
276,60.92608,0.0,1.889134,0.0,38.154987,24.937207,0.799261,2.85658,0.0,89.095824,0.0,14.890613,0.0,60.676893,33.860877,60.910677,50.046721,33.839265,50.0,27.0,0.0,0.0,0.0,0.0,0.0,0.0,0.0,0
277,61.220791,0.0,1.913876,0.0,38.143572,25.017141,0.802028,2.84588,0.0,89.537722,0.0,14.844653,0.0,60.613109,33.631299,60.348014,49.890971,33.526674,50.0,27.0,0.0,0.0,0.0,0.0,0.0,0.0,0.0,0
278,60.85934,0.0,1.905525,0.0,38.085515,24.977491,0.802261,2.861935,0.0,89.371062,0.0,14.885044,0.0,60.708042,33.746298,60.702093,49.98938,33.723385,50.0,27.0,0.0,0.0,0.0,0.0,0.0,0.0,0.0,0
279,60.936509,0.0,1.905107,0.0,37.865553,24.984546,0.79971,2.844821,0.0,89.073589,0.0,14.901406,0.0,60.586454,33.92224,60.952003,50.058506,33.862224,50.0,27.0,0.0,0.0,0.0,0.0,0.0,0.0,0.0,0
280,60.811195,0.0,1.911378,0.0,37.947861,24.942224,0.805097,2.850043,0.0,89.343641,0.0,14.840544,0.0,60.756746,33.898941,61.050304,50.085385,33.916836,50.0,27.0,0.0,0.0,0.0,0.0,0.0,0.0,0.0,0
281,60.993479,0.0,1.895517,0.0,38.170854,24.98014,0.800962,2.8623,0.0,89.207059,0.0,14.896723,0.0,60.882538,33.722961,60.786539,50.012057,33.770299,50.0,27.0,0.0,0.0,0.0,0.0,0.0,0.0,0.0,0
282,60.683312,0.0,1.910164,0.0,38.183456,24.96849,0.800106,2.83175,0.0,89.238204,0.0,14.897437,0.0,61.269874,33.524943,60.762182,50.005265,33.756768,50.0,27.0,0.0,0.0,0.0,0.0,0.0,0.0,0.0,0
283,60.989786,0.0,1.896801,0.0,38.059078,24.992929,0.799839,2.855758,0.0,89.071179,0.0,14.882316,0.0,61.02113,33.752321,61.024793,50.077823,33.902663,50.0,27.0,0.0,0.0,0.0,0.0,0.0,0.0,0.0,0
284,60.418839,0.0,1.8829,0.0,37.952481,25.004408,0.801161,2.859814,0.0,88.913853,0.0,14.854542,0.0,60.627379,33.870755,60.880637,50.037592,33.822576,50.0,27.0,0.0,0.0,0.0,0.0,0.0,0.0,0.0,0
285,60.862012,0.0,1.895247,0.0,38.104041,24.906324,0.801361,2.859834,0.0,88.720965,0.0,14.850958,0.0,60.745177,33.810151,60.854769,50.030255,33.808205,50.0,27.0,0.0,0.0,0.0,0.0,0.0,0.0,0.0,0
286,60.837406,0.0,1.907599,0.0,38.048121,24.915585,0.801025,2.861874,0.0,89.523146,0.0,14.894433,0.0,60.869342,33.639989,60.613149,49.963322,33.673972,50.0,27.0,0.0,0.0,0.0,0.0,0.0,0.0,0.0,0
287,60.593316,0.0,1.894718,0.0,37.760612,25.063001,0.803012,2.851304,0.0,88.995954,0.0,14.914292,0.0,60.650186,33.753468,60.649375,49.973517,33.694097,50.0,27.0,0.0,0.0,0.0,0.0,0.0,0.0,0.0,0
288,60.588034,0.0,1.90197,0.0,38.00936,25.008848,0.800073,2.852678,0.0,89.559083,0.0,14.937369,0.0,60.919429,33.656951,60.715076,49.991808,33.730598,50.0,27.0,0.0,0.0,0.0,0.0,0.0,0.0,0.0,0
289,60.387217,0.0,1.897315,0.0,37.983544,25.053069,0.801445,2.849781,0.0,89.05076,0.0,14.877332,0.0,60.957911,33.58385,60.612133,49.963396,33.673407,50.0,27.0,0.0,0.0,0.0,0.0,0.0,0.0,0.0,0
290,60.679246,0.0,1.884975,0.0,37.946319,25.028229,0.801646,2.838553,0.0,88.957027,0.0,14.79986,0.0,60.424705,33.922154,60.814148,50.019414,33.785638,50.0,27.0,0.0,0.0,0.0,0.0,0.0,0.0,0.0,0
291,60.418527,0.0,1.896146,0.0,38.034737,24.874013,0.799242,2.828906,0.0,88.722279,0.0,14.830743,0.0,60.542921,33.806182,60.663397,49.977651,33.701887,50.0,27.0,0.0,0.0,0.0,0.0,0.0,0.0,0.0,0
292,60.964061,0.0,1.903978,0.0,38.056808,25.02177,0.803552,2.871102,0.0,89.509573,0.0,14.840717,0.0,60.92156,33.575277,60.54744,49.945712,33.637467,50.0,27.0,0.0,0.0,0.0,0.0,0.0,0.0,0.0,0
293,60.536967,0.0,1.8962,0.0,37.982233,24.965561,0.798244,2.855007,0.0,89.063006,0.0,14.848562,0.0,60.649342,33.719686,60.603217,49.961398,33.668454,50.0,27.0,0.0,0.0,0.0,0.0,0.0,0.0,0.0,0
294,60.653381,0.0,1.899735,0.0,38.011688,25.012727,0.801679,2.850351,0.0,88.53912,0.0,14.815703,0.0,60.591139,33.762822,60.638888,49.97145,33.688271,50.0,27.0,0.0,0.0,0.0,0.0,0.0,0.0,0.0,0
295,60.530267,0.0,1.904653,0.0,38.070906,25.026298,0.797014,2.839377,0.0,89.465802,0.0,14.82828,0.0,60.796046,33.698199,60.704495,49.989725,33.72472,50.0,27.0,0.0,0.0,0.0,0.0,0.0,0.0,0.0,0
296,60.930772,0.0,1.908088,0.0,38.069279,24.939184,0.799384,2.848218,0.0,89.15244,0.0,14.774186,0.0,60.322369,33.943462,60.753891,50.003429,33.752162,50.0,27.0,0.0,0.0,0.0,0.0,0.0,0.0,0.0,0
297,60.955629,0.0,1.899011,0.0,37.910421,25.045776,0.805024,2.860188,0.0,89.184065,0.0,14.773352,0.0,60.265177,33.788796,60.343482,49.889977,33.524156,50.0,27.0,0.0,0.0,0.0,0.0,0.0,0.0,0.0,0
298,61.044275,0.0,1.894321,0.0,37.960177,25.071832,0.796463,2.853519,0.0,89.13845,0.0,14.870807,0.0,61.203941,33.619031,60.919254,50.049665,33.84403,50.0,27.0,0.0,0.0,0.0,0.0,0.0,0.0,0.0,0
299,60.890132,0.0,1.889867,0.0,37.855052,24.887484,0.797704,2.861299,0.0,89.402638,0.0,14.830296,0.0,60.614098,33.965759,61.078582,50.093456,33.932546,50.0,27.0,0.0,0.0,0.0,0.0,0.0,0.0,0.0,0
300,60.813034,0.0,1.907921,0.0,37.841946,25.006453,0.797215,2.871027,0.0,88.997653,0.0,14.88828,0.0,60.678994,33.788408,60.740348,49.999504,33.744638,50.0,27.0,0.0,0.0,0.0,0.0,0.0,0.0,0.0,0
301,60.718505,0.0,1.897822,0.0,38.03999,24.922221,0.80161,2.842849,0.0,89.329072,0.0,14.940211,0.0,60.564875,33.975809,61.017694,50.076164,33.898719,50.0,27.0,0.0,0.0,0.0,0.0,0.0,0.0,0.0,0
302,60.803699,0.0,1.889766,0.0,37.918047,24.998962,0.798236,2.844195,0.0,89.143645,0.0,14.931617,0.0,60.848624,33.753739,60.804713,50.016918,33.780396,50.0,27.0,0.0,0.0,0.0,0.0,0.0,0.0,0.0,0
303,61.18959,0.0,1.895031,0.0,37.986895,25.080628,0.806097,2.837288,0.0,89.240643,0.0,14.888543,0.0,60.809345,33.732158,60.722657,49.994154,33.734809,50.0,27.0,0.0,0.0,0.0,0.0,0.0,0.0,0.0,0
304,60.805128,0.0,1.894634,0.0,38.147409,24.890346,0.800034,2.86162,0.0,89.374235,0.0,14.946075,0.0,60.593565,33.880497,60.825196,50.022524,33.791776,50.0,27.0,0.0,0.0,0.0,0.0,0.0,0.0,0.0,0
305,60.963327,0.0,1.901624,0.0,37.897803,25.074758,0.799702,2.852455,0.0,88.655572,0.0,14.826977,0.0,60.791601,33.855715,60.956481,50.058699,33.864712,50.0,27.0,0.0,0.0,0.0,0.0,0.0,0.0,0.0,0
306,60.756431,0.0,1.892243,0.0,38.154636,25.024219,0.801059,2.857114,0.0,89.459951,0.0,14.848538,0.0,60.784669,33.782132,60.784029,50.010742,33.768905,50.0,27.0,0.0,0.0,0.0,0.0,0.0,0.0,0.0,0
307,60.576992,0.0,1.897921,0.0,38.003641,25.015624,0.801795,2.831506,0.0,89.616089,0.0,14.838106,0.0,60.707005,33.92627,61.010447,50.07327,33.894693,50.0,27.0,0.0,0.0,0.0,0.0,0.0,0.0,0.0,0
308,60.899742,0.0,1.902473,0.0,38.085862,24.988262,0.799848,2.857885,0.0,88.980703,0.0,14.904932,0.0,61.121665,33.57976,60.675224,49.980251,33.708458,50.0,27.0,0.0,0.0,0.0,0.0,0.0,0.0,0.0,0
309,60.589654,0.0,1.892564,0.0,38.090756,25.088545,0.799692,2.842588,0.0,89.041537,0.0,14.782246,0.0,60.720591,33.840804,60.852691,50.0294,33.807051,50.0,27.0,0.0,0.0,0.0,0.0,0.0,0.0,0.0,0
310,60.937301,0.0,1.899059,0.0,37.961391,25.018589,0.794491,2.858887,0.0,89.122997,0.0,14.871825,0.0,61.128996,33.638682,60.82649,50.022012,33.792494,50.0,27.0,0.0,0.0,0.0,0.0,0.0,0.0,0.0,0
311,60.833958,0.0,1.90762,0.0,38.030985,24.952722,0.800294,2.85632,0.0,88.816788,0.0,14.835707,0.0,60.637308,33.792151,60.67743,49.980703,33.709684,50.0,27.0,0.0,0.0,0.0,0.0,0.0,0.0,0.0,0
312,60.65817,0.0,1.903548,0.0,38.262716,25.098738,0.800973,2.846648,0.0,89.293294,0.0,14.853122,0.0,60.81214,33.857927,60.988502,50.066778,33.882501,50.0,27.0,0.0,0.0,0.0,0.0,0.0,0.0,0.0,0
313,60.520825,0.0,1.90394,0.0,38.039416,24.913397,0.801468,2.853487,0.0,89.028794,0.0,14.943961,0.0,61.031735,33.629847,60.715969,49.991119,33.731094,50.0,27.0,0.0,0.0,0.0,0.0,0.0,0.0,0.0,0
314,60.893998,0.0,1.894127,0.0,37.999996,25.06505,0.800387,2.857512,0.0,88.920892,0.0,14.919799,0.0,61.26515,33.546,60.792254,50.012248,33.773474,50.0,27.0,0.0,0.0,0.0,0.0,0.0,0.0,0.0,0
315,61.107419,0.0,1.901948,0.0,38.020054,24.899516,0.800404,2.82435,0.0,89.350526,0.0,14.950851,0.0,60.747075,33.720565,60.671958,49.978937,33.706643,50.0,27.0,0.0,0.0,0.0,0.0,0.0,0.0,0.0,0
316,60.743444,0.0,1.895419,0.0,37.864346,24.976241,0.799093,2.850283,0.0,89.278725,0.0,14.835519,0.0,60.514459,33.807489,60.627391,49.966724,33.681884,50.0,27.0,0.0,0.0,0.0,0.0,0.0,0.0,0.0,0
317,60.898746,0.0,1.901932,0.0,37.932425,24.973082,0.804142,2.840511,0.0,89.161418,0.0,14.887467,0.0,60.541088,33.783136,60.595592,49.958101,33.664218,50.0,27.0,0.0,0.0,0.0,0.0,0.0,0.0,0.0,0
318,61.040932,0.0,1.902312,0.0,37.823294,24.908769,0.799526,2.848827,0.0,89.17173,0.0,14.784782,0.0,60.499677,33.812515,60.612746,49.96305,33.673748,50.0,27.0,0.0,0.0,0.0,0.0,0.0,0.0,0.0,0
319,60.795524,0.0,1.90611,0.0,37.930677,25.060637,0.800538,2.853015,0.0,89.07636,0.0,14.834427,0.0,60.446657,33.866724,60.667007,49.978232,33.703893,50.0,27.0,0.0,0.0,0.0,0.0,0.0,0.0,0.0,0
320,60.979975,0.0,1.91235,0.0,38.016236,25.010007,0.798968,2.83755,0.0,89.332505,0.0,14.874312,0.0,60.808021,33.704948,60.673352,49.980094,33.707418,50.0,27.0,0.0,0.0,0.0,0.0,0.0,0.0,0.0,0
321,60.922376,0.0,1.904712,0.0,37.944083,24.952906,0.797401,2.858424,0.0,89.214675,0.0,14.904101,0.0,60.710087,33.796592,60.777146,50.008881,33.765081,50.0,27.0,0.0,0.0,0.0,0.0,0.0,0.0,0.0,0
322,60.577553,0.0,1.892515,0.0,38.126125,25.035022,0.799816,2.862219,0.0,89.383193,0.0,14.790079,0.0,60.903642,33.765866,60.901698,50.043263,33.834277,50.0,27.0,0.0,0.0,0.0,0.0,0.0,0.0,0.0,0
323,60.386887,0.0,1.904842,0.0,37.941219,24.923939,0.803185,2.840087,0.0,88.67994,0.0,14.868993,0.0,60.96737,33.589273,60.593047,49.957737,33.662804,50.0,27.0,0.0,0.0,0.0,0.0,0.0,0.0,0.0,0
324,60.925832,0.0,1.894069,0.0,38.114532,24.96625,0.795488,2.859253,0.0,89.375235,0.0,14.912786,0.0,60.659647,33.583899,60.297382,49.876227,33.498545,50.0,27.0,0.0,0.0,0.0,0.0,0.0,0.0,0.0,0
325,60.695743,0.0,1.887866,0.0,38.056137,24.973597,0.802314,2.861058,0.0,89.501015,0.0,14.816232,0.0,60.664441,33.861984,60.911404,50.046556,33.839669,50.0,27.0,0.0,0.0,0.0,0.0,0.0,0.0,0.0,0
326,60.489938,0.0,1.908919,0.0,38.125542,24.950006,0.80302,2.86355,0.0,89.13445,0.0,14.812313,0.0,60.587,33.848966,60.791068,50.013064,33.772816,50.0,27.0,0.0,0.0,0.0,0.0,0.0,0.0,0.0,0
327,60.777351,0.0,1.899283,0.0,37.915227,25.061156,0.80085,2.848943,0.0,88.876838,0.0,14.888715,0.0,60.454219,33.844256,60.635598,49.970028,33.686443,50.0,27.0,0.0,0.0,0.0,0.0,0.0,0.0,0.0,0
328,60.755892,0.0,1.903813,0.0,37.945609,24.95125,0.796987,2.851054,0.0,89.216553,0.0,14.993805,0.0,60.555368,33.866895,60.773164,50.0082,33.762869,50.0,27.0,0.0,0.0,0.0,0.0,0.0,0.0,0.0,0
329,60.602524,0.0,1.904426,0.0,37.928517,25.119328,0.79522,2.85365,0.0,89.346749,0.0,14.847937,0.0,60.911567,33.754804,60.87931,50.037497,33.821839,50.0,27.0,0.0,0.0,0.0,0.0,0.0,0.0,0.0,0
330,60.716609,0.0,1.89451,0.0,37.907528,24.776212,0.798417,2.850385,0.0,89.312128,0.0,14.874842,0.0,60.928346,33.744984,60.87739,50.03678,33.820772,50.0,27.0,0.0,0.0,0.0,0.0,0.0,0.0,0.0,0
331,60.714068,0.0,1.906755,0.0,37.836801,24.991565,0.794776,2.848724,0.0,89.352248,0.0,14.90098,0.0,60.761991,33.747757,60.72007,49.993114,33.733372,50.0,27.0,0.0,0.0,0.0,0.0,0.0,0.0,0.0,0
332,60.906217,0.0,1.904279,0.0,38.027823,24.987184,0.800486,2.862018,0.0,89.328836,0.0,14.846269,0.0,60.936729,33.553171,60.486972,49.928721,33.603873,50.0,27.0,0.0,0.0,0.0,0.0,0.0,0.0,0.0,0
333,60.499264,0.0,1.907126,0.0,38.074925,24.949296,0.800162,2.850059,0.0,89.652029,0.0,14.887367,0.0,60.552948,33.918489,60.901894,50.043758,33.834385,50.0,27.0,0.0,0.0,0.0,0.0,0.0,0.0,0.0,0
334,60.808091,0.0,1.906507,0.0,38.04226,25.094625,0.80574,2.849469,0.0,89.059726,0.0,14.843001,0.0,60.598433,33.8481,60.777094,50.009047,33.765052,50.0,27.0,0.0,0.0,0.0,0.0,0.0,0.0,0.0,0
335,60.907292,0.0,1.903638,0.0,37.944457,25.00927,0.800513,2.859887,0.0,88.989224,0.0,14.821794,0.0,60.917631,33.764451,60.908677,50.045371,33.838154,50.0,27.0,0.0,0.0,0.0,0.0,0.0,0.0,0.0,0
336,61.0336,0.0,1.901641,0.0,37.941214,24.961571,0.796956,2.85234,0.0,88.834069,0.0,14.795948,0.0,60.950693,33.817716,61.054656,50.085493,33.919253,50.0,27.0,0.0,0.0,0.0,0.0,0.0,0.0,0.0,0
337,60.882665,0.0,1.908404,0.0,38.051099,24.9843,0.80164,2.852112,0.0,89.052085,0.0,14.938645,0.0,60.858155,33.726981,60.764226,50.004794,33.757903,50.0,27.0,0.0,0.0,0.0,0.0,0.0,0.0,0.0,0
338,60.934305,0.0,1.89734,0.0,37.910159,24.966382,0.801555,2.837307,0.0,89.073659,0.0,14.868879,0.0,60.857867,33.557731,60.412796,49.907636,33.562665,50.0,27.0,0.0,0.0,0.0,0.0,0.0,0.0,0.0,0
339,60.59346,0.0,1.902521,0.0,37.936054,25.053702,0.803932,2.849447,0.0,89.169467,0.0,14.883227,0.0,61.006505,33.534574,60.540405,49.943366,33.633558,50.0,27.0,0.0,0.0,0.0,0.0,0.0,0.0,0.0,0
340,60.878568,0.0,1.893009,0.0,37.963285,24.961075,0.80379,2.840256,0.0,89.546656,0.0,14.824999,0.0,60.758009,33.843953,60.973636,50.063391,33.874242,50.0,27.0,0.0,0.0,0.0,0.0,0.0,0.0,0.0,0
341,60.871613,0.0,1.894756,0.0,38.08219,25.141715,0.803171,2.850291,0.0,88.668018,0.0,14.814988,0.0,60.42116,33.732528,60.388273,49.901284,33.54904,50.0,27.0,0.0,0.0,0.0,0.0,0.0,0.0,0.0,0
342,60.443049,0.0,1.898649,0.0,37.873781,25.076679,0.80035,2.842448,0.0,89.088872,0.0,14.888344,0.0,60.679533,33.919004,61.04205,50.082476,33.91225,50.0,27.0,0.0,0.0,0.0,0.0,0.0,0.0,0.0,0
343,60.736243,0.0,1.903592,0.0,38.045394,25.026504,0.799288,2.843383,0.0,89.081466,0.0,14.89979,0.0,60.918193,33.725646,60.850189,50.029036,33.80566,50.0,27.0,0.0,0.0,0.0,0.0,0.0,0.0,0.0,0
344,60.661252,0.0,1.902995,0.0,38.029515,24.872381,0.797486,2.858491,0.0,89.006594,0.0,14.871272,0.0,61.09388,33.546572,60.652391,49.974222,33.695773,50.0,27.0,0.0,0.0,0.0,0.0,0.0,0.0,0.0,0
345,60.774057,0.0,1.908744,0.0,37.976959,25.072384,0.798195,2.85663,0.0,89.436881,0.0,14.860783,0.0,60.846453,33.781113,60.927291,50.050331,33.848495,50.0,27.0,0.0,0.0,0.0,0.0,0.0,0.0,0.0,0
346,60.63285,0.0,1.905244,0.0,37.941179,24.992582,0.80243,2.858865,0.0,89.389163,0.0,14.850195,0.0,60.684637,33.920194,61.053798,50.085047,33.918776,50.0,27.0,0.0,0.0,0.0,0.0,0.0,0.0,0.0,0
347,60.683223,0.0,1.900742,0.0,38.086793,25.030412,0.800248,2.852183,0.0,89.016682,0.0,14.866934,0.0,60.921095,33.689411,60.780375,50.009051,33.766875,50.0,27.0,0.0,0.0,0.0,0.0,0.0,0.0,0.0,0
348,60.588774,0.0,1.899545,0.0,37.955901,25.108025,0.799359,2.83889,0.0,89.148962,0.0,14.812192,0.0,60.711175,33.720276,60.644355,49.97141,33.691308,50.0,27.0,0.0,0.0,0.0,0.0,0.0,0.0,0.0,0
349,60.490112,0.0,1.900871,0.0,38.030899,24.997859,0.800162,2.848345,0.0,89.370337,0.0,14.841537,0.0,60.953802,33.796466,61.051874,50.084189,33.917708,50.0,27.0,0.0,0.0,0.0,0.0,0.0,0.0,0.0,0
350,60.594578,0.0,1.9016,0.0,38.223202,25.023882,0.800128,2.849569,0.0,89.176331,0.0,14.869271,0.0,60.432097,33.97856,60.908143,50.044043,33.837857,50.0,27.0,0.0,0.0,0.0,0.0,0.0,0.0,0.0,0
351,60.565925,0.0,1.901332,0.0,38.028271,24.966255,0.799214,2.853347,0.0,89.201501,0.0,14.851631,0.0,60.847423,33.833875,60.988521,50.06604,33.882512,50.0,27.0,0.0,0.0,0.0,0.0,0.0,0.0,0.0,0
352,60.724822,0.0,1.898745,0.0,37.928752,25.040613,0.799675,2.860078,0.0,89.522642,0.0,14.845804,0.0,60.769405,33.746654,60.717702,49.990859,33.732057,50.0,27.0,0.0,0.0,0.0,0.0,0.0,0.0,0.0,0
353,60.544876,0.0,1.907045,0.0,38.162769,24.898262,0.800495,2.850245,0.0,88.894748,0.0,14.885937,0.0,60.564725,33.879705,60.796908,50.012796,33.77606,50.0,27.0,0.0,0.0,0.0,0.0,0.0,0.0,0.0,0
354,60.480784,0.0,1.888727,0.0,38.050504,25.02923,0.792903,2.852031,0.0,89.341033,0.0,14.929928,0.0,60.551512,33.930633,60.876611,50.034762,33.820339,50.0,27.0,0.0,0.0,0.0,0.0,0.0,0.0,0.0,0
355,60.8186,0.0,1.903755,0.0,38.04133,24.975211,0.803062,2.851613,0.0,89.085723,0.0,14.955772,0.0,60.771067,33.705424,60.600796,49.958355,33.667109,50.0,27.0,0.0,0.0,0.0,0.0,0.0,0.0,0.0,0
356,61.177738,0.0,1.897428,0.0,37.786209,25.048751,0.804214,2.853487,0.0,88.881379,0.0,14.862367,0.0,61.128051,33.538773,60.616893,49.963011,33.676052,50.0,27.0,0.0,0.0,0.0,0.0,0.0,0.0,0.0,0
357,60.848441,0.0,1.906827,0.0,37.75767,24.984958,0.801516,2.846341,0.0,89.419201,0.0,14.800469,0.0,60.744742,33.726374,60.661252,49.975456,33.700696,50.0,27.0,0.0,0.0,0.0,0.0,0.0,0.0,0.0,0
358,60.650745,0.0,1.904973,0.0,37.789129,25.079436,0.79848,2.83124,0.0,89.285134,0.0,14.815276,0.0,60.588739,33.729583,60.517235,49.935773,33.620686,50.0,27.0,0.0,0.0,0.0,0.0,0.0,0.0,0.0,0
359,60.56951,0.0,1.890291,0.0,37.846718,24.871444,0.799537,2.852311,0.0,89.16387,0.0,14.856391,0.0,60.878874,33.60744,60.554195,49.946308,33.641219,50.0,27.0,0.0,0.0,0.0,0.0,0.0,0.0,0.0,0
360,60.837645,0.0,1.887572,0.0,38.172015,25.040059,0.797103,2.852682,0.0,88.878878,0.0,14.967079,0.0,60.758542,33.668533,60.583022,49.954543,33.657235,50.0,27.0,0.0,0.0,0.0,0.0,0.0,0.0,0.0,0
361,60.89502,0.0,1.89485,0.0,37.858564,24.859273,0.802548,2.84415,0.0,89.022972,0.0,14.816642,0.0,60.945958,33.633391,60.707282,49.989114,33.726268,50.0,27.0,0.0,0.0,0.0,0.0,0.0,0.0,0.0,0
362,60.870852,0.0,1.899267,0.0,37.850316,24.899323,0.801947,2.868348,0.0,89.190645,0.0,14.793428,0.0,61.004157,33.42225,60.335022,49.886277,33.519456,50.0,27.0,0.0,0.0,0.0,0.0,0.0,0.0,0.0,0
363,60.997278,0.0,1.905213,0.0,37.802036,24.878555,0.801308,2.846614,0.0,89.166776,0.0,14.889466,0.0,60.767137,33.668479,60.659212,49.976447,33.699562,50.0,27.0,0.0,0.0,0.0,0.0,0.0,0.0,0.0,0
364,60.658444,0.0,1.89043,0.0,37.949402,25.033965,0.798408,2.852879,0.0,89.139903,0.0,14.888536,0.0,60.671497,33.765793,60.775589,50.008731,33.764216,50.0,27.0,0.0,0.0,0.0,0.0,0.0,0.0,0.0,0
365,60.613879,0.0,1.899997,0.0,37.996321,25.034421,0.803002,2.85643,0.0,88.506648,0.0,14.880641,0.0,60.413766,33.8402,60.668306,49.979035,33.704614,50.0,27.0,0.0,0.0,0.0,0.0,0.0,0.0,0.0,0
366,60.636552,0.0,1.900189,0.0,38.144857,25.056229,0.7999,2.857799,0.0,89.195977,0.0,14.838216,0.0,60.488996,33.770553,60.580714,49.954929,33.655952,50.0,27.0,0.0,0.0,0.0,0.0,0.0,0.0,0.0,0
367,60.484635,0.0,1.893347,0.0,37.927579,25.133042,0.798978,2.864388,0.0,89.154869,0.0,14.864711,0.0,60.740005,33.761137,60.80613,50.017457,33.781183,50.0,27.0,0.0,0.0,0.0,0.0,0.0,0.0,0.0,0
368,60.925831,0.0,1.89686,0.0,37.938026,25.08121,0.801528,2.86701,0.0,89.369733,0.0,14.922771,0.0,60.866591,33.641902,60.677072,49.981699,33.709485,50.0,27.0,0.0,0.0,0.0,0.0,0.0,0.0,0.0,0
369,60.800214,0.0,1.898258,0.0,38.052508,24.899208,0.799496,2.867976,0.0,89.195301,0.0,14.838546,0.0,60.965622,33.729919,60.973609,50.063752,33.874227,50.0,27.0,0.0,0.0,0.0,0.0,0.0,0.0,0.0,0
370,60.669941,0.0,1.896955,0.0,37.8668,25.024637,0.799393,2.846939,0.0,89.599587,0.0,14.746616,0.0,60.447416,33.851146,60.710615,49.990744,33.72812,50.0,27.0,0.0,0.0,0.0,0.0,0.0,0.0,0.0,0
371,60.880229,0.0,1.898766,0.0,38.051294,25.022088,0.797249,2.855375,0.0,89.277932,0.0,14.872392,0.0,60.665019,33.913839,61.044011,50.082939,33.91334,50.0,27.0,0.0,0.0,0.0,0.0,0.0,0.0,0.0,0
372,60.701755,0.0,1.908082,0.0,38.13978,25.103723,0.797957,2.852009,0.0,89.061783,0.0,14.80346,0.0,60.744515,33.865256,60.997341,50.069627,33.887412,50.0,27.0,0.0,0.0,0.0,0.0,0.0,0.0,0.0,0
373,60.981,0.0,1.895339,0.0,37.987446,24.960623,0.799616,2.838887,0.0,88.948261,0.0,14.892472,0.0,60.785965,33.790978,60.866309,50.033064,33.814616,50.0,27.0,0.0,0.0,0.0,0.0,0.0,0.0,0.0,0
374,60.778646,0.0,1.895344,0.0,38.122162,24.923551,0.795827,2.842547,0.0,89.364596,0.0,14.854447,0.0,60.649322,33.907542,60.970522,50.061704,33.872512,50.0,27.0,0.0,0.0,0.0,0.0,0.0,0.0,0.0,0
375,60.937526,0.0,1.900458,0.0,37.933195,25.046205,0.800475,2.84095,0.0,89.464442,0.0,14.885313,0.0,61.141208,33.537656,60.662106,49.976152,33.70117,50.0,27.0,0.0,0.0,0.0,0.0,0.0,0.0,0.0,0
376,60.660301,0.0,1.895267,0.0,38.018067,25.030588,0.803132,2.850254,0.0,89.669074,0.0,14.832121,0.0,61.232263,33.478833,60.659023,49.975419,33.699457,50.0,27.0,0.0,0.0,0.0,0.0,0.0,0.0,0.0,0
377,60.784349,0.0,1.904692,0.0,38.167538,24.955772,0.801808,2.852692,0.0,88.730041,0.0,14.877579,0.0,60.597327,33.754228,60.640827,49.970511,33.689348,50.0,27.0,0.0,0.0,0.0,0.0,0.0,0.0,0.0,0
378,60.802848,0.0,1.896816,0.0,38.114272,25.04431,0.800513,2.844612,0.0,89.267271,0.0,14.817875,0.0,60.58929,33.786327,60.697779,49.986399,33.720988,50.0,27.0,0.0,0.0,0.0,0.0,0.0,0.0,0.0,0
379,60.941765,0.0,1.90156,0.0,38.002701,24.937733,0.803905,2.834344,0.0,89.032288,0.0,14.837331,0.0,60.579251,33.868488,60.854268,50.02972,33.807927,50.0,27.0,0.0,0.0,0.0,0.0,0.0,0.0,0.0,0
380,60.960993,0.0,1.905543,0.0,38.291554,25.023562,0.79853,2.854946,0.0,89.404493,0.0,14.84594,0.0,60.939609,33.680275,60.800427,50.014691,33.778015,50.0,27.0,0.0,0.0,0.0,0.0,0.0,0.0,0.0,0
381,60.293467,0.0,1.892043,0.0,38.036891,25.075265,0.80102,2.847721,0.0,88.978053,0.0,14.790922,0.0,60.958054,33.663527,60.792242,50.012355,33.773468,50.0,27.0,0.0,0.0,0.0,0.0,0.0,0.0,0.0,0
382,60.816217,0.0,1.897168,0.0,37.761094,24.980026,0.79718,2.864485,0.0,89.047787,0.0,14.875656,0.0,60.906605,33.594401,60.605344,49.960636,33.669635,50.0,27.0,0.0,0.0,0.0,0.0,0.0,0.0,0.0,0
383,60.540814,0.0,1.91001,0.0,37.913326,24.944238,0.800433,2.840262,0.0,88.975077,0.0,14.776852,0.0,60.882435,33.642609,60.701692,49.987462,33.723162,50.0,27.0,0.0,0.0,0.0,0.0,0.0,0.0,0.0,0
384,60.730308,0.0,1.903014,0.0,38.159705,24.945223,0.79753,2.856936,0.0,88.590028,0.0,14.949916,0.0,60.586204,33.683837,60.503722,49.932806,33.613179,50.0,27.0,0.0,0.0,0.0,0.0,0.0,0.0,0.0,0
385,60.709953,0.0,1.908189,0.0,38.169426,25.013882,0.800482,2.849156,0.0,89.217528,0.0,14.897213,0.0,60.769569,33.854227,61.051658,50.084588,33.917588,50.0,27.0,0.0,0.0,0.0,0.0,0.0,0.0,0.0,0
386,60.804828,0.0,1.906575,0.0,38.084345,25.008914,0.801374,2.842071,0.0,88.993848,0.0,14.90655,0.0,60.318117,33.911462,60.703306,49.987884,33.724059,50.0,27.0,0.0,0.0,0.0,0.0,0.0,0.0,0.0,0
387,60.743883,0.0,1.89302,0.0,37.920024,25.004074,0.799776,2.852957,0.0,89.228487,0.0,14.812527,0.0,60.710837,33.967155,61.18943,50.122307,33.994128,50.0,27.0,0.0,0.0,0.0,0.0,0.0,0.0,0.0,0
388,60.490037,0.0,1.901089,0.0,38.296385,24.965236,0.798014,2.84519,0.0,88.905549,0.0,14.859472,0.0,60.652797,33.763275,60.671419,49.978522,33.706344,50.0,27.0,0.0,0.0,0.0,0.0,0.0,0.0,0.0,0
389,60.680401,0.0,1.901458,0.0,38.003364,24.981546,0.80329,2.83799,0.0,89.196608,0.0,14.89371,0.0,60.965071,33.743488,60.940791,50.053083,33.855995,50.0,27.0,0.0,0.0,0.0,0.0,0.0,0.0,0.0,0
390,60.521594,0.0,1.899032,0.0,38.054427,25.085124,0.802723,2.84342,0.0,89.359286,0.0,14.814911,0.0,60.704758,33.773616,60.745546,49.998854,33.747526,50.0,27.0,0.0,0.0,0.0,0.0,0.0,0.0,0.0,0
391,60.846301,0.0,1.896167,0.0,38.198069,24.983277,0.799114,2.845633,0.0,89.344955,0.0,14.888505,0.0,60.463272,33.813304,60.585226,49.954548,33.658459,50.0,27.0,0.0,0.0,0.0,0.0,0.0,0.0,0.0,0
392,60.82622,0.0,1.896613,0.0,37.944238,24.875709,0.799961,2.839566,0.0,88.971865,0.0,14.886521,0.0,60.773035,33.704358,60.657561,49.974767,33.698645,50.0,27.0,0.0,0.0,0.0,0.0,0.0,0.0,0.0,0
393,60.722734,0.0,1.900696,0.0,37.861347,25.052305,0.800255,2.854912,0.0,89.420011,0.0,14.910411,0.0,60.812671,33.604014,60.492749,49.929339,33.607083,50.0,27.0,0.0,0.0,0.0,0.0,0.0,0.0,0.0,0
394,60.897581,0.0,1.909598,0.0,37.942909,24.904179,0.798649,2.854736,0.0,89.316623,0.0,14.896861,0.0,60.668302,33.85588,60.899656,50.042158,33.833142,50.0,27.0,0.0,0.0,0.0,0.0,0.0,0.0,0.0,0
395,61.070346,0.0,1.898268,0.0,38.119487,24.854687,0.797606,2.845055,0.0,88.926318,0.0,14.864129,0.0,60.873078,33.712965,60.788511,50.011228,33.771395,50.0,27.0,0.0,0.0,0.0,0.0,0.0,0.0,0.0,0
396,60.865711,0.0,1.896072,0.0,37.985058,25.029383,0.800411,2.851699,0.0,88.996028,0.0,14.860553,0.0,60.887909,33.682763,60.744921,49.999124,33.747178,50.0,27.0,0.0,0.0,0.0,0.0,0.0,0.0,0.0,0
397,60.754414,0.0,1.900778,0.0,38.006275,24.907078,0.800328,2.857631,0.0,89.101623,0.0,14.799782,0.0,60.833256,33.674924,60.682668,49.981922,33.712594,50.0,27.0,0.0,0.0,0.0,0.0,0.0,0.0,0.0,0
398,60.599044,0.0,1.892821,0.0,37.990968,24.94449,0.8005,2.858059,0.0,89.482254,0.0,14.840628,0.0,60.694138,33.653362,60.507481,49.933591,33.615267,50.0,27.0,0.0,0.0,0.0,0.0,0.0,0.0,0.0,0
399,60.598411,0.0,1.902152,0.0,38.154179,25.003248,0.802286,2.854968,0.0,89.489667,0.0,14.775502,0.0,60.767617,33.687255,60.664119,49.977215,33.702288,50.0,27.0,0.0,0.0,0.0,0.0,0.0,0.0,0.0,0
400,60.442112,0.0,1.892695,0.0,37.844988,24.961182,0.803889,2.859355,0.0,88.744464,0.0,14.867279,0.0,60.775294,33.64528,60.589722,49.956766,33.660957,50.0,27.0,0.0,0.0,0.0,0.0,0.0,0.0,0.0,0
401,60.906099,0.0,1.909996,0.0,38.121685,24.927315,0.793964,2.845182,0.0,89.362299,0.0,14.841504,0.0,60.721357,33.648912,60.555045,49.947396,33.641691,50.0,27.0,0.0,0.0,0.0,0.0,0.0,0.0,0.0,0
402,60.975858,0.0,1.894781,0.0,38.045031,25.048154,0.79898,2.860994,0.0,89.449511,0.0,14.820351,0.0,60.275167,33.765438,60.365047,49.895143,33.536137,50.0,27.0,0.0,0.0,0.0,0.0,0.0,0.0,0.0,0
403,60.474253,0.0,1.902035,0.0,37.98285,24.849858,0.800288,2.852912,0.0,89.299398,0.0,14.804608,0.0,60.758896,33.752156,60.815141,50.020069,33.786189,50.0,27.0,0.0,0.0,0.0,0.0,0.0,0.0,0.0,0
404,61.15261,0.0,1.900558,0.0,38.105972,24.916011,0.799794,2.847442,0.0,89.223151,0.0,14.79438,0.0,60.989679,33.769298,61.078569,50.09278,33.932538,50.0,27.0,0.0,0.0,0.0,0.0,0.0,0.0,0.0,0
405,60.490944,0.0,1.893854,0.0,37.846246,25.073483,0.801667,2.856284,0.0,89.547756,0.0,14.865966,0.0,60.702562,33.771029,60.789547,50.012434,33.771971,50.0,27.0,0.0,0.0,0.0,0.0,0.0,0.0,0.0,0
406,60.675642,0.0,1.910567,0.0,37.957699,24.988877,0.798383,2.857382,0.0,89.358886,0.0,14.753084,0.0,60.709406,33.636216,60.506584,49.934162,33.614769,50.0,27.0,0.0,0.0,0.0,0.0,0.0,0.0,0.0,0
407,60.916537,0.0,1.890427,0.0,38.013723,24.967038,0.797358,2.842646,0.0,88.728724,0.0,14.858329,0.0,60.834119,33.6833,60.743291,49.999914,33.746273,50.0,27.0,0.0,0.0,0.0,0.0,0.0,0.0,0.0,0
408,60.724927,0.0,1.897476,0.0,37.964535,25.123963,0.800145,2.853458,0.0,89.313614,0.0,14.8771,0.0,60.76616,33.66006,60.631986,49.969151,33.684437,50.0,27.0,0.0,0.0,0.0,0.0,0.0,0.0,0.0,0
409,60.725356,0.0,1.901018,0.0,37.994022,25.022825,0.805244,2.842831,0.0,88.541567,0.0,14.86954,0.0,61.222874,33.624681,61.02246,50.077229,33.901367,50.0,27.0,0.0,0.0,0.0,0.0,0.0,0.0,0.0,0
410,60.671303,0.0,1.892774,0.0,37.997065,25.022794,0.800562,2.853617,0.0,89.160022,0.0,14.860133,0.0,60.568283,33.931168,61.026889,50.078069,33.903827,50.0,27.0,0.0,0.0,0.0,0.0,0.0,0.0,0.0,0
411,60.531051,0.0,1.90537,0.0,37.886766,24.990493,0.798357,2.858194,0.0,89.066534,0.0,14.83018,0.0,60.703799,33.726093,60.701162,49.987651,33.722868,50.0,27.0,0.0,0.0,0.0,0.0,0.0,0.0,0.0,0
412,61.002896,0.0,1.892198,0.0,37.825375,25.041908,0.802014,2.846814,0.0,88.94676,0.0,14.822365,0.0,60.860677,33.615703,60.625353,49.966759,33.680752,50.0,27.0,0.0,0.0,0.0,0.0,0.0,0.0,0.0,0
413,60.784731,0.0,1.903389,0.0,38.005169,24.971755,0.802922,2.834201,0.0,89.081506,0.0,14.863215,0.0,61.075632,33.569345,60.757229,50.003375,33.754016,50.0,27.0,0.0,0.0,0.0,0.0,0.0,0.0,0.0,0
414,60.731967,0.0,1.907626,0.0,37.961097,24.981218,0.797959,2.848616,0.0,89.09443,0.0,14.817322,0.0,60.538791,33.861816,60.857218,50.030995,33.809565,50.0,27.0,0.0,0.0,0.0,0.0,0.0,0.0,0.0,0
415,60.792927,0.0,1.889562,0.0,37.796715,24.996317,0.80102,2.850467,0.0,89.518884,0.0,14.839272,0.0,60.464106,33.804915,60.642606,49.971522,33.690336,50.0,27.0,0.0,0.0,0.0,0.0,0.0,0.0,0.0,0
416,60.786364,0.0,1.912268,0.0,38.037486,25.063439,0.802916,2.862461,0.0,89.006686,0.0,14.90574,0.0,60.895707,33.637229,60.709337,49.990108,33.72741,50.0,27.0,0.0,0.0,0.0,0.0,0.0,0.0,0.0,0
417,60.902417,0.0,1.912892,0.0,37.980196,24.925391,0.800482,2.857426,0.0,88.806591,0.0,14.7918,0.0,60.755149,33.814494,60.954348,50.057878,33.863526,50.0,27.0,0.0,0.0,0.0,0.0,0.0,0.0,0.0,0
418,60.939444,0.0,1.892687,0.0,37.797647,25.138137,0.799857,2.857768,0.0,89.162096,0.0,14.812992,0.0,60.476849,33.981908,61.016736,50.074833,33.898187,50.0,27.0,0.0,0.0,0.0,0.0,0.0,0.0,0.0,0
419,61.027284,0.0,1.904119,0.0,38.010185,24.951362,0.801748,2.849794,0.0,89.163994,0.0,14.855804,0.0,60.558242,33.846145,60.778011,50.008479,33.765562,50.0,27.0,0.0,0.0,0.0,0.0,0.0,0.0,0.0,0
420,60.318827,0.0,1.8979,0.0,37.885163,24.992887,0.797015,2.827995,0.0,89.123391,0.0,14.865479,0.0,60.714842,33.791365,60.805324,50.015985,33.780735,50.0,27.0,0.0,0.0,0.0,0.0,0.0,0.0,0.0,0
421,60.871152,0.0,1.904794,0.0,37.894901,25.06871,0.801439,2.840713,0.0,89.430256,0.0,14.846221,0.0,60.703946,33.724945,60.648669,49.972607,33.693705,50.0,27.0,0.0,0.0,0.0,0.0,0.0,0.0,0.0,0
422,60.882663,0.0,1.897915,0.0,37.801309,25.005279,0.802407,2.853533,0.0,89.365525,0.0,14.921425,0.0,60.420929,33.96533,60.876168,50.035623,33.820093,50.0,27.0,0.0,0.0,0.0,0.0,0.0,0.0,0.0,0
423,60.707539,0.0,1.886516,0.0,38.076906,24.936202,0.79574,2.833181,0.0,88.68892,0.0,14.811188,0.0,60.71538,33.811551,60.817789,50.01931,33.787661,50.0,27.0,0.0,0.0,0.0,0.0,0.0,0.0,0.0,0
424,60.728339,0.0,1.893026,0.0,37.997596,25.027102,0.798431,2.851024,0.0,89.068559,0.0,14.858845,0.0,60.759262,33.875903,60.991013,50.067093,33.883896,50.0,27.0,0.0,0.0,0.0,0.0,0.0,0.0,0.0,0
425,60.567872,0.0,1.894096,0.0,38.1567,24.942426,0.798312,2.837926,0.0,89.51828,0.0,14.839154,0.0,60.769323,33.716485,60.650317,49.972592,33.69462,50.0,27.0,0.0,0.0,0.0,0.0,0.0,0.0,0.0,0
426,60.811606,0.0,1.900074,0.0,38.154011,25.007967,0.796235,2.841376,0.0,89.047107,0.0,14.908952,0.0,61.075479,33.697188,60.923207,50.048154,33.846226,50.0,27.0,0.0,0.0,0.0,0.0,0.0,0.0,0.0,0
427,60.990355,0.0,1.899048,0.0,38.186064,24.904677,0.7989,2.849682,0.0,89.774706,0.0,14.897155,0.0,60.759591,33.852476,60.944395,50.053771,33.857997,50.0,27.0,0.0,0.0,0.0,0.0,0.0,0.0,0.0,0
428,60.575971,0.0,1.905702,0.0,37.878563,24.908887,0.80041,2.861257,0.0,89.115772,0.0,14.795843,0.0,60.722101,33.745111,60.668883,49.977353,33.704935,50.0,27.0,0.0,0.0,0.0,0.0,0.0,0.0,0.0,0
429,60.902672,0.0,1.892897,0.0,37.99754,25.052943,0.800584,2.84223,0.0,89.030668,0.0,14.80686,0.0,60.696527,33.745803,60.648094,49.971719,33.693385,50.0,27.0,0.0,0.0,0.0,0.0,0.0,0.0,0.0,0
430,60.472537,0.0,1.908742,0.0,37.984281,24.894426,0.799854,2.838255,0.0,89.197431,0.0,14.876837,0.0,60.844877,33.746362,60.80065,50.014026,33.778139,50.0,27.0,0.0,0.0,0.0,0.0,0.0,0.0,0.0,0
431,60.971408,0.0,1.892175,0.0,38.045155,24.944538,0.793162,2.831996,0.0,88.980745,0.0,14.902858,0.0,60.739758,33.824036,60.86214,50.030952,33.8123,50.0,27.0,0.0,0.0,0.0,0.0,0.0,0.0,0.0,0
432,60.250692,0.0,1.913565,0.0,38.02549,24.830994,0.803744,2.866162,0.0,88.967394,0.0,14.862866,0.0,60.987569,33.776023,61.001023,50.069185,33.889457,50.0,27.0,0.0,0.0,0.0,0.0,0.0,0.0,0.0,0
433,60.784055,0.0,1.897555,0.0,38.081785,24.924724,0.801251,2.854623,0.0,89.156437,0.0,14.891208,0.0,60.916504,33.748022,60.870053,50.032641,33.816696,50.0,27.0,0.0,0.0,0.0,0.0,0.0,0.0,0.0,0
434,61.081229,0.0,1.896444,0.0,38.231003,24.938496,0.799488,2.838264,0.0,89.185845,0.0,14.889122,0.0,60.719623,33.632525,60.432449,49.911526,33.573583,50.0,27.0,0.0,0.0,0.0,0.0,0.0,0.0,0.0,0
435,60.778972,0.0,1.905685,0.0,38.139637,25.049049,0.801908,2.8622,0.0,88.741889,0.0,14.841232,0.0,60.690815,33.733235,60.634025,49.967681,33.68557,50.0,27.0,0.0,0.0,0.0,0.0,0.0,0.0,0.0,0
436,61.0002,0.0,1.900268,0.0,37.995872,25.038434,0.798825,2.857973,0.0,89.376357,0.0,14.875509,0.0,60.546844,33.695791,60.414619,49.907199,33.563677,50.0,27.0,0.0,0.0,0.0,0.0,0.0,0.0,0.0,0
437,60.727568,0.0,1.901689,0.0,38.076362,24.982036,0.800978,2.840645,0.0,89.831319,0.0,14.887882,0.0,60.691063,33.76197,60.706698,49.98839,33.725944,50.0,27.0,0.0,0.0,0.0,0.0,0.0,0.0,0.0,0
438,60.976349,0.0,1.897594,0.0,37.926641,24.897897,0.800288,2.855102,0.0,88.568586,0.0,14.837015,0.0,60.875,33.767937,60.902245,50.042497,33.834581,50.0,27.0,0.0,0.0,0.0,0.0,0.0,0.0,0.0,0
439,60.835451,0.0,1.902548,0.0,37.765301,25.006865,0.799842,2.839163,0.0,89.694751,0.0,14.823221,0.0,60.659977,34.020022,61.217261,50.129354,34.009589,50.0,27.0,0.0,0.0,0.0,0.0,0.0,0.0,0.0,0
440,60.584996,0.0,1.896156,0.0,38.102195,25.074682,0.802469,2.8493,0.0,88.744452,0.0,14.819584,0.0,60.715972,33.611155,60.375973,49.896182,33.542207,50.0,27.0,0.0,0.0,0.0,0.0,0.0,0.0,0.0,0
441,60.314597,0.0,1.90147,0.0,38.002703,24.797604,0.797383,2.849228,0.0,89.289441,0.0,14.82614,0.0,60.70958,33.85024,60.895151,50.040197,33.830639,50.0,27.0,0.0,0.0,0.0,0.0,0.0,0.0,0.0,0
442,60.464059,0.0,1.897842,0.0,37.912628,24.953748,0.799534,2.842157,0.0,89.467365,0.0,14.873027,0.0,61.130883,33.675646,60.936571,50.051446,33.853651,50.0,27.0,0.0,0.0,0.0,0.0,0.0,0.0,0.0,0
443,60.718416,0.0,1.90095,0.0,37.826226,24.915931,0.802368,2.841732,0.0,89.427602,0.0,14.886426,0.0,60.712715,33.809637,60.813185,50.017086,33.785103,50.0,27.0,0.0,0.0,0.0,0.0,0.0,0.0,0.0,0
444,60.567709,0.0,1.907225,0.0,38.25766,24.996654,0.796527,2.849375,0.0,88.544488,0.0,14.914273,0.0,60.586041,33.925078,60.923739,50.047558,33.846522,50.0,27.0,0.0,0.0,0.0,0.0,0.0,0.0,0.0,0
445,60.826406,0.0,1.896277,0.0,38.069137,25.095958,0.80313,2.843852,0.0,88.629129,0.0,14.814219,0.0,60.750073,33.897504,61.008501,50.070749,33.893612,50.0,27.0,0.0,0.0,0.0,0.0,0.0,0.0,0.0,0
446,60.874579,0.0,1.907353,0.0,37.964168,25.042248,0.798249,2.856221,0.0,89.150038,0.0,14.870623,0.0,60.752414,33.87429,60.945723,50.053046,33.858735,50.0,27.0,0.0,0.0,0.0,0.0,0.0,0.0,0.0,0
447,60.842338,0.0,1.89088,0.0,38.035929,25.05742,0.797416,2.843631,0.0,88.796971,0.0,14.785205,0.0,60.763912,33.741034,60.664052,49.974929,33.702251,50.0,27.0,0.0,0.0,0.0,0.0,0.0,0.0,0.0,0
448,60.729463,0.0,1.910337,0.0,37.782818,25.000764,0.803106,2.856641,0.0,89.400238,0.0,14.789439,0.0,60.983892,33.664293,60.728399,49.992839,33.738,50.0,27.0,0.0,0.0,0.0,0.0,0.0,0.0,0.0,0
449,60.764599,0.0,1.908035,0.0,37.967165,25.081676,0.801147,2.857546,0.0,88.95286,0.0,14.853562,0.0,60.783429,33.73622,60.695626,49.983816,33.719792,50.0,27.0,0.0,0.0,0.0,0.0,0.0,0.0,0.0,0
450,60.502709,0.0,1.908595,0.0,37.94578,25.105899,0.799244,2.841925,0.0,88.70917,0.0,14.925125,0.0,60.991083,33.681811,60.793998,50.011086,33.774443,50.0,27.0,0.0,0.0,0.0,0.0,0.0,0.0,0.0,0
451,60.901694,0.0,1.903052,0.0,37.992985,25.024507,0.803602,2.839105,0.0,89.338378,0.0,14.811553,0.0,60.677794,33.74061,60.617057,49.962125,33.676143,50.0,27.0,0.0,0.0,0.0,0.0,0.0,0.0,0.0,0
452,60.780777,0.0,1.897293,0.0,37.823355,24.95296,0.798886,2.864044,0.0,88.93281,0.0,14.916774,0.0,60.956116,33.72123,60.858294,50.028991,33.810163,50.0,27.0,0.0,0.0,0.0,0.0,0.0,0.0,0.0,0
453,60.824309,0.0,1.902164,0.0,37.989325,25.017821,0.800269,2.849598,0.0,89.397758,0.0,14.883912,0.0,60.532485,33.784156,60.573511,49.950134,33.65195,50.0,27.0,0.0,0.0,0.0,0.0,0.0,0.0,0.0,0
454,60.583978,0.0,1.891278,0.0,37.921451,25.114325,0.803824,2.854282,0.0,89.163772,0.0,14.869795,0.0,60.721678,33.845338,60.889195,50.037636,33.827331,50.0,27.0,0.0,0.0,0.0,0.0,0.0,0.0,0.0,0
455,60.999626,0.0,1.901148,0.0,38.016171,24.928904,0.800988,2.835388,0.0,89.000187,0.0,14.882478,0.0,60.386414,33.883818,60.62463,49.964324,33.68035,50.0,27.0,0.0,0.0,0.0,0.0,0.0,0.0,0.0,0
456,60.760328,0.0,1.900468,0.0,38.145716,24.946732,0.800555,2.853514,0.0,89.503946,0.0,14.903299,0.0,60.629698,33.715952,60.498934,49.929759,33.610519,50.0,27.0,0.0,0.0,0.0,0.0,0.0,0.0,0.0,0
457,60.46579,0.0,1.908968,0.0,38.058106,24.99362,0.798342,2.86041,0.0,89.062976,0.0,14.831447,0.0,60.703197,33.704897,60.557288,49.946238,33.642938,50.0,27.0,0.0,0.0,0.0,0.0,0.0,0.0,0.0,0
458,60.67487,0.0,1.904621,0.0,38.069346,24.921273,0.798029,2.838326,0.0,89.785222,0.0,14.932965,0.0,60.732418,33.712911,60.612531,49.961774,33.673628,50.0,27.0,0.0,0.0,0.0,0.0,0.0,0.0,0.0,0
459,61.257331,0.0,1.902584,0.0,38.070544,24.898177,0.799538,2.859327,0.0,89.170609,0.0,14.836359,0.0,60.887617,33.706727,60.76218,50.003327,33.756767,50.0,27.0,0.0,0.0,0.0,0.0,0.0,0.0,0.0,0
460,60.75874,0.0,1.899495,0.0,37.826695,24.966915,0.800683,2.848142,0.0,89.27888,0.0,14.907531,0.0,60.504499,33.902099,60.799014,50.013491,33.77723,50.0,27.0,0.0,0.0,0.0,0.0,0.0,0.0,0.0,0
461,60.631452,0.0,1.900522,0.0,38.038334,24.95871,0.803896,2.859293,0.0,88.952554,0.0,14.871268,0.0,60.408333,33.883602,60.645424,49.970972,33.691902,50.0,27.0,0.0,0.0,0.0,0.0,0.0,0.0,0.0,0
462,60.417568,0.0,1.907613,0.0,37.94613,24.882517,0.799828,2.855544,0.0,88.855459,0.0,14.882554,0.0,60.972907,33.525508,60.439826,49.91429,33.577681,50.0,27.0,0.0,0.0,0.0,0.0,0.0,0.0,0.0,0
463,60.65465,0.0,1.895654,0.0,38.040121,25.090586,0.801659,2.857038,0.0,89.224552,0.0,14.828283,0.0,60.934197,33.680829,60.762063,50.003781,33.756701,50.0,27.0,0.0,0.0,0.0,0.0,0.0,0.0,0.0,0
464,60.737635,0.0,1.893359,0.0,37.865285,25.113223,0.799479,2.841828,0.0,88.883061,0.0,14.894542,0.0,60.864885,33.657552,60.654409,49.974008,33.696894,50.0,27.0,0.0,0.0,0.0,0.0,0.0,0.0,0.0,0
465,60.932548,0.0,1.896088,0.0,38.143408,25.009098,0.79856,2.847593,0.0,88.815425,0.0,14.804772,0.0,60.394169,33.947334,60.808108,50.016619,33.782282,50.0,27.0,0.0,0.0,0.0,0.0,0.0,0.0,0.0,0
466,60.800112,0.0,1.89546,0.0,38.032141,24.948671,0.800482,2.840599,0.0,88.65586,0.0,14.904325,0.0,60.514407,33.780824,60.551243,49.945539,33.639579,50.0,27.0,0.0,0.0,0.0,0.0,0.0,0.0,0.0,0
467,60.988816,0.0,1.895911,0.0,37.920815,25.126057,0.800986,2.854839,0.0,88.366701,0.0,14.892604,0.0,60.668545,33.724854,60.585015,49.955145,33.658342,50.0,27.0,0.0,0.0,0.0,0.0,0.0,0.0,0.0,0
468,60.838593,0.0,1.903467,0.0,38.127332,24.941532,0.800793,2.848805,0.0,88.981827,0.0,14.902124,0.0,60.967741,33.507608,60.431179,49.912849,33.572877,50.0,27.0,0.0,0.0,0.0,0.0,0.0,0.0,0.0,0
469,60.808226,0.0,1.899213,0.0,37.961793,25.090746,0.797901,2.837353,0.0,88.998773,0.0,14.83703,0.0,60.617821,33.817903,60.769322,50.006743,33.760734,50.0,27.0,0.0,0.0,0.0,0.0,0.0,0.0,0.0,0
470,60.95674,0.0,1.898814,0.0,37.912082,24.962,0.802401,2.837952,0.0,89.256104,0.0,14.873302,0.0,60.782069,33.812892,60.913531,50.046569,33.840851,50.0,27.0,0.0,0.0,0.0,0.0,0.0,0.0,0.0,0
471,61.117841,0.0,1.900274,0.0,37.877778,24.90913,0.797402,2.850652,0.0,88.9813,0.0,14.821991,0.0,60.760115,33.845679,60.952521,50.057113,33.862512,50.0,27.0,0.0,0.0,0.0,0.0,0.0,0.0,0.0,0
472,60.80367,0.0,1.896816,0.0,37.898881,25.04409,0.795874,2.830927,0.0,89.303879,0.0,14.913331,0.0,60.792431,33.858932,61.000767,50.070164,33.889315,50.0,27.0,0.0,0.0,0.0,0.0,0.0,0.0,0.0,0
473,60.665671,0.0,1.898065,0.0,38.057692,25.025135,0.803322,2.863916,0.0,89.150778,0.0,14.907861,0.0,60.874997,33.6972,60.729159,49.994744,33.738422,50.0,27.0,0.0,0.0,0.0,0.0,0.0,0.0,0.0,0
474,60.700388,0.0,1.887017,0.0,38.071824,24.973047,0.800747,2.861417,0.0,88.954418,0.0,14.929981,0.0,60.837877,33.77405,60.863259,50.031835,33.812922,50.0,27.0,0.0,0.0,0.0,0.0,0.0,0.0,0.0,0
475,60.798141,0.0,1.903214,0.0,37.788838,25.005243,0.800787,2.851497,0.0,89.648279,0.0,14.901705,0.0,60.943934,33.743792,60.903905,50.042911,33.835503,50.0,27.0,0.0,0.0,0.0,0.0,0.0,0.0,0.0,0
476,60.547306,0.0,1.90283,0.0,38.107394,24.974861,0.803282,2.851966,0.0,88.85812,0.0,14.85171,0.0,60.593581,33.900957,60.887573,50.038183,33.82643,50.0,27.0,0.0,0.0,0.0,0.0,0.0,0.0,0.0,0
477,60.866725,0.0,1.902276,0.0,38.024799,25.013906,0.801951,2.849717,0.0,89.294229,0.0,14.824755,0.0,61.105383,33.592549,60.730454,49.994566,33.739141,50.0,27.0,0.0,0.0,0.0,0.0,0.0,0.0,0.0,0
478,60.565679,0.0,1.90662,0.0,37.932304,24.976935,0.802545,2.847772,0.0,89.229577,0.0,14.901638,0.0,60.758651,33.682177,60.596213,49.957489,33.664563,50.0,27.0,0.0,0.0,0.0,0.0,0.0,0.0,0.0,0
479,60.76367,0.0,1.89052,0.0,38.073201,25.070358,0.800224,2.858,0.0,89.188102,0.0,14.833255,0.0,60.650128,33.743536,60.627271,49.966285,33.681817,50.0,27.0,0.0,0.0,0.0,0.0,0.0,0.0,0.0,0
480,60.653336,0.0,1.906765,0.0,37.84194,24.986159,0.797942,2.850487,0.0,89.323532,0.0,14.807738,0.0,61.281783,33.576495,60.908004,50.044047,33.83778,50.0,27.0,0.0,0.0,0.0,0.0,0.0,0.0,0.0,0
481,60.754662,0.0,1.895874,0.0,37.878915,25.163797,0.8008,2.846728,0.0,89.319049,0.0,14.844325,0.0,60.364781,33.985619,60.877357,50.035357,33.820754,50.0,27.0,0.0,0.0,0.0,0.0,0.0,0.0,0.0,0
482,60.805292,0.0,1.903294,0.0,37.879015,25.076992,0.802132,2.85224,0.0,88.808047,0.0,14.865749,0.0,60.210655,34.181087,61.103511,50.097689,33.946395,50.0,27.0,0.0,0.0,0.0,0.0,0.0,0.0,0.0,0
483,60.81174,0.0,1.90656,0.0,37.944508,25.015611,0.800511,2.858331,0.0,89.234973,0.0,14.888512,0.0,60.60046,33.742362,60.512077,49.933733,33.617821,50.0,27.0,0.0,0.0,0.0,0.0,0.0,0.0,0.0,0
484,60.304194,0.0,1.891697,0.0,38.151287,25.033503,0.801726,2.851071,0.0,89.381839,0.0,14.854575,0.0,61.100904,33.512807,60.533828,49.940075,33.629905,50.0,27.0,0.0,0.0,0.0,0.0,0.0,0.0,0.0,0
485,61.019221,0.0,1.903344,0.0,38.07739,24.98248,0.801616,2.840168,0.0,89.438824,0.0,14.865055,0.0,61.262715,33.603003,60.921337,50.047478,33.845187,50.0,27.0,0.0,0.0,0.0,0.0,0.0,0.0,0.0,0
486,60.852662,0.0,1.895209,0.0,37.857431,25.019889,0.80148,2.832145,0.0,89.050483,0.0,14.926171,0.0,60.804331,33.807008,60.914614,50.045384,33.841452,50.0,27.0,0.0,0.0,0.0,0.0,0.0,0.0,0.0,0
487,60.704479,0.0,1.899152,0.0,38.079953,24.917278,0.802395,2.863635,0.0,89.245408,0.0,14.799062,0.0,60.557282,33.897851,60.852294,50.027933,33.80683,50.0,27.0,0.0,0.0,0.0,0.0,0.0,0.0,0.0,0
488,60.451216,0.0,1.897259,0.0,37.96335,24.871549,0.799054,2.859078,0.0,89.141342,0.0,14.873532,0.0,60.770096,33.722916,60.677666,49.979528,33.709815,50.0,27.0,0.0,0.0,0.0,0.0,0.0,0.0,0.0,0
489,60.689503,0.0,1.895707,0.0,38.133747,25.032389,0.799524,2.849718,0.0,88.947386,0.0,14.86689,0.0,60.794891,33.771006,60.809677,50.016117,33.783154,50.0,27.0,0.0,0.0,0.0,0.0,0.0,0.0,0.0,0
490,60.81532,0.0,1.91097,0.0,38.276292,24.982502,0.799332,2.857086,0.0,88.900592,0.0,14.876563,0.0,61.116165,33.521711,60.60417,49.959236,33.668984,50.0,27.0,0.0,0.0,0.0,0.0,0.0,0.0,0.0,0
491,60.556739,0.0,1.9011,0.0,38.287061,24.783781,0.79803,2.845399,0.0,88.723593,0.0,14.854785,0.0,60.884228,33.814405,61.021636,50.074824,33.900909,50.0,27.0,0.0,0.0,0.0,0.0,0.0,0.0,0.0,0
492,60.562368,0.0,1.894225,0.0,38.083232,24.907303,0.798491,2.842078,0.0,89.375245,0.0,14.860717,0.0,60.64087,33.752674,60.639475,49.968824,33.688597,50.0,27.0,0.0,0.0,0.0,0.0,0.0,0.0,0.0,0
493,60.618796,0.0,1.900961,0.0,37.847701,25.069318,0.802921,2.838058,0.0,89.416431,0.0,14.85072,0.0,60.878258,33.555908,60.461897,49.919898,33.589943,50.0,27.0,0.0,0.0,0.0,0.0,0.0,0.0,0.0,0
494,60.677709,0.0,1.897828,0.0,37.99851,24.911484,0.79817,2.854054,0.0,88.922487,0.0,14.879065,0.0,60.387666,34.037035,61.012204,50.072399,33.895669,50.0,27.0,0.0,0.0,0.0,0.0,0.0,0.0,0.0,0
495,60.613604,0.0,1.90634,0.0,37.814963,25.002437,0.80342,2.864432,0.0,89.010516,0.0,14.806472,0.0,60.68692,33.859045,60.896977,50.04019,33.831654,50.0,27.0,0.0,0.0,0.0,0.0,0.0,0.0,0.0,0
496,60.690573,0.0,1.898739,0.0,37.968386,24.977492,0.797257,2.837488,0.0,89.381158,0.0,14.865575,0.0,60.806761,33.658237,60.58011,49.95241,33.655617,50.0,27.0,0.0,0.0,0.0,0.0,0.0,0.0,0.0,0
497,60.878993,0.0,1.89572,0.0,37.743203,25.02206,0.802698,2.851599,0.0,89.21968,0.0,14.842446,0.0,60.800404,33.689049,60.652914,49.972769,33.696063,50.0,27.0,0.0,0.0,0.0,0.0,0.0,0.0,0.0,0
498,60.607105,0.0,1.901687,0.0,37.848966,25.036511,0.801198,2.846433,0.0,88.625095,0.0,14.923925,0.0,60.574092,33.845936,60.766753,50.004369,33.759307,50.0,27.0,0.0,0.0,0.0,0.0,0.0,0.0,0.0,0
499,60.858358,0.0,1.889318,0.0,37.869239,24.989355,0.800829,2.839877,0.0,89.196085,0.0,14.807917,0.0,60.798295,33.810513,60.904193,50.042335,33.835663,50.0,27.0,0.0,0.0,0.0,0.0,0.0,0.0,0.0,0
500,60.716335,0.0,1.906934,0.0,37.900605,24.964321,0.799328,2.853295,0.0,89.589474,0.0,14.842781,0.0,60.735971,33.776247,60.762971,50.003091,33.757206,50.0,27.0,0.0,0.0,0.0,0.0,0.0,0.0,0.0,0
501,60.57871,0.0,1.893823,0.0,37.975345,24.957275,0.798598,2.8631,0.0,89.117625,0.0,14.952545,0.0,60.905732,33.54793,60.449439,49.916417,33.583022,50.0,27.0,0.0,0.0,0.0,0.0,0.0,0.0,0.0,0
502,60.656212,0.0,1.89808,0.0,38.000451,25.004499,0.803018,2.852716,0.0,89.578256,0.0,14.906495,0.0,60.84141,33.755717,60.851936,50.028081,33.806631,50.0,27.0,0.0,0.0,0.0,0.0,0.0,0.0,0.0,0
503,60.948549,0.0,1.906495,0.0,37.916631,25.059961,0.802167,2.85243,0.0,89.31498,0.0,14.850917,0.0,60.904812,33.643699,60.678392,49.979975,33.710218,50.0,27.0,0.0,0.0,0.0,0.0,0.0,0.0,0.0,0
504,60.561,0.0,1.888022,0.0,38.199679,25.021227,0.800561,2.841061,0.0,89.150634,0.0,14.893143,0.0,60.562415,33.909538,60.910901,50.044339,33.83939,50.0,27.0,0.0,0.0,0.0,0.0,0.0,0.0,0.0,0
505,60.729122,0.0,1.893601,0.0,38.111577,25.051488,0.802898,2.853761,0.0,89.03146,0.0,14.854741,0.0,60.596893,33.88856,60.879348,50.035397,33.82186,50.0,27.0,0.0,0.0,0.0,0.0,0.0,0.0,0.0,0
506,60.647638,0.0,1.90014,0.0,38.147602,25.034501,0.798468,2.867907,0.0,88.565947,0.0,14.823222,0.0,60.725478,33.957277,61.135229,50.105946,33.964016,50.0,27.0,0.0,0.0,0.0,0.0,0.0,0.0,0.0,0
507,60.919885,0.0,1.899268,0.0,37.942816,25.032136,0.798007,2.848057,0.0,89.036962,0.0,14.770459,0.0,60.599777,33.795446,60.642557,49.969246,33.690309,50.0,27.0,0.0,0.0,0.0,0.0,0.0,0.0,0.0,0
508,60.809169,0.0,1.895615,0.0,38.05876,25.023174,0.807099,2.847723,0.0,89.473422,0.0,14.859912,0.0,61.037907,33.673253,60.820263,50.018516,33.789035,50.0,27.0,0.0,0.0,0.0,0.0,0.0,0.0,0.0,0
509,60.678043,0.0,1.912396,0.0,38.305343,25.041514,0.797652,2.854273,0.0,89.45674,0.0,14.886657,0.0,60.826089,33.875368,61.048381,50.081475,33.915767,50.0,27.0,0.0,0.0,0.0,0.0,0.0,0.0,0.0,0
510,60.946296,0.0,1.906717,0.0,38.057209,24.813672,0.803083,2.839126,0.0,89.519014,0.0,14.860249,0.0,60.645286,33.928363,60.965473,50.058154,33.869707,50.0,27.0,0.0,0.0,0.0,0.0,0.0,0.0,0.0,0
511,60.782538,0.0,1.90303,0.0,37.99521,24.966779,0.801059,2.836211,0.0,89.537783,0.0,14.846364,0.0,60.921126,33.825165,61.003618,50.068408,33.890899,50.0,27.0,0.0,0.0,0.0,0.0,0.0,0.0,0.0,0
512,60.457478,0.0,1.916222,0.0,37.973828,25.005492,0.802651,2.855445,0.0,88.89671,0.0,14.855902,0.0,60.636451,34.041335,61.16977,50.113991,33.983206,50.0,27.0,0.0,0.0,0.0,0.0,0.0,0.0,0.0,0
513,60.618151,0.0,1.897202,0.0,37.968844,25.130529,0.801463,2.842795,0.0,88.832995,0.0,14.861941,0.0,61.373082,33.52102,60.775531,50.004458,33.764184,50.0,27.0,0.0,0.0,0.0,0.0,0.0,0.0,0.0,0
514,60.960032,0.0,1.903743,0.0,38.091929,25.021788,0.79809,2.843108,0.0,89.490592,0.0,14.941266,0.0,61.266826,33.615489,60.905892,50.040467,33.836606,50.0,27.0,0.0,0.0,0.0,0.0,0.0,0.0,0.0,0
515,60.840457,0.0,1.895408,0.0,37.972181,25.003761,0.803055,2.854933,0.0,88.891776,0.0,14.839133,0.0,60.847585,33.74535,60.783134,50.006336,33.768408,50.0,27.0,0.0,0.0,0.0,0.0,0.0,0.0,0.0,0
516,60.556836,0.0,1.902071,0.0,37.743076,24.954751,0.801733,2.853762,0.0,89.09218,0.0,14.819014,0.0,60.656703,33.878836,60.877852,50.032484,33.821029,50.0,27.0,0.0,0.0,0.0,0.0,0.0,0.0,0.0,0
517,60.900082,0.0,1.894052,0.0,38.145511,25.015439,0.803743,2.84257,0.0,89.216231,0.0,14.892023,0.0,60.507333,33.954339,60.873924,50.031237,33.818847,50.0,27.0,0.0,0.0,0.0,0.0,0.0,0.0,0.0,0
518,60.823817,0.0,1.900454,0.0,38.017579,25.134123,0.802352,2.845373,0.0,89.221466,0.0,14.873926,0.0,61.013735,33.79342,61.017976,50.070897,33.898875,50.0,27.0,0.0,0.0,0.0,0.0,0.0,0.0,0.0,0
519,60.768154,0.0,1.906144,0.0,38.086055,24.989085,0.801143,2.854955,0.0,89.307526,0.0,14.947062,0.0,60.983191,33.707244,60.805389,50.011786,33.780772,50.0,27.0,0.0,0.0,0.0,0.0,0.0,0.0,0.0,0
520,60.969571,0.0,1.897801,0.0,38.055351,25.009971,0.802916,2.863403,0.0,88.876573,0.0,14.838448,0.0,60.750074,33.762956,60.700904,49.982848,33.722725,50.0,27.0,0.0,0.0,0.0,0.0,0.0,0.0,0.0,0
521,60.923141,0.0,1.901962,0.0,38.005238,25.121843,0.797429,2.85543,0.0,89.597076,0.0,14.896147,0.0,60.662728,33.895381,60.895965,50.036848,33.831092,50.0,27.0,0.0,0.0,0.0,0.0,0.0,0.0,0.0,0
522,60.599849,0.0,1.897918,0.0,37.930815,25.051184,0.796958,2.847569,0.0,89.004784,0.0,14.885749,0.0,61.16278,33.592056,60.741612,49.994002,33.74534,50.0,27.0,0.0,0.0,0.0,0.0,0.0,0.0,0.0,0
523,60.719185,0.0,1.906649,0.0,37.95317,24.979587,0.794461,2.844093,0.0,89.298525,0.0,14.855231,0.0,60.941139,33.576129,60.512699,49.930761,33.618166,50.0,27.0,0.0,0.0,0.0,0.0,0.0,0.0,0.0,0
524,60.924808,0.0,1.902919,0.0,37.967401,24.892798,0.80454,2.856131,0.0,89.634974,0.0,14.859352,0.0,60.934827,33.770339,60.942826,50.049991,33.857126,50.0,27.0,0.0,0.0,0.0,0.0,0.0,0.0,0.0,0
525,60.717391,0.0,1.897039,0.0,38.05902,24.925978,0.805865,2.843976,0.0,89.176332,0.0,14.861961,0.0,60.934667,33.819014,61.04484,50.077938,33.9138,50.0,27.0,0.0,0.0,0.0,0.0,0.0,0.0,0.0,0
526,60.966171,0.0,1.898341,0.0,37.983348,25.022422,0.797212,2.838575,0.0,88.703296,0.0,14.855553,0.0,60.768305,33.816452,60.866187,50.028172,33.814548,50.0,27.0,0.0,0.0,0.0,0.0,0.0,0.0,0.0,0
527,60.758228,0.0,1.902395,0.0,38.011188,25.038386,0.800844,2.841779,0.0,89.047771,0.0,14.838184,0.0,60.834768,33.784769,60.859702,50.026239,33.810946,50.0,27.0,0.0,0.0,0.0,0.0,0.0,0.0,0.0,0
528,60.87375,0.0,1.909706,0.0,37.955784,24.980624,0.803007,2.845541,0.0,88.917347,0.0,14.855183,0.0,60.932113,33.632642,60.634597,49.96389,33.685887,50.0,27.0,0.0,0.0,0.0,0.0,0.0,0.0,0.0,0
529,60.464463,0.0,1.905822,0.0,37.860471,25.07077,0.801557,2.852459,0.0,89.241801,0.0,14.950534,0.0,60.757031,33.804121,60.839822,50.020793,33.799901,50.0,27.0,0.0,0.0,0.0,0.0,0.0,0.0,0.0,0
530,60.677763,0.0,1.901928,0.0,37.921061,25.019121,0.79614,2.832668,0.0,89.432536,0.0,14.92864,0.0,61.061311,33.609989,60.729429,49.990178,33.738572,50.0,27.0,0.0,0.0,0.0,0.0,0.0,0.0,0.0,0
531,60.784993,0.0,1.901359,0.0,38.039056,24.969375,0.80078,2.854572,0.0,89.142891,0.0,14.899513,0.0,60.855877,33.59546,60.514092,49.930708,33.61894,50.0,27.0,0.0,0.0,0.0,0.0,0.0,0.0,0.0,0
532,61.017771,0.0,1.898421,0.0,38.212557,24.964795,0.806879,2.855312,0.0,88.80591,0.0,14.809682,0.0,60.616615,33.878595,60.893429,50.0359,33.829683,50.0,27.0,0.0,0.0,0.0,0.0,0.0,0.0,0.0,0
533,60.884361,0.0,1.90523,0.0,37.862607,25.001353,0.797186,2.842787,0.0,89.538756,0.0,14.795479,0.0,61.046671,33.455054,60.412777,49.902871,33.562654,50.0,27.0,0.0,0.0,0.0,0.0,0.0,0.0,0.0,0
534,60.707637,0.0,1.899141,0.0,37.989349,25.059591,0.795671,2.851674,0.0,89.483062,0.0,14.885606,0.0,60.803898,33.693984,60.713615,49.986505,33.729786,50.0,27.0,0.0,0.0,0.0,0.0,0.0,0.0,0.0,0
535,60.803494,0.0,1.898634,0.0,38.288017,25.131746,0.800381,2.833214,0.0,89.189766,0.0,14.926247,0.0,60.739542,33.662116,60.58768,49.951764,33.659822,50.0,27.0,0.0,0.0,0.0,0.0,0.0,0.0,0.0,0
536,60.755984,0.0,1.90138,0.0,38.044907,24.966719,0.798921,2.849802,0.0,88.925098,0.0,14.874521,0.0,60.555443,33.852047,60.813709,50.014478,33.785394,50.0,27.0,0.0,0.0,0.0,0.0,0.0,0.0,0.0,0
537,60.433835,0.0,1.896401,0.0,38.035347,25.052325,0.804646,2.855699,0.0,89.440577,0.0,14.817662,0.0,60.646736,33.71355,60.596718,49.95443,33.664843,50.0,27.0,0.0,0.0,0.0,0.0,0.0,0.0,0.0,0
538,60.830217,0.0,1.890367,0.0,38.110254,24.975225,0.798816,2.850587,0.0,89.019035,0.0,14.787399,0.0,60.569428,33.934437,60.988471,50.062936,33.882484,50.0,27.0,0.0,0.0,0.0,0.0,0.0,0.0,0.0,0
539,60.383644,0.0,1.889373,0.0,37.953306,24.918046,0.79743,2.846315,0.0,88.97209,0.0,14.821968,0.0,60.765994,33.704664,60.674168,49.975751,33.707871,50.0,27.0,0.0,0.0,0.0,0.0,0.0,0.0,0.0,0
540,60.555982,0.0,1.899391,0.0,38.027852,25.022891,0.799837,2.85359,0.0,89.088138,0.0,14.786198,0.0,60.609705,33.902359,60.940631,50.049521,33.855906,50.0,27.0,0.0,0.0,0.0,0.0,0.0,0.0,0.0,0
541,60.670485,0.0,1.904168,0.0,38.071982,25.020577,0.798521,2.849452,0.0,89.165444,0.0,14.847878,0.0,60.835934,33.795498,60.920767,50.043784,33.844871,50.0,27.0,0.0,0.0,0.0,0.0,0.0,0.0,0.0,0
542,60.77514,0.0,1.90434,0.0,37.949418,25.123698,0.798832,2.846614,0.0,89.07017,0.0,14.889369,0.0,60.391186,33.930149,60.754746,49.997679,33.752637,50.0,27.0,0.0,0.0,0.0,0.0,0.0,0.0,0.0,0
543,61.148164,0.0,1.906104,0.0,37.717947,24.955478,0.796895,2.855919,0.0,89.166935,0.0,14.810815,0.0,60.925982,33.676995,60.732825,49.991631,33.740458,50.0,27.0,0.0,0.0,0.0,0.0,0.0,0.0,0.0,0
544,60.643985,0.0,1.890895,0.0,38.160152,25.072673,0.799605,2.852147,0.0,89.434581,0.0,14.865355,0.0,60.765447,33.642622,60.511856,49.930598,33.617698,50.0,27.0,0.0,0.0,0.0,0.0,0.0,0.0,0.0,0
545,60.6335,0.0,1.898443,0.0,38.161837,24.938566,0.799228,2.864723,0.0,89.375264,0.0,14.90379,0.0,61.110863,33.586488,60.754714,49.998068,33.752619,50.0,27.0,0.0,0.0,0.0,0.0,0.0,0.0,0.0,0
546,60.792439,0.0,1.90263,0.0,38.010611,24.9231,0.800989,2.851819,0.0,89.023824,0.0,14.869858,0.0,60.975836,33.788026,61.067065,50.084411,33.926147,50.0,27.0,0.0,0.0,0.0,0.0,0.0,0.0,0.0,0
547,60.529865,0.0,1.903879,0.0,38.198834,25.040303,0.800115,2.870239,0.0,89.885553,0.0,14.822937,0.0,60.823466,33.710371,60.74519,49.995026,33.747328,50.0,27.0,0.0,0.0,0.0,0.0,0.0,0.0,0.0,0
548,60.886991,0.0,1.903806,0.0,38.143068,24.998633,0.802522,2.87025,0.0,88.681879,0.0,14.865499,0.0,61.039305,33.589754,60.711495,49.985737,33.728608,50.0,27.0,0.0,0.0,0.0,0.0,0.0,0.0,0.0,0
549,60.610827,0.0,1.894431,0.0,38.117756,24.96969,0.805049,2.844932,0.0,89.085996,0.0,14.803073,0.0,60.757977,33.825381,60.947681,50.051089,33.859823,50.0,27.0,0.0,0.0,0.0,0.0,0.0,0.0,0.0,0
550,60.752524,0.0,1.902488,0.0,38.075817,25.043245,0.79873,2.842842,0.0,89.607765,0.0,14.820878,0.0,60.474397,33.779126,60.554675,49.942209,33.641486,50.0,27.0,0.0,0.0,0.0,0.0,0.0,0.0,0.0,0
551,60.667299,0.0,1.892766,0.0,38.02173,24.985705,0.800871,2.840432,0.0,89.276373,0.0,14.853579,0.0,60.663154,33.781539,60.743504,49.994689,33.746391,50.0,27.0,0.0,0.0,0.0,0.0,0.0,0.0,0.0,0
552,60.739828,0.0,1.891026,0.0,38.10597,24.999761,0.799952,2.831335,0.0,89.275364,0.0,14.821738,0.0,60.747894,33.709291,60.670823,49.974626,33.706013,50.0,27.0,0.0,0.0,0.0,0.0,0.0,0.0,0.0,0
553,60.910867,0.0,1.89817,0.0,37.983699,24.991405,0.803221,2.828507,0.0,89.254592,0.0,14.878785,0.0,60.376358,33.909989,60.727453,49.990405,33.737474,50.0,27.0,0.0,0.0,0.0,0.0,0.0,0.0,0.0,0
554,60.792535,0.0,1.903643,0.0,38.026215,25.016284,0.79875,2.852049,0.0,88.863853,0.0,14.785514,0.0,60.850472,33.751435,60.845174,50.02299,33.802874,50.0,27.0,0.0,0.0,0.0,0.0,0.0,0.0,0.0,0
555,60.587497,0.0,1.893117,0.0,37.890823,24.926578,0.801878,2.830769,0.0,88.926785,0.0,14.881401,0.0,60.563093,33.950612,60.978264,50.059661,33.876813,50.0,27.0,0.0,0.0,0.0,0.0,0.0,0.0,0.0,0
556,60.707358,0.0,1.89413,0.0,37.87953,25.076419,0.800761,2.861484,0.0,88.938236,0.0,14.836382,0.0,61.134241,33.537182,60.651385,49.969017,33.695214,50.0,27.0,0.0,0.0,0.0,0.0,0.0,0.0,0.0,0
557,60.750128,0.0,1.892981,0.0,38.032053,24.952226,0.79841,2.852968,0.0,88.894698,0.0,14.805505,0.0,60.843991,33.597909,60.519409,49.932693,33.621894,50.0,27.0,0.0,0.0,0.0,0.0,0.0,0.0,0.0,0
558,60.604945,0.0,1.915329,0.0,38.216736,25.054301,0.800226,2.839486,0.0,89.00375,0.0,14.800203,0.0,60.806074,33.793658,60.914687,50.042281,33.841493,50.0,27.0,0.0,0.0,0.0,0.0,0.0,0.0,0.0,0
559,60.529124,0.0,1.910504,0.0,37.971623,25.088496,0.799574,2.847468,0.0,88.754137,0.0,14.860352,0.0,60.744202,33.800652,60.860781,50.027171,33.811545,50.0,27.0,0.0,0.0,0.0,0.0,0.0,0.0,0.0,0
560,61.018469,0.0,1.907672,0.0,38.075794,25.148156,0.798369,2.839226,0.0,89.272807,0.0,14.83674,0.0,60.399658,34.045984,61.026448,50.072826,33.903582,50.0,27.0,0.0,0.0,0.0,0.0,0.0,0.0,0.0,0
561,60.895435,0.0,1.903932,0.0,38.02614,24.916503,0.803861,2.852282,0.0,89.393675,0.0,14.852495,0.0,60.863755,33.710046,60.742751,49.994051,33.745973,50.0,27.0,0.0,0.0,0.0,0.0,0.0,0.0,0.0,0
562,60.996793,0.0,1.901449,0.0,38.09637,24.917395,0.793936,2.858079,0.0,89.289261,0.0,14.90687,0.0,60.691648,33.873542,60.923081,50.043923,33.846156,50.0,27.0,0.0,0.0,0.0,0.0,0.0,0.0,0.0,0
563,60.82574,0.0,1.902122,0.0,37.951308,24.922433,0.798962,2.845967,0.0,89.501155,0.0,14.949755,0.0,60.958427,33.586037,60.568939,49.945821,33.64941,50.0,27.0,0.0,0.0,0.0,0.0,0.0,0.0,0.0,0
564,60.838097,0.0,1.901221,0.0,37.964315,25.044034,0.799297,2.837291,0.0,89.187273,0.0,14.874985,0.0,60.883006,33.70078,60.759896,49.99887,33.755498,50.0,27.0,0.0,0.0,0.0,0.0,0.0,0.0,0.0,0
565,60.816084,0.0,1.896004,0.0,38.116583,24.996967,0.804771,2.843728,0.0,88.898543,0.0,14.896352,0.0,60.926025,33.69409,60.796499,50.008993,33.775833,50.0,27.0,0.0,0.0,0.0,0.0,0.0,0.0,0.0,0
566,60.503891,0.0,1.901022,0.0,37.658,25.124343,0.804334,2.855641,0.0,89.35378,0.0,14.95267,0.0,60.830697,33.73627,60.798239,50.009429,33.776799,50.0,27.0,0.0,0.0,0.0,0.0,0.0,0.0,0.0,0
567,60.532906,0.0,1.892338,0.0,37.884772,24.981017,0.800305,2.841148,0.0,89.432192,0.0,14.848575,0.0,60.685061,33.842873,60.879496,50.031841,33.821942,50.0,27.0,0.0,0.0,0.0,0.0,0.0,0.0,0.0,0
568,60.826534,0.0,1.898966,0.0,37.979401,24.91637,0.798717,2.860722,0.0,88.709707,0.0,14.80388,0.0,60.698907,33.915487,61.034362,50.074487,33.907979,50.0,27.0,0.0,0.0,0.0,0.0,0.0,0.0,0.0,0
569,60.400419,0.0,1.906046,0.0,37.987738,25.04618,0.798456,2.85047,0.0,88.766652,0.0,14.81864,0.0,60.883023,33.713585,60.771624,50.001497,33.762013,50.0,27.0,0.0,0.0,0.0,0.0,0.0,0.0,0.0,0
570,60.579315,0.0,1.905579,0.0,38.011442,25.078799,0.801046,2.841094,0.0,89.433362,0.0,14.900705,0.0,60.835222,33.697625,60.69712,49.980897,33.720622,50.0,27.0,0.0,0.0,0.0,0.0,0.0,0.0,0.0,0
571,61.049811,0.0,1.902388,0.0,37.937822,25.048825,0.801219,2.832419,0.0,89.38398,0.0,14.824911,0.0,60.528739,33.80453,60.624771,49.960995,33.680428,50.0,27.0,0.0,0.0,0.0,0.0,0.0,0.0,0.0,0
572,60.82354,0.0,1.896761,0.0,38.004465,24.940444,0.79834,2.851188,0.0,88.765063,0.0,14.93618,0.0,60.835792,33.692457,60.689418,49.979057,33.716344,50.0,27.0,0.0,0.0,0.0,0.0,0.0,0.0,0.0,0
573,60.645521,0.0,1.898248,0.0,37.901179,24.96442,0.79993,2.844161,0.0,88.885443,0.0,14.891231,0.0,60.763249,33.756011,60.760083,49.998693,33.755602,50.0,27.0,0.0,0.0,0.0,0.0,0.0,0.0,0.0,0
574,60.962474,0.0,1.900397,0.0,37.957414,24.998046,0.79867,2.857499,0.0,89.328573,0.0,14.886311,0.0,60.949248,33.691344,60.809873,50.012461,33.783263,50.0,27.0,0.0,0.0,0.0,0.0,0.0,0.0,0.0,0
575,60.625437,0.0,1.892429,0.0,37.955849,24.935585,0.804089,2.847822,0.0,89.151466,0.0,14.813331,0.0,60.914365,33.680746,60.761345,49.998986,33.756303,50.0,27.0,0.0,0.0,0.0,0.0,0.0,0.0,0.0,0
576,60.742147,0.0,1.903502,0.0,38.040511,25.000761,0.795779,2.856941,0.0,89.283394,0.0,14.90371,0.0,60.57259,33.920193,60.934219,50.046773,33.852344,50.0,27.0,0.0,0.0,0.0,0.0,0.0,0.0,0.0,0
577,60.926285,0.0,1.902357,0.0,37.931717,25.094916,0.796657,2.851242,0.0,88.913899,0.0,14.904512,0.0,60.372543,33.940004,60.753358,49.996551,33.751865,50.0,27.0,0.0,0.0,0.0,0.0,0.0,0.0,0.0,0
578,60.501542,0.0,1.897773,0.0,38.157149,24.988423,0.799776,2.860784,0.0,88.936515,0.0,14.832462,0.0,60.739854,33.802297,60.806392,50.011226,33.781329,50.0,27.0,0.0,0.0,0.0,0.0,0.0,0.0,0.0,0
579,61.025569,0.0,1.907308,0.0,37.828197,25.021964,0.799618,2.843851,0.0,89.798758,0.0,14.940191,0.0,60.589498,33.968089,61.001595,50.065124,33.889775,50.0,27.0,0.0,0.0,0.0,0.0,0.0,0.0,0.0,0
580,60.783794,0.0,1.898345,0.0,38.032723,25.016225,0.799741,2.844824,0.0,89.127032,0.0,14.830753,0.0,60.989679,33.755573,60.927743,50.044388,33.848746,50.0,27.0,0.0,0.0,0.0,0.0,0.0,0.0,0.0,0
581,60.748464,0.0,1.895795,0.0,37.998898,24.935149,0.800951,2.849116,0.0,89.438709,0.0,14.841028,0.0,60.6568,33.78035,60.651001,49.967676,33.695,50.0,27.0,0.0,0.0,0.0,0.0,0.0,0.0,0.0,0
582,60.563132,0.0,1.895812,0.0,38.008198,25.041309,0.800248,2.854808,0.0,89.133657,0.0,14.89951,0.0,60.864798,33.544613,60.362102,49.887987,33.534501,50.0,27.0,0.0,0.0,0.0,0.0,0.0,0.0,0.0,0
583,61.068655,0.0,1.901407,0.0,37.991186,24.986092,0.798764,2.847281,0.0,89.535222,0.0,14.865305,0.0,60.667383,33.761267,60.653112,49.968978,33.696173,50.0,27.0,0.0,0.0,0.0,0.0,0.0,0.0,0.0,0
584,60.942491,0.0,1.895769,0.0,37.873161,24.982832,0.801043,2.845845,0.0,89.248977,0.0,14.86392,0.0,60.680999,33.813868,60.778575,50.00381,33.765875,50.0,27.0,0.0,0.0,0.0,0.0,0.0,0.0,0.0,0
585,60.412422,0.0,1.897309,0.0,37.902351,25.117924,0.799784,2.849242,0.0,89.202058,0.0,14.933662,0.0,60.751021,33.75337,60.714885,49.986187,33.730492,50.0,27.0,0.0,0.0,0.0,0.0,0.0,0.0,0.0,0
586,60.287163,0.0,1.90186,0.0,38.072407,25.138573,0.799841,2.859956,0.0,88.973778,0.0,14.902005,0.0,60.782274,33.719311,60.676552,49.975661,33.709196,50.0,27.0,0.0,0.0,0.0,0.0,0.0,0.0,0.0,0
587,60.835409,0.0,1.885879,0.0,38.032113,25.125028,0.800777,2.834655,0.0,89.234394,0.0,14.89913,0.0,61.01684,33.558192,60.577866,49.948505,33.65437,50.0,27.0,0.0,0.0,0.0,0.0,0.0,0.0,0.0,0
588,60.461131,0.0,1.897282,0.0,37.985495,24.955133,0.802351,2.863767,0.0,89.036767,0.0,14.847408,0.0,60.746262,33.67435,60.579745,49.949281,33.655414,50.0,27.0,0.0,0.0,0.0,0.0,0.0,0.0,0.0,0
589,60.595991,0.0,1.904066,0.0,37.761482,24.907478,0.797498,2.860822,0.0,88.910002,0.0,14.887299,0.0,60.827762,33.685869,60.69595,49.981652,33.719972,50.0,27.0,0.0,0.0,0.0,0.0,0.0,0.0,0.0,0
590,60.916164,0.0,1.896988,0.0,37.828892,25.003435,0.799473,2.850996,0.0,88.617379,0.0,14.981378,0.0,60.760698,33.689226,60.644205,49.967441,33.691225,50.0,27.0,0.0,0.0,0.0,0.0,0.0,0.0,0.0,0
591,60.418328,0.0,1.896436,0.0,37.841016,24.976334,0.802728,2.837568,0.0,89.546713,0.0,14.871531,0.0,60.704092,33.847104,60.927904,50.046016,33.848835,50.0,27.0,0.0,0.0,0.0,0.0,0.0,0.0,0.0,0
592,60.870029,0.0,1.898632,0.0,37.883689,24.908336,0.79886,2.867457,0.0,89.042507,0.0,14.874634,0.0,60.537794,33.952201,60.969307,50.057231,33.871837,50.0,27.0,0.0,0.0,0.0,0.0,0.0,0.0,0.0,0
593,60.56315,0.0,1.899225,0.0,37.995041,25.034498,0.798277,2.853908,0.0,88.990001,0.0,14.876658,0.0,60.914481,33.788619,60.97397,50.058235,33.874428,50.0,27.0,0.0,0.0,0.0,0.0,0.0,0.0,0.0,0
594,61.261847,0.0,1.90955,0.0,37.819427,24.88512,0.799669,2.857724,0.0,89.222127,0.0,14.844222,0.0,61.065272,33.557436,60.633391,49.963811,33.685217,50.0,27.0,0.0,0.0,0.0,0.0,0.0,0.0,0.0,0
595,60.717626,0.0,1.897885,0.0,38.01801,25.03879,0.801076,2.835757,0.0,89.302212,0.0,14.867143,0.0,61.061832,33.597757,60.741994,49.994008,33.745552,50.0,27.0,0.0,0.0,0.0,0.0,0.0,0.0,0.0,0
596,61.184655,0.0,1.89422,0.0,38.117738,25.012566,0.80251,2.836832,0.0,89.085948,0.0,14.882154,0.0,60.76877,33.709265,60.704135,49.983574,33.724519,50.0,27.0,0.0,0.0,0.0,0.0,0.0,0.0,0.0,0
597,60.906743,0.0,1.898671,0.0,38.100791,25.027768,0.799921,2.846929,0.0,88.688115,0.0,14.851871,0.0,60.498484,33.915506,60.872927,50.030309,33.818293,50.0,27.0,0.0,0.0,0.0,0.0,0.0,0.0,0.0,0
598,60.915661,0.0,1.90429,0.0,37.697886,24.99538,0.797115,2.860941,0.0,89.057484,0.0,14.84721,0.0,60.686198,33.865301,60.931337,50.046302,33.850743,50.0,27.0,0.0,0.0,0.0,0.0,0.0,0.0,0.0,0
599,60.675581,0.0,1.897823,0.0,37.915697,25.063216,0.800744,2.861415,0.0,89.192163,0.0,14.818417,0.0,61.050483,33.693282,60.917449,50.042233,33.843027,50.0,27.0,0.0,0.0,0.0,0.0,0.0,0.0,0.0,0
600,60.704934,0.0,1.902004,0.0,37.966578,24.93238,0.804661,2.850281,0.0,89.436899,0.0,14.788541,0.0,60.930846,33.701443,60.823341,50.016012,33.790745,50.0,27.0,0.0,0.0,0.0,0.0,0.0,0.0,0.0,0
601,60.784425,0.0,1.897639,0.0,37.820329,24.911233,0.804952,2.848047,0.0,89.14392,0.0,14.827876,0.0,61.013139,33.478482,60.442046,49.910544,33.578915,50.0,27.0,0.0,0.0,0.0,0.0,0.0,0.0,0.0,0
602,60.428719,0.0,1.900055,0.0,37.840974,24.982994,0.800869,2.849121,0.0,88.992137,0.0,14.847277,0.0,60.814068,33.750528,60.852515,50.024441,33.806953,50.0,27.0,0.0,0.0,0.0,0.0,0.0,0.0,0.0,0
603,60.557587,0.0,1.897384,0.0,37.994184,24.892712,0.797507,2.847703,0.0,88.873728,0.0,14.829125,0.0,60.365729,33.840423,60.591394,49.952147,33.661886,50.0,27.0,0.0,0.0,0.0,0.0,0.0,0.0,0.0,0
604,60.907079,0.0,1.902167,0.0,38.191644,25.047662,0.803498,2.847515,0.0,88.743356,0.0,14.804965,0.0,60.901912,33.663171,60.739583,49.993344,33.744213,50.0,27.0,0.0,0.0,0.0,0.0,0.0,0.0,0.0,0
605,60.676231,0.0,1.895031,0.0,37.902658,24.942587,0.79543,2.840643,0.0,89.187415,0.0,14.881043,0.0,60.819403,33.674481,60.691077,49.97997,33.717265,50.0,27.0,0.0,0.0,0.0,0.0,0.0,0.0,0.0,0
606,60.88119,0.0,1.89592,0.0,38.060035,25.055862,0.7986,2.848566,0.0,89.340027,0.0,14.839072,0.0,60.834182,33.682548,60.730892,49.991074,33.739384,50.0,27.0,0.0,0.0,0.0,0.0,0.0,0.0,0.0,0
607,60.84128,0.0,1.895748,0.0,37.87628,24.905565,0.800421,2.846109,0.0,88.774157,0.0,14.789015,0.0,60.761863,33.684137,60.668381,49.973841,33.704656,50.0,27.0,0.0,0.0,0.0,0.0,0.0,0.0,0.0,0
608,60.98293,0.0,1.904577,0.0,38.146161,25.173534,0.800172,2.854073,0.0,89.277085,0.0,14.821808,0.0,60.746707,33.75245,60.803165,50.011225,33.779536,50.0,27.0,0.0,0.0,0.0,0.0,0.0,0.0,0.0,0
609,60.385202,0.0,1.904954,0.0,37.88957,25.019765,0.797288,2.846844,0.0,88.773326,0.0,14.765538,0.0,60.468148,33.811633,60.645917,49.967706,33.692176,50.0,27.0,0.0,0.0,0.0,0.0,0.0,0.0,0.0,0
610,60.567656,0.0,1.89755,0.0,37.780731,24.913431,0.802213,2.851815,0.0,89.267762,0.0,14.796567,0.0,60.838789,33.876924,61.143169,50.105306,33.968427,50.0,27.0,0.0,0.0,0.0,0.0,0.0,0.0,0.0,0
611,60.766527,0.0,1.905262,0.0,38.117637,25.035752,0.798032,2.85869,0.0,88.570552,0.0,14.869543,0.0,61.034913,33.672183,60.888396,50.034363,33.826886,50.0,27.0,0.0,0.0,0.0,0.0,0.0,0.0,0.0,0
612,60.965539,0.0,1.902461,0.0,37.781761,25.133204,0.797246,2.84524,0.0,89.377791,0.0,14.796164,0.0,60.971583,33.798596,61.100874,50.09292,33.94493,50.0,27.0,0.0,0.0,0.0,0.0,0.0,0.0,0.0,0
613,60.506707,0.0,1.890347,0.0,37.97689,25.081573,0.797602,2.845796,0.0,89.561031,0.0,14.853635,0.0,60.73238,33.842521,60.946245,50.049719,33.859025,50.0,27.0,0.0,0.0,0.0,0.0,0.0,0.0,0.0,0
614,60.782373,0.0,1.897445,0.0,38.133284,24.986322,0.797155,2.847132,0.0,89.058537,0.0,14.823378,0.0,60.584118,33.735407,60.558672,49.942348,33.643706,50.0,27.0,0.0,0.0,0.0,0.0,0.0,0.0,0.0,0
615,60.647363,0.0,1.903241,0.0,37.827642,25.095091,0.80131,2.847883,0.0,89.024212,0.0,14.849026,0.0,60.86118,33.774116,60.918978,50.042222,33.843877,50.0,27.0,0.0,0.0,0.0,0.0,0.0,0.0,0.0,0
616,60.528765,0.0,1.905121,0.0,37.924799,25.051014,0.799922,2.848526,0.0,89.752171,0.0,14.786184,0.0,60.581603,33.831169,60.756135,49.997003,33.753408,50.0,27.0,0.0,0.0,0.0,0.0,0.0,0.0,0.0,0
617,60.397864,0.0,1.90111,0.0,37.961965,25.163302,0.800285,2.832085,0.0,89.613671,0.0,14.812718,0.0,60.810117,33.710981,60.720219,49.987091,33.733455,50.0,27.0,0.0,0.0,0.0,0.0,0.0,0.0,0.0,0
618,60.91173,0.0,1.903737,0.0,37.906172,24.892524,0.79915,2.841973,0.0,89.370996,0.0,14.866789,0.0,60.541179,33.798109,60.640684,49.965172,33.689269,50.0,27.0,0.0,0.0,0.0,0.0,0.0,0.0,0.0,0
619,60.896092,0.0,1.910513,0.0,37.824215,24.944374,0.796526,2.87565,0.0,89.174165,0.0,14.730604,0.0,60.975296,33.643222,60.741867,49.993312,33.745482,50.0,27.0,0.0,0.0,0.0,0.0,0.0,0.0,0.0,0
620,61.059309,0.0,1.889907,0.0,38.026435,25.0929,0.79847,2.855163,0.0,89.055164,0.0,14.883453,0.0,60.892932,33.610302,60.604653,49.95542,33.669252,50.0,27.0,0.0,0.0,0.0,0.0,0.0,0.0,0.0,0
621,60.65391,0.0,1.893633,0.0,38.153388,24.898491,0.79892,2.85918,0.0,89.046901,0.0,14.863547,0.0,60.554829,33.926501,60.951549,50.051522,33.861972,50.0,27.0,0.0,0.0,0.0,0.0,0.0,0.0,0.0,0
622,60.602363,0.0,1.895407,0.0,38.058627,25.097446,0.799997,2.848442,0.0,88.547836,0.0,14.928244,0.0,60.685786,33.949461,61.106142,50.093995,33.947857,50.0,27.0,0.0,0.0,0.0,0.0,0.0,0.0,0.0,0
623,60.609895,0.0,1.902753,0.0,38.062359,24.941816,0.800922,2.858062,0.0,88.917526,0.0,14.950771,0.0,60.730209,33.785016,60.777416,50.002669,33.765231,50.0,27.0,0.0,0.0,0.0,0.0,0.0,0.0,0.0,0
624,60.515184,0.0,1.899051,0.0,38.027241,25.047563,0.797658,2.845256,0.0,89.144624,0.0,15.004926,0.0,61.003824,33.587034,60.630464,49.962038,33.683591,50.0,27.0,0.0,0.0,0.0,0.0,0.0,0.0,0.0,0
625,60.744749,0.0,1.907059,0.0,38.093362,25.035253,0.79754,2.853811,0.0,89.182203,0.0,14.933819,0.0,60.702293,33.813681,60.830349,50.017475,33.794639,50.0,27.0,0.0,0.0,0.0,0.0,0.0,0.0,0.0,0
626,60.823593,0.0,1.895893,0.0,38.156747,24.991639,0.802125,2.827651,0.0,89.238115,0.0,14.866212,0.0,60.737785,33.881415,61.000715,50.064476,33.889286,50.0,27.0,0.0,0.0,0.0,0.0,0.0,0.0,0.0,0
627,60.797335,0.0,1.901904,0.0,37.949106,25.082932,0.801014,2.837307,0.0,89.02792,0.0,14.867978,0.0,60.674264,33.943239,61.051172,50.078101,33.917318,50.0,27.0,0.0,0.0,0.0,0.0,0.0,0.0,0.0,0
628,60.808955,0.0,1.901283,0.0,37.987546,25.015129,0.801038,2.863324,0.0,89.090584,0.0,14.855115,0.0,61.190925,33.531123,60.674968,49.973732,33.708316,50.0,27.0,0.0,0.0,0.0,0.0,0.0,0.0,0.0,0
629,60.70871,0.0,1.90018,0.0,37.97444,24.967132,0.799749,2.861065,0.0,89.638895,0.0,14.773072,0.0,60.83682,33.685951,60.679701,49.975171,33.710945,50.0,27.0,0.0,0.0,0.0,0.0,0.0,0.0,0.0,0
630,60.69177,0.0,1.90123,0.0,37.978213,24.82378,0.800283,2.856817,0.0,88.892875,0.0,14.85783,0.0,60.533428,33.755101,60.531993,49.934468,33.628885,50.0,27.0,0.0,0.0,0.0,0.0,0.0,0.0,0.0,0
631,60.957055,0.0,1.891722,0.0,37.776582,25.000569,0.801243,2.83951,0.0,89.143474,0.0,14.835804,0.0,60.801305,33.713104,60.711372,49.984374,33.72854,50.0,27.0,0.0,0.0,0.0,0.0,0.0,0.0,0.0,0
632,60.862414,0.0,1.896128,0.0,37.812699,24.924206,0.798289,2.841403,0.0,89.03519,0.0,14.885582,0.0,60.687693,33.687073,60.548471,49.939426,33.638039,50.0,27.0,0.0,0.0,0.0,0.0,0.0,0.0,0.0,0
633,61.077006,0.0,1.901983,0.0,38.073156,25.021786,0.801238,2.845765,0.0,88.891576,0.0,14.908981,0.0,60.259758,33.884723,60.546155,49.939088,33.636753,50.0,27.0,0.0,0.0,0.0,0.0,0.0,0.0,0.0,0
634,60.779113,0.0,1.910917,0.0,37.984798,24.987954,0.800765,2.844509,0.0,89.393863,0.0,14.875465,0.0,60.638958,33.736919,60.595681,49.95308,33.664267,50.0,27.0,0.0,0.0,0.0,0.0,0.0,0.0,0.0,0
635,60.888865,0.0,1.910733,0.0,38.128871,25.217701,0.797342,2.838298,0.0,88.811044,0.0,14.810073,0.0,60.598563,33.763526,60.614115,49.958408,33.674508,50.0,27.0,0.0,0.0,0.0,0.0,0.0,0.0,0.0,0
636,60.704238,0.0,1.907577,0.0,37.954164,25.070236,0.797355,2.839824,0.0,89.210034,0.0,14.869726,0.0,60.478064,33.963189,60.913809,50.041449,33.841005,50.0,27.0,0.0,0.0,0.0,0.0,0.0,0.0,0.0,0
637,60.488394,0.0,1.90346,0.0,38.071595,25.054883,0.80063,2.861701,0.0,89.530407,0.0,14.886412,0.0,60.510336,33.854002,60.68853,49.978977,33.71585,50.0,27.0,0.0,0.0,0.0,0.0,0.0,0.0,0.0,0
638,60.716131,0.0,1.899891,0.0,38.045407,24.991718,0.798798,2.835667,0.0,89.177391,0.0,14.844323,0.0,60.826804,33.663949,60.592969,49.952669,33.662761,50.0,27.0,0.0,0.0,0.0,0.0,0.0,0.0,0.0,0
639,60.842661,0.0,1.897148,0.0,37.99345,24.814678,0.797856,2.835856,0.0,88.910681,0.0,14.855823,0.0,61.195585,33.618594,60.880693,50.03243,33.822607,50.0,27.0,0.0,0.0,0.0,0.0,0.0,0.0,0.0,0
640,60.55255,0.0,1.899192,0.0,37.938277,25.003212,0.802928,2.847537,0.0,89.252725,0.0,14.850966,0.0,60.83328,33.768473,60.85422,50.024951,33.8079,50.0,27.0,0.0,0.0,0.0,0.0,0.0,0.0,0.0,0
641,60.490996,0.0,1.898448,0.0,37.938242,25.110612,0.798379,2.837438,0.0,89.586386,0.0,14.857706,0.0,60.812312,33.754951,60.803421,50.010787,33.779678,50.0,27.0,0.0,0.0,0.0,0.0,0.0,0.0,0.0,0
642,60.715042,0.0,1.892414,0.0,38.127455,24.979423,0.799634,2.848057,0.0,89.049792,0.0,14.928898,0.0,60.761363,33.748891,60.740245,49.993271,33.744581,50.0,27.0,0.0,0.0,0.0,0.0,0.0,0.0,0.0,0
643,60.797782,0.0,1.900707,0.0,38.052753,24.923176,0.800855,2.839551,0.0,89.283221,0.0,14.808519,0.0,60.683898,33.640371,60.435191,49.908989,33.575106,50.0,27.0,0.0,0.0,0.0,0.0,0.0,0.0,0.0,0
644,60.570021,0.0,1.893589,0.0,37.989694,25.140376,0.799991,2.839692,0.0,88.918233,0.0,14.885425,0.0,60.867661,33.636285,60.625879,49.962148,33.681044,50.0,27.0,0.0,0.0,0.0,0.0,0.0,0.0,0.0,0
645,60.87476,0.0,1.899663,0.0,38.03624,25.053459,0.80033,2.851053,0.0,89.368346,0.0,14.82649,0.0,60.442344,33.745924,60.446943,49.912879,33.581635,50.0,27.0,0.0,0.0,0.0,0.0,0.0,0.0,0.0,0
646,60.550878,0.0,1.898003,0.0,38.037335,25.048182,0.799685,2.848282,0.0,89.432235,0.0,14.789286,0.0,60.887479,33.844233,61.099161,50.093582,33.943978,50.0,27.0,0.0,0.0,0.0,0.0,0.0,0.0,0.0,0
647,60.74657,0.0,1.891785,0.0,37.880681,25.057162,0.800732,2.846515,0.0,89.103668,0.0,14.786425,0.0,60.680747,33.88844,60.972448,50.058094,33.873582,50.0,27.0,0.0,0.0,0.0,0.0,0.0,0.0,0.0,0
648,60.690116,0.0,1.90388,0.0,38.103854,24.890925,0.798268,2.851784,0.0,89.215969,0.0,14.838407,0.0,60.757687,33.658325,60.545757,49.939869,33.636532,50.0,27.0,0.0,0.0,0.0,0.0,0.0,0.0,0.0,0
649,60.638407,0.0,1.892292,0.0,38.088946,24.968548,0.802404,2.842543,0.0,89.57108,0.0,14.851407,0.0,61.01604,33.566768,60.624229,49.961858,33.680127,50.0,27.0,0.0,0.0,0.0,0.0,0.0,0.0,0.0,0
650,60.703636,0.0,1.898341,0.0,38.047298,25.036199,0.804624,2.834908,0.0,89.090745,0.0,14.884208,0.0,60.704167,33.690612,60.598076,49.954819,33.665598,50.0,27.0,0.0,0.0,0.0,0.0,0.0,0.0,0.0,0
651,60.597738,0.0,1.905836,0.0,38.076316,24.90226,0.801554,2.847031,0.0,89.532123,0.0,14.826891,0.0,61.116106,33.462176,60.53479,49.937552,33.630439,50.0,27.0,0.0,0.0,0.0,0.0,0.0,0.0,0.0,0
652,60.841468,0.0,1.893264,0.0,37.987008,24.812593,0.799394,2.847224,0.0,88.481122,0.0,14.890672,0.0,60.438679,33.875416,60.765373,50.001594,33.75854,50.0,27.0,0.0,0.0,0.0,0.0,0.0,0.0,0.0,0
653,60.873915,0.0,1.895757,0.0,37.992464,24.899041,0.797664,2.856056,0.0,89.130595,0.0,14.837263,0.0,60.756216,33.779532,60.860236,50.027806,33.811242,50.0,27.0,0.0,0.0,0.0,0.0,0.0,0.0,0.0,0
654,60.788674,0.0,1.900493,0.0,38.059701,24.98557,0.800298,2.856389,0.0,89.130149,0.0,14.862609,0.0,60.974485,33.525513,60.536183,49.938101,33.631213,50.0,27.0,0.0,0.0,0.0,0.0,0.0,0.0,0.0,0
655,61.012036,0.0,1.898087,0.0,38.274572,24.916109,0.801797,2.860588,0.0,89.141999,0.0,14.795139,0.0,60.500194,33.819121,60.708614,49.986068,33.727008,50.0,27.0,0.0,0.0,0.0,0.0,0.0,0.0,0.0,0
656,60.898082,0.0,1.901715,0.0,37.917256,24.859665,0.799214,2.842628,0.0,89.428345,0.0,14.877328,0.0,60.640126,33.818858,60.834965,50.02106,33.797203,50.0,27.0,0.0,0.0,0.0,0.0,0.0,0.0,0.0,0
657,60.619855,0.0,1.896611,0.0,38.139514,25.106157,0.7959,2.859178,0.0,89.56576,0.0,14.813623,0.0,60.644832,33.688732,60.55301,49.943025,33.640561,50.0,27.0,0.0,0.0,0.0,0.0,0.0,0.0,0.0,0
658,61.048353,0.0,1.89845,0.0,37.925072,24.944028,0.802403,2.847431,0.0,88.976775,0.0,14.817341,0.0,60.748659,33.722229,60.733232,49.993121,33.740685,50.0,27.0,0.0,0.0,0.0,0.0,0.0,0.0,0.0,0
659,60.775015,0.0,1.903315,0.0,37.977788,25.001819,0.802091,2.848957,0.0,89.284673,0.0,14.819008,0.0,60.443671,33.779617,60.550261,49.942582,33.639034,50.0,27.0,0.0,0.0,0.0,0.0,0.0,0.0,0.0,0
660,60.762215,0.0,1.898194,0.0,37.971105,25.079498,0.800184,2.844549,0.0,89.298329,0.0,14.901374,0.0,60.943706,33.813767,61.11567,50.099145,33.95315,50.0,27.0,0.0,0.0,0.0,0.0,0.0,0.0,0.0,0
661,60.674197,0.0,1.910154,0.0,37.835684,25.054908,0.803295,2.847816,0.0,89.744003,0.0,14.857632,0.0,60.637672,33.685836,60.529034,49.936508,33.627241,50.0,27.0,0.0,0.0,0.0,0.0,0.0,0.0,0.0,0
662,60.732992,0.0,1.904051,0.0,37.929524,24.99835,0.799801,2.860009,0.0,89.023825,0.0,14.850273,0.0,60.857873,33.644216,60.668232,49.975297,33.704573,50.0,27.0,0.0,0.0,0.0,0.0,0.0,0.0,0.0,0
663,60.871334,0.0,1.899167,0.0,37.802203,24.928687,0.799408,2.846568,0.0,89.272563,0.0,14.857162,0.0,60.629074,33.821219,60.824651,50.018654,33.791473,50.0,27.0,0.0,0.0,0.0,0.0,0.0,0.0,0.0,0
664,60.637319,0.0,1.895262,0.0,38.065303,24.98484,0.797936,2.853664,0.0,89.031711,0.0,14.839398,0.0,60.579909,33.6165,60.331435,49.882238,33.517464,50.0,27.0,0.0,0.0,0.0,0.0,0.0,0.0,0.0,0
665,60.453264,0.0,1.904425,0.0,37.894846,25.049507,0.797449,2.834934,0.0,89.087336,0.0,14.815276,0.0,60.607208,33.789749,60.739711,49.99567,33.744284,50.0,27.0,0.0,0.0,0.0,0.0,0.0,0.0,0.0,0
666,60.777734,0.0,1.893532,0.0,38.102494,24.944402,0.799481,2.84866,0.0,89.047273,0.0,14.820822,0.0,60.777108,33.613946,60.530495,49.937865,33.628053,50.0,27.0,0.0,0.0,0.0,0.0,0.0,0.0,0.0,0
667,61.080424,0.0,1.903365,0.0,37.910312,25.040004,0.800289,2.82435,0.0,88.790541,0.0,14.871024,0.0,60.69913,33.888931,61.047976,50.081204,33.915542,50.0,27.0,0.0,0.0,0.0,0.0,0.0,0.0,0.0,0
668,60.551011,0.0,1.904787,0.0,38.205787,24.961474,0.802241,2.851726,0.0,88.990568,0.0,14.851434,0.0,60.537101,33.874366,60.833422,50.021498,33.796345,50.0,27.0,0.0,0.0,0.0,0.0,0.0,0.0,0.0,0
669,60.607399,0.0,1.90961,0.0,38.060329,25.056432,0.799602,2.836044,0.0,89.269058,0.0,14.852404,0.0,60.86828,33.595656,60.558176,49.945314,33.643431,50.0,27.0,0.0,0.0,0.0,0.0,0.0,0.0,0.0,0
670,60.724353,0.0,1.91212,0.0,38.12264,24.935336,0.796559,2.856938,0.0,89.436804,0.0,14.838277,0.0,61.176861,33.322609,60.310179,49.877041,33.505655,50.0,27.0,0.0,0.0,0.0,0.0,0.0,0.0,0.0,0
671,60.91637,0.0,1.899588,0.0,37.927322,24.992682,0.802215,2.857757,0.0,88.81556,0.0,14.820588,0.0,60.570817,33.8316,60.831956,50.02187,33.795531,50.0,27.0,0.0,0.0,0.0,0.0,0.0,0.0,0.0,0
672,60.710245,0.0,1.9016,0.0,37.92341,25.019567,0.800023,2.850341,0.0,88.924225,0.0,14.84764,0.0,60.734017,33.684062,60.667623,49.97634,33.704235,50.0,27.0,0.0,0.0,0.0,0.0,0.0,0.0,0.0,0
673,60.81108,0.0,1.885865,0.0,37.911471,25.004485,0.799235,2.844712,0.0,88.867444,0.0,14.814405,0.0,60.436576,33.825744,60.673191,49.977997,33.707329,50.0,27.0,0.0,0.0,0.0,0.0,0.0,0.0,0.0,0
674,60.516206,0.0,1.899093,0.0,37.960646,24.893407,0.800453,2.861339,0.0,89.221335,0.0,14.890987,0.0,60.373741,33.759228,60.455261,49.917871,33.586256,50.0,27.0,0.0,0.0,0.0,0.0,0.0,0.0,0.0,0
675,60.622162,0.0,1.891663,0.0,37.909664,25.08534,0.796464,2.841853,0.0,89.42182,0.0,14.835841,0.0,60.439353,33.910822,60.835546,50.023389,33.797526,50.0,27.0,0.0,0.0,0.0,0.0,0.0,0.0,0.0,0
676,60.927618,0.0,1.906995,0.0,38.059492,25.0108,0.799293,2.858003,0.0,89.382063,0.0,14.905277,0.0,60.564141,33.792338,60.685646,49.981841,33.714248,50.0,27.0,0.0,0.0,0.0,0.0,0.0,0.0,0.0,0
677,60.340662,0.0,1.88961,0.0,38.117638,25.114925,0.79809,2.843912,0.0,88.896019,0.0,14.878119,0.0,60.315522,34.052865,60.978981,50.063008,33.877212,50.0,27.0,0.0,0.0,0.0,0.0,0.0,0.0,0.0,0
678,60.946341,0.0,1.895986,0.0,38.005211,24.982426,0.801259,2.842917,0.0,89.196003,0.0,14.93275,0.0,60.927757,33.437863,60.25248,49.861892,33.4736,50.0,27.0,0.0,0.0,0.0,0.0,0.0,0.0,0.0,0
679,60.710161,0.0,1.899042,0.0,37.91811,24.855072,0.799048,2.828268,0.0,89.232,0.0,14.812892,0.0,61.031311,33.615204,60.772319,50.006261,33.762399,50.0,27.0,0.0,0.0,0.0,0.0,0.0,0.0,0.0,0
680,60.461221,0.0,1.891976,0.0,38.054463,24.942021,0.802607,2.846821,0.0,89.158778,0.0,14.90968,0.0,60.965125,33.518702,60.51876,49.936147,33.621533,50.0,27.0,0.0,0.0,0.0,0.0,0.0,0.0,0.0,0
681,60.463153,0.0,1.89681,0.0,38.157637,25.032377,0.803146,2.850609,0.0,89.23944,0.0,14.81662,0.0,60.777397,33.616064,60.564303,49.949052,33.646835,50.0,27.0,0.0,0.0,0.0,0.0,0.0,0.0,0.0,0
682,60.522602,0.0,1.89341,0.0,37.973939,25.023098,0.80275,2.86764,0.0,89.188197,0.0,14.861617,0.0,60.69993,33.808443,60.905953,50.043736,33.83664,50.0,27.0,0.0,0.0,0.0,0.0,0.0,0.0,0.0,0
683,60.388765,0.0,1.907221,0.0,37.798758,25.006807,0.798442,2.849875,0.0,88.961675,0.0,14.856092,0.0,60.733533,33.913928,61.149188,50.110748,33.971771,50.0,27.0,0.0,0.0,0.0,0.0,0.0,0.0,0.0,0
684,60.711552,0.0,1.898065,0.0,37.894683,24.993593,0.801116,2.86411,0.0,88.973825,0.0,14.832407,0.0,60.863236,33.684366,60.768679,50.005026,33.760377,50.0,27.0,0.0,0.0,0.0,0.0,0.0,0.0,0.0,0
685,60.706764,0.0,1.907877,0.0,37.925493,25.095189,0.800731,2.845974,0.0,89.019045,0.0,14.789981,0.0,60.664624,33.787397,60.793308,50.011808,33.77406,50.0,27.0,0.0,0.0,0.0,0.0,0.0,0.0,0.0,0
686,60.549089,0.0,1.902759,0.0,37.773606,24.928167,0.79798,2.841955,0.0,89.329951,0.0,14.855451,0.0,60.697857,33.718577,60.673331,49.978589,33.707406,50.0,27.0,0.0,0.0,0.0,0.0,0.0,0.0,0.0,0
687,60.51535,0.0,1.900828,0.0,37.943146,24.945183,0.801552,2.82986,0.0,89.286284,0.0,14.865761,0.0,60.759737,33.749527,60.80203,50.014267,33.778905,50.0,27.0,0.0,0.0,0.0,0.0,0.0,0.0,0.0,0
688,60.870642,0.0,1.897896,0.0,37.814551,24.988395,0.80037,2.859849,0.0,89.441367,0.0,14.886052,0.0,60.641424,33.730813,60.641598,49.969853,33.689777,50.0,27.0,0.0,0.0,0.0,0.0,0.0,0.0,0.0,0
689,60.876246,0.0,1.906786,0.0,37.949958,25.13648,0.800428,2.843259,0.0,89.750992,0.0,14.81243,0.0,60.286383,33.943928,60.736086,49.996119,33.74227,50.0,27.0,0.0,0.0,0.0,0.0,0.0,0.0,0.0,0
690,60.71258,0.0,1.898732,0.0,37.860133,24.975705,0.800742,2.846977,0.0,89.72657,0.0,14.885646,0.0,60.691842,33.792051,60.793074,50.01189,33.77393,50.0,27.0,0.0,0.0,0.0,0.0,0.0,0.0,0.0,0
691,60.722962,0.0,1.892893,0.0,37.756498,24.802515,0.79966,2.86154,0.0,89.482577,0.0,14.945847,0.0,60.77664,33.716892,60.713006,49.9897,33.729448,50.0,27.0,0.0,0.0,0.0,0.0,0.0,0.0,0.0,0
692,60.922194,0.0,1.898795,0.0,38.040234,25.082176,0.798998,2.859002,0.0,89.300532,0.0,14.784779,0.0,60.791653,33.771311,60.846785,50.026727,33.80377,50.0,27.0,0.0,0.0,0.0,0.0,0.0,0.0,0.0,0
693,60.822137,0.0,1.904308,0.0,38.039241,25.101248,0.80468,2.86155,0.0,89.291275,0.0,14.862347,0.0,60.860743,33.76072,60.89009,50.038564,33.827828,50.0,27.0,0.0,0.0,0.0,0.0,0.0,0.0,0.0,0
694,60.635696,0.0,1.905642,0.0,37.91741,25.098488,0.798584,2.837055,0.0,89.364082,0.0,14.888652,0.0,60.415103,34.032387,61.015663,50.07308,33.89759,50.0,27.0,0.0,0.0,0.0,0.0,0.0,0.0,0.0,0
695,60.781326,0.0,1.897234,0.0,37.926188,24.993458,0.800071,2.839305,0.0,89.038125,0.0,14.923844,0.0,60.459933,33.958933,60.868015,50.031907,33.815564,50.0,27.0,0.0,0.0,0.0,0.0,0.0,0.0,0.0,0
696,60.667497,0.0,1.901195,0.0,37.907768,24.90751,0.798023,2.849934,0.0,89.256227,0.0,14.793952,0.0,60.990263,33.563196,60.538082,49.940556,33.632268,50.0,27.0,0.0,0.0,0.0,0.0,0.0,0.0,0.0,0
697,60.787512,0.0,1.903634,0.0,38.179589,24.917392,0.799278,2.869249,0.0,89.370465,0.0,14.976025,0.0,61.050148,33.694921,60.904086,50.042014,33.835603,50.0,27.0,0.0,0.0,0.0,0.0,0.0,0.0,0.0,0
698,60.602245,0.0,1.904057,0.0,37.889705,24.885415,0.796823,2.84945,0.0,89.064259,0.0,14.905112,0.0,60.889761,33.688517,60.739321,49.996264,33.744067,50.0,27.0,0.0,0.0,0.0,0.0,0.0,0.0,0.0,0
699,60.329878,0.0,1.903741,0.0,38.083873,24.935906,0.800981,2.840339,0.0,89.785483,0.0,14.873612,0.0,60.672065,33.683814,60.521107,49.935969,33.622837,50.0,27.0,0.0,0.0,0.0,0.0,0.0,0.0,0.0,0
700,60.770797,0.0,1.899694,0.0,38.152032,25.10447,0.801981,2.857509,0.0,89.307631,0.0,14.859726,0.0,60.893521,33.744726,60.880484,50.035618,33.822491,50.0,27.0,0.0,0.0,0.0,0.0,0.0,0.0,0.0,0
701,60.657235,0.0,1.903137,0.0,38.035763,25.053891,0.799278,2.867646,0.0,89.574907,0.0,14.840882,0.0,60.726203,33.956349,61.160372,50.112801,33.977984,50.0,27.0,0.0,0.0,0.0,0.0,0.0,0.0,0.0,0
702,60.604096,0.0,1.904194,0.0,38.022143,24.860729,0.79849,2.852444,0.0,88.528577,0.0,14.866595,0.0,61.00121,33.591197,60.638002,49.967859,33.687779,50.0,27.0,0.0,0.0,0.0,0.0,0.0,0.0,0.0,0
703,60.972092,0.0,1.88972,0.0,38.033851,24.979709,0.794068,2.847243,0.0,89.572522,0.0,14.824254,0.0,60.737466,33.694755,60.6154,49.961772,33.675222,50.0,27.0,0.0,0.0,0.0,0.0,0.0,0.0,0.0,0
704,60.650972,0.0,1.894584,0.0,37.975562,24.801128,0.80026,2.851047,0.0,89.039119,0.0,14.858389,0.0,60.807511,33.803914,60.923331,50.047073,33.846295,50.0,27.0,0.0,0.0,0.0,0.0,0.0,0.0,0.0,0
705,61.011733,0.0,1.895164,0.0,37.697245,25.058032,0.802419,2.859181,0.0,89.147823,0.0,14.871971,0.0,60.861477,33.880355,61.131302,50.104321,33.961834,50.0,27.0,0.0,0.0,0.0,0.0,0.0,0.0,0.0,0
706,60.939662,0.0,1.892865,0.0,37.926972,24.935087,0.797626,2.8292,0.0,89.148664,0.0,14.801256,0.0,60.656006,33.923417,60.999801,50.067456,33.888778,50.0,27.0,0.0,0.0,0.0,0.0,0.0,0.0,0.0,0
707,60.554148,0.0,1.899193,0.0,37.950241,25.02487,0.798753,2.856366,0.0,88.969584,0.0,14.850442,0.0,60.981697,33.739145,60.915305,50.043766,33.841836,50.0,27.0,0.0,0.0,0.0,0.0,0.0,0.0,0.0,0
708,60.86177,0.0,1.903036,0.0,38.067618,24.89803,0.801642,2.849498,0.0,89.124972,0.0,14.862875,0.0,60.659405,33.736639,60.591877,49.954154,33.662154,50.0,27.0,0.0,0.0,0.0,0.0,0.0,0.0,0.0,0
709,60.586708,0.0,1.894678,0.0,37.851101,24.97486,0.80277,2.859073,0.0,89.432507,0.0,14.80654,0.0,60.726219,33.724017,60.636287,49.966657,33.686826,50.0,27.0,0.0,0.0,0.0,0.0,0.0,0.0,0.0,0
710,60.611074,0.0,1.901919,0.0,37.797972,25.032776,0.799037,2.839497,0.0,88.916196,0.0,14.819412,0.0,60.987249,33.67115,60.791422,50.009701,33.773012,50.0,27.0,0.0,0.0,0.0,0.0,0.0,0.0,0.0,0
711,60.9443,0.0,1.905952,0.0,37.895752,25.021281,0.798727,2.866252,0.0,88.794358,0.0,14.936028,0.0,60.705133,33.868297,60.937402,50.050001,33.854112,50.0,27.0,0.0,0.0,0.0,0.0,0.0,0.0,0.0,0
712,61.16162,0.0,1.906741,0.0,38.025259,24.88504,0.799981,2.859539,0.0,88.616774,0.0,14.863094,0.0,60.799164,33.704706,60.671842,49.976353,33.706579,50.0,27.0,0.0,0.0,0.0,0.0,0.0,0.0,0.0,0
713,60.436191,0.0,1.904567,0.0,37.841409,24.991117,0.800776,2.863059,0.0,89.307422,0.0,14.853646,0.0,60.435326,33.853052,60.628879,49.964595,33.68271,50.0,27.0,0.0,0.0,0.0,0.0,0.0,0.0,0.0,0
714,60.84827,0.0,1.899608,0.0,37.95993,25.002587,0.798037,2.841692,0.0,89.323069,0.0,14.918534,0.0,60.696869,33.663188,60.477831,49.923023,33.598795,50.0,27.0,0.0,0.0,0.0,0.0,0.0,0.0,0.0,0
715,60.591144,0.0,1.900964,0.0,37.814047,24.990811,0.802629,2.851271,0.0,88.77695,0.0,14.884331,0.0,61.028063,33.713802,60.929479,50.048239,33.84971,50.0,27.0,0.0,0.0,0.0,0.0,0.0,0.0,0.0,0
716,60.747082,0.0,1.893849,0.0,38.025373,25.066287,0.79938,2.843396,0.0,89.216975,0.0,14.850596,0.0,60.941861,33.5907,60.58977,49.954105,33.660983,50.0,27.0,0.0,0.0,0.0,0.0,0.0,0.0,0.0,0
717,60.596725,0.0,1.900145,0.0,37.806162,24.953975,0.799454,2.857496,0.0,89.300327,0.0,14.827388,0.0,60.579011,33.89507,60.890955,50.03758,33.828309,50.0,27.0,0.0,0.0,0.0,0.0,0.0,0.0,0.0,0
718,60.857708,0.0,1.898489,0.0,37.988382,24.9355,0.797695,2.85418,0.0,89.394464,0.0,14.816808,0.0,60.926349,33.636266,60.672883,49.977118,33.707157,50.0,27.0,0.0,0.0,0.0,0.0,0.0,0.0,0.0,0
719,60.568842,0.0,1.912716,0.0,37.966639,25.027549,0.796736,2.842042,0.0,88.850743,0.0,14.925673,0.0,60.716077,33.759896,60.739234,49.995571,33.744019,50.0,27.0,0.0,0.0,0.0,0.0,0.0,0.0,0.0,0
720,60.728068,0.0,1.909181,0.0,38.136143,24.917854,0.799739,2.844122,0.0,89.035778,0.0,14.773455,0.0,60.723484,33.74086,60.70504,49.986142,33.725022,50.0,27.0,0.0,0.0,0.0,0.0,0.0,0.0,0.0,0
721,60.553281,0.0,1.900073,0.0,37.956931,25.035772,0.800682,2.840606,0.0,89.346733,0.0,14.849928,0.0,60.744818,33.699991,60.641318,49.968599,33.689621,50.0,27.0,0.0,0.0,0.0,0.0,0.0,0.0,0.0,0
722,60.561505,0.0,1.905633,0.0,37.961192,24.936206,0.797318,2.853965,0.0,88.950318,0.0,14.878258,0.0,60.821254,33.851589,61.043999,50.080055,33.913333,50.0,27.0,0.0,0.0,0.0,0.0,0.0,0.0,0.0,0
723,61.23585,0.0,1.899125,0.0,37.904168,24.969465,0.798268,2.853276,0.0,89.221453,0.0,14.800905,0.0,60.9558,33.63842,60.714971,49.988714,33.73054,50.0,27.0,0.0,0.0,0.0,0.0,0.0,0.0,0.0,0
724,60.989309,0.0,1.907164,0.0,38.079675,24.919415,0.802998,2.86047,0.0,89.026238,0.0,14.953104,0.0,60.40555,34.002006,60.946712,50.052823,33.859285,50.0,27.0,0.0,0.0,0.0,0.0,0.0,0.0,0.0,0
725,60.702207,0.0,1.905716,0.0,37.895297,24.931913,0.80232,2.858358,0.0,88.626364,0.0,14.807108,0.0,60.612134,33.712074,60.507897,49.931273,33.615498,50.0,27.0,0.0,0.0,0.0,0.0,0.0,0.0,0.0,0
726,60.622132,0.0,1.896684,0.0,37.871132,25.008412,0.80196,2.84875,0.0,89.012308,0.0,14.840463,0.0,60.682352,33.683629,60.524629,49.93624,33.624794,50.0,27.0,0.0,0.0,0.0,0.0,0.0,0.0,0.0,0
727,60.523815,0.0,1.894538,0.0,38.0115,25.044839,0.798341,2.852761,0.0,88.790399,0.0,14.862287,0.0,60.778454,33.726462,60.720939,49.990816,33.733855,50.0,27.0,0.0,0.0,0.0,0.0,0.0,0.0,0.0,0
728,60.747245,0.0,1.899475,0.0,37.907886,24.987367,0.799534,2.842882,0.0,88.834413,0.0,14.868739,0.0,60.665801,33.774873,60.713999,49.988944,33.729999,50.0,27.0,0.0,0.0,0.0,0.0,0.0,0.0,0.0,0
729,60.936037,0.0,1.905432,0.0,37.885061,25.028463,0.799512,2.836811,0.0,88.994833,0.0,14.846864,0.0,60.944788,33.542301,60.499391,49.929682,33.610773,50.0,27.0,0.0,0.0,0.0,0.0,0.0,0.0,0.0,0
730,60.820623,0.0,1.905449,0.0,38.136998,25.002199,0.800108,2.84046,0.0,89.358616,0.0,14.80189,0.0,60.793864,33.719452,60.749984,49.999295,33.749991,50.0,27.0,0.0,0.0,0.0,0.0,0.0,0.0,0.0,0
731,60.91728,0.0,1.903636,0.0,37.902852,25.094154,0.799739,2.85376,0.0,89.184557,0.0,14.834666,0.0,60.934757,33.674404,60.798595,50.012734,33.776997,50.0,27.0,0.0,0.0,0.0,0.0,0.0,0.0,0.0,0
732,60.899244,0.0,1.907111,0.0,38.002294,24.984742,0.800432,2.859256,0.0,88.832447,0.0,14.875571,0.0,60.786627,33.710967,60.736101,49.995398,33.742278,50.0,27.0,0.0,0.0,0.0,0.0,0.0,0.0,0.0,0
733,60.778669,0.0,1.896,0.0,38.071907,24.890516,0.796632,2.832439,0.0,88.949568,0.0,14.857911,0.0,60.68022,33.866115,60.960118,50.057338,33.866732,50.0,27.0,0.0,0.0,0.0,0.0,0.0,0.0,0.0,0
734,60.798955,0.0,1.90278,0.0,37.900671,24.923514,0.799805,2.851094,0.0,89.222822,0.0,14.85251,0.0,60.939843,33.816444,61.097471,50.095017,33.94304,50.0,27.0,0.0,0.0,0.0,0.0,0.0,0.0,0.0,0
735,60.719163,0.0,1.891915,0.0,37.970495,25.025636,0.798298,2.848304,0.0,89.461755,0.0,14.872117,0.0,60.778384,33.791579,60.873712,50.032698,33.818729,50.0,27.0,0.0,0.0,0.0,0.0,0.0,0.0,0.0,0
736,60.987054,0.0,1.897179,0.0,38.276288,25.061682,0.798198,2.864168,0.0,89.477175,0.0,14.857867,0.0,60.706394,33.827925,60.87243,50.032181,33.818017,50.0,27.0,0.0,0.0,0.0,0.0,0.0,0.0,0.0,0
737,60.575121,0.0,1.898719,0.0,38.083193,25.019092,0.798066,2.834875,0.0,89.137012,0.0,14.860287,0.0,60.465966,33.903942,60.781973,50.007019,33.767763,50.0,27.0,0.0,0.0,0.0,0.0,0.0,0.0,0.0,0
738,60.645525,0.0,1.894604,0.0,38.019281,24.887937,0.802371,2.850933,0.0,89.430822,0.0,14.830514,0.0,60.660831,33.930264,61.012611,50.070731,33.895895,50.0,27.0,0.0,0.0,0.0,0.0,0.0,0.0,0.0,0
739,60.758548,0.0,1.903219,0.0,38.32781,24.936884,0.800659,2.852213,0.0,89.329023,0.0,14.877399,0.0,60.722696,33.643922,60.448487,49.914458,33.582493,50.0,27.0,0.0,0.0,0.0,0.0,0.0,0.0,0.0,0
740,60.755035,0.0,1.901451,0.0,37.858922,24.859165,0.802597,2.857775,0.0,89.491885,0.0,14.947342,0.0,61.024021,33.647544,60.774592,50.005017,33.763662,50.0,27.0,0.0,0.0,0.0,0.0,0.0,0.0,0.0,0
741,60.863616,0.0,1.899119,0.0,38.147148,24.972722,0.799733,2.847121,0.0,89.489547,0.0,14.956168,0.0,60.943395,33.535087,60.472339,49.921451,33.595744,50.0,27.0,0.0,0.0,0.0,0.0,0.0,0.0,0.0,0
742,60.636043,0.0,1.896959,0.0,37.957062,24.888807,0.797692,2.853597,0.0,89.023889,0.0,14.843635,0.0,60.685466,33.83423,60.874857,50.033096,33.819365,50.0,27.0,0.0,0.0,0.0,0.0,0.0,0.0,0.0,0
743,60.94875,0.0,1.898844,0.0,38.030516,24.965267,0.800413,2.845379,0.0,89.216424,0.0,14.983648,0.0,60.838562,33.669147,60.667894,49.975728,33.704386,50.0,27.0,0.0,0.0,0.0,0.0,0.0,0.0,0.0,0
744,60.838166,0.0,1.904668,0.0,38.024664,25.064973,0.796135,2.858369,0.0,89.104628,0.0,14.889696,0.0,60.949564,33.677324,60.806812,50.014245,33.781562,50.0,27.0,0.0,0.0,0.0,0.0,0.0,0.0,0.0,0
745,60.637023,0.0,1.904385,0.0,37.861462,25.076888,0.800973,2.857309,0.0,89.573653,0.0,14.821588,0.0,60.843572,33.752089,60.867447,50.030933,33.815248,50.0,27.0,0.0,0.0,0.0,0.0,0.0,0.0,0.0,0
746,60.665614,0.0,1.90341,0.0,37.998862,24.908861,0.796856,2.841179,0.0,89.28791,0.0,14.849157,0.0,60.734961,33.876658,61.020109,50.072974,33.90006,50.0,27.0,0.0,0.0,0.0,0.0,0.0,0.0,0.0,0
747,60.955041,0.0,1.898098,0.0,38.066059,24.899736,0.801677,2.855156,0.0,89.360758,0.0,14.87552,0.0,60.711563,33.702881,60.612326,49.959902,33.673515,50.0,27.0,0.0,0.0,0.0,0.0,0.0,0.0,0.0,0
748,60.840807,0.0,1.902304,0.0,37.957343,25.01461,0.80103,2.852387,0.0,89.145309,0.0,14.848801,0.0,60.573748,33.870766,60.834847,50.021605,33.797137,50.0,27.0,0.0,0.0,0.0,0.0,0.0,0.0,0.0,0
749,60.744233,0.0,1.906931,0.0,38.20467,24.868192,0.798445,2.857813,0.0,89.151814,0.0,14.867654,0.0,60.811106,33.808529,60.924604,50.046306,33.847002,50.0,27.0,0.0,0.0,0.0,0.0,0.0,0.0,0.0,0
750,60.788945,0.0,1.905232,0.0,37.97104,25.115439,0.797449,2.842528,0.0,89.332354,0.0,14.813388,0.0,60.332358,33.964034,60.766782,50.002454,33.759323,50.0,27.0,0.0,0.0,0.0,0.0,0.0,0.0,0.0,0
751,60.599426,0.0,1.900517,0.0,37.901523,25.001343,0.8014,2.852014,0.0,89.21734,0.0,14.877674,0.0,60.242805,34.187694,61.12186,50.100584,33.956589,50.0,27.0,0.0,0.0,0.0,0.0,0.0,0.0,0.0,0
752,60.921653,0.0,1.895943,0.0,38.284269,24.889432,0.802617,2.857956,0.0,89.3192,0.0,14.893954,0.0,60.664943,33.797288,60.665544,49.97396,33.70308,50.0,27.0,0.0,0.0,0.0,0.0,0.0,0.0,0.0,0
753,60.733495,0.0,1.894,0.0,37.978159,24.978874,0.799404,2.853529,0.0,89.62473,0.0,14.922744,0.0,60.861571,33.80003,60.867918,50.030025,33.81551,50.0,27.0,0.0,0.0,0.0,0.0,0.0,0.0,0.0,0
754,60.778044,0.0,1.897323,0.0,37.884196,25.121888,0.799745,2.839205,0.0,89.345932,0.0,14.872109,0.0,60.82815,33.691818,60.605841,49.957439,33.669912,50.0,27.0,0.0,0.0,0.0,0.0,0.0,0.0,0.0,0
755,60.810909,0.0,1.909692,0.0,37.903249,24.956141,0.803795,2.850499,0.0,89.065962,0.0,14.902431,0.0,61.000224,33.682782,60.772748,50.003783,33.762638,50.0,27.0,0.0,0.0,0.0,0.0,0.0,0.0,0.0,0
756,61.066344,0.0,1.903034,0.0,37.920332,24.946798,0.800879,2.869278,0.0,89.041371,0.0,14.848583,0.0,60.755809,33.737287,60.657523,49.971916,33.698624,50.0,27.0,0.0,0.0,0.0,0.0,0.0,0.0,0.0,0
757,60.715977,0.0,1.908879,0.0,38.103812,25.026355,0.801284,2.855419,0.0,88.926344,0.0,14.878295,0.0,60.792862,33.766805,60.762984,50.001205,33.757213,50.0,27.0,0.0,0.0,0.0,0.0,0.0,0.0,0.0,0
758,61.047941,0.0,1.895798,0.0,37.86803,24.969008,0.802261,2.845155,0.0,89.328832,0.0,14.848467,0.0,60.738937,33.627491,60.417061,49.905587,33.565034,50.0,27.0,0.0,0.0,0.0,0.0,0.0,0.0,0.0,0
759,61.076924,0.0,1.903692,0.0,37.979994,25.097522,0.799683,2.850207,0.0,89.451694,0.0,14.848492,0.0,60.697825,33.728879,60.60993,49.959365,33.672183,50.0,27.0,0.0,0.0,0.0,0.0,0.0,0.0,0.0,0
760,60.560285,0.0,1.900724,0.0,38.01605,24.866144,0.802377,2.849482,0.0,89.119447,0.0,14.862663,0.0,60.60394,33.948843,60.985525,50.06338,33.880847,50.0,27.0,0.0,0.0,0.0,0.0,0.0,0.0,0.0,0
761,60.971587,0.0,1.897518,0.0,38.136673,24.775,0.797954,2.849241,0.0,89.772437,0.0,14.884268,0.0,60.842529,33.730243,60.739155,49.994969,33.743975,50.0,27.0,0.0,0.0,0.0,0.0,0.0,0.0,0.0,0
762,60.491861,0.0,1.895913,0.0,37.928862,25.062092,0.802523,2.847292,0.0,88.923788,0.0,14.90469,0.0,60.926613,33.742344,60.855228,50.027076,33.80846,50.0,27.0,0.0,0.0,0.0,0.0,0.0,0.0,0.0,0
763,60.606432,0.0,1.900379,0.0,37.992476,24.846864,0.801341,2.842619,0.0,88.952864,0.0,14.862401,0.0,61.188205,33.527861,60.668856,49.975429,33.70492,50.0,27.0,0.0,0.0,0.0,0.0,0.0,0.0,0.0,0
764,60.807178,0.0,1.903591,0.0,38.124844,25.063085,0.798555,2.851832,0.0,89.132464,0.0,14.870338,0.0,60.76118,33.707042,60.65225,49.970961,33.695694,50.0,27.0,0.0,0.0,0.0,0.0,0.0,0.0,0.0,0
765,60.738158,0.0,1.889501,0.0,38.087745,24.99893,0.798729,2.859268,0.0,89.137703,0.0,14.832434,0.0,60.827287,33.85141,61.029692,50.075429,33.905384,50.0,27.0,0.0,0.0,0.0,0.0,0.0,0.0,0.0,0
766,60.340996,0.0,1.901965,0.0,37.903771,25.100126,0.80265,2.844617,0.0,89.428579,0.0,14.815301,0.0,60.878633,33.594832,60.527167,49.936158,33.626204,50.0,27.0,0.0,0.0,0.0,0.0,0.0,0.0,0.0,0
767,60.665051,0.0,1.894881,0.0,37.95592,25.12066,0.799019,2.843111,0.0,89.236248,0.0,14.898596,0.0,60.821188,33.748577,60.815995,50.016307,33.786664,50.0,27.0,0.0,0.0,0.0,0.0,0.0,0.0,0.0,0
768,60.869567,0.0,1.895767,0.0,38.039564,25.030791,0.800163,2.843824,0.0,89.314768,0.0,14.815212,0.0,60.770048,33.596712,60.444841,49.91364,33.580467,50.0,27.0,0.0,0.0,0.0,0.0,0.0,0.0,0.0,0
769,60.52719,0.0,1.899401,0.0,37.832738,24.960406,0.799081,2.849371,0.0,89.185531,0.0,14.872839,0.0,60.740214,33.874552,61.0214,50.073428,33.900778,50.0,27.0,0.0,0.0,0.0,0.0,0.0,0.0,0.0,0
770,60.801512,0.0,1.897735,0.0,38.106279,24.984635,0.802836,2.857298,0.0,89.168278,0.0,14.851996,0.0,60.679262,33.883911,60.962616,50.056815,33.86812,50.0,27.0,0.0,0.0,0.0,0.0,0.0,0.0,0.0,0
771,60.503446,0.0,1.88814,0.0,38.095781,24.973974,0.798073,2.864569,0.0,89.375566,0.0,14.76201,0.0,61.133313,33.668509,60.944592,50.051551,33.858107,50.0,27.0,0.0,0.0,0.0,0.0,0.0,0.0,0.0,0
772,60.989414,0.0,1.893185,0.0,38.146327,24.884285,0.800603,2.861247,0.0,88.985275,0.0,14.760205,0.0,60.469114,33.860862,60.697933,49.983119,33.721074,50.0,27.0,0.0,0.0,0.0,0.0,0.0,0.0,0.0,0
773,60.76186,0.0,1.89559,0.0,38.247824,25.030802,0.799162,2.844787,0.0,89.391718,0.0,14.896943,0.0,60.435424,33.892765,60.717239,49.988539,33.731799,50.0,27.0,0.0,0.0,0.0,0.0,0.0,0.0,0.0,0
774,60.738907,0.0,1.905137,0.0,38.000244,24.965878,0.799905,2.858203,0.0,89.471445,0.0,14.815831,0.0,60.787673,33.526241,60.278738,49.867396,33.488188,50.0,27.0,0.0,0.0,0.0,0.0,0.0,0.0,0.0,0
775,60.875585,0.0,1.906405,0.0,38.190859,25.126553,0.802939,2.845977,0.0,89.236998,0.0,14.833439,0.0,60.77197,33.700932,60.66333,49.974356,33.70185,50.0,27.0,0.0,0.0,0.0,0.0,0.0,0.0,0.0,0
776,60.599288,0.0,1.902406,0.0,38.04388,24.970142,0.802872,2.842599,0.0,89.402851,0.0,14.861004,0.0,60.913208,33.831381,61.086525,50.091453,33.936958,50.0,27.0,0.0,0.0,0.0,0.0,0.0,0.0,0.0,0
777,60.592565,0.0,1.89635,0.0,37.832663,24.845594,0.802445,2.8543,0.0,88.990468,0.0,14.895259,0.0,60.788682,33.79202,60.868139,50.030637,33.815633,50.0,27.0,0.0,0.0,0.0,0.0,0.0,0.0,0.0,0
778,60.983984,0.0,1.890294,0.0,38.076993,25.077778,0.804634,2.835231,0.0,89.234058,0.0,14.876195,0.0,60.500891,33.783002,60.55636,49.94431,33.642422,50.0,27.0,0.0,0.0,0.0,0.0,0.0,0.0,0.0,0
779,60.801573,0.0,1.891788,0.0,37.93748,25.180197,0.802054,2.851544,0.0,88.994537,0.0,14.883743,0.0,60.744501,33.688462,60.597083,49.955843,33.665046,50.0,27.0,0.0,0.0,0.0,0.0,0.0,0.0,0.0,0
780,60.815831,0.0,1.911835,0.0,37.861375,24.923731,0.799242,2.854381,0.0,89.672133,0.0,14.911369,0.0,60.431671,33.94828,60.84152,50.023623,33.800844,50.0,27.0,0.0,0.0,0.0,0.0,0.0,0.0,0.0,0
781,60.778207,0.0,1.898476,0.0,37.924195,25.116987,0.804687,2.843388,0.0,89.081358,0.0,14.864227,0.0,60.812946,33.759143,60.798219,50.011538,33.776788,50.0,27.0,0.0,0.0,0.0,0.0,0.0,0.0,0.0,0
782,60.717301,0.0,1.910149,0.0,38.111066,25.02412,0.797107,2.860819,0.0,88.813763,0.0,14.832718,0.0,60.810588,33.781652,60.844261,50.024206,33.802367,50.0,27.0,0.0,0.0,0.0,0.0,0.0,0.0,0.0,0
783,60.379371,0.0,1.905452,0.0,38.113652,25.002051,0.799525,2.84304,0.0,89.151529,0.0,14.776133,0.0,60.866191,33.632365,60.582857,49.951835,33.657143,50.0,27.0,0.0,0.0,0.0,0.0,0.0,0.0,0.0,0
784,60.48427,0.0,1.900314,0.0,37.949592,24.85751,0.803217,2.847158,0.0,89.573767,0.0,14.91356,0.0,60.995201,33.556971,60.57054,49.94867,33.6503,50.0,27.0,0.0,0.0,0.0,0.0,0.0,0.0,0.0,0
785,60.766358,0.0,1.901771,0.0,37.964742,25.093919,0.799929,2.862795,0.0,89.423581,0.0,14.88822,0.0,61.04902,33.603801,60.749683,49.99844,33.749824,50.0,27.0,0.0,0.0,0.0,0.0,0.0,0.0,0.0,0
786,60.699571,0.0,1.892225,0.0,37.961966,24.921549,0.797407,2.852537,0.0,88.751086,0.0,14.850216,0.0,60.452188,33.614002,60.193077,49.844604,33.440599,50.0,27.0,0.0,0.0,0.0,0.0,0.0,0.0,0.0,0
787,60.516501,0.0,1.89915,0.0,37.863047,25.033596,0.799294,2.83636,0.0,89.15332,0.0,14.837142,0.0,60.69658,33.784821,60.813986,50.016994,33.785548,50.0,27.0,0.0,0.0,0.0,0.0,0.0,0.0,0.0,0
788,60.742852,0.0,1.884788,0.0,37.8989,24.917316,0.800497,2.859427,0.0,88.545907,0.0,14.797053,0.0,60.49969,33.875848,60.801768,50.013532,33.77876,50.0,27.0,0.0,0.0,0.0,0.0,0.0,0.0,0.0,0
789,60.49538,0.0,1.897886,0.0,38.098096,25.012387,0.796858,2.854602,0.0,89.251094,0.0,14.925865,0.0,60.572464,33.751335,60.593017,49.955767,33.662787,50.0,27.0,0.0,0.0,0.0,0.0,0.0,0.0,0.0,0
790,60.507111,0.0,1.892096,0.0,38.076197,25.007905,0.800259,2.864892,0.0,88.867265,0.0,14.982758,0.0,60.65359,33.640851,60.439806,49.91364,33.57767,50.0,27.0,0.0,0.0,0.0,0.0,0.0,0.0,0.0,0
791,60.703594,0.0,1.896517,0.0,38.040988,25.008623,0.802079,2.853421,0.0,88.899739,0.0,14.923432,0.0,60.554597,33.866055,60.829215,50.021701,33.794009,50.0,27.0,0.0,0.0,0.0,0.0,0.0,0.0,0.0,0
792,60.318708,0.0,1.90447,0.0,37.916412,24.999833,0.798097,2.845633,0.0,88.995141,0.0,14.903482,0.0,60.775561,33.629141,60.533274,49.939796,33.629597,50.0,27.0,0.0,0.0,0.0,0.0,0.0,0.0,0.0,0
793,60.488657,0.0,1.899713,0.0,38.16817,24.888908,0.798846,2.830731,0.0,89.408955,0.0,14.855304,0.0,60.685282,33.570359,60.334146,49.885057,33.51897,50.0,27.0,0.0,0.0,0.0,0.0,0.0,0.0,0.0,0
794,60.581976,0.0,1.906262,0.0,37.842818,24.928062,0.798669,2.843781,0.0,89.476226,0.0,14.841429,0.0,60.750076,33.575661,60.432069,49.912695,33.573372,50.0,27.0,0.0,0.0,0.0,0.0,0.0,0.0,0.0,0
795,60.85648,0.0,1.899187,0.0,37.93955,24.952243,0.80212,2.84353,0.0,88.936696,0.0,14.832978,0.0,60.631829,33.693761,60.582816,49.954795,33.65712,50.0,27.0,0.0,0.0,0.0,0.0,0.0,0.0,0.0,0
796,60.94659,0.0,1.89973,0.0,37.952568,24.969888,0.799231,2.838832,0.0,88.5726,0.0,14.86998,0.0,60.563105,33.812945,60.768559,50.006358,33.760311,50.0,27.0,0.0,0.0,0.0,0.0,0.0,0.0,0.0,0
797,60.721604,0.0,1.895677,0.0,38.080819,24.820367,0.79919,2.841026,0.0,88.968019,0.0,14.789861,0.0,60.651344,33.803936,60.824954,50.021914,33.791641,50.0,27.0,0.0,0.0,0.0,0.0,0.0,0.0,0.0,0
798,60.877655,0.0,1.901616,0.0,37.966075,24.997622,0.804572,2.855427,0.0,88.856277,0.0,14.863952,0.0,60.761167,33.817733,60.953028,50.057204,33.862793,50.0,27.0,0.0,0.0,0.0,0.0,0.0,0.0,0.0,0
799,60.663819,0.0,1.906352,0.0,38.091587,24.943581,0.803207,2.852097,0.0,89.013267,0.0,14.850895,0.0,60.605056,33.854079,60.861594,50.031648,33.811997,50.0,27.0,0.0,0.0,0.0,0.0,0.0,0.0,0.0,0
800,60.683999,0.0,1.904735,0.0,38.135266,25.03505,0.797842,2.841953,0.0,88.649568,0.0,14.912302,0.0,60.676719,33.756322,60.711017,49.989871,33.728343,50.0,27.0,0.0,0.0,0.0,0.0,0.0,0.0,0.0,0
801,60.876887,0.0,1.902164,0.0,37.834953,25.06653,0.802435,2.84231,0.0,89.264505,0.0,14.894126,0.0,60.829816,33.733355,60.813523,50.018254,33.78529,50.0,27.0,0.0,0.0,0.0,0.0,0.0,0.0,0.0,0
802,60.321185,0.0,1.897841,0.0,38.000524,24.867666,0.796215,2.847576,0.0,89.156273,0.0,14.89155,0.0,60.711869,33.729513,60.688492,49.983605,33.715829,50.0,27.0,0.0,0.0,0.0,0.0,0.0,0.0,0.0,0
803,60.920925,0.0,1.898873,0.0,38.040586,24.974927,0.802695,2.849334,0.0,88.886277,0.0,14.901274,0.0,60.888115,33.549207,60.485866,49.927682,33.603259,50.0,27.0,0.0,0.0,0.0,0.0,0.0,0.0,0.0,0
804,61.005996,0.0,1.905677,0.0,37.824389,24.959781,0.796559,2.854939,0.0,89.117977,0.0,14.872982,0.0,60.603866,33.822231,60.802666,50.015604,33.779259,50.0,27.0,0.0,0.0,0.0,0.0,0.0,0.0,0.0,0
805,60.700748,0.0,1.892197,0.0,37.84661,24.908534,0.799466,2.850312,0.0,88.696235,0.0,14.909715,0.0,60.516991,33.974384,61.024314,50.076789,33.902397,50.0,27.0,0.0,0.0,0.0,0.0,0.0,0.0,0.0,0
806,60.512186,0.0,1.891926,0.0,38.131549,24.87571,0.802235,2.844947,0.0,88.873867,0.0,14.904557,0.0,60.759122,33.831883,60.93415,50.051486,33.852306,50.0,27.0,0.0,0.0,0.0,0.0,0.0,0.0,0.0,0
807,60.851677,0.0,1.896643,0.0,37.968779,24.972188,0.797197,2.85336,0.0,89.33472,0.0,14.901645,0.0,60.925391,33.626759,60.656796,49.97457,33.69822,50.0,27.0,0.0,0.0,0.0,0.0,0.0,0.0,0.0,0
808,60.635481,0.0,1.901536,0.0,37.97777,25.003304,0.802069,2.838564,0.0,88.825736,0.0,14.925858,0.0,61.020196,33.608281,60.729412,49.994767,33.738562,50.0,27.0,0.0,0.0,0.0,0.0,0.0,0.0,0.0,0
809,60.730699,0.0,1.896129,0.0,38.201361,25.14893,0.799175,2.839545,0.0,89.455176,0.0,14.839667,0.0,60.785678,33.686437,60.677928,49.980563,33.70996,50.0,27.0,0.0,0.0,0.0,0.0,0.0,0.0,0.0,0
810,60.961545,0.0,1.897439,0.0,37.899946,25.036467,0.800925,2.845379,0.0,89.051024,0.0,14.867003,0.0,61.165922,33.558139,60.794278,50.012819,33.774599,50.0,27.0,0.0,0.0,0.0,0.0,0.0,0.0,0.0,0
811,60.61349,0.0,1.894385,0.0,38.022152,24.863372,0.797636,2.831661,0.0,88.89633,0.0,14.902938,0.0,60.774939,33.457448,60.214128,49.852404,33.452293,50.0,27.0,0.0,0.0,0.0,0.0,0.0,0.0,0.0,0
812,60.876685,0.0,1.902551,0.0,37.930609,25.197837,0.799754,2.850562,0.0,89.193923,0.0,14.827008,0.0,60.440646,33.737645,60.505926,49.93379,33.614403,50.0,27.0,0.0,0.0,0.0,0.0,0.0,0.0,0.0,0
813,60.803862,0.0,1.903515,0.0,37.953731,24.948583,0.801103,2.850026,0.0,89.041653,0.0,14.846804,0.0,60.447986,33.856327,60.759529,50.004214,33.755294,50.0,27.0,0.0,0.0,0.0,0.0,0.0,0.0,0.0,0
814,60.841138,0.0,1.900459,0.0,38.257897,24.976921,0.801627,2.850382,0.0,88.519698,0.0,14.792886,0.0,60.261386,33.841303,60.521768,49.938477,33.623205,50.0,27.0,0.0,0.0,0.0,0.0,0.0,0.0,0.0,0
815,60.883616,0.0,1.90927,0.0,38.045689,24.869832,0.802439,2.862265,0.0,89.277938,0.0,14.804959,0.0,60.70092,33.733026,60.716631,49.992642,33.731462,50.0,27.0,0.0,0.0,0.0,0.0,0.0,0.0,0.0,0
816,60.911994,0.0,1.89747,0.0,38.27425,25.08281,0.799871,2.857282,0.0,88.873828,0.0,14.879754,0.0,60.740963,33.674872,60.633023,49.96957,33.685013,50.0,27.0,0.0,0.0,0.0,0.0,0.0,0.0,0.0,0
817,60.725974,0.0,1.903415,0.0,37.911553,24.930637,0.8046,2.859989,0.0,88.818944,0.0,14.888982,0.0,60.83387,33.719486,60.826784,50.023276,33.792658,50.0,27.0,0.0,0.0,0.0,0.0,0.0,0.0,0.0,0
818,60.364418,0.0,1.893639,0.0,37.91807,24.888474,0.798681,2.847164,0.0,89.084598,0.0,14.875643,0.0,60.761195,33.53265,60.360446,49.894267,33.533581,50.0,27.0,0.0,0.0,0.0,0.0,0.0,0.0,0.0,0
819,60.728833,0.0,1.900711,0.0,38.221324,24.961889,0.801552,2.855901,0.0,89.217803,0.0,14.901914,0.0,60.739853,33.720556,60.760513,50.00537,33.755841,50.0,27.0,0.0,0.0,0.0,0.0,0.0,0.0,0.0,0
820,61.012906,0.0,1.909479,0.0,37.831725,24.918384,0.799377,2.871552,0.0,89.18518,0.0,14.917869,0.0,60.884189,33.673547,60.804398,50.017472,33.780221,50.0,27.0,0.0,0.0,0.0,0.0,0.0,0.0,0.0,0
821,60.505782,0.0,1.894893,0.0,38.182281,25.021263,0.800437,2.862595,0.0,88.492922,0.0,14.819603,0.0,60.720001,33.674794,60.647828,49.97411,33.693238,50.0,27.0,0.0,0.0,0.0,0.0,0.0,0.0,0.0,0
822,60.890102,0.0,1.902166,0.0,38.054381,24.981131,0.798012,2.850868,0.0,88.967141,0.0,14.915755,0.0,60.479658,33.985458,61.067302,50.09018,33.926279,50.0,27.0,0.0,0.0,0.0,0.0,0.0,0.0,0.0,0
823,60.273261,0.0,1.893179,0.0,37.923983,24.897212,0.799432,2.844826,0.0,88.926426,0.0,14.884316,0.0,60.727954,33.797164,60.881688,50.038428,33.82316,50.0,27.0,0.0,0.0,0.0,0.0,0.0,0.0,0.0,0
824,60.737734,0.0,1.897127,0.0,38.108198,25.136851,0.804148,2.854217,0.0,89.02904,0.0,14.821784,0.0,60.731611,33.63572,60.535191,49.942467,33.630662,50.0,27.0,0.0,0.0,0.0,0.0,0.0,0.0,0.0,0
825,60.954083,0.0,1.899466,0.0,38.10699,25.069896,0.800635,2.840281,0.0,89.602252,0.0,14.872439,0.0,60.826829,33.563122,60.48955,49.930138,33.605306,50.0,27.0,0.0,0.0,0.0,0.0,0.0,0.0,0.0,0
826,60.852514,0.0,1.901753,0.0,37.840168,24.916205,0.799772,2.845356,0.0,89.191614,0.0,14.849179,0.0,60.781162,33.758659,60.877422,50.037692,33.82079,50.0,27.0,0.0,0.0,0.0,0.0,0.0,0.0,0.0,0
827,60.936602,0.0,1.903623,0.0,37.956248,24.996944,0.798533,2.831192,0.0,89.053025,0.0,14.837798,0.0,60.887807,33.702953,60.860546,50.03284,33.811415,50.0,27.0,0.0,0.0,0.0,0.0,0.0,0.0,0.0,0
828,60.678726,0.0,1.893191,0.0,38.129579,24.953639,0.801539,2.844698,0.0,89.660679,0.0,14.860917,0.0,60.686217,33.753995,60.768328,50.007188,33.760182,50.0,27.0,0.0,0.0,0.0,0.0,0.0,0.0,0.0,0
829,60.737701,0.0,1.900692,0.0,37.923778,24.986238,0.796558,2.85594,0.0,89.125891,0.0,14.882912,0.0,60.855272,33.612328,60.633421,49.969864,33.685234,50.0,27.0,0.0,0.0,0.0,0.0,0.0,0.0,0.0,0
830,60.675449,0.0,1.904231,0.0,38.029069,24.985942,0.800723,2.866816,0.0,88.768256,0.0,14.891088,0.0,60.820547,33.511348,60.399557,49.905375,33.55531,50.0,27.0,0.0,0.0,0.0,0.0,0.0,0.0,0.0,0
831,61.094902,0.0,1.903892,0.0,37.993188,25.041072,0.794843,2.839556,0.0,89.174299,0.0,14.821618,0.0,60.547891,33.78272,60.72564,49.995974,33.736467,50.0,27.0,0.0,0.0,0.0,0.0,0.0,0.0,0.0,0
832,60.649867,0.0,1.90619,0.0,37.947043,24.938181,0.797734,2.84981,0.0,89.056215,0.0,14.764563,0.0,60.741608,33.641602,60.610575,49.96419,33.672542,50.0,27.0,0.0,0.0,0.0,0.0,0.0,0.0,0.0,0
833,60.714943,0.0,1.899109,0.0,37.932927,24.913152,0.796908,2.844007,0.0,88.835014,0.0,14.823051,0.0,60.39947,33.896813,60.814962,50.02086,33.78609,50.0,27.0,0.0,0.0,0.0,0.0,0.0,0.0,0.0,0
834,61.005492,0.0,1.896049,0.0,38.016537,25.063101,0.79955,2.847521,0.0,88.958965,0.0,14.819273,0.0,60.386069,33.936776,60.859891,50.033175,33.811051,50.0,27.0,0.0,0.0,0.0,0.0,0.0,0.0,0.0,0
835,60.732196,0.0,1.899113,0.0,38.017658,24.978554,0.795098,2.850342,0.0,88.90457,0.0,14.85681,0.0,60.69418,33.793263,60.835666,50.026314,33.797592,50.0,27.0,0.0,0.0,0.0,0.0,0.0,0.0,0.0,0
836,60.747955,0.0,1.896843,0.0,38.188517,24.95906,0.800345,2.852771,0.0,89.070418,0.0,14.86988,0.0,60.69108,33.815663,60.870972,50.035942,33.817207,50.0,27.0,0.0,0.0,0.0,0.0,0.0,0.0,0.0,0
837,60.886342,0.0,1.898961,0.0,37.897483,24.935582,0.798086,2.847465,0.0,89.143573,0.0,14.808906,0.0,60.785828,33.664107,60.634788,49.970483,33.685994,50.0,27.0,0.0,0.0,0.0,0.0,0.0,0.0,0.0,0
838,60.650612,0.0,1.90445,0.0,37.778706,24.993657,0.799094,2.850024,0.0,88.929265,0.0,14.877534,0.0,60.714672,33.718725,60.688282,49.985415,33.715712,50.0,27.0,0.0,0.0,0.0,0.0,0.0,0.0,0.0,0
839,60.881499,0.0,1.900213,0.0,37.984405,25.056409,0.799632,2.845756,0.0,89.049322,0.0,14.871933,0.0,60.516511,33.745343,60.547918,49.946691,33.637732,50.0,27.0,0.0,0.0,0.0,0.0,0.0,0.0,0.0,0
840,60.88278,0.0,1.910536,0.0,38.044616,25.139136,0.796834,2.838449,0.0,89.225482,0.0,14.918247,0.0,60.932732,33.763331,61.00012,50.071943,33.888956,50.0,27.0,0.0,0.0,0.0,0.0,0.0,0.0,0.0,0
841,60.819994,0.0,1.898263,0.0,38.132003,25.076915,0.798492,2.837092,0.0,89.229701,0.0,14.875469,0.0,60.675987,33.71257,60.632088,49.969863,33.684494,50.0,27.0,0.0,0.0,0.0,0.0,0.0,0.0,0.0,0
842,60.8222,0.0,1.901169,0.0,37.833007,24.902791,0.806133,2.847705,0.0,88.767886,0.0,14.848017,0.0,60.900966,33.681916,60.79515,50.015082,33.775083,50.0,27.0,0.0,0.0,0.0,0.0,0.0,0.0,0.0,0
843,60.610221,0.0,1.901588,0.0,38.116782,24.967021,0.80072,2.839072,0.0,88.906891,0.0,14.91183,0.0,60.700476,33.71955,60.680658,49.983362,33.711477,50.0,27.0,0.0,0.0,0.0,0.0,0.0,0.0,0.0,0
844,60.368485,0.0,1.897639,0.0,38.20348,24.981757,0.800029,2.84965,0.0,88.928903,0.0,14.909941,0.0,60.411477,33.856379,60.681521,49.983684,33.711956,50.0,27.0,0.0,0.0,0.0,0.0,0.0,0.0,0.0,0
845,60.668681,0.0,1.90584,0.0,38.009633,25.086752,0.799268,2.861992,0.0,89.093352,0.0,14.853371,0.0,60.732382,33.67344,60.599661,49.961139,33.666478,50.0,27.0,0.0,0.0,0.0,0.0,0.0,0.0,0.0,0
846,61.076056,0.0,1.896306,0.0,38.022158,24.832998,0.797493,2.844725,0.0,88.806478,0.0,14.885488,0.0,61.001442,33.531622,60.577869,49.955309,33.654372,50.0,27.0,0.0,0.0,0.0,0.0,0.0,0.0,0.0,0
847,60.674642,0.0,1.910511,0.0,38.025295,24.948267,0.802958,2.85155,0.0,89.09412,0.0,14.856498,0.0,60.708182,33.853422,60.98988,50.06941,33.883267,50.0,27.0,0.0,0.0,0.0,0.0,0.0,0.0,0.0,0
848,60.426362,0.0,1.908703,0.0,37.979519,25.103767,0.801904,2.843822,0.0,89.101626,0.0,14.759722,0.0,60.835718,33.573697,60.509765,49.936362,33.616536,50.0,27.0,0.0,0.0,0.0,0.0,0.0,0.0,0.0,0
849,60.453519,0.0,1.899319,0.0,37.822726,25.074607,0.794629,2.860584,0.0,88.832829,0.0,14.868959,0.0,60.50995,33.86829,60.825775,50.024023,33.792097,50.0,27.0,0.0,0.0,0.0,0.0,0.0,0.0,0.0,0
850,60.786533,0.0,1.907671,0.0,37.9542,25.001457,0.803093,2.842997,0.0,89.376199,0.0,14.788704,0.0,60.310716,34.009319,60.904287,50.045604,33.835715,50.0,27.0,0.0,0.0,0.0,0.0,0.0,0.0,0.0,0
851,60.925753,0.0,1.893523,0.0,37.965423,24.997812,0.800029,2.857036,0.0,89.00677,0.0,14.880695,0.0,60.986559,33.665265,60.817292,50.021332,33.787384,50.0,27.0,0.0,0.0,0.0,0.0,0.0,0.0,0.0,0
852,60.825525,0.0,1.90055,0.0,37.875713,24.9846,0.79872,2.839799,0.0,88.963087,0.0,14.857235,0.0,60.515593,33.827829,60.699812,49.988755,33.722118,50.0,27.0,0.0,0.0,0.0,0.0,0.0,0.0,0.0,0
853,60.468132,0.0,1.903606,0.0,38.030944,25.029249,0.798577,2.847353,0.0,89.463473,0.0,14.891066,0.0,60.513524,33.808275,60.644983,49.973656,33.691657,50.0,27.0,0.0,0.0,0.0,0.0,0.0,0.0,0.0,0
854,60.777111,0.0,1.894124,0.0,38.090775,24.983144,0.797422,2.859266,0.0,89.093273,0.0,14.81621,0.0,60.833899,33.637926,60.597812,49.96075,33.665451,50.0,27.0,0.0,0.0,0.0,0.0,0.0,0.0,0.0,0
855,60.92508,0.0,1.901617,0.0,38.050598,25.007392,0.798846,2.82435,0.0,89.235433,0.0,14.852465,0.0,60.770031,33.552986,60.369529,49.897848,33.538627,50.0,27.0,0.0,0.0,0.0,0.0,0.0,0.0,0.0,0
856,60.522962,0.0,1.903802,0.0,37.948765,25.030269,0.800016,2.848993,0.0,88.538677,0.0,14.980156,0.0,60.958524,33.570855,60.620747,49.967792,33.678193,50.0,27.0,0.0,0.0,0.0,0.0,0.0,0.0,0.0,0
857,60.913935,0.0,1.90409,0.0,37.92657,25.045521,0.798939,2.851525,0.0,89.146757,0.0,14.883908,0.0,60.76298,33.740393,60.803933,50.018584,33.779963,50.0,27.0,0.0,0.0,0.0,0.0,0.0,0.0,0.0,0
858,60.810461,0.0,1.891567,0.0,37.949165,25.073568,0.799138,2.847506,0.0,89.136046,0.0,14.837194,0.0,60.404263,33.756647,60.476942,49.928113,33.598301,50.0,27.0,0.0,0.0,0.0,0.0,0.0,0.0,0.0,0
859,60.900514,0.0,1.906337,0.0,37.870012,25.04999,0.80199,2.843563,0.0,89.029987,0.0,14.9171,0.0,60.473043,33.79692,60.62613,49.969705,33.681184,50.0,27.0,0.0,0.0,0.0,0.0,0.0,0.0,0.0,0
860,60.771056,0.0,1.902308,0.0,37.998165,25.001287,0.798535,2.850482,0.0,89.357009,0.0,14.884092,0.0,60.368955,34.001075,60.943114,50.057469,33.857286,50.0,27.0,0.0,0.0,0.0,0.0,0.0,0.0,0.0,0
861,60.884752,0.0,1.897488,0.0,38.027546,25.002258,0.800512,2.850235,0.0,89.37669,0.0,14.847147,0.0,60.706629,33.84787,60.921735,50.051274,33.845409,50.0,27.0,0.0,0.0,0.0,0.0,0.0,0.0,0.0,0
862,60.713579,0.0,1.895222,0.0,38.104784,24.948005,0.801114,2.854151,0.0,89.561657,0.0,14.797642,0.0,60.754275,33.856524,60.974192,50.065518,33.874551,50.0,27.0,0.0,0.0,0.0,0.0,0.0,0.0,0.0,0
863,60.64191,0.0,1.903964,0.0,38.049705,24.926019,0.802745,2.85708,0.0,89.811107,0.0,14.904228,0.0,60.787981,33.793863,60.861978,50.034177,33.81221,50.0,27.0,0.0,0.0,0.0,0.0,0.0,0.0,0.0,0
864,60.945025,0.0,1.90441,0.0,37.860654,25.045836,0.800192,2.837972,0.0,89.058582,0.0,14.894867,0.0,60.822579,33.920906,61.159934,50.11636,33.977741,50.0,27.0,0.0,0.0,0.0,0.0,0.0,0.0,0.0,0
865,60.602728,0.0,1.905013,0.0,38.113656,25.044478,0.801842,2.849934,0.0,89.906008,0.0,14.839378,0.0,60.756395,33.77764,60.770463,50.008133,33.761368,50.0,27.0,0.0,0.0,0.0,0.0,0.0,0.0,0.0,0
866,60.837318,0.0,1.902033,0.0,38.116766,25.034309,0.799064,2.842229,0.0,89.540952,0.0,14.888689,0.0,60.969012,33.636649,60.684796,49.984415,33.713776,50.0,27.0,0.0,0.0,0.0,0.0,0.0,0.0,0.0,0
867,60.811409,0.0,1.903228,0.0,38.047758,25.067023,0.798836,2.854979,0.0,89.35173,0.0,14.852805,0.0,61.047817,33.524119,60.543998,49.945576,33.635554,50.0,27.0,0.0,0.0,0.0,0.0,0.0,0.0,0.0,0
868,60.717046,0.0,1.90822,0.0,37.808457,25.020936,0.796764,2.872582,0.0,89.329173,0.0,14.904914,0.0,60.704073,33.797114,60.807591,50.018703,33.781995,50.0,27.0,0.0,0.0,0.0,0.0,0.0,0.0,0.0,0
869,60.748976,0.0,1.903759,0.0,38.104855,24.890118,0.797887,2.856478,0.0,89.074369,0.0,14.887075,0.0,60.576814,33.795149,60.669717,49.980502,33.705398,50.0,27.0,0.0,0.0,0.0,0.0,0.0,0.0,0.0,0
870,60.503783,0.0,1.898089,0.0,37.85192,25.011402,0.80333,2.844282,0.0,89.429208,0.0,14.7577,0.0,60.465598,33.943379,60.865367,50.034676,33.814093,50.0,27.0,0.0,0.0,0.0,0.0,0.0,0.0,0.0,0
871,60.756337,0.0,1.893587,0.0,38.165801,25.00808,0.799174,2.848694,0.0,89.005021,0.0,14.841786,0.0,60.831896,33.776437,60.854538,50.03151,33.808076,50.0,27.0,0.0,0.0,0.0,0.0,0.0,0.0,0.0,0
872,60.423051,0.0,1.910988,0.0,37.937419,25.027932,0.79915,2.848205,0.0,89.232995,0.0,14.900323,0.0,60.758774,33.759109,60.743449,50.000649,33.74636,50.0,27.0,0.0,0.0,0.0,0.0,0.0,0.0,0.0,0
873,60.663738,0.0,1.899902,0.0,37.798912,25.032191,0.797952,2.855442,0.0,88.818209,0.0,14.913886,0.0,60.600353,33.807092,60.687201,49.985099,33.715112,50.0,27.0,0.0,0.0,0.0,0.0,0.0,0.0,0.0,0
874,60.950836,0.0,1.894167,0.0,37.96498,24.943655,0.801016,2.846312,0.0,89.758536,0.0,14.827296,0.0,60.661633,33.655764,60.423845,49.912383,33.568803,50.0,27.0,0.0,0.0,0.0,0.0,0.0,0.0,0.0,0
875,60.627083,0.0,1.899746,0.0,38.142127,25.033339,0.802698,2.853651,0.0,88.940124,0.0,14.935593,0.0,60.658729,33.809328,60.759727,50.005655,33.755404,50.0,27.0,0.0,0.0,0.0,0.0,0.0,0.0,0.0,0
876,60.668094,0.0,1.899179,0.0,38.158866,24.896638,0.80086,2.838972,0.0,89.112902,0.0,14.829201,0.0,60.800707,33.651235,60.561914,49.950952,33.645508,50.0,27.0,0.0,0.0,0.0,0.0,0.0,0.0,0.0,0
877,60.60732,0.0,1.904758,0.0,37.999243,24.858272,0.801598,2.85763,0.0,89.182308,0.0,14.852688,0.0,61.057387,33.622741,60.773415,50.009654,33.763008,50.0,27.0,0.0,0.0,0.0,0.0,0.0,0.0,0.0,0
878,60.75411,0.0,1.89724,0.0,37.898016,25.109174,0.795207,2.858878,0.0,88.508562,0.0,14.872524,0.0,60.644236,33.706056,60.553753,49.948893,33.640974,50.0,27.0,0.0,0.0,0.0,0.0,0.0,0.0,0.0,0
879,60.921639,0.0,1.895665,0.0,37.884689,24.911613,0.799225,2.846634,0.0,88.948809,0.0,14.845551,0.0,60.5035,33.747574,60.50625,49.936017,33.614583,50.0,27.0,0.0,0.0,0.0,0.0,0.0,0.0,0.0,0
880,60.774339,0.0,1.897661,0.0,37.908084,25.062668,0.801092,2.840694,0.0,88.959183,0.0,14.827928,0.0,60.660646,33.974083,61.141017,50.111783,33.967232,50.0,27.0,0.0,0.0,0.0,0.0,0.0,0.0,0.0,0
881,60.72599,0.0,1.89862,0.0,37.982535,24.875112,0.804206,2.830144,0.0,89.135383,0.0,14.756121,0.0,60.759295,33.64028,60.505527,49.935579,33.614181,50.0,27.0,0.0,0.0,0.0,0.0,0.0,0.0,0.0,0
882,60.597391,0.0,1.899582,0.0,37.903712,25.047191,0.796387,2.843696,0.0,89.045748,0.0,14.835942,0.0,61.143203,33.604955,60.830782,50.025799,33.794879,50.0,27.0,0.0,0.0,0.0,0.0,0.0,0.0,0.0,0
883,60.806875,0.0,1.897611,0.0,37.89665,24.911309,0.797112,2.842323,0.0,89.553414,0.0,14.860939,0.0,60.633971,33.744514,60.635459,49.971684,33.686366,50.0,27.0,0.0,0.0,0.0,0.0,0.0,0.0,0.0,0
884,60.947089,0.0,1.900114,0.0,38.110437,24.931066,0.798754,2.854292,0.0,89.375692,0.0,14.847623,0.0,60.890197,33.597411,60.581296,49.956855,33.656275,50.0,27.0,0.0,0.0,0.0,0.0,0.0,0.0,0.0,0
885,60.874026,0.0,1.903413,0.0,38.011306,25.009547,0.80236,2.857992,0.0,89.597393,0.0,14.845462,0.0,60.847895,33.770705,60.923842,50.051748,33.846579,50.0,27.0,0.0,0.0,0.0,0.0,0.0,0.0,0.0,0
886,60.757693,0.0,1.91577,0.0,37.985223,25.025122,0.802672,2.869888,0.0,89.044007,0.0,14.8426,0.0,60.791147,33.824586,60.976004,50.065908,33.875558,50.0,27.0,0.0,0.0,0.0,0.0,0.0,0.0,0.0,0
887,60.605124,0.0,1.906589,0.0,38.028614,24.967822,0.799464,2.863489,0.0,88.819698,0.0,14.907298,0.0,60.556442,33.929626,60.951312,50.058755,33.86184,50.0,27.0,0.0,0.0,0.0,0.0,0.0,0.0,0.0,0
888,60.732304,0.0,1.896829,0.0,38.023303,24.925593,0.798025,2.850401,0.0,89.188001,0.0,14.880842,0.0,60.352439,33.986237,60.842045,50.028262,33.801136,50.0,27.0,0.0,0.0,0.0,0.0,0.0,0.0,0.0,0
889,60.971662,0.0,1.904584,0.0,38.16949,25.026577,0.805819,2.848683,0.0,89.001493,0.0,14.827332,0.0,60.951508,33.63469,60.668968,49.980283,33.704982,50.0,27.0,0.0,0.0,0.0,0.0,0.0,0.0,0.0,0
890,60.699333,0.0,1.907152,0.0,37.87234,24.873678,0.797891,2.854812,0.0,89.277489,0.0,14.941947,0.0,60.787472,33.554542,60.353529,49.893196,33.529738,50.0,27.0,0.0,0.0,0.0,0.0,0.0,0.0,0.0,0
891,61.006782,0.0,1.900215,0.0,37.909297,25.054341,0.800598,2.857909,0.0,88.815586,0.0,14.936644,0.0,60.788271,33.636586,60.55451,49.949277,33.641395,50.0,27.0,0.0,0.0,0.0,0.0,0.0,0.0,0.0,0
892,60.93014,0.0,1.901164,0.0,37.982709,25.033174,0.798396,2.842292,0.0,88.969538,0.0,14.86629,0.0,60.480878,33.808788,60.624967,49.969003,33.680537,50.0,27.0,0.0,0.0,0.0,0.0,0.0,0.0,0.0,0
893,60.889194,0.0,1.908895,0.0,37.899723,24.993273,0.803858,2.842021,0.0,89.200601,0.0,14.81943,0.0,60.445368,33.918559,60.812,50.020853,33.784445,50.0,27.0,0.0,0.0,0.0,0.0,0.0,0.0,0.0,0
894,60.917355,0.0,1.887458,0.0,37.804352,25.113733,0.799975,2.844141,0.0,89.182466,0.0,14.848864,0.0,61.186616,33.488657,60.623509,49.968651,33.679727,50.0,27.0,0.0,0.0,0.0,0.0,0.0,0.0,0.0,0
895,60.921711,0.0,1.885372,0.0,37.945425,25.081445,0.797757,2.850914,0.0,89.402683,0.0,14.788671,0.0,60.621157,33.8889,60.937506,50.055595,33.85417,50.0,27.0,0.0,0.0,0.0,0.0,0.0,0.0,0.0,0
896,60.991445,0.0,1.897699,0.0,37.854448,24.989267,0.800122,2.838513,0.0,89.19076,0.0,14.870148,0.0,60.634151,33.950557,61.060787,50.089392,33.922659,50.0,27.0,0.0,0.0,0.0,0.0,0.0,0.0,0.0,0
897,61.094228,0.0,1.897301,0.0,38.022088,24.922334,0.798573,2.842982,0.0,89.347486,0.0,14.795656,0.0,60.580615,33.837073,60.741205,50.000616,33.745114,50.0,27.0,0.0,0.0,0.0,0.0,0.0,0.0,0.0,0
898,60.451324,0.0,1.892646,0.0,38.00503,24.982959,0.797497,2.855652,0.0,89.091982,0.0,14.878789,0.0,60.807268,33.776829,60.830745,50.025362,33.794858,50.0,27.0,0.0,0.0,0.0,0.0,0.0,0.0,0.0,0
899,60.829223,0.0,1.900533,0.0,38.001779,25.027687,0.799998,2.854543,0.0,89.694002,0.0,14.856748,0.0,60.999845,33.68154,60.820854,50.022502,33.789363,50.0,27.0,0.0,0.0,0.0,0.0,0.0,0.0,0.0,0
900,60.707803,0.0,1.900066,0.0,38.014861,25.073222,0.799841,2.859254,0.0,89.572679,0.0,14.880461,0.0,61.003517,33.650604,60.770457,50.00846,33.761365,50.0,27.0,0.0,0.0,0.0,0.0,0.0,0.0,0.0,0
901,60.834829,0.0,1.896208,0.0,38.222356,24.898707,0.800624,2.860583,0.0,89.190888,0.0,14.875638,0.0,60.788081,33.726082,60.728797,49.996904,33.738221,50.0,27.0,0.0,0.0,0.0,0.0,0.0,0.0,0.0,0
902,60.804476,0.0,1.900047,0.0,37.881752,24.960049,0.798836,2.853207,0.0,89.569105,0.0,14.77632,0.0,60.565788,33.819992,60.708302,49.991254,33.726835,50.0,27.0,0.0,0.0,0.0,0.0,0.0,0.0,0.0,0
903,60.683124,0.0,1.899772,0.0,38.184984,25.016071,0.798538,2.858635,0.0,88.548409,0.0,14.816684,0.0,60.547727,33.902306,60.854965,50.031835,33.808314,50.0,27.0,0.0,0.0,0.0,0.0,0.0,0.0,0.0,0
904,60.975046,0.0,1.905855,0.0,38.061041,24.990055,0.795922,2.85161,0.0,89.894088,0.0,14.756553,0.0,60.793302,33.885665,61.046235,50.084542,33.914575,50.0,27.0,0.0,0.0,0.0,0.0,0.0,0.0,0.0,0
905,60.5071,0.0,1.902058,0.0,38.010769,24.922633,0.799006,2.850838,0.0,89.313907,0.0,14.925407,0.0,60.854493,33.744324,60.793478,50.014261,33.774154,50.0,27.0,0.0,0.0,0.0,0.0,0.0,0.0,0.0,0
906,60.967898,0.0,1.90169,0.0,38.011363,24.93337,0.799298,2.852066,0.0,88.947619,0.0,14.918179,0.0,61.173694,33.515165,60.633111,49.969865,33.685061,50.0,27.0,0.0,0.0,0.0,0.0,0.0,0.0,0.0,0
907,60.655388,0.0,1.89642,0.0,37.748464,25.019197,0.80238,2.84559,0.0,89.731389,0.0,14.825033,0.0,60.553443,33.857348,60.768438,50.007419,33.760243,50.0,27.0,0.0,0.0,0.0,0.0,0.0,0.0,0.0,0
908,60.549224,0.0,1.905013,0.0,38.121977,24.954276,0.796374,2.870556,0.0,89.232413,0.0,14.830725,0.0,60.69517,33.711137,60.588313,49.957596,33.660174,50.0,27.0,0.0,0.0,0.0,0.0,0.0,0.0,0.0,0
909,60.724766,0.0,1.898732,0.0,38.00933,25.015468,0.800319,2.858699,0.0,89.099459,0.0,14.892136,0.0,60.986935,33.449656,60.335194,49.887846,33.519552,50.0,27.0,0.0,0.0,0.0,0.0,0.0,0.0,0.0,0
910,60.791357,0.0,1.907333,0.0,38.092658,24.997684,0.802821,2.858815,0.0,89.130181,0.0,14.818969,0.0,61.04624,33.489694,60.519688,49.939398,33.622049,50.0,27.0,0.0,0.0,0.0,0.0,0.0,0.0,0.0,0
911,60.763798,0.0,1.891867,0.0,37.991972,24.929683,0.80247,2.842762,0.0,88.922386,0.0,14.834037,0.0,60.643456,33.712505,60.619805,49.967371,33.67767,50.0,27.0,0.0,0.0,0.0,0.0,0.0,0.0,0.0,0
912,60.846636,0.0,1.885909,0.0,37.92876,25.077081,0.800858,2.868762,0.0,88.94762,0.0,14.852821,0.0,60.591419,33.606476,60.345592,49.891742,33.525329,50.0,27.0,0.0,0.0,0.0,0.0,0.0,0.0,0.0,0
913,61.084692,0.0,1.892903,0.0,38.096662,25.053141,0.801606,2.862969,0.0,88.519821,0.0,14.832579,0.0,60.527944,33.835509,60.780598,50.012515,33.766999,50.0,27.0,0.0,0.0,0.0,0.0,0.0,0.0,0.0,0
914,60.992916,0.0,1.899436,0.0,37.938833,25.196699,0.803635,2.827016,0.0,88.888755,0.0,14.794587,0.0,60.544599,33.840474,60.791936,50.015586,33.773298,50.0,27.0,0.0,0.0,0.0,0.0,0.0,0.0,0.0,0
915,60.704234,0.0,1.897848,0.0,37.981914,24.98386,0.800938,2.864051,0.0,89.298132,0.0,14.803328,0.0,60.726064,33.789969,60.851408,50.031946,33.806338,50.0,27.0,0.0,0.0,0.0,0.0,0.0,0.0,0.0,0
916,61.085137,0.0,1.897039,0.0,38.096535,25.041491,0.800952,2.832463,0.0,89.203109,0.0,14.796126,0.0,60.677606,33.789559,60.794252,50.01599,33.774585,50.0,27.0,0.0,0.0,0.0,0.0,0.0,0.0,0.0,0
917,60.777116,0.0,1.898491,0.0,38.001086,25.157792,0.796727,2.860878,0.0,88.924089,0.0,14.881587,0.0,60.732337,33.701809,60.656595,49.977862,33.698108,50.0,27.0,0.0,0.0,0.0,0.0,0.0,0.0,0.0,0
918,60.955701,0.0,1.900023,0.0,38.049647,24.816301,0.803299,2.848452,0.0,89.041923,0.0,14.804754,0.0,60.79487,33.733711,60.791154,50.015164,33.772863,50.0,27.0,0.0,0.0,0.0,0.0,0.0,0.0,0.0,0
919,60.513165,0.0,1.909855,0.0,38.090192,25.008598,0.802482,2.846516,0.0,88.89648,0.0,14.838142,0.0,60.839588,33.8062,60.989011,50.069775,33.882784,50.0,27.0,0.0,0.0,0.0,0.0,0.0,0.0,0.0,0
920,60.709186,0.0,1.897261,0.0,38.032586,25.059848,0.796211,2.841012,0.0,88.866903,0.0,14.822788,0.0,60.921497,33.685649,60.807293,50.019202,33.78183,50.0,27.0,0.0,0.0,0.0,0.0,0.0,0.0,0.0,0
921,60.641487,0.0,1.903002,0.0,37.822853,25.035556,0.801444,2.851171,0.0,89.161252,0.0,14.887518,0.0,60.840792,33.622708,60.60096,49.962077,33.6672,50.0,27.0,0.0,0.0,0.0,0.0,0.0,0.0,0.0,0
922,60.696511,0.0,1.900537,0.0,37.900367,25.030772,0.798995,2.852354,0.0,89.098445,0.0,14.816811,0.0,60.788098,33.680834,60.685866,49.985733,33.71437,50.0,27.0,0.0,0.0,0.0,0.0,0.0,0.0,0.0,0
923,60.621156,0.0,1.89535,0.0,37.974411,24.965557,0.798966,2.84832,0.0,89.131615,0.0,14.733163,0.0,60.877268,33.474802,60.346826,49.892095,33.526015,50.0,27.0,0.0,0.0,0.0,0.0,0.0,0.0,0.0,0
924,60.901937,0.0,1.907355,0.0,37.898518,24.996695,0.797716,2.84738,0.0,88.524106,0.0,14.877754,0.0,60.648736,33.724037,60.677177,49.983939,33.709543,50.0,27.0,0.0,0.0,0.0,0.0,0.0,0.0,0.0,0
925,60.538035,0.0,1.909258,0.0,38.093315,24.917269,0.798278,2.86704,0.0,89.247173,0.0,14.832553,0.0,60.576038,33.689282,60.529391,49.943172,33.627439,50.0,27.0,0.0,0.0,0.0,0.0,0.0,0.0,0.0,0
926,61.08424,0.0,1.906018,0.0,37.9908,25.072369,0.802635,2.855442,0.0,88.986263,0.0,14.808474,0.0,60.763055,33.698083,60.737886,50.001082,33.74327,50.0,27.0,0.0,0.0,0.0,0.0,0.0,0.0,0.0,0
927,60.676701,0.0,1.896525,0.0,38.212237,24.957009,0.801245,2.849313,0.0,89.181626,0.0,14.818863,0.0,60.520058,33.754592,60.615661,49.967294,33.675367,50.0,27.0,0.0,0.0,0.0,0.0,0.0,0.0,0.0,0
928,60.607007,0.0,1.894963,0.0,38.044552,24.967064,0.800464,2.85711,0.0,88.862754,0.0,14.79122,0.0,60.486702,34.093432,61.29107,50.154137,34.050594,50.0,27.0,0.0,0.0,0.0,0.0,0.0,0.0,0.0,0
929,60.5505,0.0,1.890213,0.0,37.953529,25.025642,0.796892,2.856321,0.0,88.891602,0.0,14.938526,0.0,60.472502,33.96806,60.962142,50.062456,33.867857,50.0,27.0,0.0,0.0,0.0,0.0,0.0,0.0,0.0,0
930,60.945704,0.0,1.902464,0.0,38.06993,24.917589,0.800637,2.85228,0.0,89.670734,0.0,14.795719,0.0,60.601288,33.832812,60.775036,50.01043,33.763909,50.0,27.0,0.0,0.0,0.0,0.0,0.0,0.0,0.0,0
931,60.578384,0.0,1.898632,0.0,38.051504,24.991796,0.800153,2.858851,0.0,89.058939,0.0,14.741677,0.0,61.028257,33.663529,60.834064,50.026693,33.796702,50.0,27.0,0.0,0.0,0.0,0.0,0.0,0.0,0.0,0
932,60.855618,0.0,1.901104,0.0,37.967938,25.073856,0.802922,2.854899,0.0,89.489338,0.0,14.90683,0.0,60.826731,33.83039,60.996649,50.071498,33.887027,50.0,27.0,0.0,0.0,0.0,0.0,0.0,0.0,0.0,0
933,60.758197,0.0,1.892206,0.0,37.938368,24.926094,0.800024,2.849385,0.0,89.523757,0.0,14.88498,0.0,60.827418,33.831321,60.988678,50.068939,33.882599,50.0,27.0,0.0,0.0,0.0,0.0,0.0,0.0,0.0,0
934,60.640745,0.0,1.900018,0.0,37.964376,25.011043,0.799931,2.843047,0.0,89.151781,0.0,14.83004,0.0,60.981499,33.566823,60.574757,49.95419,33.652643,50.0,27.0,0.0,0.0,0.0,0.0,0.0,0.0,0.0,0
935,60.813023,0.0,1.895676,0.0,37.87417,24.982154,0.800879,2.846649,0.0,89.214749,0.0,14.838068,0.0,60.880752,33.704509,60.789861,50.013872,33.772145,50.0,27.0,0.0,0.0,0.0,0.0,0.0,0.0,0.0,0
936,60.826465,0.0,1.904483,0.0,37.90818,24.805052,0.798619,2.847969,0.0,89.127292,0.0,14.850604,0.0,60.772074,33.709373,60.697124,49.988171,33.720624,50.0,27.0,0.0,0.0,0.0,0.0,0.0,0.0,0.0,0
937,60.760769,0.0,1.903945,0.0,38.031396,24.902521,0.796273,2.845263,0.0,89.003972,0.0,14.867574,0.0,60.659231,33.655902,60.476176,49.92716,33.597875,50.0,27.0,0.0,0.0,0.0,0.0,0.0,0.0,0.0,0
938,60.747121,0.0,1.904615,0.0,38.051892,25.022817,0.800876,2.865833,0.0,89.110935,0.0,14.79985,0.0,60.931494,33.629529,60.704249,49.990561,33.724583,50.0,27.0,0.0,0.0,0.0,0.0,0.0,0.0,0.0,0
939,60.505864,0.0,1.895517,0.0,38.095885,25.148392,0.799414,2.856362,0.0,88.719995,0.0,14.878161,0.0,60.718408,33.685862,60.624193,49.968481,33.680107,50.0,27.0,0.0,0.0,0.0,0.0,0.0,0.0,0.0,0
940,60.755261,0.0,1.899862,0.0,38.021402,24.992204,0.801904,2.848926,0.0,89.025138,0.0,14.836956,0.0,60.532493,33.89982,60.895484,50.043622,33.830824,50.0,27.0,0.0,0.0,0.0,0.0,0.0,0.0,0.0,0
941,60.927903,0.0,1.90577,0.0,37.85536,24.931241,0.799765,2.844738,0.0,88.991371,0.0,14.867428,0.0,60.609011,33.697591,60.522737,49.940379,33.623743,50.0,27.0,0.0,0.0,0.0,0.0,0.0,0.0,0.0,0
942,61.000902,0.0,1.903866,0.0,37.914808,25.051231,0.799903,2.844795,0.0,88.799355,0.0,14.882942,0.0,60.890532,33.625762,60.658137,49.978099,33.698965,50.0,27.0,0.0,0.0,0.0,0.0,0.0,0.0,0.0,0
943,60.507417,0.0,1.893841,0.0,38.115267,24.978014,0.798926,2.855807,0.0,89.260558,0.0,14.793637,0.0,60.559985,33.821384,60.754754,50.004913,33.752641,50.0,27.0,0.0,0.0,0.0,0.0,0.0,0.0,0.0,0
944,60.410591,0.0,1.897078,0.0,37.874297,25.08207,0.797977,2.854032,0.0,88.949908,0.0,14.820114,0.0,60.719573,33.842936,60.947632,50.058199,33.859796,50.0,27.0,0.0,0.0,0.0,0.0,0.0,0.0,0.0,0
945,60.815072,0.0,1.891922,0.0,37.9385,25.091051,0.800253,2.835793,0.0,89.06475,0.0,14.804048,0.0,60.908226,33.733322,60.890813,50.042205,33.828229,50.0,27.0,0.0,0.0,0.0,0.0,0.0,0.0,0.0,0
946,61.086538,0.0,1.89605,0.0,37.980082,25.117503,0.800639,2.854756,0.0,89.193347,0.0,14.840038,0.0,60.708936,33.75853,60.745785,50.00191,33.747658,50.0,27.0,0.0,0.0,0.0,0.0,0.0,0.0,0.0,0
947,60.798333,0.0,1.902515,0.0,38.231543,25.001369,0.80198,2.850656,0.0,88.833296,0.0,14.922626,0.0,60.792361,33.679445,60.660088,49.978214,33.700049,50.0,27.0,0.0,0.0,0.0,0.0,0.0,0.0,0.0,0
948,60.653703,0.0,1.903175,0.0,37.942562,25.033284,0.801356,2.846275,0.0,89.257519,0.0,14.859422,0.0,60.554917,33.852933,60.796862,50.016126,33.776034,50.0,27.0,0.0,0.0,0.0,0.0,0.0,0.0,0.0,0
949,60.655011,0.0,1.914136,0.0,37.993781,24.922242,0.803668,2.840556,0.0,89.24571,0.0,14.823506,0.0,61.076276,33.578302,60.723799,49.995852,33.735444,50.0,27.0,0.0,0.0,0.0,0.0,0.0,0.0,0.0,0
950,60.525642,0.0,1.89866,0.0,38.092974,25.084591,0.800252,2.846734,0.0,89.257635,0.0,14.79114,0.0,61.105986,33.655684,60.938766,50.055288,33.85487,50.0,27.0,0.0,0.0,0.0,0.0,0.0,0.0,0.0,0
951,60.609614,0.0,1.886917,0.0,37.880713,24.929165,0.800198,2.849848,0.0,89.451473,0.0,14.870162,0.0,60.516638,33.861519,60.794053,50.015015,33.774474,50.0,27.0,0.0,0.0,0.0,0.0,0.0,0.0,0.0,0
952,60.929446,0.0,1.903828,0.0,37.916194,24.951269,0.7988,2.845369,0.0,88.99622,0.0,14.910285,0.0,60.739576,33.763964,60.793872,50.014891,33.774373,50.0,27.0,0.0,0.0,0.0,0.0,0.0,0.0,0.0,0
953,60.683459,0.0,1.906966,0.0,37.917053,24.983371,0.798293,2.858198,0.0,89.130662,0.0,14.8554,0.0,60.616254,33.85215,60.853174,50.031207,33.807319,50.0,27.0,0.0,0.0,0.0,0.0,0.0,0.0,0.0,0
954,60.657163,0.0,1.904908,0.0,37.991498,25.014301,0.799261,2.841889,0.0,89.246095,0.0,14.872999,0.0,60.628305,33.834343,60.812856,50.019908,33.78492,50.0,27.0,0.0,0.0,0.0,0.0,0.0,0.0,0.0,0
955,60.682121,0.0,1.901869,0.0,37.995356,24.950942,0.803579,2.856017,0.0,88.988456,0.0,14.875246,0.0,60.481312,33.85166,60.690856,49.986089,33.717142,50.0,27.0,0.0,0.0,0.0,0.0,0.0,0.0,0.0,0
956,60.547691,0.0,1.898286,0.0,37.820449,25.067362,0.799111,2.842455,0.0,89.126545,0.0,14.951181,0.0,60.687958,33.674442,60.510587,49.936333,33.616993,50.0,27.0,0.0,0.0,0.0,0.0,0.0,0.0,0.0,0
957,60.514895,0.0,1.902872,0.0,37.928315,25.002212,0.796567,2.851535,0.0,88.720553,0.0,14.866262,0.0,60.658668,33.744998,60.641211,49.972753,33.689561,50.0,27.0,0.0,0.0,0.0,0.0,0.0,0.0,0.0,0
958,60.756612,0.0,1.901753,0.0,37.864512,25.100541,0.799517,2.846996,0.0,88.770659,0.0,14.850496,0.0,60.424556,33.907845,60.751697,50.003427,33.750943,50.0,27.0,0.0,0.0,0.0,0.0,0.0,0.0,0.0,0
959,60.913964,0.0,1.898857,0.0,37.977968,24.908225,0.8009,2.854588,0.0,88.726051,0.0,14.874515,0.0,60.6702,33.744577,60.632502,49.970465,33.684723,50.0,27.0,0.0,0.0,0.0,0.0,0.0,0.0,0.0,0
960,60.643683,0.0,1.897801,0.0,37.905395,24.914191,0.796673,2.839595,0.0,89.107848,0.0,14.830797,0.0,60.737943,33.791674,60.801945,50.017445,33.778859,50.0,27.0,0.0,0.0,0.0,0.0,0.0,0.0,0.0,0
961,60.806047,0.0,1.890445,0.0,38.025045,24.906943,0.800509,2.864809,0.0,89.441885,0.0,14.897421,0.0,61.07257,33.632718,60.797273,50.016067,33.776263,50.0,27.0,0.0,0.0,0.0,0.0,0.0,0.0,0.0,0
962,60.717194,0.0,1.891708,0.0,38.013325,24.873891,0.803368,2.85252,0.0,89.25233,0.0,14.823735,0.0,60.813417,33.771195,60.847428,50.029849,33.804126,50.0,27.0,0.0,0.0,0.0,0.0,0.0,0.0,0.0,0
963,60.612922,0.0,1.895945,0.0,38.070471,25.008747,0.802367,2.839463,0.0,89.269924,0.0,14.790513,0.0,60.941264,33.664666,60.74844,50.002341,33.749133,50.0,27.0,0.0,0.0,0.0,0.0,0.0,0.0,0.0,0
964,60.710636,0.0,1.903144,0.0,37.968792,24.972944,0.799837,2.859239,0.0,89.15278,0.0,14.896355,0.0,60.495096,33.907652,60.82687,50.024007,33.792706,50.0,27.0,0.0,0.0,0.0,0.0,0.0,0.0,0.0,0
965,60.79389,0.0,1.896414,0.0,38.038704,25.151181,0.802027,2.846806,0.0,89.034575,0.0,14.907408,0.0,60.994434,33.54867,60.548244,49.946877,33.637913,50.0,27.0,0.0,0.0,0.0,0.0,0.0,0.0,0.0,0
966,60.968669,0.0,1.903676,0.0,38.004909,24.920679,0.796293,2.834593,0.0,89.484479,0.0,14.864951,0.0,60.758383,33.551321,60.345674,49.891152,33.525374,50.0,27.0,0.0,0.0,0.0,0.0,0.0,0.0,0.0,0
967,60.722014,0.0,1.891694,0.0,37.928636,24.951801,0.797773,2.834497,0.0,89.179503,0.0,14.90814,0.0,60.980324,33.73621,60.98341,50.06796,33.879672,50.0,27.0,0.0,0.0,0.0,0.0,0.0,0.0,0.0,0
968,60.537809,0.0,1.904081,0.0,38.176328,25.020123,0.798132,2.855469,0.0,88.915617,0.0,14.874935,0.0,60.645691,33.674273,60.517933,49.938967,33.621074,50.0,27.0,0.0,0.0,0.0,0.0,0.0,0.0,0.0,0
969,60.743616,0.0,1.89374,0.0,37.914044,25.129104,0.801273,2.852374,0.0,88.723933,0.0,14.843291,0.0,60.869828,33.713539,60.832883,50.026321,33.796046,50.0,27.0,0.0,0.0,0.0,0.0,0.0,0.0,0.0,0
970,60.438844,0.0,1.900683,0.0,38.212132,24.93158,0.801375,2.842441,0.0,89.127353,0.0,14.904576,0.0,60.842783,33.692346,60.763442,50.006997,33.757468,50.0,27.0,0.0,0.0,0.0,0.0,0.0,0.0,0.0,0
971,60.760092,0.0,1.898016,0.0,37.862629,25.017183,0.802648,2.850927,0.0,89.518965,0.0,14.895901,0.0,60.897814,33.606619,60.642603,49.973563,33.690335,50.0,27.0,0.0,0.0,0.0,0.0,0.0,0.0,0.0,0
972,60.757616,0.0,1.888955,0.0,38.050065,24.920559,0.798114,2.846139,0.0,89.214664,0.0,14.862803,0.0,60.570819,33.667139,60.459217,49.923007,33.588454,50.0,27.0,0.0,0.0,0.0,0.0,0.0,0.0,0.0,0
973,60.71025,0.0,1.905795,0.0,37.771181,24.87292,0.802817,2.853124,0.0,89.007401,0.0,14.82562,0.0,60.526124,33.694354,60.478906,49.928832,33.599392,50.0,27.0,0.0,0.0,0.0,0.0,0.0,0.0,0.0,0
974,60.936136,0.0,1.89482,0.0,37.914142,25.008358,0.80242,2.855496,0.0,89.210342,0.0,14.901438,0.0,60.845146,33.734691,60.885963,50.041695,33.825535,50.0,27.0,0.0,0.0,0.0,0.0,0.0,0.0,0.0,0
975,60.838449,0.0,1.897075,0.0,38.090837,25.025869,0.798998,2.846116,0.0,89.383065,0.0,14.848616,0.0,60.472335,33.852603,60.759323,50.006485,33.755179,50.0,27.0,0.0,0.0,0.0,0.0,0.0,0.0,0.0,0
976,60.956886,0.0,1.905596,0.0,37.899493,25.040459,0.802222,2.837973,0.0,88.471781,0.0,14.866473,0.0,60.500365,33.81382,60.687606,49.98663,33.715337,50.0,27.0,0.0,0.0,0.0,0.0,0.0,0.0,0.0,0
977,60.548177,0.0,1.898253,0.0,38.021922,24.903164,0.800442,2.83814,0.0,89.110333,0.0,14.878259,0.0,60.602542,33.919824,61.001684,50.073507,33.889825,50.0,27.0,0.0,0.0,0.0,0.0,0.0,0.0,0.0,0
978,60.6706,0.0,1.886942,0.0,38.082971,24.963817,0.797738,2.842832,0.0,89.128438,0.0,14.855543,0.0,60.917988,33.640113,60.702168,49.990356,33.723427,50.0,27.0,0.0,0.0,0.0,0.0,0.0,0.0,0.0,0
979,60.393277,0.0,1.90338,0.0,38.009487,24.960527,0.804213,2.851956,0.0,89.721248,0.0,14.849253,0.0,60.997361,33.585797,60.680457,49.984403,33.711365,50.0,27.0,0.0,0.0,0.0,0.0,0.0,0.0,0.0,0
980,60.420954,0.0,1.904824,0.0,38.031326,25.081418,0.797754,2.839397,0.0,88.827431,0.0,14.900076,0.0,60.745282,33.692278,60.672793,49.982362,33.707107,50.0,27.0,0.0,0.0,0.0,0.0,0.0,0.0,0.0,0
981,60.827846,0.0,1.896963,0.0,37.899993,25.148672,0.799906,2.844434,0.0,88.799346,0.0,14.827215,0.0,60.861279,33.694623,60.798268,50.017131,33.776815,50.0,27.0,0.0,0.0,0.0,0.0,0.0,0.0,0.0,0
982,60.879355,0.0,1.902711,0.0,37.904717,24.966912,0.796078,2.853801,0.0,89.163348,0.0,14.8548,0.0,60.709521,33.600555,60.452022,49.921345,33.584457,50.0,27.0,0.0,0.0,0.0,0.0,0.0,0.0,0.0,0
983,60.785442,0.0,1.905831,0.0,37.893902,25.09789,0.800293,2.849151,0.0,88.915278,0.0,14.881316,0.0,60.473329,33.863753,60.787106,50.014352,33.770615,50.0,27.0,0.0,0.0,0.0,0.0,0.0,0.0,0.0,0
984,60.565264,0.0,1.903308,0.0,38.058253,25.018302,0.800385,2.856973,0.0,89.177737,0.0,14.864012,0.0,60.793763,33.710012,60.763634,50.007793,33.757574,50.0,27.0,0.0,0.0,0.0,0.0,0.0,0.0,0.0,0
985,60.780925,0.0,1.902152,0.0,37.926077,24.989256,0.799695,2.8386,0.0,89.382868,0.0,14.85337,0.0,60.645726,33.963431,61.152034,50.115106,33.973352,50.0,27.0,0.0,0.0,0.0,0.0,0.0,0.0,0.0,0
986,60.618103,0.0,1.895181,0.0,37.775092,25.126505,0.802746,2.840371,0.0,89.297689,0.0,14.855473,0.0,60.699793,33.857028,60.950014,50.058696,33.861119,50.0,27.0,0.0,0.0,0.0,0.0,0.0,0.0,0.0,0
987,60.535528,0.0,1.896036,0.0,37.971309,24.875881,0.797747,2.859378,0.0,89.339718,0.0,14.939101,0.0,60.68908,33.561176,60.299599,49.878632,33.499777,50.0,27.0,0.0,0.0,0.0,0.0,0.0,0.0,0.0,0
988,60.910436,0.0,1.904894,0.0,38.009039,25.079669,0.801873,2.845609,0.0,89.468792,0.0,14.850733,0.0,60.877588,33.755785,60.922954,50.051529,33.846085,50.0,27.0,0.0,0.0,0.0,0.0,0.0,0.0,0.0,0
989,60.896784,0.0,1.897307,0.0,38.180259,24.964188,0.801427,2.859997,0.0,89.268569,0.0,14.833624,0.0,60.682293,33.727677,60.665532,49.980122,33.703073,50.0,27.0,0.0,0.0,0.0,0.0,0.0,0.0,0.0,0
990,60.773652,0.0,1.891759,0.0,37.768233,25.016802,0.796953,2.841578,0.0,88.993142,0.0,14.827757,0.0,60.898398,33.838241,61.115907,50.104703,33.953282,50.0,27.0,0.0,0.0,0.0,0.0,0.0,0.0,0.0,0
991,60.678844,0.0,1.891527,0.0,37.863629,24.9968,0.804333,2.847255,0.0,88.565583,0.0,14.851498,0.0,60.509505,33.859786,60.758865,50.005497,33.754925,50.0,27.0,0.0,0.0,0.0,0.0,0.0,0.0,0.0,0
992,60.861678,0.0,1.894319,0.0,38.09337,24.960872,0.796003,2.846445,0.0,89.54958,0.0,14.89558,0.0,60.892659,33.648315,60.680362,49.983772,33.711312,50.0,27.0,0.0,0.0,0.0,0.0,0.0,0.0,0.0,0
993,60.509771,0.0,1.905223,0.0,37.85656,25.068708,0.799048,2.850271,0.0,89.197593,0.0,14.871121,0.0,60.862115,33.583895,60.5272,49.941519,33.626222,50.0,27.0,0.0,0.0,0.0,0.0,0.0,0.0,0.0,0
994,60.654192,0.0,1.912568,0.0,38.076339,25.115292,0.800535,2.841353,0.0,89.022634,0.0,14.90269,0.0,61.049121,33.799123,61.189136,50.124766,33.993964,50.0,27.0,0.0,0.0,0.0,0.0,0.0,0.0,0.0,0
995,60.731411,0.0,1.909946,0.0,38.08945,24.958881,0.803627,2.857164,0.0,89.182168,0.0,14.918439,0.0,60.859001,33.661552,60.700076,49.988972,33.722265,50.0,27.0,0.0,0.0,0.0,0.0,0.0,0.0,0.0,0
996,60.579516,0.0,1.904914,0.0,37.994859,24.9944,0.796722,2.850546,0.0,89.331098,0.0,14.841673,0.0,60.83972,33.751237,60.879908,50.038731,33.822171,50.0,27.0,0.0,0.0,0.0,0.0,0.0,0.0,0.0,0
997,61.020872,0.0,1.901978,0.0,37.825315,24.843649,0.802428,2.846668,0.0,89.114249,0.0,14.865709,0.0,60.497927,33.835835,60.714051,49.992696,33.730028,50.0,27.0,0.0,0.0,0.0,0.0,0.0,0.0,0.0,0
998,60.88275,0.0,1.896815,0.0,38.018954,25.129366,0.797945,2.848539,0.0,89.041804,0.0,14.855717,0.0,60.577029,33.887076,60.887732,50.040737,33.826518,50.0,27.0,0.0,0.0,0.0,0.0,0.0,0.0,0.0,0
999,60.627553,0.0,1.889442,0.0,38.045638,24.982502,0.799535,2.849876,0.0,89.13702,0.0,14.959565,0.0,60.964735,33.717978,60.899328,50.04374,33.83296,50.0,27.0,0.0,0.0,0.0,0.0,0.0,0.0,0.0,0
1000,60.516946,0.0,1.896157,0.0,38.084163,24.977735,0.801233,2.840486,0.0,89.24305,0.0,14.827574,0.0,60.867554,33.674272,60.714042,49.99231,33.730023,50.0,27.0,0.0,0.0,0.0,0.0,0.0,0.0,0.0,0
1001,60.716657,0.0,1.910065,0.0,38.034925,25.05901,0.796455,2.841487,0.0,89.109384,0.0,14.81973,0.0,60.748458,33.70039,60.659634,49.97731,33.699797,50.0,27.0,0.0,0.0,0.0,0.0,0.0,0.0,0.0,0
1002,60.588223,0.0,1.910978,0.0,38.145256,25.032262,0.799319,2.842022,0.0,88.967904,0.0,14.898264,0.0,60.897654,33.728558,60.873799,50.036617,33.818777,50.0,27.0,0.0,0.0,0.0,0.0,0.0,0.0,0.0,0
1003,60.488161,0.0,1.908301,0.0,38.053847,24.937036,0.797264,2.853214,0.0,88.953527,0.0,14.76995,0.0,60.843392,33.742425,60.850278,50.029934,33.80571,50.0,27.0,0.0,0.0,0.0,0.0,0.0,0.0,0.0,0
1004,60.831122,0.0,1.900956,0.0,38.085552,24.91731,0.800872,2.853316,0.0,88.522836,0.0,14.832453,0.0,60.721501,33.702062,60.642816,49.972443,33.690454,50.0,27.0,0.0,0.0,0.0,0.0,0.0,0.0,0.0,0
1005,60.67656,0.0,1.904614,0.0,38.028814,24.98247,0.800944,2.855979,0.0,89.093551,0.0,14.900939,0.0,60.325605,34.090142,61.070444,50.090775,33.928025,50.0,27.0,0.0,0.0,0.0,0.0,0.0,0.0,0.0,0
1006,60.692797,0.0,1.907408,0.0,38.095128,24.974524,0.803734,2.848159,0.0,89.12819,0.0,14.900547,0.0,60.695633,33.907663,61.009002,50.073341,33.89389,50.0,27.0,0.0,0.0,0.0,0.0,0.0,0.0,0.0,0
1007,60.925205,0.0,1.9171,0.0,38.150831,25.054531,0.805147,2.847456,0.0,89.045614,0.0,14.948172,0.0,60.937812,33.462432,60.292437,49.874921,33.495798,50.0,27.0,0.0,0.0,0.0,0.0,0.0,0.0,0.0,0
1008,60.891727,0.0,1.893388,0.0,38.106187,24.988056,0.799187,2.839595,0.0,89.476768,0.0,14.828475,0.0,60.769457,33.770271,60.813766,50.019636,33.785425,50.0,27.0,0.0,0.0,0.0,0.0,0.0,0.0,0.0,0
1009,60.65037,0.0,1.897284,0.0,37.970254,24.850972,0.800852,2.865769,0.0,89.26307,0.0,14.804411,0.0,61.029298,33.718841,60.962352,50.060607,33.867973,50.0,27.0,0.0,0.0,0.0,0.0,0.0,0.0,0.0,0
1010,60.587437,0.0,1.903298,0.0,38.106283,25.030451,0.797545,2.853434,0.0,89.226765,0.0,14.917533,0.0,60.684084,33.764457,60.717544,49.992641,33.731969,50.0,27.0,0.0,0.0,0.0,0.0,0.0,0.0,0.0,0
1011,60.751003,0.0,1.901832,0.0,38.06547,24.9927,0.800898,2.852257,0.0,88.881741,0.0,14.834573,0.0,60.594016,33.926034,60.96621,50.061408,33.870117,50.0,27.0,0.0,0.0,0.0,0.0,0.0,0.0,0.0,0
1012,60.913451,0.0,1.897034,0.0,37.931735,25.030981,0.799653,2.846376,0.0,89.467604,0.0,14.776724,0.0,60.714511,33.767963,60.730012,49.995819,33.738896,50.0,27.0,0.0,0.0,0.0,0.0,0.0,0.0,0.0,0
1013,60.916592,0.0,1.914699,0.0,38.055882,24.865061,0.801391,2.838895,0.0,88.893648,0.0,14.900955,0.0,60.534543,33.918298,60.866188,50.033478,33.814549,50.0,27.0,0.0,0.0,0.0,0.0,0.0,0.0,0.0,0
1014,60.823003,0.0,1.904983,0.0,37.957362,25.129097,0.799382,2.861362,0.0,89.647515,0.0,14.875445,0.0,60.919113,33.584945,60.526863,49.939523,33.626035,50.0,27.0,0.0,0.0,0.0,0.0,0.0,0.0,0.0,0
1015,60.692556,0.0,1.890201,0.0,37.973269,25.022362,0.800407,2.85138,0.0,89.236305,0.0,14.898713,0.0,61.055245,33.438579,60.378771,49.898892,33.543762,50.0,27.0,0.0,0.0,0.0,0.0,0.0,0.0,0.0,0
1016,60.678043,0.0,1.897602,0.0,38.025809,25.082814,0.793354,2.849113,0.0,88.996754,0.0,14.84955,0.0,60.548354,33.684289,60.432455,49.914233,33.573586,50.0,27.0,0.0,0.0,0.0,0.0,0.0,0.0,0.0,0
1017,60.62749,0.0,1.893258,0.0,37.91825,24.976595,0.799407,2.855063,0.0,89.366315,0.0,14.855851,0.0,60.632884,33.717543,60.594374,49.959414,33.663541,50.0,27.0,0.0,0.0,0.0,0.0,0.0,0.0,0.0,0
1018,60.445595,0.0,1.896415,0.0,38.007596,24.989539,0.798845,2.850902,0.0,88.780652,0.0,14.769185,0.0,60.719301,33.829721,60.919824,50.049569,33.844346,50.0,27.0,0.0,0.0,0.0,0.0,0.0,0.0,0.0,0
1019,61.224481,0.0,1.895304,0.0,37.927441,25.039507,0.803819,2.858729,0.0,89.42392,0.0,14.856096,0.0,60.777753,33.709293,60.711714,49.991801,33.72873,50.0,27.0,0.0,0.0,0.0,0.0,0.0,0.0,0.0,0
1020,60.860382,0.0,1.901174,0.0,38.144527,25.017473,0.799737,2.836957,0.0,89.143188,0.0,14.849331,0.0,60.826774,33.605842,60.546647,49.946218,33.637026,50.0,27.0,0.0,0.0,0.0,0.0,0.0,0.0,0.0,0
1021,61.058966,0.0,1.898496,0.0,37.87955,24.942684,0.797834,2.837979,0.0,88.896052,0.0,14.833238,0.0,60.631608,33.921429,61.034679,50.081376,33.908155,50.0,27.0,0.0,0.0,0.0,0.0,0.0,0.0,0.0,0
1022,60.863229,0.0,1.901804,0.0,37.973059,24.969981,0.793596,2.840259,0.0,89.033816,0.0,14.840358,0.0,60.199284,33.87603,60.481399,49.928047,33.600777,50.0,27.0,0.0,0.0,0.0,0.0,0.0,0.0,0.0,0
1023,60.764644,0.0,1.89227,0.0,37.962686,24.969436,0.801687,2.84718,0.0,89.424788,0.0,14.843314,0.0,60.571056,33.595729,60.24428,49.862866,33.469044,50.0,27.0,0.0,0.0,0.0,0.0,0.0,0.0,0.0,0
1024,60.933046,0.0,1.890438,0.0,38.054648,25.089981,0.800704,2.845164,0.0,89.376553,0.0,14.895755,0.0,60.611007,33.830242,60.79933,50.016962,33.777406,50.0,27.0,0.0,0.0,0.0,0.0,0.0,0.0,0.0,0
1025,60.70701,0.0,1.902958,0.0,38.129041,25.153599,0.799597,2.844344,0.0,89.465977,0.0,14.877673,0.0,60.397882,33.877684,60.674508,49.982377,33.70806,50.0,27.0,0.0,0.0,0.0,0.0,0.0,0.0,0.0,0
1026,60.995355,0.0,1.899437,0.0,37.838858,24.912527,0.797629,2.8543,0.0,89.493849,0.0,14.884603,0.0,60.827072,33.649253,60.604562,49.963132,33.669201,50.0,27.0,0.0,0.0,0.0,0.0,0.0,0.0,0.0,0
1027,60.836125,0.0,1.904561,0.0,38.074685,25.035015,0.80022,2.85263,0.0,89.108887,0.0,14.847859,0.0,60.821942,33.740375,60.805548,50.018867,33.78086,50.0,27.0,0.0,0.0,0.0,0.0,0.0,0.0,0.0,0
1028,60.580546,0.0,1.896305,0.0,37.992436,25.060015,0.806046,2.849804,0.0,89.226428,0.0,14.842453,0.0,60.401268,33.786954,60.484152,49.929941,33.602307,50.0,27.0,0.0,0.0,0.0,0.0,0.0,0.0,0.0,0
1029,60.841106,0.0,1.883974,0.0,38.065675,24.899145,0.8031,2.853009,0.0,89.052313,0.0,14.767219,0.0,60.86625,33.785539,60.94097,50.056552,33.856095,50.0,27.0,0.0,0.0,0.0,0.0,0.0,0.0,0.0,0
1030,60.753875,0.0,1.896567,0.0,37.802537,24.891449,0.801774,2.856855,0.0,89.394266,0.0,14.870994,0.0,60.755626,33.563216,60.356713,49.894784,33.531507,50.0,27.0,0.0,0.0,0.0,0.0,0.0,0.0,0.0,0
1031,60.687224,0.0,1.904442,0.0,37.790833,24.926823,0.801664,2.845731,0.0,89.200746,0.0,14.860548,0.0,60.903674,33.529985,60.459596,49.923744,33.588664,50.0,27.0,0.0,0.0,0.0,0.0,0.0,0.0,0.0,0
1032,60.883085,0.0,1.896611,0.0,37.804127,25.038672,0.799909,2.852035,0.0,88.855049,0.0,14.784358,0.0,60.934135,33.614206,60.695467,49.989317,33.719704,50.0,27.0,0.0,0.0,0.0,0.0,0.0,0.0,0.0,0
1033,60.311673,0.0,1.896528,0.0,38.010239,24.910898,0.803663,2.843929,0.0,88.668556,0.0,14.788575,0.0,60.658666,33.644841,60.499535,49.935216,33.610853,50.0,27.0,0.0,0.0,0.0,0.0,0.0,0.0,0.0,0
1034,60.842673,0.0,1.89726,0.0,38.01099,24.990442,0.798785,2.846438,0.0,88.697425,0.0,14.818532,0.0,60.710215,33.677796,60.630543,49.971748,33.683635,50.0,27.0,0.0,0.0,0.0,0.0,0.0,0.0,0.0,0
1035,60.613345,0.0,1.898287,0.0,37.973026,24.88213,0.801782,2.848103,0.0,89.613864,0.0,14.789645,0.0,60.548533,33.960179,61.069493,50.093213,33.927496,50.0,27.0,0.0,0.0,0.0,0.0,0.0,0.0,0.0,0
1036,60.627879,0.0,1.900241,0.0,38.041899,24.907387,0.799196,2.852345,0.0,89.301771,0.0,14.82637,0.0,60.293294,34.043931,60.958357,50.062031,33.865754,50.0,27.0,0.0,0.0,0.0,0.0,0.0,0.0,0.0,0
1037,60.86958,0.0,1.90447,0.0,38.157718,25.075451,0.801941,2.841193,0.0,88.91916,0.0,14.837907,0.0,60.785334,33.673999,60.628506,49.970553,33.682504,50.0,27.0,0.0,0.0,0.0,0.0,0.0,0.0,0.0,0
1038,61.106537,0.0,1.908344,0.0,37.986876,24.956751,0.800329,2.846322,0.0,89.047356,0.0,14.886046,0.0,60.890213,33.745644,60.894312,50.044168,33.830173,50.0,27.0,0.0,0.0,0.0,0.0,0.0,0.0,0.0,0
1039,60.779969,0.0,1.899436,0.0,37.882944,25.124429,0.800326,2.855891,0.0,89.080936,0.0,14.833968,0.0,60.426593,33.989345,60.944494,50.057818,33.858052,50.0,27.0,0.0,0.0,0.0,0.0,0.0,0.0,0.0,0
1040,60.758072,0.0,1.900778,0.0,38.060154,24.95346,0.796684,2.842725,0.0,89.036263,0.0,14.843499,0.0,60.766448,33.764252,60.777175,50.011284,33.765097,50.0,27.0,0.0,0.0,0.0,0.0,0.0,0.0,0.0,0
1041,60.953626,0.0,1.898488,0.0,38.039581,24.878482,0.800153,2.857801,0.0,89.505466,0.0,14.886998,0.0,60.915877,33.678095,60.744195,50.002112,33.746775,50.0,27.0,0.0,0.0,0.0,0.0,0.0,0.0,0.0,0
1042,60.648098,0.0,1.891816,0.0,37.985486,24.782859,0.800406,2.853088,0.0,89.298374,0.0,14.903187,0.0,60.892027,33.686594,60.749003,50.00343,33.749446,50.0,27.0,0.0,0.0,0.0,0.0,0.0,0.0,0.0,0
1043,60.875867,0.0,1.894609,0.0,38.129798,24.953463,0.79794,2.850474,0.0,89.248181,0.0,14.892482,0.0,60.664514,33.842069,60.858384,50.033646,33.810213,50.0,27.0,0.0,0.0,0.0,0.0,0.0,0.0,0.0,0
1044,61.13508,0.0,1.903702,0.0,38.11154,25.027066,0.803651,2.82435,0.0,88.880289,0.0,14.867845,0.0,61.004078,33.639606,60.75876,50.005943,33.754867,50.0,27.0,0.0,0.0,0.0,0.0,0.0,0.0,0.0,0
1045,60.804647,0.0,1.889736,0.0,37.888094,25.000553,0.802941,2.851594,0.0,88.992836,0.0,14.861601,0.0,60.605301,33.694528,60.491168,49.931952,33.606204,50.0,27.0,0.0,0.0,0.0,0.0,0.0,0.0,0.0,0
1046,60.785245,0.0,1.903494,0.0,38.054023,24.932782,0.800772,2.851827,0.0,88.6992,0.0,14.914086,0.0,60.839284,33.687661,60.717798,49.99493,33.73211,50.0,27.0,0.0,0.0,0.0,0.0,0.0,0.0,0.0,0
1047,60.462927,0.0,1.898914,0.0,37.898996,24.965268,0.800642,2.832242,0.0,89.088313,0.0,14.856963,0.0,61.016921,33.628287,60.777787,50.011536,33.765437,50.0,27.0,0.0,0.0,0.0,0.0,0.0,0.0,0.0,0
1048,60.85878,0.0,1.902803,0.0,38.240615,24.949164,0.80031,2.837788,0.0,89.09475,0.0,14.85672,0.0,60.618779,33.698384,60.542451,49.946433,33.634695,50.0,27.0,0.0,0.0,0.0,0.0,0.0,0.0,0.0,0
1049,61.063407,0.0,1.888238,0.0,37.845612,24.947699,0.799394,2.857982,0.0,88.946465,0.0,14.929862,0.0,61.065014,33.756471,61.115984,50.105221,33.953324,50.0,27.0,0.0,0.0,0.0,0.0,0.0,0.0,0.0,0
1050,60.609116,0.0,1.896727,0.0,38.037531,25.061435,0.795428,2.83849,0.0,89.244176,0.0,14.870853,0.0,60.412862,33.841912,60.640873,49.973379,33.689374,50.0,27.0,0.0,0.0,0.0,0.0,0.0,0.0,0.0,0
1051,60.550075,0.0,1.892151,0.0,38.110249,25.158101,0.80002,2.832695,0.0,88.941603,0.0,14.881731,0.0,60.654832,33.685825,60.539347,49.94545,33.63297,50.0,27.0,0.0,0.0,0.0,0.0,0.0,0.0,0.0,0
1052,60.73922,0.0,1.901969,0.0,38.171452,24.927514,0.803748,2.858802,0.0,89.331837,0.0,14.805099,0.0,60.74658,33.727365,60.725936,49.997294,33.736631,50.0,27.0,0.0,0.0,0.0,0.0,0.0,0.0,0.0,0
1053,60.710863,0.0,1.903464,0.0,37.987623,24.962204,0.79799,2.830728,0.0,89.328954,0.0,14.882869,0.0,60.269023,34.161116,61.164613,50.118556,33.980341,50.0,27.0,0.0,0.0,0.0,0.0,0.0,0.0,0.0,0
1054,60.227222,0.0,1.89813,0.0,37.892,24.871887,0.802446,2.855763,0.0,88.965935,0.0,14.911952,0.0,60.407328,33.80042,60.486099,49.930428,33.603388,50.0,27.0,0.0,0.0,0.0,0.0,0.0,0.0,0.0,0
1055,60.974788,0.0,1.898048,0.0,37.99496,24.983009,0.79819,2.84407,0.0,89.516128,0.0,14.899766,0.0,60.662766,33.738049,60.605052,49.963652,33.669473,50.0,27.0,0.0,0.0,0.0,0.0,0.0,0.0,0.0,0
1056,60.78518,0.0,1.897205,0.0,37.929384,24.975627,0.79641,2.852292,0.0,89.376428,0.0,14.817335,0.0,60.693535,33.817671,60.807379,50.019755,33.781877,50.0,27.0,0.0,0.0,0.0,0.0,0.0,0.0,0.0,0
1057,60.635548,0.0,1.895859,0.0,38.065714,24.908188,0.802166,2.840241,0.0,89.679182,0.0,14.92471,0.0,60.912397,33.744347,60.864458,50.035433,33.813588,50.0,27.0,0.0,0.0,0.0,0.0,0.0,0.0,0.0,0
1058,60.57249,0.0,1.90158,0.0,37.993177,24.968662,0.797314,2.866697,0.0,89.167166,0.0,14.835186,0.0,60.782931,33.801267,60.858055,50.033487,33.810031,50.0,27.0,0.0,0.0,0.0,0.0,0.0,0.0,0.0,0
1059,61.018909,0.0,1.902608,0.0,37.930832,24.83217,0.798278,2.849857,0.0,88.797134,0.0,14.937613,0.0,61.233567,33.467698,60.600373,49.962099,33.666874,50.0,27.0,0.0,0.0,0.0,0.0,0.0,0.0,0.0,0
1060,60.652412,0.0,1.89364,0.0,38.028582,25.047394,0.800568,2.855889,0.0,88.995496,0.0,14.926849,0.0,60.858993,33.742671,60.845395,50.03001,33.802997,50.0,27.0,0.0,0.0,0.0,0.0,0.0,0.0,0.0,0
1061,60.810944,0.0,1.897049,0.0,38.115689,25.155415,0.799293,2.864328,0.0,88.923752,0.0,14.823808,0.0,60.936537,33.677927,60.787218,50.013781,33.770677,50.0,27.0,0.0,0.0,0.0,0.0,0.0,0.0,0.0,0
1062,60.768825,0.0,1.907774,0.0,37.894271,25.049547,0.800897,2.843868,0.0,89.307275,0.0,14.796954,0.0,60.526908,33.844459,60.738202,50.000164,33.743445,50.0,27.0,0.0,0.0,0.0,0.0,0.0,0.0,0.0,0
1063,60.588749,0.0,1.906813,0.0,38.020679,25.016312,0.800865,2.845434,0.0,88.855166,0.0,14.894742,0.0,60.517784,33.887691,60.807065,50.019197,33.781703,50.0,27.0,0.0,0.0,0.0,0.0,0.0,0.0,0.0,0
1064,60.710059,0.0,1.907052,0.0,37.992646,24.90612,0.80241,2.85001,0.0,88.962246,0.0,14.864085,0.0,60.765945,33.717646,60.678455,49.983555,33.710253,50.0,27.0,0.0,0.0,0.0,0.0,0.0,0.0,0.0,0
1065,60.448832,0.0,1.899431,0.0,37.932236,25.081182,0.795865,2.838282,0.0,89.189156,0.0,14.936041,0.0,60.956668,33.572509,60.568499,49.953245,33.649166,50.0,27.0,0.0,0.0,0.0,0.0,0.0,0.0,0.0,0
1066,60.813107,0.0,1.890138,0.0,38.079891,25.043035,0.804075,2.832854,0.0,89.508729,0.0,14.891257,0.0,60.794662,33.689534,60.677604,49.983634,33.70978,50.0,27.0,0.0,0.0,0.0,0.0,0.0,0.0,0.0,0
1067,61.095559,0.0,1.904995,0.0,38.209866,24.909731,0.800577,2.8508,0.0,89.909811,0.0,14.821215,0.0,60.625556,33.757869,60.659958,49.978838,33.699977,50.0,27.0,0.0,0.0,0.0,0.0,0.0,0.0,0.0,0
1068,60.901202,0.0,1.900468,0.0,38.032451,24.979384,0.798162,2.848235,0.0,88.887894,0.0,14.868818,0.0,60.655114,33.765529,60.703524,49.990984,33.72418,50.0,27.0,0.0,0.0,0.0,0.0,0.0,0.0,0.0,0
1069,60.520302,0.0,1.895895,0.0,38.165739,24.998529,0.798842,2.849341,0.0,88.860174,0.0,14.798395,0.0,60.489403,33.889575,60.796446,50.016713,33.775803,50.0,27.0,0.0,0.0,0.0,0.0,0.0,0.0,0.0,0
1070,60.423527,0.0,1.893121,0.0,38.088252,24.939721,0.802337,2.851233,0.0,88.745492,0.0,14.815722,0.0,60.574965,33.682768,60.426584,49.914401,33.570324,50.0,27.0,0.0,0.0,0.0,0.0,0.0,0.0,0.0,0
1071,60.603005,0.0,1.894152,0.0,38.064979,24.871323,0.801807,2.850583,0.0,89.532963,0.0,14.892393,0.0,60.850225,33.752295,60.857776,50.034007,33.809875,50.0,27.0,0.0,0.0,0.0,0.0,0.0,0.0,0.0,0
1072,60.485142,0.0,1.896023,0.0,37.900956,24.975474,0.798253,2.846976,0.0,89.369277,0.0,14.8192,0.0,60.836918,33.768868,60.878956,50.039692,33.821642,50.0,27.0,0.0,0.0,0.0,0.0,0.0,0.0,0.0,0
1073,60.734903,0.0,1.896264,0.0,38.035614,25.02388,0.800466,2.850418,0.0,89.120103,0.0,14.849594,0.0,60.61506,34.037653,61.221441,50.134156,34.011912,50.0,27.0,0.0,0.0,0.0,0.0,0.0,0.0,0.0,0
1074,60.555464,0.0,1.892652,0.0,37.945389,25.012269,0.797043,2.855017,0.0,89.469287,0.0,14.86079,0.0,60.60351,33.713572,60.488382,49.930874,33.604657,50.0,27.0,0.0,0.0,0.0,0.0,0.0,0.0,0.0,0
1075,60.462163,0.0,1.897297,0.0,38.045431,24.968487,0.801201,2.853945,0.0,89.012448,0.0,14.910418,0.0,60.862933,33.78665,60.90915,50.047516,33.838417,50.0,27.0,0.0,0.0,0.0,0.0,0.0,0.0,0.0,0
1076,60.678219,0.0,1.902269,0.0,37.972893,25.036714,0.798524,2.847345,0.0,88.80593,0.0,14.833423,0.0,60.813566,33.665818,60.602013,49.962388,33.667785,50.0,27.0,0.0,0.0,0.0,0.0,0.0,0.0,0.0,0
1077,60.512171,0.0,1.902043,0.0,38.027514,24.803332,0.800138,2.848586,0.0,88.819016,0.0,14.858989,0.0,61.261725,33.474829,60.660527,49.978749,33.700293,50.0,27.0,0.0,0.0,0.0,0.0,0.0,0.0,0.0,0
1078,60.843907,0.0,1.891949,0.0,38.149361,24.938776,0.800269,2.837306,0.0,88.98588,0.0,14.789984,0.0,60.797237,33.50721,60.301918,49.879736,33.501066,50.0,27.0,0.0,0.0,0.0,0.0,0.0,0.0,0.0,0
1079,60.691177,0.0,1.911111,0.0,37.867105,25.035667,0.799722,2.847257,0.0,89.420638,0.0,14.821456,0.0,60.698355,33.808113,60.868711,50.036994,33.815951,50.0,27.0,0.0,0.0,0.0,0.0,0.0,0.0,0.0,0
1080,60.594891,0.0,1.898153,0.0,38.013848,25.107611,0.801323,2.863949,0.0,89.043354,0.0,14.866378,0.0,60.471368,33.819099,60.65425,49.977534,33.696806,50.0,27.0,0.0,0.0,0.0,0.0,0.0,0.0,0.0,0
1081,60.468225,0.0,1.903003,0.0,38.143952,24.775065,0.798539,2.849392,0.0,88.844017,0.0,14.876479,0.0,60.694923,33.853935,60.939858,50.056586,33.855476,50.0,27.0,0.0,0.0,0.0,0.0,0.0,0.0,0.0,0
1082,60.671668,0.0,1.890518,0.0,38.01666,24.942355,0.800453,2.850011,0.0,88.822531,0.0,14.88293,0.0,60.592439,33.975226,61.077913,50.094462,33.932174,50.0,27.0,0.0,0.0,0.0,0.0,0.0,0.0,0.0,0
1083,60.923573,0.0,1.906724,0.0,37.960436,24.907451,0.796959,2.861369,0.0,89.289388,0.0,14.905325,0.0,60.828312,33.906133,61.1377,50.110517,33.965389,50.0,27.0,0.0,0.0,0.0,0.0,0.0,0.0,0.0,0
1084,60.917916,0.0,1.896686,0.0,38.063005,25.019564,0.798589,2.854887,0.0,89.309313,0.0,14.907591,0.0,60.662527,33.835373,60.803321,50.017546,33.779623,50.0,27.0,0.0,0.0,0.0,0.0,0.0,0.0,0.0,0
1085,60.651073,0.0,1.897125,0.0,38.13425,24.922,0.800114,2.863271,0.0,88.926528,0.0,14.878713,0.0,60.95318,33.742162,60.888557,50.041018,33.826976,50.0,27.0,0.0,0.0,0.0,0.0,0.0,0.0,0.0,0
1086,60.40837,0.0,1.893471,0.0,37.915386,24.993088,0.799795,2.846044,0.0,89.260116,0.0,14.909606,0.0,60.677604,33.753872,60.641721,49.97259,33.689845,50.0,27.0,0.0,0.0,0.0,0.0,0.0,0.0,0.0,0
1087,60.823831,0.0,1.901373,0.0,38.139973,25.042548,0.801659,2.860875,0.0,88.863322,0.0,14.808775,0.0,60.49456,33.900749,60.770738,50.008386,33.761521,50.0,27.0,0.0,0.0,0.0,0.0,0.0,0.0,0.0,0
1088,60.823127,0.0,1.892923,0.0,37.851423,25.031392,0.799469,2.85451,0.0,89.229215,0.0,14.853339,0.0,60.819173,33.618551,60.482829,49.928767,33.601572,50.0,27.0,0.0,0.0,0.0,0.0,0.0,0.0,0.0,0
1089,60.557858,0.0,1.905102,0.0,38.014592,25.014062,0.801253,2.843949,0.0,89.272768,0.0,14.910301,0.0,60.937801,33.736056,60.87034,50.036228,33.816856,50.0,27.0,0.0,0.0,0.0,0.0,0.0,0.0,0.0,0
1090,60.944104,0.0,1.909792,0.0,38.261266,25.003884,0.799269,2.847591,0.0,88.975461,0.0,14.813913,0.0,60.880283,33.657082,60.650451,49.975271,33.694695,50.0,27.0,0.0,0.0,0.0,0.0,0.0,0.0,0.0,0
1091,60.90123,0.0,1.890157,0.0,37.865813,24.981614,0.802768,2.839564,0.0,89.575619,0.0,14.854706,0.0,60.518805,34.049692,61.131501,50.108355,33.961945,50.0,27.0,0.0,0.0,0.0,0.0,0.0,0.0,0.0,0
1092,60.936693,0.0,1.893625,0.0,38.192221,24.998833,0.797779,2.840099,0.0,89.133055,0.0,14.907542,0.0,60.684095,33.800184,60.73219,49.997448,33.740106,50.0,27.0,0.0,0.0,0.0,0.0,0.0,0.0,0.0,0
1093,60.652665,0.0,1.897535,0.0,37.986881,25.009968,0.800833,2.839446,0.0,89.061714,0.0,14.88303,0.0,60.540004,33.856695,60.704297,49.989751,33.72461,50.0,27.0,0.0,0.0,0.0,0.0,0.0,0.0,0.0,0
1094,60.577979,0.0,1.910445,0.0,37.943755,25.010554,0.80207,2.861226,0.0,88.711223,0.0,14.905291,0.0,60.77642,33.717067,60.635916,49.970902,33.68662,50.0,27.0,0.0,0.0,0.0,0.0,0.0,0.0,0.0,0
1095,60.592517,0.0,1.901098,0.0,38.129531,25.073786,0.801573,2.838464,0.0,89.567764,0.0,14.90564,0.0,60.685383,33.836577,60.805752,50.017988,33.780974,50.0,27.0,0.0,0.0,0.0,0.0,0.0,0.0,0.0,0
1096,60.676507,0.0,1.894969,0.0,38.106729,25.117887,0.805167,2.846139,0.0,89.698977,0.0,14.875256,0.0,60.896504,33.662696,60.64257,49.972796,33.690316,50.0,27.0,0.0,0.0,0.0,0.0,0.0,0.0,0.0,0
1097,60.859417,0.0,1.894742,0.0,37.941445,25.005273,0.803849,2.854066,0.0,90.051288,0.0,14.801723,0.0,60.981092,33.823688,61.082621,50.09456,33.934789,50.0,27.0,0.0,0.0,0.0,0.0,0.0,0.0,0.0,0
1098,60.820392,0.0,1.903384,0.0,38.056629,24.983278,0.798612,2.840974,0.0,88.89392,0.0,14.80626,0.0,60.730619,33.640141,60.438633,49.916094,33.577018,50.0,27.0,0.0,0.0,0.0,0.0,0.0,0.0,0.0,0
1099,60.540722,0.0,1.890439,0.0,38.117601,24.933465,0.798123,2.842005,0.0,89.187188,0.0,14.817033,0.0,60.705708,33.961859,61.110596,50.102239,33.950331,50.0,27.0,0.0,0.0,0.0,0.0,0.0,0.0,0.0,0
1100,61.020228,0.0,1.897926,0.0,37.993233,25.108334,0.80244,2.846515,0.0,89.111556,0.0,14.844721,0.0,60.852908,33.764847,60.816917,50.020558,33.787176,50.0,27.0,0.0,0.0,0.0,0.0,0.0,0.0,0.0,0
1101,60.941423,0.0,1.892804,0.0,38.059238,25.015105,0.802602,2.855309,0.0,89.417367,0.0,14.827751,0.0,60.922975,33.666923,60.682675,49.983352,33.712597,50.0,27.0,0.0,0.0,0.0,0.0,0.0,0.0,0.0,0
1102,60.941278,0.0,1.900444,0.0,38.014398,24.983595,0.800695,2.848214,0.0,89.835509,0.0,14.802174,0.0,60.990734,33.729941,60.898383,50.043056,33.832435,50.0,27.0,0.0,0.0,0.0,0.0,0.0,0.0,0.0,0
1103,61.090321,0.0,1.889111,0.0,37.957646,25.024231,0.801964,2.838259,0.0,89.425213,0.0,14.857738,0.0,60.488693,33.941563,60.848504,50.029055,33.804724,50.0,27.0,0.0,0.0,0.0,0.0,0.0,0.0,0.0,0
1104,60.578733,0.0,1.898331,0.0,37.794778,24.959277,0.80252,2.842468,0.0,89.40142,0.0,14.85724,0.0,60.878836,33.81454,60.94822,50.056472,33.860122,50.0,27.0,0.0,0.0,0.0,0.0,0.0,0.0,0.0,0
1105,60.796075,0.0,1.900037,0.0,38.270656,25.086007,0.798376,2.85956,0.0,89.431721,0.0,14.861682,0.0,60.635375,33.827807,60.728407,49.995436,33.738004,50.0,27.0,0.0,0.0,0.0,0.0,0.0,0.0,0.0,0
1106,60.469399,0.0,1.910178,0.0,38.048996,25.10434,0.799768,2.861128,0.0,89.109192,0.0,14.835082,0.0,60.692081,33.797631,60.715646,49.991931,33.730915,50.0,27.0,0.0,0.0,0.0,0.0,0.0,0.0,0.0,0
1107,60.850185,0.0,1.898727,0.0,37.969986,24.904904,0.797277,2.848426,0.0,89.538318,0.0,14.927762,0.0,61.155215,33.400664,60.339954,49.888132,33.522197,50.0,27.0,0.0,0.0,0.0,0.0,0.0,0.0,0.0,0
1108,60.813794,0.0,1.897112,0.0,37.99195,25.038627,0.800458,2.842366,0.0,89.125016,0.0,14.911642,0.0,60.670685,33.701957,60.541917,49.94451,33.634398,50.0,27.0,0.0,0.0,0.0,0.0,0.0,0.0,0.0,0
1109,61.078127,0.0,1.902253,0.0,38.093465,24.987885,0.799334,2.860194,0.0,88.813859,0.0,14.871122,0.0,60.740482,33.880942,60.99731,50.070655,33.887395,50.0,27.0,0.0,0.0,0.0,0.0,0.0,0.0,0.0,0
1110,60.833993,0.0,1.899285,0.0,37.908886,24.963803,0.802023,2.851187,0.0,89.06283,0.0,14.924829,0.0,60.570919,33.739635,60.513626,49.936615,33.618681,50.0,27.0,0.0,0.0,0.0,0.0,0.0,0.0,0.0,0
1111,61.032698,0.0,1.905157,0.0,38.054901,25.087195,0.801234,2.853144,0.0,89.041112,0.0,14.916441,0.0,60.694855,33.771406,60.708159,49.990698,33.726755,50.0,27.0,0.0,0.0,0.0,0.0,0.0,0.0,0.0,0
1112,60.893943,0.0,1.904208,0.0,38.23437,25.038034,0.802263,2.848524,0.0,89.293616,0.0,14.891048,0.0,60.483267,33.783897,60.522087,49.939315,33.623382,50.0,27.0,0.0,0.0,0.0,0.0,0.0,0.0,0.0,0
1113,60.653645,0.0,1.899009,0.0,37.878692,24.886963,0.798434,2.846043,0.0,89.0471,0.0,14.729866,0.0,60.749647,33.900902,61.032849,50.08079,33.907139,50.0,27.0,0.0,0.0,0.0,0.0,0.0,0.0,0.0,0
1114,60.715002,0.0,1.891569,0.0,37.977703,24.953471,0.799454,2.845457,0.0,88.689863,0.0,14.893422,0.0,60.611134,33.751847,60.562224,49.950309,33.64568,50.0,27.0,0.0,0.0,0.0,0.0,0.0,0.0,0.0,0
1115,60.75878,0.0,1.90145,0.0,38.186973,25.042935,0.801605,2.855498,0.0,89.158817,0.0,14.791638,0.0,60.894721,33.691449,60.721464,49.994569,33.734147,50.0,27.0,0.0,0.0,0.0,0.0,0.0,0.0,0.0,0
1116,60.677715,0.0,1.905017,0.0,38.047866,24.871731,0.796358,2.846818,0.0,89.261434,0.0,14.873021,0.0,60.768915,33.80778,60.851874,50.030641,33.806597,50.0,27.0,0.0,0.0,0.0,0.0,0.0,0.0,0.0,0
1117,60.742708,0.0,1.905202,0.0,37.900713,25.145958,0.80049,2.84148,0.0,89.050635,0.0,14.858487,0.0,60.484617,33.888933,60.733574,49.997791,33.740874,50.0,27.0,0.0,0.0,0.0,0.0,0.0,0.0,0.0,0
1118,60.881068,0.0,1.892436,0.0,37.860923,25.069183,0.797501,2.866611,0.0,88.895968,0.0,14.887116,0.0,60.830675,33.643482,60.546322,49.946046,33.636845,50.0,27.0,0.0,0.0,0.0,0.0,0.0,0.0,0.0,0
1119,60.621349,0.0,1.894886,0.0,37.894523,24.934479,0.798723,2.84578,0.0,88.779434,0.0,14.955549,0.0,60.999129,33.576635,60.591544,49.958814,33.661969,50.0,27.0,0.0,0.0,0.0,0.0,0.0,0.0,0.0,0
1120,60.797661,0.0,1.902584,0.0,38.220153,24.889166,0.79745,2.838267,0.0,88.957785,0.0,14.83842,0.0,60.586455,33.802219,60.680184,49.983518,33.711213,50.0,27.0,0.0,0.0,0.0,0.0,0.0,0.0,0.0,0
1121,60.780982,0.0,1.886832,0.0,38.10663,25.054125,0.795789,2.869317,0.0,89.314719,0.0,14.862194,0.0,60.79107,33.753236,60.775617,50.009978,33.764232,50.0,27.0,0.0,0.0,0.0,0.0,0.0,0.0,0.0,0
1122,60.760962,0.0,1.88993,0.0,38.004358,25.063329,0.801281,2.860362,0.0,89.163858,0.0,14.857748,0.0,60.614731,33.896154,60.901712,50.04478,33.834285,50.0,27.0,0.0,0.0,0.0,0.0,0.0,0.0,0.0,0
1123,60.877874,0.0,1.895521,0.0,38.055982,25.008873,0.800483,2.844282,0.0,89.381613,0.0,14.814624,0.0,60.812065,33.755903,60.785268,50.012373,33.769593,50.0,27.0,0.0,0.0,0.0,0.0,0.0,0.0,0.0,0
1124,60.394504,0.0,1.908425,0.0,38.050798,24.917265,0.802428,2.852543,0.0,88.961375,0.0,14.879103,0.0,60.863126,33.760548,60.847803,50.029596,33.804335,50.0,27.0,0.0,0.0,0.0,0.0,0.0,0.0,0.0,0
1125,60.919701,0.0,1.908196,0.0,38.07428,24.981426,0.803691,2.845271,0.0,89.328743,0.0,14.899199,0.0,61.000583,33.738314,60.939318,50.054743,33.855176,50.0,27.0,0.0,0.0,0.0,0.0,0.0,0.0,0.0,0
1126,60.840923,0.0,1.904456,0.0,37.994837,25.099894,0.801118,2.833758,0.0,89.075923,0.0,14.829454,0.0,60.7414,33.783017,60.778258,50.009954,33.765699,50.0,27.0,0.0,0.0,0.0,0.0,0.0,0.0,0.0,0
1127,60.653598,0.0,1.896449,0.0,37.91982,25.020093,0.800938,2.83873,0.0,89.384738,0.0,14.877226,0.0,60.877481,33.685076,60.705441,49.989778,33.725245,50.0,27.0,0.0,0.0,0.0,0.0,0.0,0.0,0.0,0
1128,60.651601,0.0,1.898562,0.0,38.018964,24.982827,0.802183,2.861494,0.0,89.560428,0.0,14.878197,0.0,61.011514,33.496436,60.452313,49.919866,33.584618,50.0,27.0,0.0,0.0,0.0,0.0,0.0,0.0,0.0,0
1129,60.714825,0.0,1.903251,0.0,38.210977,24.933185,0.805044,2.835243,0.0,89.080201,0.0,14.87311,0.0,60.790237,33.760251,60.822473,50.022575,33.790263,50.0,27.0,0.0,0.0,0.0,0.0,0.0,0.0,0.0,0
1130,60.828452,0.0,1.903167,0.0,38.301622,25.091567,0.796716,2.836005,0.0,88.904291,0.0,14.79838,0.0,60.821471,33.680196,60.682825,49.983865,33.712681,50.0,27.0,0.0,0.0,0.0,0.0,0.0,0.0,0.0,0
1131,60.786685,0.0,1.891359,0.0,37.948252,24.987513,0.804433,2.862812,0.0,89.193198,0.0,14.836253,0.0,60.890045,33.548782,60.482863,49.928676,33.60159,50.0,27.0,0.0,0.0,0.0,0.0,0.0,0.0,0.0,0
1132,60.615909,0.0,1.901279,0.0,37.846057,25.004267,0.800447,2.850542,0.0,89.012293,0.0,14.839824,0.0,60.803478,33.685576,60.710294,49.991892,33.727941,50.0,27.0,0.0,0.0,0.0,0.0,0.0,0.0,0.0,0
1133,60.657526,0.0,1.89624,0.0,37.814458,24.984124,0.800768,2.840574,0.0,88.851509,0.0,14.819871,0.0,60.615026,33.904077,60.988568,50.068846,33.882538,50.0,27.0,0.0,0.0,0.0,0.0,0.0,0.0,0.0,0
1134,60.69013,0.0,1.901205,0.0,38.121736,24.985185,0.802639,2.842656,0.0,89.337005,0.0,14.894898,0.0,61.172276,33.598768,60.878461,50.03807,33.821367,50.0,27.0,0.0,0.0,0.0,0.0,0.0,0.0,0.0,0
1135,61.219123,0.0,1.90067,0.0,37.93604,25.103332,0.796685,2.86289,0.0,88.939193,0.0,14.934297,0.0,60.641906,33.886886,60.974202,50.064344,33.874557,50.0,27.0,0.0,0.0,0.0,0.0,0.0,0.0,0.0,0
1136,60.860422,0.0,1.902918,0.0,37.91445,25.081608,0.799397,2.852229,0.0,89.188732,0.0,14.829031,0.0,60.508142,33.80321,60.643167,49.972527,33.690648,50.0,27.0,0.0,0.0,0.0,0.0,0.0,0.0,0.0,0
1137,60.934996,0.0,1.905218,0.0,37.771114,24.921351,0.798123,2.839324,0.0,89.288579,0.0,14.863244,0.0,60.47341,33.886148,60.774942,50.009086,33.763857,50.0,27.0,0.0,0.0,0.0,0.0,0.0,0.0,0.0,0
1138,61.103769,0.0,1.906441,0.0,37.983142,24.978105,0.796849,2.862969,0.0,89.461743,0.0,14.777138,0.0,60.695568,33.838314,60.877354,50.037347,33.820752,50.0,27.0,0.0,0.0,0.0,0.0,0.0,0.0,0.0,0
1139,60.692115,0.0,1.898504,0.0,37.981549,24.89811,0.799786,2.853283,0.0,89.286355,0.0,14.890026,0.0,60.56067,33.925794,60.915624,50.047738,33.842013,50.0,27.0,0.0,0.0,0.0,0.0,0.0,0.0,0.0,0
1140,60.41827,0.0,1.906126,0.0,38.087326,25.068811,0.796936,2.849871,0.0,88.964679,0.0,14.912858,0.0,60.728688,33.860205,60.923105,50.049569,33.846169,50.0,27.0,0.0,0.0,0.0,0.0,0.0,0.0,0.0,0
1141,61.05268,0.0,1.909475,0.0,38.033864,24.933535,0.800507,2.837847,0.0,89.343447,0.0,14.881164,0.0,61.167327,33.573014,60.743798,49.999762,33.746555,50.0,27.0,0.0,0.0,0.0,0.0,0.0,0.0,0.0,0
1142,60.684952,0.0,1.896356,0.0,37.92046,25.006173,0.801508,2.841469,0.0,89.365725,0.0,14.934916,0.0,60.720352,33.742338,60.680462,49.982258,33.711368,50.0,27.0,0.0,0.0,0.0,0.0,0.0,0.0,0.0,0
1143,60.669404,0.0,1.895309,0.0,37.92206,25.091501,0.805724,2.860138,0.0,88.924932,0.0,14.797541,0.0,60.635514,33.786568,60.691415,49.985373,33.717453,50.0,27.0,0.0,0.0,0.0,0.0,0.0,0.0,0.0,0
1144,60.631042,0.0,1.895406,0.0,38.14189,25.007875,0.800647,2.84513,0.0,89.196183,0.0,14.834169,0.0,60.902582,33.76192,60.902997,50.043927,33.834999,50.0,27.0,0.0,0.0,0.0,0.0,0.0,0.0,0.0,0
1145,60.938861,0.0,1.904344,0.0,38.01665,24.978021,0.798381,2.848195,0.0,89.202211,0.0,14.83203,0.0,60.970607,33.667794,60.77245,50.007625,33.762472,50.0,27.0,0.0,0.0,0.0,0.0,0.0,0.0,0.0,0
1146,60.746367,0.0,1.896006,0.0,38.154323,25.060195,0.800081,2.84973,0.0,89.491572,0.0,14.799837,0.0,60.751882,33.738177,60.714574,49.991591,33.730319,50.0,27.0,0.0,0.0,0.0,0.0,0.0,0.0,0.0,0
1147,60.619484,0.0,1.901884,0.0,38.031602,25.07718,0.801027,2.852243,0.0,89.460603,0.0,14.836366,0.0,60.793456,33.697539,60.672759,49.980075,33.707088,50.0,27.0,0.0,0.0,0.0,0.0,0.0,0.0,0.0,0
1148,60.754842,0.0,1.895508,0.0,38.048478,25.135724,0.798739,2.856867,0.0,89.202154,0.0,14.866607,0.0,60.702625,33.829464,60.867751,50.034069,33.815417,50.0,27.0,0.0,0.0,0.0,0.0,0.0,0.0,0.0,0
1149,61.184048,0.0,1.909674,0.0,37.658,24.984907,0.797925,2.853417,0.0,89.032228,0.0,14.865437,0.0,60.661028,33.877264,60.916662,50.047418,33.84259,50.0,27.0,0.0,0.0,0.0,0.0,0.0,0.0,0.0,0
1150,60.690613,0.0,1.9117,0.0,37.82212,25.077001,0.800926,2.850213,0.0,89.017291,0.0,14.806902,0.0,60.761221,33.666166,60.555592,49.947384,33.641996,50.0,27.0,0.0,0.0,0.0,0.0,0.0,0.0,0.0,0
1151,60.805978,0.0,1.897357,0.0,37.95346,25.064448,0.802901,2.853319,0.0,89.456094,0.0,14.938443,0.0,60.647037,33.792614,60.720986,49.99336,33.733881,50.0,27.0,0.0,0.0,0.0,0.0,0.0,0.0,0.0,0
1152,60.809595,0.0,1.897605,0.0,37.948726,24.820223,0.798769,2.854895,0.0,89.395607,0.0,14.915798,0.0,60.772773,33.703305,60.653716,49.9748,33.696509,50.0,27.0,0.0,0.0,0.0,0.0,0.0,0.0,0.0,0
1153,60.780212,0.0,1.905041,0.0,38.158406,25.048457,0.80377,2.856013,0.0,89.532534,0.0,14.788724,0.0,60.666789,33.76618,60.687799,49.984346,33.715444,50.0,27.0,0.0,0.0,0.0,0.0,0.0,0.0,0.0,0
1154,60.781798,0.0,1.897288,0.0,37.968668,24.949002,0.803547,2.840758,0.0,89.215779,0.0,14.866402,0.0,60.843183,33.676267,60.673219,49.980394,33.707344,50.0,27.0,0.0,0.0,0.0,0.0,0.0,0.0,0.0,0
1155,60.539895,0.0,1.897253,0.0,37.857595,24.845068,0.801385,2.85014,0.0,88.916584,0.0,14.931207,0.0,60.727121,33.644339,60.500432,49.932734,33.611351,50.0,27.0,0.0,0.0,0.0,0.0,0.0,0.0,0.0,0
1156,60.950055,0.0,1.895727,0.0,38.013622,24.955445,0.803305,2.835094,0.0,89.025117,0.0,14.85903,0.0,60.795942,33.633748,60.561079,49.949831,33.645044,50.0,27.0,0.0,0.0,0.0,0.0,0.0,0.0,0.0,0
1157,60.774329,0.0,1.898276,0.0,38.07545,24.928269,0.80105,2.84401,0.0,89.133257,0.0,14.891676,0.0,60.32093,33.939891,60.746518,50.001335,33.748065,50.0,27.0,0.0,0.0,0.0,0.0,0.0,0.0,0.0,0
1158,60.718867,0.0,1.902553,0.0,38.022912,25.059406,0.799536,2.839524,0.0,89.227761,0.0,14.844988,0.0,60.437553,33.905488,60.763973,50.006153,33.757763,50.0,27.0,0.0,0.0,0.0,0.0,0.0,0.0,0.0,0
1159,60.741635,0.0,1.896933,0.0,38.042916,25.148528,0.79996,2.849434,0.0,89.262153,0.0,14.850413,0.0,60.348994,34.059048,60.978928,50.065535,33.877182,50.0,27.0,0.0,0.0,0.0,0.0,0.0,0.0,0.0,0
1160,60.631996,0.0,1.899818,0.0,38.059031,25.029867,0.799843,2.838806,0.0,89.598529,0.0,14.773043,0.0,61.103681,33.750768,61.043965,50.083185,33.913314,50.0,27.0,0.0,0.0,0.0,0.0,0.0,0.0,0.0,0
1161,60.737301,0.0,1.900213,0.0,37.86512,25.117701,0.798098,2.840959,0.0,89.518718,0.0,14.839242,0.0,60.820998,33.642151,60.535902,49.942345,33.631057,50.0,27.0,0.0,0.0,0.0,0.0,0.0,0.0,0.0,0
1162,60.757994,0.0,1.902239,0.0,37.921803,24.91519,0.798915,2.846618,0.0,89.089346,0.0,14.947348,0.0,60.691412,33.778749,60.71227,49.991379,33.729039,50.0,27.0,0.0,0.0,0.0,0.0,0.0,0.0,0.0,0
1163,61.00307,0.0,1.899862,0.0,37.926774,25.043263,0.802024,2.841599,0.0,88.901855,0.0,14.863657,0.0,61.092267,33.584802,60.702715,49.988781,33.723731,50.0,27.0,0.0,0.0,0.0,0.0,0.0,0.0,0.0,0
1164,60.32062,0.0,1.89607,0.0,38.249198,24.938025,0.798227,2.85996,0.0,89.109753,0.0,14.86951,0.0,60.717994,33.679971,60.553536,49.947604,33.640853,50.0,27.0,0.0,0.0,0.0,0.0,0.0,0.0,0.0,0
1165,60.695683,0.0,1.903263,0.0,38.174869,24.929317,0.799032,2.856148,0.0,89.192324,0.0,14.90565,0.0,60.695841,33.725641,60.637997,49.97121,33.687776,50.0,27.0,0.0,0.0,0.0,0.0,0.0,0.0,0.0,0
1166,60.803092,0.0,1.904145,0.0,37.933461,25.19401,0.796202,2.839472,0.0,88.873396,0.0,14.884376,0.0,60.580938,33.742612,60.562507,49.950488,33.645837,50.0,27.0,0.0,0.0,0.0,0.0,0.0,0.0,0.0,0
1167,60.814245,0.0,1.889644,0.0,37.983174,25.023433,0.801732,2.84508,0.0,89.337701,0.0,14.859714,0.0,60.561443,33.756701,60.573883,49.953878,33.652157,50.0,27.0,0.0,0.0,0.0,0.0,0.0,0.0,0.0,0
1168,60.585876,0.0,1.900595,0.0,37.847348,24.912195,0.800074,2.859798,0.0,88.320472,0.0,14.840398,0.0,60.889166,33.661738,60.700517,49.989109,33.722509,50.0,27.0,0.0,0.0,0.0,0.0,0.0,0.0,0.0,0
1169,60.708758,0.0,1.900663,0.0,38.076948,24.937083,0.794467,2.846453,0.0,88.927899,0.0,14.770538,0.0,60.868765,33.601304,60.564428,49.951549,33.646905,50.0,27.0,0.0,0.0,0.0,0.0,0.0,0.0,0.0,0
1170,60.848136,0.0,1.915762,0.0,38.023973,25.043721,0.799417,2.861083,0.0,88.865869,0.0,14.852918,0.0,60.702376,33.709145,60.644537,49.973931,33.691409,50.0,27.0,0.0,0.0,0.0,0.0,0.0,0.0,0.0,0
1171,61.021367,0.0,1.913063,0.0,38.016988,25.091225,0.800615,2.849061,0.0,89.169136,0.0,14.787507,0.0,60.1248,33.97247,60.626025,49.968945,33.681125,50.0,27.0,0.0,0.0,0.0,0.0,0.0,0.0,0.0,0
1172,60.741179,0.0,1.89025,0.0,37.956504,24.95877,0.797717,2.854217,0.0,88.637038,0.0,14.859226,0.0,60.55728,33.905861,60.886677,50.041142,33.825931,50.0,27.0,0.0,0.0,0.0,0.0,0.0,0.0,0.0,0
1173,60.659708,0.0,1.899567,0.0,38.286475,25.002783,0.802866,2.854349,0.0,89.107173,0.0,14.811676,0.0,60.778708,33.851331,60.972493,50.064657,33.873607,50.0,27.0,0.0,0.0,0.0,0.0,0.0,0.0,0.0,0
1174,60.368546,0.0,1.895181,0.0,37.989768,24.943452,0.801583,2.84418,0.0,89.286163,0.0,14.946427,0.0,60.644367,33.84694,60.816778,50.021296,33.787099,50.0,27.0,0.0,0.0,0.0,0.0,0.0,0.0,0.0,0
1175,61.085698,0.0,1.895843,0.0,38.042737,25.053732,0.796674,2.838375,0.0,89.283315,0.0,14.795927,0.0,61.009484,33.678715,60.81627,50.02105,33.786816,50.0,27.0,0.0,0.0,0.0,0.0,0.0,0.0,0.0,0
1176,60.744788,0.0,1.891893,0.0,37.941282,25.083087,0.796985,2.835923,0.0,89.096482,0.0,14.839219,0.0,60.934454,33.606051,60.60004,49.96118,33.666689,50.0,27.0,0.0,0.0,0.0,0.0,0.0,0.0,0.0,0
1177,60.748674,0.0,1.896701,0.0,37.826596,24.883995,0.795968,2.862272,0.0,88.508858,0.0,14.88996,0.0,60.825582,33.670521,60.64806,49.974645,33.693366,50.0,27.0,0.0,0.0,0.0,0.0,0.0,0.0,0.0,0
1178,60.849551,0.0,1.897736,0.0,37.851864,25.13841,0.799881,2.862285,0.0,89.190101,0.0,14.844139,0.0,60.746142,33.735127,60.715994,49.993548,33.731108,50.0,27.0,0.0,0.0,0.0,0.0,0.0,0.0,0.0,0
1179,60.737093,0.0,1.905011,0.0,38.025936,25.035411,0.800532,2.861438,0.0,88.835567,0.0,14.787474,0.0,60.852845,33.601262,60.542209,49.945547,33.634561,50.0,27.0,0.0,0.0,0.0,0.0,0.0,0.0,0.0,0
1180,60.533629,0.0,1.902823,0.0,38.055613,25.008131,0.799718,2.841191,0.0,88.970204,0.0,14.840373,0.0,60.922209,33.679568,60.796165,50.01601,33.775647,50.0,27.0,0.0,0.0,0.0,0.0,0.0,0.0,0.0,0
1181,60.846944,0.0,1.898238,0.0,38.061953,25.01572,0.802315,2.858512,0.0,89.344907,0.0,14.806215,0.0,60.808865,33.700764,60.73541,49.999138,33.741894,50.0,27.0,0.0,0.0,0.0,0.0,0.0,0.0,0.0,0
1182,60.555678,0.0,1.899171,0.0,38.051719,24.8777,0.80019,2.846013,0.0,89.221146,0.0,14.848045,0.0,60.824085,33.70273,60.759368,50.005764,33.755205,50.0,27.0,0.0,0.0,0.0,0.0,0.0,0.0,0.0,0
1183,60.832238,0.0,1.905035,0.0,38.000096,25.224882,0.797574,2.853684,0.0,89.505121,0.0,14.866028,0.0,60.811758,33.716218,60.779536,50.01131,33.766409,50.0,27.0,0.0,0.0,0.0,0.0,0.0,0.0,0.0,0
1184,60.898862,0.0,1.905087,0.0,38.03793,25.053012,0.79816,2.85728,0.0,89.125136,0.0,14.848262,0.0,60.745026,33.845428,60.987371,50.068699,33.881873,50.0,27.0,0.0,0.0,0.0,0.0,0.0,0.0,0.0,0
1185,60.483036,0.0,1.899469,0.0,38.01602,24.915997,0.800657,2.854949,0.0,88.989768,0.0,14.83523,0.0,60.730451,33.845901,60.958648,50.060418,33.865915,50.0,27.0,0.0,0.0,0.0,0.0,0.0,0.0,0.0,0
1186,60.588245,0.0,1.903799,0.0,37.829531,25.169794,0.803062,2.841539,0.0,89.304554,0.0,14.821732,0.0,60.528396,33.7018,60.438366,49.916313,33.57687,50.0,27.0,0.0,0.0,0.0,0.0,0.0,0.0,0.0,0
1187,60.666718,0.0,1.904839,0.0,37.896811,24.929329,0.799323,2.840639,0.0,88.772522,0.0,14.802544,0.0,60.591829,33.886037,60.896051,50.043232,33.83114,50.0,27.0,0.0,0.0,0.0,0.0,0.0,0.0,0.0,0
1188,60.927573,0.0,1.906669,0.0,38.014662,24.911391,0.801119,2.852841,0.0,89.39217,0.0,14.822301,0.0,60.931289,33.779337,60.991428,50.069379,33.884127,50.0,27.0,0.0,0.0,0.0,0.0,0.0,0.0,0.0,0
1189,60.710826,0.0,1.894171,0.0,38.057492,24.890945,0.799413,2.853114,0.0,88.884988,0.0,14.852762,0.0,60.52897,33.756498,60.537174,49.94348,33.631763,50.0,27.0,0.0,0.0,0.0,0.0,0.0,0.0,0.0,0
1190,60.41787,0.0,1.905394,0.0,38.04845,24.965442,0.797818,2.857339,0.0,89.436895,0.0,14.847321,0.0,60.685972,33.821496,60.830768,50.024909,33.794871,50.0,27.0,0.0,0.0,0.0,0.0,0.0,0.0,0.0,0
1191,60.611974,0.0,1.903759,0.0,38.078582,25.008277,0.797719,2.843073,0.0,88.80427,0.0,14.855597,0.0,60.75316,33.919384,61.095389,50.097925,33.941883,50.0,27.0,0.0,0.0,0.0,0.0,0.0,0.0,0.0,0
1192,60.521458,0.0,1.89946,0.0,38.142301,25.07287,0.802802,2.862631,0.0,89.612998,0.0,14.920992,0.0,60.803945,33.630721,60.515887,49.937266,33.619937,50.0,27.0,0.0,0.0,0.0,0.0,0.0,0.0,0.0,0
1193,60.969205,0.0,1.899376,0.0,37.956134,25.012636,0.797212,2.842864,0.0,89.129267,0.0,14.910367,0.0,60.7738,33.782297,60.823476,50.022594,33.79082,50.0,27.0,0.0,0.0,0.0,0.0,0.0,0.0,0.0,0
1194,60.831857,0.0,1.901631,0.0,38.066838,24.926276,0.796951,2.850249,0.0,88.681253,0.0,14.87978,0.0,61.03251,33.495993,60.475158,49.926208,33.59731,50.0,27.0,0.0,0.0,0.0,0.0,0.0,0.0,0.0,0
1195,60.636538,0.0,1.909436,0.0,38.007938,24.967998,0.805355,2.846198,0.0,89.017335,0.0,14.834811,0.0,60.828274,33.712305,60.76204,50.005869,33.756689,50.0,27.0,0.0,0.0,0.0,0.0,0.0,0.0,0.0,0
1196,61.076044,0.0,1.900247,0.0,38.040405,25.071856,0.798749,2.838499,0.0,89.537221,0.0,14.891212,0.0,60.751312,33.75905,60.78782,50.012965,33.771011,50.0,27.0,0.0,0.0,0.0,0.0,0.0,0.0,0.0,0
1197,60.925188,0.0,1.901875,0.0,38.100625,25.105547,0.795857,2.844975,0.0,89.831769,0.0,14.856868,0.0,60.164893,33.941265,60.58348,49.956422,33.657489,50.0,27.0,0.0,0.0,0.0,0.0,0.0,0.0,0.0,0
1198,60.357673,0.0,1.895653,0.0,38.174091,24.978178,0.797987,2.847507,0.0,89.241,0.0,14.839518,0.0,60.773052,33.698896,60.654229,49.976193,33.696794,50.0,27.0,0.0,0.0,0.0,0.0,0.0,0.0,0.0,0
1199,60.782668,0.0,1.899691,0.0,38.027661,25.010917,0.800411,2.853657,0.0,89.342524,0.0,14.874582,0.0,60.857126,33.743216,60.839216,50.027441,33.799565,50.0,27.0,0.0,0.0,0.0,0.0,0.0,0.0,0.0,0
1200,60.868433,0.0,1.891866,0.0,38.209786,25.007261,0.798786,2.841915,0.0,89.080977,0.0,14.935887,0.0,60.685184,33.889729,60.977446,50.065511,33.876359,50.0,27.0,0.0,0.0,0.0,0.0,0.0,0.0,0.0,0
1201,61.00358,0.0,1.902378,0.0,38.093679,24.948342,0.803659,2.85628,0.0,89.441177,0.0,14.883616,0.0,60.748065,33.777483,60.785292,50.012074,33.769607,50.0,27.0,0.0,0.0,0.0,0.0,0.0,0.0,0.0,0
1202,60.730879,0.0,1.903596,0.0,38.075113,25.05342,0.803684,2.857317,0.0,88.717891,0.0,14.866404,0.0,60.649232,33.845752,60.828136,50.023856,33.793409,50.0,27.0,0.0,0.0,0.0,0.0,0.0,0.0,0.0,0
1203,60.683483,0.0,1.904506,0.0,38.194255,25.096586,0.802714,2.841754,0.0,88.760731,0.0,14.867652,0.0,60.690967,33.788965,60.738904,49.999074,33.743836,50.0,27.0,0.0,0.0,0.0,0.0,0.0,0.0,0.0,0
1204,60.612669,0.0,1.900405,0.0,37.880089,24.936547,0.794513,2.853448,0.0,89.567676,0.0,14.855104,0.0,60.701509,33.61598,60.38156,49.90031,33.545311,50.0,27.0,0.0,0.0,0.0,0.0,0.0,0.0,0.0,0
1205,60.458993,0.0,1.906729,0.0,38.0295,25.020198,0.803442,2.83828,0.0,89.361596,0.0,14.927815,0.0,60.814013,33.668081,60.623962,49.967805,33.679979,50.0,27.0,0.0,0.0,0.0,0.0,0.0,0.0,0.0,0
1206,60.696131,0.0,1.909882,0.0,38.083974,25.081271,0.802803,2.848945,0.0,89.318729,0.0,14.876609,0.0,60.710872,33.766708,60.740741,50.000243,33.744856,50.0,27.0,0.0,0.0,0.0,0.0,0.0,0.0,0.0,0
1207,60.662499,0.0,1.899757,0.0,37.876758,25.03087,0.799802,2.83921,0.0,89.183206,0.0,14.848557,0.0,60.870655,33.821479,61.01419,50.075822,33.896772,50.0,27.0,0.0,0.0,0.0,0.0,0.0,0.0,0.0,0
1208,60.795895,0.0,1.904832,0.0,37.850238,25.115766,0.796801,2.845999,0.0,89.013573,0.0,14.928035,0.0,60.769074,33.595462,60.426883,49.913115,33.57049,50.0,27.0,0.0,0.0,0.0,0.0,0.0,0.0,0.0,0
1209,60.511047,0.0,1.905088,0.0,38.032838,25.055527,0.800172,2.84446,0.0,89.245042,0.0,14.828001,0.0,60.873439,33.91642,61.229655,50.13543,34.016475,50.0,27.0,0.0,0.0,0.0,0.0,0.0,0.0,0.0,0
1210,60.513001,0.0,1.912962,0.0,38.001339,25.140847,0.803232,2.834603,0.0,89.125928,0.0,14.857586,0.0,60.660613,33.791669,60.731419,49.997046,33.739677,50.0,27.0,0.0,0.0,0.0,0.0,0.0,0.0,0.0,0
1211,60.535173,0.0,1.902953,0.0,38.161751,25.003208,0.802235,2.86368,0.0,89.269823,0.0,14.886474,0.0,60.611069,33.734654,60.557185,49.948903,33.642881,50.0,27.0,0.0,0.0,0.0,0.0,0.0,0.0,0.0,0
1212,60.696404,0.0,1.884505,0.0,38.047596,24.862266,0.800569,2.851209,0.0,89.321338,0.0,14.833942,0.0,60.649322,33.916863,60.983153,50.066893,33.879529,50.0,27.0,0.0,0.0,0.0,0.0,0.0,0.0,0.0,0
1213,60.706888,0.0,1.890326,0.0,38.018551,25.027896,0.802131,2.851482,0.0,89.115991,0.0,14.918237,0.0,60.741903,33.831668,60.875159,50.036711,33.819533,50.0,27.0,0.0,0.0,0.0,0.0,0.0,0.0,0.0,0
1214,60.616949,0.0,1.888032,0.0,38.102932,25.034906,0.80114,2.842361,0.0,89.424525,0.0,14.864988,0.0,60.853338,33.732479,60.76904,50.007198,33.760578,50.0,27.0,0.0,0.0,0.0,0.0,0.0,0.0,0.0,0
1215,60.602753,0.0,1.895832,0.0,37.843572,25.098804,0.799502,2.852687,0.0,89.060272,0.0,14.893692,0.0,60.545933,33.738488,60.479577,49.927156,33.599765,50.0,27.0,0.0,0.0,0.0,0.0,0.0,0.0,0.0,0
1216,60.80551,0.0,1.899827,0.0,37.928899,25.069659,0.798881,2.854252,0.0,89.118645,0.0,14.874071,0.0,60.774191,33.673638,60.575192,49.953946,33.652884,50.0,27.0,0.0,0.0,0.0,0.0,0.0,0.0,0.0,0
1217,60.91464,0.0,1.898563,0.0,38.010912,24.93109,0.79892,2.854839,0.0,89.002312,0.0,14.896514,0.0,60.71784,33.752536,60.697703,49.988036,33.720946,50.0,27.0,0.0,0.0,0.0,0.0,0.0,0.0,0.0,0
1218,60.977729,0.0,1.892819,0.0,37.982063,24.928897,0.798308,2.842251,0.0,89.063542,0.0,14.922017,0.0,60.982177,33.607136,60.656596,49.976734,33.698109,50.0,27.0,0.0,0.0,0.0,0.0,0.0,0.0,0.0,0
1219,60.966054,0.0,1.90191,0.0,38.064656,24.950947,0.801894,2.848009,0.0,89.355758,0.0,14.876123,0.0,60.589158,33.635045,60.342794,49.890116,33.523774,50.0,27.0,0.0,0.0,0.0,0.0,0.0,0.0,0.0,0
1220,60.601031,0.0,1.902746,0.0,38.003574,25.064392,0.801734,2.854944,0.0,88.999861,0.0,14.844038,0.0,61.080277,33.596134,60.767233,50.007976,33.759574,50.0,27.0,0.0,0.0,0.0,0.0,0.0,0.0,0.0,0
1221,60.669191,0.0,1.900494,0.0,38.020375,24.983137,0.803928,2.861853,0.0,88.942488,0.0,14.828674,0.0,60.780199,33.710642,60.728262,49.997165,33.737923,50.0,27.0,0.0,0.0,0.0,0.0,0.0,0.0,0.0,0
1222,60.640747,0.0,1.895564,0.0,38.043483,25.042882,0.799898,2.847235,0.0,88.694255,0.0,14.873159,0.0,60.483403,33.902699,60.839832,50.028017,33.799906,50.0,27.0,0.0,0.0,0.0,0.0,0.0,0.0,0.0,0
1223,60.648053,0.0,1.902901,0.0,37.955681,24.986802,0.798185,2.862746,0.0,88.749907,0.0,14.85585,0.0,60.919728,33.851661,61.146221,50.112562,33.970123,50.0,27.0,0.0,0.0,0.0,0.0,0.0,0.0,0.0,0
1224,60.983446,0.0,1.906769,0.0,37.966621,25.022576,0.803714,2.854215,0.0,89.108013,0.0,14.855781,0.0,60.770592,33.75112,60.770852,50.008252,33.761585,50.0,27.0,0.0,0.0,0.0,0.0,0.0,0.0,0.0,0
1225,60.603152,0.0,1.900926,0.0,37.967705,24.993937,0.800661,2.846852,0.0,89.058725,0.0,14.947053,0.0,60.857365,33.562473,60.459681,49.922204,33.588712,50.0,27.0,0.0,0.0,0.0,0.0,0.0,0.0,0.0,0
1226,60.872937,0.0,1.895873,0.0,37.939018,25.048292,0.800116,2.850274,0.0,89.463869,0.0,14.89095,0.0,60.597249,33.891241,60.917915,50.049245,33.843286,50.0,27.0,0.0,0.0,0.0,0.0,0.0,0.0,0.0,0
1227,60.726024,0.0,1.892125,0.0,37.765676,25.149866,0.806208,2.856797,0.0,88.945136,0.0,14.870956,0.0,60.557887,33.765207,60.592659,49.959101,33.662588,50.0,27.0,0.0,0.0,0.0,0.0,0.0,0.0,0.0,0
1228,60.601347,0.0,1.89217,0.0,38.110255,24.896867,0.802066,2.869899,0.0,89.090763,0.0,14.879258,0.0,61.003323,33.666231,60.827145,50.024115,33.792858,50.0,27.0,0.0,0.0,0.0,0.0,0.0,0.0,0.0,0
1229,60.802672,0.0,1.89522,0.0,38.099893,25.072957,0.798962,2.857422,0.0,89.164363,0.0,14.862962,0.0,61.029228,33.687927,60.909825,50.046848,33.838792,50.0,27.0,0.0,0.0,0.0,0.0,0.0,0.0,0.0,0
1230,61.071355,0.0,1.901234,0.0,37.963498,25.006073,0.796622,2.844956,0.0,88.985896,0.0,14.870696,0.0,61.068124,33.65818,60.893436,50.042085,33.829687,50.0,27.0,0.0,0.0,0.0,0.0,0.0,0.0,0.0,0
1231,60.822145,0.0,1.899308,0.0,37.876037,24.820439,0.798875,2.862333,0.0,89.180526,0.0,14.886961,0.0,60.768431,33.620629,60.525453,49.940166,33.625251,50.0,27.0,0.0,0.0,0.0,0.0,0.0,0.0,0.0,0
1232,60.890115,0.0,1.908636,0.0,37.994193,24.883491,0.797117,2.861812,0.0,89.127454,0.0,14.84386,0.0,60.760676,33.761144,60.829281,50.024441,33.794045,50.0,27.0,0.0,0.0,0.0,0.0,0.0,0.0,0.0,0
1233,60.832733,0.0,1.907179,0.0,37.849657,25.011807,0.800023,2.841263,0.0,89.683381,0.0,14.879152,0.0,60.927657,33.597612,60.647026,49.973945,33.692792,50.0,27.0,0.0,0.0,0.0,0.0,0.0,0.0,0.0,0
1234,61.059804,0.0,1.901553,0.0,37.931642,24.879857,0.801532,2.843952,0.0,89.222851,0.0,14.791329,0.0,60.596892,33.740936,60.636123,49.971061,33.686735,50.0,27.0,0.0,0.0,0.0,0.0,0.0,0.0,0.0,0
1235,60.561825,0.0,1.8829,0.0,38.175548,24.938284,0.800848,2.836016,0.0,88.737409,0.0,14.804704,0.0,60.594103,33.83627,60.831977,50.025338,33.795543,50.0,27.0,0.0,0.0,0.0,0.0,0.0,0.0,0.0,0
1236,60.480009,0.0,1.893626,0.0,37.970283,24.929968,0.803611,2.847216,0.0,89.447559,0.0,14.857567,0.0,60.516766,33.883882,60.840205,50.027486,33.800114,50.0,27.0,0.0,0.0,0.0,0.0,0.0,0.0,0.0,0
1237,61.014608,0.0,1.899413,0.0,37.778391,24.919372,0.799314,2.856928,0.0,89.153501,0.0,14.848112,0.0,60.775789,33.831441,60.968396,50.062781,33.871331,50.0,27.0,0.0,0.0,0.0,0.0,0.0,0.0,0.0,0
1238,60.828694,0.0,1.904826,0.0,37.995209,25.108839,0.79774,2.839828,0.0,89.358747,0.0,14.888952,0.0,60.734869,33.779028,60.804878,50.017273,33.780488,50.0,27.0,0.0,0.0,0.0,0.0,0.0,0.0,0.0,0
1239,60.73455,0.0,1.894614,0.0,38.029537,24.882104,0.799455,2.859517,0.0,89.142402,0.0,14.834404,0.0,60.808617,33.803866,60.926645,50.050843,33.848136,50.0,27.0,0.0,0.0,0.0,0.0,0.0,0.0,0.0,0
1240,60.645524,0.0,1.903826,0.0,38.037228,25.07897,0.797354,2.847232,0.0,88.938612,0.0,14.840379,0.0,60.380516,33.9088,60.712511,49.991404,33.729173,50.0,27.0,0.0,0.0,0.0,0.0,0.0,0.0,0.0,0
1241,60.660172,0.0,1.898943,0.0,38.057774,25.075177,0.799261,2.853104,0.0,89.340053,0.0,14.882949,0.0,60.836589,33.691494,60.689455,49.985074,33.716364,50.0,27.0,0.0,0.0,0.0,0.0,0.0,0.0,0.0,0
1242,60.705035,0.0,1.913084,0.0,38.136819,24.899357,0.802659,2.846214,0.0,89.018085,0.0,14.846145,0.0,60.880429,33.639109,60.631991,49.969266,33.68444,50.0,27.0,0.0,0.0,0.0,0.0,0.0,0.0,0.0,0
1243,60.824678,0.0,1.897802,0.0,37.985289,24.85612,0.803541,2.85795,0.0,89.560297,0.0,14.86339,0.0,60.882572,33.7351,60.852142,50.030267,33.806746,50.0,27.0,0.0,0.0,0.0,0.0,0.0,0.0,0.0,0
1244,60.846305,0.0,1.896547,0.0,37.92411,24.978902,0.79758,2.849755,0.0,89.191466,0.0,14.819579,0.0,60.760449,33.631489,60.513367,49.936481,33.618537,50.0,27.0,0.0,0.0,0.0,0.0,0.0,0.0,0.0,0
1245,60.577895,0.0,1.896367,0.0,37.97832,24.984742,0.801958,2.842406,0.0,88.731187,0.0,14.837244,0.0,60.360715,34.078819,61.072662,50.091384,33.929257,50.0,27.0,0.0,0.0,0.0,0.0,0.0,0.0,0.0,0
1246,60.527019,0.0,1.90042,0.0,38.101836,24.995027,0.796791,2.831892,0.0,89.210354,0.0,14.88795,0.0,60.870412,33.700235,60.739285,49.998785,33.744047,50.0,27.0,0.0,0.0,0.0,0.0,0.0,0.0,0.0,0
1247,60.77945,0.0,1.905922,0.0,38.075544,24.944665,0.803374,2.841976,0.0,89.157033,0.0,14.880947,0.0,61.09452,33.574105,60.705535,49.989463,33.725297,50.0,27.0,0.0,0.0,0.0,0.0,0.0,0.0,0.0,0
1248,60.709617,0.0,1.895006,0.0,37.885401,24.986603,0.798059,2.845614,0.0,89.17765,0.0,14.849325,0.0,60.960537,33.575336,60.598461,49.95992,33.665812,50.0,27.0,0.0,0.0,0.0,0.0,0.0,0.0,0.0,0
1249,60.788534,0.0,1.892586,0.0,37.885467,25.026867,0.800669,2.847976,0.0,88.661843,0.0,14.897771,0.0,60.955614,33.816166,61.124168,50.105423,33.957871,50.0,27.0,0.0,0.0,0.0,0.0,0.0,0.0,0.0,0
1250,60.745016,0.0,1.895271,0.0,37.999553,25.048595,0.799813,2.853622,0.0,89.205214,0.0,14.851777,0.0,60.691914,33.705289,60.616053,49.964457,33.675585,50.0,27.0,0.0,0.0,0.0,0.0,0.0,0.0,0.0,0
1251,60.787649,0.0,1.891088,0.0,38.099984,25.02908,0.798724,2.84695,0.0,89.086872,0.0,14.895188,0.0,60.877292,33.649386,60.688251,49.98459,33.715695,50.0,27.0,0.0,0.0,0.0,0.0,0.0,0.0,0.0,0
1252,60.95033,0.0,1.891526,0.0,37.98875,25.044161,0.795842,2.858913,0.0,89.006064,0.0,14.794137,0.0,60.798952,33.85868,61.063205,50.088302,33.924003,50.0,27.0,0.0,0.0,0.0,0.0,0.0,0.0,0.0,0
1253,60.849844,0.0,1.892405,0.0,38.018078,25.191407,0.796884,2.853539,0.0,89.204701,0.0,14.810125,0.0,60.633184,33.693064,60.531575,49.940922,33.628653,50.0,27.0,0.0,0.0,0.0,0.0,0.0,0.0,0.0,0
1254,61.032336,0.0,1.90462,0.0,38.129788,24.861067,0.798825,2.840082,0.0,88.767847,0.0,14.893432,0.0,60.623234,33.867803,60.896566,50.042098,33.831425,50.0,27.0,0.0,0.0,0.0,0.0,0.0,0.0,0.0,0
1255,60.841037,0.0,1.904896,0.0,37.874135,25.110788,0.796224,2.836363,0.0,88.949829,0.0,14.945714,0.0,60.537164,33.855684,60.76785,50.006312,33.759917,50.0,27.0,0.0,0.0,0.0,0.0,0.0,0.0,0.0,0
1256,60.568661,0.0,1.907871,0.0,37.955315,25.008924,0.799498,2.851119,0.0,89.493774,0.0,14.86132,0.0,60.911922,33.882172,61.184062,50.12132,33.991145,50.0,27.0,0.0,0.0,0.0,0.0,0.0,0.0,0.0,0
1257,60.854622,0.0,1.898419,0.0,38.080305,24.957234,0.799496,2.835893,0.0,89.235697,0.0,14.887813,0.0,60.815239,33.827474,60.954992,50.057402,33.863884,50.0,27.0,0.0,0.0,0.0,0.0,0.0,0.0,0.0,0
1258,60.743674,0.0,1.901349,0.0,37.876708,24.884508,0.801769,2.846505,0.0,89.038712,0.0,14.969143,0.0,60.962117,33.581218,60.57369,49.951727,33.65205,50.0,27.0,0.0,0.0,0.0,0.0,0.0,0.0,0.0,0
1259,61.061225,0.0,1.895528,0.0,38.013677,25.140128,0.803264,2.86533,0.0,89.670257,0.0,14.847832,0.0,60.804132,33.625912,60.534256,49.941067,33.630142,50.0,27.0,0.0,0.0,0.0,0.0,0.0,0.0,0.0,0
1260,60.633449,0.0,1.908367,0.0,37.987641,24.995648,0.799565,2.861351,0.0,88.851488,0.0,14.847687,0.0,61.215294,33.416649,60.520872,49.937661,33.622707,50.0,27.0,0.0,0.0,0.0,0.0,0.0,0.0,0.0,0
1261,60.841217,0.0,1.898263,0.0,38.005576,25.035806,0.798607,2.829279,0.0,88.957192,0.0,14.772111,0.0,60.7545,33.658605,60.613855,49.963672,33.674364,50.0,27.0,0.0,0.0,0.0,0.0,0.0,0.0,0.0,0
1262,60.463992,0.0,1.886563,0.0,37.944822,24.959774,0.798431,2.842592,0.0,88.798485,0.0,14.765469,0.0,60.656588,33.81974,60.864628,50.033165,33.813682,50.0,27.0,0.0,0.0,0.0,0.0,0.0,0.0,0.0,0
1263,61.030261,0.0,1.896203,0.0,38.043286,25.063476,0.798121,2.856341,0.0,88.949297,0.0,14.838251,0.0,60.594066,33.868679,60.892335,50.040658,33.829075,50.0,27.0,0.0,0.0,0.0,0.0,0.0,0.0,0.0,0
1264,60.844967,0.0,1.895042,0.0,38.011578,25.011415,0.803099,2.860536,0.0,89.50468,0.0,14.84266,0.0,60.593393,33.732845,60.586494,49.955923,33.659163,50.0,27.0,0.0,0.0,0.0,0.0,0.0,0.0,0.0,0
1265,60.985285,0.0,1.889778,0.0,38.071468,24.95414,0.802601,2.857935,0.0,89.791776,0.0,14.88249,0.0,60.804863,33.545437,60.403081,49.905447,33.557267,50.0,27.0,0.0,0.0,0.0,0.0,0.0,0.0,0.0,0
1266,61.056662,0.0,1.904068,0.0,37.744904,25.088273,0.797435,2.855801,0.0,88.470264,0.0,14.846828,0.0,60.788563,33.665578,60.665315,49.978398,33.702953,50.0,27.0,0.0,0.0,0.0,0.0,0.0,0.0,0.0,0
1267,60.878741,0.0,1.900513,0.0,37.979996,24.948332,0.800791,2.860129,0.0,89.061583,0.0,14.816068,0.0,60.704548,33.772463,60.814464,50.01973,33.785813,50.0,27.0,0.0,0.0,0.0,0.0,0.0,0.0,0.0,0
1268,60.38695,0.0,1.890021,0.0,38.233861,24.853835,0.800636,2.845028,0.0,89.00932,0.0,14.799736,0.0,60.716947,33.844076,60.971052,50.062912,33.872807,50.0,27.0,0.0,0.0,0.0,0.0,0.0,0.0,0.0,0
1269,60.587006,0.0,1.896424,0.0,37.963831,25.082583,0.80003,2.849412,0.0,88.844913,0.0,14.770328,0.0,60.610372,33.651581,60.44255,49.916523,33.579195,50.0,27.0,0.0,0.0,0.0,0.0,0.0,0.0,0.0,0
1270,60.763704,0.0,1.900078,0.0,38.200569,25.093652,0.80017,2.857492,0.0,89.110289,0.0,14.876552,0.0,60.664698,33.810769,60.843153,50.027663,33.801752,50.0,27.0,0.0,0.0,0.0,0.0,0.0,0.0,0.0,0
1271,60.523248,0.0,1.909383,0.0,38.066002,25.083484,0.798643,2.852193,0.0,88.899058,0.0,14.83788,0.0,60.813081,33.732871,60.816066,50.020039,33.786704,50.0,27.0,0.0,0.0,0.0,0.0,0.0,0.0,0.0,0
1272,60.853615,0.0,1.907584,0.0,38.055703,25.037631,0.802973,2.858279,0.0,88.77561,0.0,14.932675,0.0,60.596577,33.763176,60.663301,49.977716,33.701834,50.0,27.0,0.0,0.0,0.0,0.0,0.0,0.0,0.0,0
1273,60.620279,0.0,1.896799,0.0,38.220133,24.942917,0.797451,2.845007,0.0,89.37993,0.0,14.920519,0.0,60.940413,33.691654,60.8521,50.03001,33.806722,50.0,27.0,0.0,0.0,0.0,0.0,0.0,0.0,0.0,0
1274,60.886614,0.0,1.891914,0.0,37.889228,24.896184,0.798163,2.841248,0.0,89.409434,0.0,14.899102,0.0,60.947307,33.665183,60.808676,50.017858,33.782598,50.0,27.0,0.0,0.0,0.0,0.0,0.0,0.0,0.0,0
1275,60.738255,0.0,1.899792,0.0,37.798365,25.081679,0.796394,2.855681,0.0,88.738805,0.0,14.886174,0.0,60.700684,33.738342,60.725037,49.994652,33.736131,50.0,27.0,0.0,0.0,0.0,0.0,0.0,0.0,0.0,0
1276,60.509522,0.0,1.893558,0.0,37.90223,25.084907,0.800389,2.854338,0.0,89.383347,0.0,14.818603,0.0,60.705149,33.719753,60.68877,49.984654,33.715983,50.0,27.0,0.0,0.0,0.0,0.0,0.0,0.0,0.0,0
1277,60.896182,0.0,1.904829,0.0,37.885668,25.027533,0.794976,2.850398,0.0,88.914752,0.0,14.854427,0.0,60.639405,33.89436,60.992361,50.068642,33.884645,50.0,27.0,0.0,0.0,0.0,0.0,0.0,0.0,0.0,0
1278,60.888413,0.0,1.906495,0.0,38.092418,25.001835,0.803391,2.840076,0.0,89.261237,0.0,14.763906,0.0,60.428677,33.868277,60.704554,49.988752,33.724752,50.0,27.0,0.0,0.0,0.0,0.0,0.0,0.0,0.0,0
1279,61.076861,0.0,1.896723,0.0,38.099633,24.87384,0.798197,2.845747,0.0,88.91742,0.0,14.825073,0.0,60.425698,34.034707,61.035397,50.080252,33.908554,50.0,27.0,0.0,0.0,0.0,0.0,0.0,0.0,0.0,0
1280,60.402255,0.0,1.891144,0.0,38.025042,24.978374,0.800338,2.845871,0.0,88.837072,0.0,14.858456,0.0,60.559842,33.890406,60.827048,50.022266,33.792804,50.0,27.0,0.0,0.0,0.0,0.0,0.0,0.0,0.0,0
1281,61.135681,0.0,1.903067,0.0,37.976033,25.053006,0.798133,2.851942,0.0,89.133392,0.0,14.944763,0.0,60.777101,33.814238,60.866941,50.033181,33.814967,50.0,27.0,0.0,0.0,0.0,0.0,0.0,0.0,0.0,0
1282,60.661353,0.0,1.897704,0.0,38.098217,25.091673,0.800873,2.872401,0.0,89.361578,0.0,14.911796,0.0,60.67499,33.719922,60.560266,49.948252,33.644592,50.0,27.0,0.0,0.0,0.0,0.0,0.0,0.0,0.0,0
1283,60.669467,0.0,1.900084,0.0,38.139204,24.929297,0.800918,2.846829,0.0,89.023756,0.0,14.94486,0.0,61.067411,33.465242,60.422641,49.910471,33.568134,50.0,27.0,0.0,0.0,0.0,0.0,0.0,0.0,0.0,0
1284,60.673768,0.0,1.902977,0.0,38.077023,25.103603,0.80174,2.850812,0.0,89.232977,0.0,14.872865,0.0,60.965726,33.672105,60.797606,50.014555,33.776448,50.0,27.0,0.0,0.0,0.0,0.0,0.0,0.0,0.0,0
1285,60.803202,0.0,1.901031,0.0,38.067578,24.984987,0.798672,2.835327,0.0,88.652157,0.0,14.870515,0.0,60.923484,33.745739,60.921195,50.048642,33.845108,50.0,27.0,0.0,0.0,0.0,0.0,0.0,0.0,0.0,0
1286,60.792378,0.0,1.900941,0.0,37.947804,24.993884,0.79832,2.845029,0.0,89.367709,0.0,14.841931,0.0,60.821187,33.786103,60.904182,50.043698,33.835657,50.0,27.0,0.0,0.0,0.0,0.0,0.0,0.0,0.0,0
1287,60.71033,0.0,1.899968,0.0,37.935873,24.980243,0.799145,2.858482,0.0,89.821161,0.0,14.828848,0.0,60.654366,33.77491,60.708566,49.989413,33.726981,50.0,27.0,0.0,0.0,0.0,0.0,0.0,0.0,0.0,0
1288,61.16089,0.0,1.908179,0.0,37.958397,24.969141,0.798866,2.854799,0.0,89.264581,0.0,14.833155,0.0,60.849059,33.836288,61.02934,50.078126,33.905189,50.0,27.0,0.0,0.0,0.0,0.0,0.0,0.0,0.0,0
1289,60.848251,0.0,1.904643,0.0,37.99891,24.860004,0.797861,2.846438,0.0,89.217703,0.0,14.801794,0.0,60.752788,33.823069,60.893918,50.040307,33.829955,50.0,27.0,0.0,0.0,0.0,0.0,0.0,0.0,0.0,0
1290,60.954402,0.0,1.900221,0.0,37.884688,24.975888,0.804307,2.849662,0.0,88.57436,0.0,14.826011,0.0,60.487262,33.966294,60.921687,50.047782,33.845382,50.0,27.0,0.0,0.0,0.0,0.0,0.0,0.0,0.0,0
1291,60.794229,0.0,1.90434,0.0,37.945987,25.027321,0.796993,2.832147,0.0,89.265384,0.0,14.873839,0.0,60.641538,33.877514,60.861539,50.03092,33.811966,50.0,27.0,0.0,0.0,0.0,0.0,0.0,0.0,0.0,0
1292,60.740985,0.0,1.897677,0.0,38.1645,24.85607,0.799774,2.850884,0.0,89.623963,0.0,14.849403,0.0,60.590857,33.843476,60.725309,49.993112,33.736283,50.0,27.0,0.0,0.0,0.0,0.0,0.0,0.0,0.0,0
1293,60.542444,0.0,1.898071,0.0,37.967236,24.988028,0.800726,2.864222,0.0,89.50483,0.0,14.839543,0.0,60.81395,33.719235,60.677928,49.980051,33.70996,50.0,27.0,0.0,0.0,0.0,0.0,0.0,0.0,0.0,0
1294,60.614097,0.0,1.913072,0.0,37.953242,25.040531,0.801117,2.846061,0.0,89.477028,0.0,14.931612,0.0,61.288444,33.539705,60.782229,50.008978,33.767905,50.0,27.0,0.0,0.0,0.0,0.0,0.0,0.0,0.0,0
1295,60.862829,0.0,1.894168,0.0,38.028423,25.016048,0.798164,2.848476,0.0,88.45229,0.0,14.918918,0.0,60.895298,33.893077,61.166116,50.115038,33.981175,50.0,27.0,0.0,0.0,0.0,0.0,0.0,0.0,0.0,0
1296,60.627514,0.0,1.901872,0.0,37.77912,25.109129,0.800329,2.854512,0.0,89.338215,0.0,14.926213,0.0,60.955637,33.708645,60.820491,50.018937,33.789162,50.0,27.0,0.0,0.0,0.0,0.0,0.0,0.0,0.0,0
1297,60.801528,0.0,1.902692,0.0,38.030896,25.096904,0.804584,2.857133,0.0,88.920723,0.0,14.824334,0.0,60.559728,33.878881,60.79212,50.011001,33.7734,50.0,27.0,0.0,0.0,0.0,0.0,0.0,0.0,0.0,0
1298,60.762618,0.0,1.903538,0.0,38.16333,25.009633,0.800264,2.856996,0.0,89.151166,0.0,14.820428,0.0,60.787241,33.729032,60.689021,49.98245,33.716123,50.0,27.0,0.0,0.0,0.0,0.0,0.0,0.0,0.0,0
1299,60.603208,0.0,1.901988,0.0,37.792607,24.966053,0.798789,2.847457,0.0,89.047957,0.0,14.918462,0.0,60.800565,33.646968,60.535381,49.940072,33.630767,50.0,27.0,0.0,0.0,0.0,0.0,0.0,0.0,0.0,0
1300,60.818348,0.0,1.900716,0.0,38.025848,25.023675,0.802671,2.857841,0.0,88.823474,0.0,14.934942,0.0,60.980403,33.692183,60.827168,50.021019,33.792871,50.0,27.0,0.0,0.0,0.0,0.0,0.0,0.0,0.0,0
1301,60.81771,0.0,1.903818,0.0,38.009463,24.864413,0.803125,2.850967,0.0,88.84855,0.0,14.793494,0.0,60.740319,33.75487,60.728893,49.993751,33.738274,50.0,27.0,0.0,0.0,0.0,0.0,0.0,0.0,0.0,0
1302,61.016169,0.0,1.909954,0.0,38.003156,25.144535,0.800005,2.856931,0.0,89.246239,0.0,14.898324,0.0,60.520038,33.927113,60.87265,50.033516,33.818139,50.0,27.0,0.0,0.0,0.0,0.0,0.0,0.0,0.0,0
1303,60.882138,0.0,1.907494,0.0,38.019589,25.085807,0.800389,2.837877,0.0,89.285757,0.0,14.896258,0.0,61.021112,33.662949,60.794463,50.011739,33.774702,50.0,27.0,0.0,0.0,0.0,0.0,0.0,0.0,0.0,0
1304,61.013723,0.0,1.899883,0.0,38.165723,24.942489,0.798679,2.839948,0.0,89.030938,0.0,14.855023,0.0,60.63937,33.74091,60.591336,49.955537,33.661853,50.0,27.0,0.0,0.0,0.0,0.0,0.0,0.0,0.0,0
1305,60.704421,0.0,1.909429,0.0,38.050532,25.093137,0.799013,2.851555,0.0,88.760901,0.0,14.849892,0.0,60.394128,33.885012,60.653063,49.97282,33.696146,50.0,27.0,0.0,0.0,0.0,0.0,0.0,0.0,0.0,0
1306,60.306032,0.0,1.89921,0.0,38.041987,24.996723,0.803322,2.845489,0.0,88.981016,0.0,14.811882,0.0,60.461491,34.007505,60.962626,50.058517,33.868125,50.0,27.0,0.0,0.0,0.0,0.0,0.0,0.0,0.0,0
1307,60.956139,0.0,1.900542,0.0,37.976662,24.966833,0.801504,2.868483,0.0,89.011522,0.0,14.932282,0.0,60.760653,33.844571,60.886779,50.037262,33.825988,50.0,27.0,0.0,0.0,0.0,0.0,0.0,0.0,0.0,0
1308,60.833311,0.0,1.889491,0.0,38.108555,24.897898,0.800269,2.850044,0.0,89.53591,0.0,14.957189,0.0,60.90412,33.839885,61.012477,50.071819,33.895821,50.0,27.0,0.0,0.0,0.0,0.0,0.0,0.0,0.0,0
1309,60.687474,0.0,1.911621,0.0,38.057645,25.163176,0.80116,2.843261,0.0,89.162556,0.0,14.867831,0.0,60.688427,33.847392,60.805846,50.01435,33.781026,50.0,27.0,0.0,0.0,0.0,0.0,0.0,0.0,0.0,0
1310,60.468077,0.0,1.893806,0.0,38.154916,24.998403,0.802348,2.847722,0.0,89.698868,0.0,14.847014,0.0,60.829298,33.817793,60.876944,50.033929,33.820524,50.0,27.0,0.0,0.0,0.0,0.0,0.0,0.0,0.0,0
1311,60.764721,0.0,1.891746,0.0,38.01238,24.930274,0.800853,2.845842,0.0,89.137141,0.0,14.9527,0.0,60.706106,33.881785,60.885756,50.036196,33.82542,50.0,27.0,0.0,0.0,0.0,0.0,0.0,0.0,0.0,0
1312,60.614807,0.0,1.906545,0.0,38.000641,25.116665,0.801979,2.849365,0.0,89.756057,0.0,14.836116,0.0,60.609332,33.951133,60.924035,50.046596,33.846686,50.0,27.0,0.0,0.0,0.0,0.0,0.0,0.0,0.0,0
1313,60.492227,0.0,1.898422,0.0,37.963253,24.959261,0.801983,2.870855,0.0,89.171703,0.0,14.862781,0.0,60.765953,33.879704,60.910318,50.042573,33.839066,50.0,27.0,0.0,0.0,0.0,0.0,0.0,0.0,0.0,0
1314,60.987152,0.0,1.902692,0.0,37.976989,24.959257,0.798622,2.832376,0.0,88.871579,0.0,14.985598,0.0,60.949143,33.69865,60.702573,49.984941,33.723651,50.0,27.0,0.0,0.0,0.0,0.0,0.0,0.0,0.0,0
1315,60.466282,0.0,1.905381,0.0,38.019528,24.984207,0.80209,2.860889,0.0,88.945811,0.0,14.890906,0.0,61.28722,33.579326,60.804363,50.013151,33.780202,50.0,27.0,0.0,0.0,0.0,0.0,0.0,0.0,0.0,0
1316,60.8651,0.0,1.901849,0.0,38.051148,25.057054,0.800049,2.854528,0.0,89.619989,0.0,14.801857,0.0,60.818051,33.771793,60.771356,50.003962,33.761864,50.0,27.0,0.0,0.0,0.0,0.0,0.0,0.0,0.0,0
1317,60.769801,0.0,1.901022,0.0,38.144263,25.02638,0.798474,2.849003,0.0,89.593802,0.0,14.851148,0.0,61.286226,33.524975,60.721818,49.99025,33.734343,50.0,27.0,0.0,0.0,0.0,0.0,0.0,0.0,0.0,0
1318,61.11845,0.0,1.892522,0.0,37.904403,25.02751,0.801819,2.85,0.0,88.995646,0.0,14.950665,0.0,60.603615,33.894175,60.853264,50.02663,33.807369,50.0,27.0,0.0,0.0,0.0,0.0,0.0,0.0,0.0,0
1319,60.791633,0.0,1.892952,0.0,38.108119,24.914855,0.802061,2.848109,0.0,89.147084,0.0,14.840874,0.0,60.664713,33.849318,60.80414,50.01292,33.780078,50.0,27.0,0.0,0.0,0.0,0.0,0.0,0.0,0.0,0
1320,61.003622,0.0,1.90796,0.0,38.150899,25.02296,0.79988,2.843449,0.0,89.303877,0.0,14.942448,0.0,60.872837,33.671945,60.629403,49.964559,33.683002,50.0,27.0,0.0,0.0,0.0,0.0,0.0,0.0,0.0,0
1321,60.794522,0.0,1.905396,0.0,37.917558,25.180598,0.80432,2.840749,0.0,89.437153,0.0,14.869017,0.0,60.733099,33.693509,60.550365,49.94289,33.639092,50.0,27.0,0.0,0.0,0.0,0.0,0.0,0.0,0.0,0
1322,60.777682,0.0,1.904786,0.0,37.970814,25.042837,0.801137,2.843279,0.0,89.050352,0.0,14.814884,0.0,61.123703,33.662335,60.886633,50.036117,33.825907,50.0,27.0,0.0,0.0,0.0,0.0,0.0,0.0,0.0,0
1323,60.724914,0.0,1.892726,0.0,37.992341,24.9567,0.798759,2.854457,0.0,89.433333,0.0,14.824713,0.0,60.453248,33.888097,60.707213,49.986346,33.726229,50.0,27.0,0.0,0.0,0.0,0.0,0.0,0.0,0.0,0
1324,60.932155,0.0,1.909745,0.0,37.91522,25.023266,0.800936,2.846855,0.0,89.236229,0.0,14.847959,0.0,60.499645,33.897346,60.757246,50.000243,33.754025,50.0,27.0,0.0,0.0,0.0,0.0,0.0,0.0,0.0,0
1325,60.752227,0.0,1.906838,0.0,37.908197,25.005035,0.802934,2.860046,0.0,88.983901,0.0,14.857303,0.0,60.862447,33.614822,60.507998,49.931351,33.615554,50.0,27.0,0.0,0.0,0.0,0.0,0.0,0.0,0.0,0
1326,61.028064,0.0,1.902501,0.0,37.848209,24.956832,0.800493,2.841452,0.0,89.273004,0.0,14.893029,0.0,60.679082,33.719043,60.566628,49.947897,33.648127,50.0,27.0,0.0,0.0,0.0,0.0,0.0,0.0,0.0,0
1327,60.77826,0.0,1.901518,0.0,37.988575,25.009527,0.801568,2.847874,0.0,89.464708,0.0,14.832073,0.0,60.688828,33.850611,60.860927,50.0295,33.811626,50.0,27.0,0.0,0.0,0.0,0.0,0.0,0.0,0.0,0
1328,60.425296,0.0,1.9063,0.0,37.977411,25.036026,0.798541,2.840892,0.0,89.272276,0.0,14.8201,0.0,60.839906,33.663419,60.606391,49.959,33.670217,50.0,27.0,0.0,0.0,0.0,0.0,0.0,0.0,0.0,0
1329,60.695884,0.0,1.900322,0.0,37.996143,25.001311,0.803604,2.857343,0.0,88.818538,0.0,14.874514,0.0,60.696041,33.882452,60.939145,50.051176,33.855081,50.0,27.0,0.0,0.0,0.0,0.0,0.0,0.0,0.0,0
1330,60.726112,0.0,1.905258,0.0,38.079178,25.076092,0.801313,2.846597,0.0,88.899424,0.0,14.880819,0.0,60.779253,33.80547,60.844778,50.024839,33.802654,50.0,27.0,0.0,0.0,0.0,0.0,0.0,0.0,0.0,0
1331,60.830259,0.0,1.897931,0.0,37.857891,24.841374,0.798115,2.866016,0.0,89.856174,0.0,14.894017,0.0,60.781629,33.941365,61.129714,50.10347,33.960952,50.0,27.0,0.0,0.0,0.0,0.0,0.0,0.0,0.0,0
1332,60.746292,0.0,1.903533,0.0,38.035124,25.159881,0.803537,2.857319,0.0,89.402314,0.0,14.882929,0.0,60.98977,33.672461,60.74888,49.997695,33.749378,50.0,27.0,0.0,0.0,0.0,0.0,0.0,0.0,0.0,0
1333,60.78842,0.0,1.899085,0.0,37.866487,25.045871,0.801162,2.833047,0.0,88.827244,0.0,14.918957,0.0,60.713091,33.708348,60.562956,49.946317,33.646087,50.0,27.0,0.0,0.0,0.0,0.0,0.0,0.0,0.0,0
1334,60.533081,0.0,1.904367,0.0,37.887393,25.037751,0.804246,2.849409,0.0,88.767845,0.0,14.8389,0.0,61.059315,33.697355,60.895374,50.038463,33.830763,50.0,27.0,0.0,0.0,0.0,0.0,0.0,0.0,0.0,0
1335,60.862967,0.0,1.897803,0.0,38.004036,24.952757,0.797284,2.850106,0.0,89.230497,0.0,14.868856,0.0,60.642586,33.857281,60.826236,50.019162,33.792353,50.0,27.0,0.0,0.0,0.0,0.0,0.0,0.0,0.0,0
1336,61.005871,0.0,1.902745,0.0,37.8708,25.007268,0.795791,2.849042,0.0,89.159991,0.0,14.836026,0.0,60.697727,33.854158,60.86331,50.029314,33.81295,50.0,27.0,0.0,0.0,0.0,0.0,0.0,0.0,0.0,0
1337,60.827964,0.0,1.908064,0.0,38.032275,25.027549,0.798177,2.837388,0.0,89.49555,0.0,14.817901,0.0,60.885854,33.735361,60.790502,50.009045,33.772501,50.0,27.0,0.0,0.0,0.0,0.0,0.0,0.0,0.0,0
1338,60.432206,0.0,1.898495,0.0,38.017183,25.092218,0.804943,2.842992,0.0,89.598086,0.0,14.840789,0.0,60.394234,33.921349,60.697159,49.9832,33.720644,50.0,27.0,0.0,0.0,0.0,0.0,0.0,0.0,0.0,0
1339,60.510149,0.0,1.899478,0.0,38.101542,24.824571,0.797386,2.840782,0.0,88.964502,0.0,14.872468,0.0,60.706104,33.745161,60.61845,49.961529,33.676916,50.0,27.0,0.0,0.0,0.0,0.0,0.0,0.0,0.0,0
1340,60.889031,0.0,1.902082,0.0,38.066691,24.928405,0.798622,2.859113,0.0,89.007918,0.0,14.952473,0.0,60.773735,33.80404,60.815758,50.016255,33.786532,50.0,27.0,0.0,0.0,0.0,0.0,0.0,0.0,0.0,0
1341,60.66336,0.0,1.901371,0.0,37.774922,24.987279,0.797582,2.844385,0.0,89.383199,0.0,14.840112,0.0,60.732108,33.719505,60.593186,49.954656,33.662881,50.0,27.0,0.0,0.0,0.0,0.0,0.0,0.0,0.0,0
1342,60.875159,0.0,1.897222,0.0,37.792532,25.080017,0.8014,2.846219,0.0,89.339118,0.0,14.883578,0.0,60.742444,33.785995,60.752459,49.998904,33.751366,50.0,27.0,0.0,0.0,0.0,0.0,0.0,0.0,0.0,0
1343,60.56711,0.0,1.899447,0.0,37.918311,25.044224,0.802155,2.865486,0.0,89.044458,0.0,14.944137,0.0,60.42663,33.757634,60.376195,49.894912,33.542331,50.0,27.0,0.0,0.0,0.0,0.0,0.0,0.0,0.0,0
1344,60.656319,0.0,1.897496,0.0,37.901415,25.043377,0.798156,2.852403,0.0,89.679282,0.0,14.872945,0.0,60.608999,33.815935,60.684694,49.980703,33.713719,50.0,27.0,0.0,0.0,0.0,0.0,0.0,0.0,0.0,0
1345,61.044522,0.0,1.9074,0.0,37.894712,24.994851,0.801818,2.839914,0.0,89.133694,0.0,14.82119,0.0,60.955415,33.683884,60.747833,49.99825,33.748796,50.0,27.0,0.0,0.0,0.0,0.0,0.0,0.0,0.0,0
1346,61.008572,0.0,1.888051,0.0,38.034665,24.854257,0.803751,2.833059,0.0,89.152682,0.0,14.875092,0.0,60.715463,33.744551,60.648827,49.970894,33.693793,50.0,27.0,0.0,0.0,0.0,0.0,0.0,0.0,0.0,0
1347,60.582478,0.0,1.902309,0.0,38.119591,24.983537,0.79802,2.853418,0.0,89.00775,0.0,14.880336,0.0,61.165232,33.560927,60.715429,49.989447,33.730794,50.0,27.0,0.0,0.0,0.0,0.0,0.0,0.0,0.0,0
1348,60.62192,0.0,1.909122,0.0,37.936109,25.094856,0.803072,2.8474,0.0,89.200626,0.0,14.84671,0.0,60.873671,33.776471,60.906643,50.042351,33.837024,50.0,27.0,0.0,0.0,0.0,0.0,0.0,0.0,0.0,0
1349,60.667919,0.0,1.898596,0.0,38.019198,24.851675,0.800003,2.861253,0.0,89.066682,0.0,14.85458,0.0,60.761406,33.718768,60.670599,49.976898,33.705888,50.0,27.0,0.0,0.0,0.0,0.0,0.0,0.0,0.0,0
1350,60.821189,0.0,1.897587,0.0,37.91723,24.984877,0.799039,2.839365,0.0,89.060693,0.0,14.863147,0.0,60.627658,33.773974,60.658976,49.973801,33.699431,50.0,27.0,0.0,0.0,0.0,0.0,0.0,0.0,0.0,0
1351,60.645571,0.0,1.908827,0.0,37.958616,25.084748,0.79947,2.850965,0.0,89.350315,0.0,14.863085,0.0,60.900387,33.755487,60.890753,50.037993,33.828196,50.0,27.0,0.0,0.0,0.0,0.0,0.0,0.0,0.0,0
1352,60.56785,0.0,1.910715,0.0,37.902807,24.969627,0.798034,2.843774,0.0,89.195798,0.0,14.852357,0.0,60.654027,33.891904,60.932749,50.049412,33.851527,50.0,27.0,0.0,0.0,0.0,0.0,0.0,0.0,0.0,0
1353,60.892239,0.0,1.898164,0.0,37.869298,25.121956,0.79892,2.855523,0.0,89.097665,0.0,14.800011,0.0,60.799203,33.72538,60.709244,49.98739,33.727358,50.0,27.0,0.0,0.0,0.0,0.0,0.0,0.0,0.0,0
1354,60.95163,0.0,1.90734,0.0,37.951702,25.003348,0.801219,2.847681,0.0,88.645841,0.0,14.928111,0.0,60.955449,33.675565,60.766034,50.003149,33.758908,50.0,27.0,0.0,0.0,0.0,0.0,0.0,0.0,0.0,0
1355,60.672279,0.0,1.902425,0.0,38.076239,25.037967,0.798831,2.844334,0.0,88.964674,0.0,14.848241,0.0,60.881495,33.75547,60.872468,50.032551,33.818038,50.0,27.0,0.0,0.0,0.0,0.0,0.0,0.0,0.0,0
1356,60.66934,0.0,1.903716,0.0,38.106745,24.948799,0.796912,2.848414,0.0,88.642829,0.0,14.931222,0.0,60.834521,33.833498,60.990649,50.065054,33.883694,50.0,27.0,0.0,0.0,0.0,0.0,0.0,0.0,0.0,0
1357,60.667965,0.0,1.906226,0.0,38.078186,25.007876,0.80446,2.846636,0.0,88.950703,0.0,14.822912,0.0,61.155599,33.739336,61.103344,50.095879,33.946302,50.0,27.0,0.0,0.0,0.0,0.0,0.0,0.0,0.0,0
1358,60.790598,0.0,1.903005,0.0,37.787325,24.957965,0.805162,2.843825,0.0,89.213702,0.0,14.80424,0.0,60.827355,33.666558,60.624851,49.963148,33.680473,50.0,27.0,0.0,0.0,0.0,0.0,0.0,0.0,0.0,0
1359,60.709304,0.0,1.900269,0.0,38.038848,24.925911,0.802695,2.855227,0.0,89.029458,0.0,14.792315,0.0,60.72968,33.708415,60.628126,49.964237,33.682292,50.0,27.0,0.0,0.0,0.0,0.0,0.0,0.0,0.0,0
1360,60.671112,0.0,1.898505,0.0,37.916279,24.932575,0.799009,2.847507,0.0,89.309749,0.0,14.873493,0.0,60.712538,33.803855,60.818648,50.017075,33.788138,50.0,27.0,0.0,0.0,0.0,0.0,0.0,0.0,0.0,0
1361,60.865037,0.0,1.909112,0.0,38.053238,24.952904,0.800323,2.841335,0.0,88.695543,0.0,14.814925,0.0,60.889029,33.686972,60.741957,49.995793,33.745532,50.0,27.0,0.0,0.0,0.0,0.0,0.0,0.0,0.0,0
1362,60.986298,0.0,1.902567,0.0,37.958694,25.029701,0.80068,2.862856,0.0,89.27948,0.0,14.87971,0.0,60.51986,33.69205,60.392692,49.899278,33.551496,50.0,27.0,0.0,0.0,0.0,0.0,0.0,0.0,0.0,0
1363,60.498607,0.0,1.899847,0.0,37.852873,24.956578,0.797767,2.859054,0.0,89.100127,0.0,14.769285,0.0,61.141858,33.367549,60.338144,49.884702,33.521191,50.0,27.0,0.0,0.0,0.0,0.0,0.0,0.0,0.0,0
1364,60.832606,0.0,1.907625,0.0,37.887805,25.022747,0.803862,2.832197,0.0,89.116324,0.0,14.924468,0.0,60.730073,33.76741,60.820048,50.018472,33.788916,50.0,27.0,0.0,0.0,0.0,0.0,0.0,0.0,0.0,0
1365,60.702692,0.0,1.902976,0.0,37.976592,25.08753,0.798886,2.852575,0.0,89.185256,0.0,14.899366,0.0,60.836152,33.730488,60.842622,50.02462,33.801457,50.0,27.0,0.0,0.0,0.0,0.0,0.0,0.0,0.0,0
1366,60.778621,0.0,1.898937,0.0,38.126327,25.05516,0.7999,2.834935,0.0,89.189528,0.0,14.86976,0.0,60.721831,33.693848,60.650608,49.971425,33.694782,50.0,27.0,0.0,0.0,0.0,0.0,0.0,0.0,0.0,0
1367,60.543445,0.0,1.899873,0.0,38.044449,25.068322,0.801411,2.857918,0.0,88.870724,0.0,14.837742,0.0,60.861094,33.513098,60.413053,49.905908,33.562807,50.0,27.0,0.0,0.0,0.0,0.0,0.0,0.0,0.0,0
1368,60.732387,0.0,1.904734,0.0,38.034203,24.945753,0.798058,2.841805,0.0,88.74498,0.0,14.853533,0.0,60.882193,33.541042,60.5211,49.93624,33.622833,50.0,27.0,0.0,0.0,0.0,0.0,0.0,0.0,0.0,0
1369,60.874993,0.0,1.898163,0.0,37.879175,25.109603,0.799493,2.860144,0.0,89.121853,0.0,14.745642,0.0,60.675878,33.680345,60.631195,49.966987,33.683997,50.0,27.0,0.0,0.0,0.0,0.0,0.0,0.0,0.0,0
1370,60.759866,0.0,1.900772,0.0,37.918084,25.081123,0.79983,2.85287,0.0,88.495274,0.0,14.842565,0.0,60.580853,33.888921,60.978926,50.063263,33.877181,50.0,27.0,0.0,0.0,0.0,0.0,0.0,0.0,0.0,0
1371,61.144716,0.0,1.89746,0.0,38.110591,24.989567,0.798848,2.843027,0.0,89.07609,0.0,14.799537,0.0,60.532431,33.907346,60.94449,50.05343,33.85805,50.0,27.0,0.0,0.0,0.0,0.0,0.0,0.0,0.0,0
1372,60.823491,0.0,1.907725,0.0,38.103264,24.918698,0.799745,2.854571,0.0,88.640517,0.0,14.901119,0.0,60.550552,33.812611,60.737027,49.995822,33.742793,50.0,27.0,0.0,0.0,0.0,0.0,0.0,0.0,0.0,0
1373,60.593232,0.0,1.902029,0.0,37.967878,24.877229,0.799078,2.851546,0.0,89.127891,0.0,14.940147,0.0,60.704445,33.833806,60.923973,50.047514,33.846652,50.0,27.0,0.0,0.0,0.0,0.0,0.0,0.0,0.0,0
1374,60.920844,0.0,1.903226,0.0,38.020529,24.984481,0.797414,2.84955,0.0,88.973814,0.0,14.861968,0.0,60.391534,33.842207,60.615062,49.961896,33.675035,50.0,27.0,0.0,0.0,0.0,0.0,0.0,0.0,0.0,0
1375,60.548745,0.0,1.891529,0.0,38.11948,24.950334,0.801051,2.853143,0.0,89.560534,0.0,14.904091,0.0,60.777227,33.869934,61.045272,50.080994,33.91404,50.0,27.0,0.0,0.0,0.0,0.0,0.0,0.0,0.0,0
1376,60.578026,0.0,1.901861,0.0,38.13906,25.065108,0.79853,2.836155,0.0,89.013088,0.0,14.796839,0.0,60.59371,33.770585,60.635437,49.967314,33.686354,50.0,27.0,0.0,0.0,0.0,0.0,0.0,0.0,0.0,0
1377,60.588492,0.0,1.902598,0.0,37.963514,25.039453,0.801665,2.851439,0.0,89.492205,0.0,14.96293,0.0,60.57676,33.805055,60.68859,49.982168,33.715884,50.0,27.0,0.0,0.0,0.0,0.0,0.0,0.0,0.0,0
1378,60.556471,0.0,1.889712,0.0,38.046635,25.011534,0.80309,2.846277,0.0,88.958457,0.0,14.877127,0.0,60.938024,33.462313,60.319892,49.88035,33.511051,50.0,27.0,0.0,0.0,0.0,0.0,0.0,0.0,0.0,0
1379,60.485835,0.0,1.892246,0.0,37.880395,24.966985,0.802281,2.856078,0.0,90.018783,0.0,14.851294,0.0,61.100058,33.658722,60.934861,50.05092,33.8527,50.0,27.0,0.0,0.0,0.0,0.0,0.0,0.0,0.0,0
1380,60.678673,0.0,1.89371,0.0,38.053131,24.960483,0.799815,2.837633,0.0,88.986865,0.0,14.891021,0.0,60.826502,33.752344,60.869114,50.032495,33.816174,50.0,27.0,0.0,0.0,0.0,0.0,0.0,0.0,0.0,0
1381,60.869884,0.0,1.898938,0.0,38.132158,24.921562,0.799579,2.853447,0.0,88.947585,0.0,14.868047,0.0,60.747749,33.654826,60.581995,49.952975,33.656664,50.0,27.0,0.0,0.0,0.0,0.0,0.0,0.0,0.0,0
1382,60.673085,0.0,1.901552,0.0,38.05017,24.934701,0.802778,2.845987,0.0,88.763373,0.0,14.855005,0.0,60.767037,33.831856,60.985066,50.064616,33.880592,50.0,27.0,0.0,0.0,0.0,0.0,0.0,0.0,0.0,0
1383,60.759022,0.0,1.892548,0.0,37.899485,24.980691,0.801497,2.838108,0.0,88.884385,0.0,14.869936,0.0,60.800066,33.669928,60.6629,49.975249,33.701611,50.0,27.0,0.0,0.0,0.0,0.0,0.0,0.0,0.0,0
1384,60.844501,0.0,1.896203,0.0,37.947857,24.891327,0.800529,2.856715,0.0,89.287149,0.0,14.834314,0.0,60.755267,33.729303,60.751917,49.999976,33.751065,50.0,27.0,0.0,0.0,0.0,0.0,0.0,0.0,0.0,0
1385,60.897793,0.0,1.893423,0.0,38.156701,25.160444,0.801752,2.853089,0.0,89.073865,0.0,14.82111,0.0,60.819068,33.763132,60.887286,50.037392,33.82627,50.0,27.0,0.0,0.0,0.0,0.0,0.0,0.0,0.0,0
1386,60.807093,0.0,1.895388,0.0,38.085161,25.121964,0.800677,2.844365,0.0,89.275239,0.0,14.860473,0.0,60.92714,33.667842,60.790093,50.010342,33.772274,50.0,27.0,0.0,0.0,0.0,0.0,0.0,0.0,0.0,0
1387,60.677121,0.0,1.89875,0.0,38.030357,25.05586,0.802847,2.839874,0.0,89.599666,0.0,14.867413,0.0,60.614127,33.828156,60.823807,50.019609,33.791004,50.0,27.0,0.0,0.0,0.0,0.0,0.0,0.0,0.0,0
1388,60.703034,0.0,1.906776,0.0,38.050621,25.030218,0.798727,2.848042,0.0,89.343966,0.0,14.919386,0.0,60.712956,33.741333,60.72639,49.992586,33.736884,50.0,27.0,0.0,0.0,0.0,0.0,0.0,0.0,0.0,0
1389,60.930836,0.0,1.890118,0.0,38.120889,25.062472,0.803715,2.861924,0.0,88.703402,0.0,14.850246,0.0,60.995753,33.696126,60.912988,50.044197,33.840549,50.0,27.0,0.0,0.0,0.0,0.0,0.0,0.0,0.0,0
1390,60.865216,0.0,1.894525,0.0,38.1099,25.124814,0.798788,2.840725,0.0,88.84449,0.0,14.898653,0.0,60.809376,33.725756,60.794284,50.011168,33.774602,50.0,27.0,0.0,0.0,0.0,0.0,0.0,0.0,0.0,0
1391,60.778702,0.0,1.896341,0.0,38.027379,25.023801,0.801422,2.853268,0.0,88.967174,0.0,14.849714,0.0,60.838116,33.756214,60.888216,50.037075,33.826786,50.0,27.0,0.0,0.0,0.0,0.0,0.0,0.0,0.0,0
1392,60.707429,0.0,1.903713,0.0,38.028307,24.869719,0.804755,2.84782,0.0,89.356528,0.0,14.803736,0.0,60.627253,33.870688,60.915689,50.044484,33.842049,50.0,27.0,0.0,0.0,0.0,0.0,0.0,0.0,0.0,0
1393,60.662487,0.0,1.906072,0.0,37.906205,25.026394,0.801345,2.85809,0.0,89.148393,0.0,14.878675,0.0,60.729379,33.791309,60.832348,50.021228,33.795749,50.0,27.0,0.0,0.0,0.0,0.0,0.0,0.0,0.0,0
1394,60.587211,0.0,1.906301,0.0,37.821192,25.011488,0.802756,2.847211,0.0,89.307196,0.0,14.856724,0.0,60.703551,33.907226,61.044598,50.079787,33.913665,50.0,27.0,0.0,0.0,0.0,0.0,0.0,0.0,0.0,0
1395,60.647362,0.0,1.897261,0.0,37.794362,24.982481,0.799089,2.851997,0.0,89.127902,0.0,14.889031,0.0,60.809848,33.791488,60.885445,50.035401,33.825247,50.0,27.0,0.0,0.0,0.0,0.0,0.0,0.0,0.0,0
1396,60.779059,0.0,1.90464,0.0,37.897414,24.907243,0.800628,2.846097,0.0,89.020273,0.0,14.745341,0.0,61.132584,33.650869,60.906836,50.041137,33.837131,50.0,27.0,0.0,0.0,0.0,0.0,0.0,0.0,0.0,0
1397,60.397485,0.0,1.897219,0.0,37.893113,24.972349,0.796816,2.849417,0.0,88.79257,0.0,14.838687,0.0,60.995652,33.779685,61.055736,50.082088,33.919853,50.0,27.0,0.0,0.0,0.0,0.0,0.0,0.0,0.0,0
1398,60.835693,0.0,1.902555,0.0,38.036717,24.994709,0.796112,2.850454,0.0,89.089457,0.0,14.915706,0.0,60.88808,33.932651,61.26707,50.140091,34.037261,50.0,27.0,0.0,0.0,0.0,0.0,0.0,0.0,0.0,0
1399,60.520001,0.0,1.897787,0.0,38.117699,25.127106,0.80084,2.837405,0.0,89.093723,0.0,14.834883,0.0,60.763638,33.814635,60.870001,50.029646,33.816667,50.0,27.0,0.0,0.0,0.0,0.0,0.0,0.0,0.0,0
1400,60.544824,0.0,1.899672,0.0,37.98277,24.829637,0.798086,2.851751,0.0,89.081162,0.0,14.80622,0.0,60.644838,33.778712,60.668778,49.973881,33.704877,50.0,27.0,0.0,0.0,0.0,0.0,0.0,0.0,0.0,0
1401,60.777148,0.0,1.902242,0.0,38.0018,24.971856,0.801462,2.843461,0.0,89.066093,0.0,14.892603,0.0,60.883567,33.726194,60.795231,50.008962,33.775129,50.0,27.0,0.0,0.0,0.0,0.0,0.0,0.0,0.0,0
1402,60.712501,0.0,1.901462,0.0,37.844789,25.039675,0.797133,2.85861,0.0,89.394419,0.0,14.884687,0.0,60.769992,33.835358,60.917445,50.042697,33.843025,50.0,27.0,0.0,0.0,0.0,0.0,0.0,0.0,0.0,0
1403,60.903071,0.0,1.890294,0.0,37.852751,24.909827,0.799019,2.841758,0.0,89.40831,0.0,14.925278,0.0,60.862321,33.70527,60.726155,49.989613,33.736753,50.0,27.0,0.0,0.0,0.0,0.0,0.0,0.0,0.0,0
1404,60.684886,0.0,1.901541,0.0,38.181457,25.005274,0.795816,2.843316,0.0,89.396667,0.0,14.773204,0.0,60.840557,33.696016,60.693381,49.980606,33.718545,50.0,27.0,0.0,0.0,0.0,0.0,0.0,0.0,0.0,0
1405,60.945347,0.0,1.896268,0.0,38.020872,24.85994,0.796312,2.871626,0.0,88.992181,0.0,14.855203,0.0,60.866481,33.631677,60.592788,49.952899,33.66266,50.0,27.0,0.0,0.0,0.0,0.0,0.0,0.0,0.0,0
1406,60.72687,0.0,1.903897,0.0,38.159776,24.98375,0.800917,2.837263,0.0,89.528589,0.0,14.804607,0.0,60.531974,33.777537,60.583059,49.950445,33.657255,50.0,27.0,0.0,0.0,0.0,0.0,0.0,0.0,0.0,0
1407,60.892655,0.0,1.898384,0.0,38.020322,25.163182,0.796914,2.838272,0.0,88.792901,0.0,14.824496,0.0,61.083619,33.678098,60.921758,50.044306,33.845421,50.0,27.0,0.0,0.0,0.0,0.0,0.0,0.0,0.0,0
1408,60.430467,0.0,1.894139,0.0,37.883965,24.962518,0.801515,2.849746,0.0,89.479846,0.0,14.925865,0.0,60.866362,33.768482,60.90527,50.039528,33.836261,50.0,27.0,0.0,0.0,0.0,0.0,0.0,0.0,0.0,0
1409,60.765448,0.0,1.89323,0.0,38.086722,24.924133,0.798897,2.855159,0.0,89.563045,0.0,14.795034,0.0,60.909607,33.794036,60.999987,50.065511,33.888882,50.0,27.0,0.0,0.0,0.0,0.0,0.0,0.0,0.0,0
1410,60.642626,0.0,1.90226,0.0,38.062026,24.986242,0.796207,2.857778,0.0,88.700588,0.0,14.82547,0.0,60.664211,33.844228,60.854816,50.02506,33.808231,50.0,27.0,0.0,0.0,0.0,0.0,0.0,0.0,0.0,0
1411,60.620529,0.0,1.898961,0.0,37.878671,25.066664,0.801292,2.837657,0.0,89.080532,0.0,14.795971,0.0,60.927934,33.612909,60.618687,49.959671,33.677048,50.0,27.0,0.0,0.0,0.0,0.0,0.0,0.0,0.0,0
1412,60.792984,0.0,1.888437,0.0,38.262485,24.949738,0.803005,2.864056,0.0,89.078982,0.0,14.815829,0.0,60.897083,33.758229,60.913699,50.041411,33.840944,50.0,27.0,0.0,0.0,0.0,0.0,0.0,0.0,0.0,0
1413,60.57294,0.0,1.896245,0.0,37.957381,24.967688,0.800598,2.848806,0.0,89.103646,0.0,14.887083,0.0,60.711376,33.79691,60.808547,50.012142,33.782526,50.0,27.0,0.0,0.0,0.0,0.0,0.0,0.0,0.0,0
1414,60.642126,0.0,1.897864,0.0,38.021738,24.990909,0.800843,2.849493,0.0,89.668718,0.0,14.843888,0.0,60.616693,33.824093,60.76513,50.000081,33.758406,50.0,27.0,0.0,0.0,0.0,0.0,0.0,0.0,0.0,0
1415,60.54019,0.0,1.90246,0.0,38.16071,24.995018,0.800339,2.855606,0.0,89.06056,0.0,14.822709,0.0,60.498032,33.91851,60.836352,50.019766,33.797973,50.0,27.0,0.0,0.0,0.0,0.0,0.0,0.0,0.0,0
1416,60.890856,0.0,1.902718,0.0,37.896116,24.96039,0.795987,2.849641,0.0,88.882656,0.0,14.820696,0.0,60.818185,33.797752,60.880636,50.031908,33.822575,50.0,27.0,0.0,0.0,0.0,0.0,0.0,0.0,0.0,0
1417,60.753295,0.0,1.89135,0.0,38.019782,25.135582,0.797991,2.840868,0.0,89.271532,0.0,14.902139,0.0,61.001342,33.720299,60.896513,50.036137,33.831396,50.0,27.0,0.0,0.0,0.0,0.0,0.0,0.0,0.0,0
1418,60.373681,0.0,1.90262,0.0,38.062858,24.973848,0.801396,2.857646,0.0,89.320089,0.0,14.864578,0.0,60.61932,33.759141,60.602976,49.954825,33.66832,50.0,27.0,0.0,0.0,0.0,0.0,0.0,0.0,0.0,0
1419,60.84895,0.0,1.899037,0.0,38.17521,24.988193,0.797086,2.847987,0.0,89.123609,0.0,14.87564,0.0,60.703544,33.805855,60.786758,50.005847,33.770421,50.0,27.0,0.0,0.0,0.0,0.0,0.0,0.0,0.0,0
1420,60.485376,0.0,1.902326,0.0,38.27384,24.998605,0.798458,2.853278,0.0,89.295923,0.0,14.826217,0.0,60.800471,33.654413,60.559036,49.942876,33.643909,50.0,27.0,0.0,0.0,0.0,0.0,0.0,0.0,0.0,0
1421,60.975572,0.0,1.897087,0.0,38.018197,24.95009,0.800375,2.847151,0.0,89.504361,0.0,14.853769,0.0,60.782197,33.763079,60.785068,50.005634,33.769482,50.0,27.0,0.0,0.0,0.0,0.0,0.0,0.0,0.0,0
1422,61.038429,0.0,1.894662,0.0,37.989954,24.814155,0.799784,2.843633,0.0,89.078621,0.0,14.904468,0.0,61.157696,33.453939,60.508296,49.929108,33.61572,50.0,27.0,0.0,0.0,0.0,0.0,0.0,0.0,0.0,0
1423,60.742579,0.0,1.911951,0.0,37.96083,25.056045,0.799133,2.859155,0.0,88.918809,0.0,14.85328,0.0,60.991926,33.76414,61.037443,50.075715,33.909691,50.0,27.0,0.0,0.0,0.0,0.0,0.0,0.0,0.0,0
1424,60.57,0.0,1.90402,0.0,38.044827,25.0915,0.803277,2.861291,0.0,88.762787,0.0,14.949784,0.0,60.628611,33.723231,60.584992,49.950282,33.658329,50.0,27.0,0.0,0.0,0.0,0.0,0.0,0.0,0.0,0
1425,60.488081,0.0,1.891751,0.0,38.138151,24.913516,0.797497,2.857243,0.0,89.361634,0.0,14.819021,0.0,60.548169,33.791657,60.651612,49.968943,33.69534,50.0,27.0,0.0,0.0,0.0,0.0,0.0,0.0,0.0,0
1426,60.880417,0.0,1.898961,0.0,37.874027,24.945446,0.804842,2.855271,0.0,88.953296,0.0,14.839163,0.0,60.902437,33.61896,60.635133,49.964543,33.686185,50.0,27.0,0.0,0.0,0.0,0.0,0.0,0.0,0.0,0
1427,60.800643,0.0,1.899743,0.0,37.889935,24.923274,0.797916,2.850113,0.0,88.741596,0.0,14.901957,0.0,60.80098,33.687921,60.695846,49.9815,33.719915,50.0,27.0,0.0,0.0,0.0,0.0,0.0,0.0,0.0,0
1428,60.761138,0.0,1.901868,0.0,37.971936,25.121773,0.805113,2.853855,0.0,89.769374,0.0,14.829437,0.0,60.564579,33.716175,60.525615,49.934541,33.625342,50.0,27.0,0.0,0.0,0.0,0.0,0.0,0.0,0.0,0
1429,60.634168,0.0,1.910241,0.0,38.130904,24.979008,0.797901,2.847457,0.0,88.724861,0.0,14.891476,0.0,61.10745,33.601395,60.828808,50.018668,33.793782,50.0,27.0,0.0,0.0,0.0,0.0,0.0,0.0,0.0,0
1430,60.699183,0.0,1.899308,0.0,38.115966,25.044974,0.803154,2.844735,0.0,88.942448,0.0,14.835473,0.0,60.712494,33.645182,60.54363,49.939753,33.63535,50.0,27.0,0.0,0.0,0.0,0.0,0.0,0.0,0.0,0
1431,60.926262,0.0,1.906231,0.0,38.05957,25.079538,0.79773,2.858594,0.0,89.154403,0.0,14.942704,0.0,60.651248,33.779452,60.776163,50.004324,33.764535,50.0,27.0,0.0,0.0,0.0,0.0,0.0,0.0,0.0,0
1432,60.527874,0.0,1.896642,0.0,37.961841,25.122147,0.801248,2.86632,0.0,88.920612,0.0,14.928488,0.0,60.496229,33.865521,60.794887,50.009478,33.774937,50.0,27.0,0.0,0.0,0.0,0.0,0.0,0.0,0.0,0
1433,60.749614,0.0,1.904634,0.0,37.946233,25.030556,0.803785,2.845472,0.0,89.446631,0.0,14.860518,0.0,61.008412,33.428598,60.36677,49.891101,33.537094,50.0,27.0,0.0,0.0,0.0,0.0,0.0,0.0,0.0,0
1434,61.007477,0.0,1.90652,0.0,38.065446,24.993904,0.797273,2.844984,0.0,88.887552,0.0,14.835594,0.0,60.858125,33.678988,60.784753,50.007171,33.769307,50.0,27.0,0.0,0.0,0.0,0.0,0.0,0.0,0.0,0
1435,61.124597,0.0,1.89767,0.0,38.000392,25.090832,0.795488,2.844871,0.0,89.263292,0.0,14.925853,0.0,60.606838,33.772327,60.734938,49.993367,33.741632,50.0,27.0,0.0,0.0,0.0,0.0,0.0,0.0,0.0,0
1436,60.66072,0.0,1.890359,0.0,37.914639,25.041828,0.799458,2.839592,0.0,88.924952,0.0,14.796234,0.0,60.753702,33.463592,60.222558,49.85178,33.456977,50.0,27.0,0.0,0.0,0.0,0.0,0.0,0.0,0.0,0
1437,60.897056,0.0,1.898842,0.0,38.085004,24.986396,0.801984,2.864121,0.0,89.02801,0.0,14.826209,0.0,60.909843,33.63272,60.768649,50.003455,33.760361,50.0,27.0,0.0,0.0,0.0,0.0,0.0,0.0,0.0,0
1438,60.717867,0.0,1.905343,0.0,38.051731,24.953908,0.798455,2.84963,0.0,88.864503,0.0,14.837236,0.0,60.345238,33.828927,60.626745,49.964216,33.681525,50.0,27.0,0.0,0.0,0.0,0.0,0.0,0.0,0.0,0
1439,60.66959,0.0,1.896841,0.0,37.989608,25.001668,0.798954,2.83164,0.0,89.046703,0.0,14.863741,0.0,60.420964,33.984491,61.013018,50.071159,33.896121,50.0,27.0,0.0,0.0,0.0,0.0,0.0,0.0,0.0,0
1440,60.374026,0.0,1.906717,0.0,38.019633,25.039563,0.798687,2.848779,0.0,88.83037,0.0,14.86109,0.0,60.371848,33.93127,60.814635,50.015972,33.785908,50.0,27.0,0.0,0.0,0.0,0.0,0.0,0.0,0.0,0
1441,60.462965,0.0,1.899227,0.0,37.926889,25.04924,0.80219,2.852775,0.0,89.597106,0.0,14.894699,0.0,60.677982,33.792876,60.801171,50.012171,33.778428,50.0,27.0,0.0,0.0,0.0,0.0,0.0,0.0,0.0,0
1442,60.927941,0.0,1.899025,0.0,38.166417,25.029805,0.799471,2.82435,0.0,88.945213,0.0,14.832359,0.0,60.778188,33.700894,60.699653,49.984052,33.72203,50.0,27.0,0.0,0.0,0.0,0.0,0.0,0.0,0.0,0
1443,60.726733,0.0,1.898723,0.0,38.019744,24.982827,0.800731,2.863727,0.0,88.937262,0.0,14.871301,0.0,60.551086,33.833256,60.75666,49.999888,33.7537,50.0,27.0,0.0,0.0,0.0,0.0,0.0,0.0,0.0,0
1444,60.887709,0.0,1.888619,0.0,38.221105,25.029745,0.801227,2.853793,0.0,88.771743,0.0,14.809053,0.0,60.791106,33.736259,60.77923,50.006126,33.766239,50.0,27.0,0.0,0.0,0.0,0.0,0.0,0.0,0.0,0
1445,60.586123,0.0,1.89918,0.0,37.891772,24.97663,0.798871,2.849302,0.0,89.238297,0.0,14.917335,0.0,60.680503,33.795924,60.795224,50.010516,33.775124,50.0,27.0,0.0,0.0,0.0,0.0,0.0,0.0,0.0,0
1446,60.715683,0.0,1.903841,0.0,38.043622,24.959953,0.801765,2.833921,0.0,88.923665,0.0,14.869217,0.0,61.137324,33.498091,60.616633,49.961102,33.675907,50.0,27.0,0.0,0.0,0.0,0.0,0.0,0.0,0.0,0
1447,60.649507,0.0,1.905715,0.0,38.098118,24.985193,0.796292,2.865711,0.0,89.244321,0.0,14.841994,0.0,60.783069,33.772641,60.874051,50.032445,33.818917,50.0,27.0,0.0,0.0,0.0,0.0,0.0,0.0,0.0,0
1448,60.858194,0.0,1.902105,0.0,37.817664,25.029578,0.799445,2.855498,0.0,88.977144,0.0,14.82986,0.0,60.818892,33.66466,60.676416,49.977658,33.70912,50.0,27.0,0.0,0.0,0.0,0.0,0.0,0.0,0.0,0
1449,60.958201,0.0,1.900285,0.0,38.036399,24.936814,0.794978,2.843222,0.0,89.341992,0.0,14.908357,0.0,60.643006,33.790021,60.773867,50.004704,33.763259,50.0,27.0,0.0,0.0,0.0,0.0,0.0,0.0,0.0,0
1450,60.693115,0.0,1.893245,0.0,38.062101,24.982786,0.798564,2.861073,0.0,88.88494,0.0,14.853649,0.0,61.244792,33.511478,60.779923,50.006355,33.766624,50.0,27.0,0.0,0.0,0.0,0.0,0.0,0.0,0.0,0
1451,60.294467,0.0,1.905299,0.0,37.947514,25.064564,0.798898,2.842909,0.0,88.701514,0.0,14.910773,0.0,60.334788,34.045432,61.025281,50.074139,33.902934,50.0,27.0,0.0,0.0,0.0,0.0,0.0,0.0,0.0,0
1452,60.851451,0.0,1.903642,0.0,38.083473,25.113347,0.801911,2.856909,0.0,89.427395,0.0,14.839372,0.0,60.756536,33.762456,60.806971,50.01343,33.781651,50.0,27.0,0.0,0.0,0.0,0.0,0.0,0.0,0.0,0
1453,60.746811,0.0,1.90742,0.0,37.943064,25.030496,0.799886,2.863889,0.0,89.212139,0.0,14.837924,0.0,60.793932,33.893634,61.11792,50.099308,33.9544,50.0,27.0,0.0,0.0,0.0,0.0,0.0,0.0,0.0,0
1454,60.677903,0.0,1.894494,0.0,38.087511,24.91422,0.79843,2.855392,0.0,88.782007,0.0,14.895823,0.0,60.64304,33.881866,60.921956,50.044651,33.845531,50.0,27.0,0.0,0.0,0.0,0.0,0.0,0.0,0.0,0
1455,60.516102,0.0,1.899219,0.0,37.986098,25.079599,0.799081,2.846825,0.0,89.640518,0.0,14.796904,0.0,60.906928,33.801656,60.999218,50.065784,33.888454,50.0,27.0,0.0,0.0,0.0,0.0,0.0,0.0,0.0,0
1456,60.94363,0.0,1.894354,0.0,38.092371,24.926658,0.800831,2.845702,0.0,89.257023,0.0,14.899734,0.0,60.855872,33.694611,60.716594,49.98734,33.731441,50.0,27.0,0.0,0.0,0.0,0.0,0.0,0.0,0.0,0
1457,61.020825,0.0,1.900132,0.0,37.848555,25.010049,0.800757,2.852478,0.0,88.937821,0.0,14.811249,0.0,60.475374,33.961341,60.907435,50.040151,33.837464,50.0,27.0,0.0,0.0,0.0,0.0,0.0,0.0,0.0,0
1458,60.581794,0.0,1.898243,0.0,37.923037,25.106939,0.795647,2.860482,0.0,88.876733,0.0,14.856692,0.0,61.103818,33.523751,60.585834,49.951062,33.658797,50.0,27.0,0.0,0.0,0.0,0.0,0.0,0.0,0.0,0
1459,60.74291,0.0,1.89651,0.0,37.820978,25.044472,0.802107,2.836846,0.0,88.926111,0.0,14.900391,0.0,60.936853,33.767698,60.96582,50.056332,33.8699,50.0,27.0,0.0,0.0,0.0,0.0,0.0,0.0,0.0,0
1460,60.463905,0.0,1.897053,0.0,38.059493,25.122972,0.802351,2.862224,0.0,89.127731,0.0,14.859943,0.0,60.824741,33.809747,60.940594,50.049079,33.855886,50.0,27.0,0.0,0.0,0.0,0.0,0.0,0.0,0.0,0
1461,60.735048,0.0,1.897604,0.0,38.024646,24.963823,0.800501,2.853259,0.0,89.032633,0.0,14.809135,0.0,60.98937,33.729737,60.929212,50.045689,33.849562,50.0,27.0,0.0,0.0,0.0,0.0,0.0,0.0,0.0,0
1462,60.699785,0.0,1.901507,0.0,38.105472,25.005857,0.804185,2.857297,0.0,89.974585,0.0,14.827627,0.0,60.520323,33.812402,60.638296,49.965054,33.687942,50.0,27.0,0.0,0.0,0.0,0.0,0.0,0.0,0.0,0
1463,60.892721,0.0,1.897446,0.0,37.875194,24.961466,0.798932,2.847829,0.0,89.185057,0.0,14.81794,0.0,60.298931,33.986024,60.775764,50.003223,33.764313,50.0,27.0,0.0,0.0,0.0,0.0,0.0,0.0,0.0,0
1464,60.516747,0.0,1.8873,0.0,37.932732,24.948778,0.802544,2.855762,0.0,89.311534,0.0,14.898264,0.0,60.759731,33.651279,60.50066,49.92717,33.611478,50.0,27.0,0.0,0.0,0.0,0.0,0.0,0.0,0.0,0
1465,60.769031,0.0,1.891774,0.0,38.074936,25.082727,0.797066,2.851986,0.0,89.607295,0.0,14.928162,0.0,60.93884,33.764442,60.934663,50.047489,33.85259,50.0,27.0,0.0,0.0,0.0,0.0,0.0,0.0,0.0,0
1466,60.612084,0.0,1.893329,0.0,38.100553,24.917641,0.804063,2.846996,0.0,88.998073,0.0,14.956369,0.0,60.876609,33.797459,60.942339,50.049374,33.856855,50.0,27.0,0.0,0.0,0.0,0.0,0.0,0.0,0.0,0
1467,60.476828,0.0,1.906012,0.0,38.061787,24.994416,0.799926,2.860856,0.0,89.831308,0.0,14.865505,0.0,60.462356,34.033192,61.021226,50.070932,33.900681,50.0,27.0,0.0,0.0,0.0,0.0,0.0,0.0,0.0,0
1468,60.700768,0.0,1.910468,0.0,38.009701,25.124514,0.803273,2.858718,0.0,89.27771,0.0,14.903271,0.0,60.641976,33.784662,60.641674,49.965673,33.689819,50.0,27.0,0.0,0.0,0.0,0.0,0.0,0.0,0.0,0
1469,60.750016,0.0,1.905936,0.0,38.012171,25.001219,0.795185,2.843426,0.0,89.018905,0.0,14.819635,0.0,61.188099,33.659081,60.922918,50.043579,33.846066,50.0,27.0,0.0,0.0,0.0,0.0,0.0,0.0,0.0,0
1470,60.420854,0.0,1.910199,0.0,38.046106,25.012843,0.795715,2.859985,0.0,89.27328,0.0,14.925944,0.0,60.898754,33.55692,60.434652,49.908407,33.574807,50.0,27.0,0.0,0.0,0.0,0.0,0.0,0.0,0.0,0
1471,60.800143,0.0,1.899858,0.0,38.146688,25.012245,0.802972,2.850369,0.0,89.57255,0.0,14.834403,0.0,60.988952,33.690635,60.835911,50.019769,33.797728,50.0,27.0,0.0,0.0,0.0,0.0,0.0,0.0,0.0,0
1472,60.873732,0.0,1.896018,0.0,37.869565,25.151659,0.799925,2.859792,0.0,89.051446,0.0,14.866349,0.0,60.932063,33.752076,60.918189,50.042412,33.843438,50.0,27.0,0.0,0.0,0.0,0.0,0.0,0.0,0.0,0
1473,60.603383,0.0,1.896068,0.0,38.054963,24.921641,0.798521,2.844898,0.0,88.985288,0.0,14.928202,0.0,60.785029,33.763236,60.795564,50.008308,33.775313,50.0,27.0,0.0,0.0,0.0,0.0,0.0,0.0,0.0,0
1474,60.663694,0.0,1.900197,0.0,38.07125,25.048109,0.797739,2.859599,0.0,89.017131,0.0,14.878411,0.0,60.392245,33.939686,60.77432,50.002395,33.763511,50.0,27.0,0.0,0.0,0.0,0.0,0.0,0.0,0.0,0
1475,60.681216,0.0,1.893305,0.0,38.139892,24.92083,0.802831,2.856637,0.0,88.989972,0.0,14.81207,0.0,60.912801,33.777376,60.928623,50.045032,33.849235,50.0,27.0,0.0,0.0,0.0,0.0,0.0,0.0,0.0,0
1476,60.714757,0.0,1.897877,0.0,37.966822,25.082466,0.801255,2.841338,0.0,89.101604,0.0,14.794081,0.0,60.671186,33.914033,60.974281,50.057427,33.874601,50.0,27.0,0.0,0.0,0.0,0.0,0.0,0.0,0.0,0
1477,61.02293,0.0,1.88878,0.0,38.025559,25.070221,0.802123,2.860467,0.0,89.29744,0.0,14.858888,0.0,60.810632,33.682268,60.605904,49.955324,33.669947,50.0,27.0,0.0,0.0,0.0,0.0,0.0,0.0,0.0,0
1478,61.061568,0.0,1.891641,0.0,38.066528,25.05968,0.799212,2.845986,0.0,89.077548,0.0,14.9139,0.0,60.9579,33.856755,61.134025,50.101516,33.963347,50.0,27.0,0.0,0.0,0.0,0.0,0.0,0.0,0.0,0
1479,60.863988,0.0,1.885725,0.0,38.122805,24.977308,0.797686,2.848601,0.0,89.002699,0.0,14.889128,0.0,60.860357,33.744424,60.788526,50.005517,33.771404,50.0,27.0,0.0,0.0,0.0,0.0,0.0,0.0,0.0,0
1480,60.486024,0.0,1.906546,0.0,37.898249,25.068022,0.80244,2.858374,0.0,89.377014,0.0,14.767553,0.0,60.412094,34.04954,60.988358,50.060722,33.882421,50.0,27.0,0.0,0.0,0.0,0.0,0.0,0.0,0.0,0
1481,60.85565,0.0,1.909796,0.0,37.729454,25.133091,0.801751,2.840156,0.0,89.056592,0.0,14.917919,0.0,61.099259,33.756955,61.022335,50.069811,33.901297,50.0,27.0,0.0,0.0,0.0,0.0,0.0,0.0,0.0,0
1482,60.846929,0.0,1.901403,0.0,38.14749,25.114299,0.796472,2.858127,0.0,89.430116,0.0,14.845313,0.0,60.972115,33.746153,60.877213,50.029353,33.820674,50.0,27.0,0.0,0.0,0.0,0.0,0.0,0.0,0.0,0
1483,60.875236,0.0,1.901843,0.0,38.14585,25.080926,0.801234,2.854406,0.0,89.058232,0.0,14.8869,0.0,60.741258,33.660747,60.472135,49.917245,33.595631,50.0,27.0,0.0,0.0,0.0,0.0,0.0,0.0,0.0,0
1484,60.688239,0.0,1.902337,0.0,38.104318,25.000243,0.799126,2.850616,0.0,88.975681,0.0,14.906537,0.0,61.197598,33.705167,61.038994,50.074334,33.910552,50.0,27.0,0.0,0.0,0.0,0.0,0.0,0.0,0.0,0
1485,60.897334,0.0,1.914658,0.0,38.145668,24.848976,0.800701,2.848575,0.0,89.195259,0.0,14.80898,0.0,60.583233,34.050154,61.162246,50.10803,33.979026,50.0,27.0,0.0,0.0,0.0,0.0,0.0,0.0,0.0,0
1486,60.42687,0.0,1.890997,0.0,38.087022,25.167535,0.797122,2.851287,0.0,89.521802,0.0,14.814935,0.0,60.97578,33.704281,60.78903,50.004338,33.771683,50.0,27.0,0.0,0.0,0.0,0.0,0.0,0.0,0.0,0
1487,60.592463,0.0,1.904306,0.0,38.000796,25.032939,0.7996,2.846536,0.0,89.335174,0.0,14.871734,0.0,60.738902,33.852249,60.875943,50.028338,33.819968,50.0,27.0,0.0,0.0,0.0,0.0,0.0,0.0,0.0,0
1488,60.79968,0.0,1.890366,0.0,38.205799,24.896301,0.799895,2.860091,0.0,89.33769,0.0,14.898079,0.0,60.921918,33.679395,60.685781,49.975637,33.714323,50.0,27.0,0.0,0.0,0.0,0.0,0.0,0.0,0.0,0
1489,60.646978,0.0,1.904522,0.0,37.891097,25.113779,0.800877,2.852769,0.0,89.081996,0.0,14.931855,0.0,60.838377,33.616765,60.484889,49.920233,33.602716,50.0,27.0,0.0,0.0,0.0,0.0,0.0,0.0,0.0,0
1490,60.821259,0.0,1.890167,0.0,38.11603,25.225,0.799546,2.851975,0.0,88.80144,0.0,14.927182,0.0,60.935357,33.736166,60.855821,50.023154,33.80879,50.0,27.0,0.0,0.0,0.0,0.0,0.0,0.0,0.0,0
1491,60.203247,0.0,1.900189,0.0,38.04419,25.054523,0.803276,2.863745,0.0,89.148949,0.0,14.818125,0.0,60.852323,33.80225,60.917156,50.039991,33.842865,50.0,27.0,0.0,0.0,0.0,0.0,0.0,0.0,0.0,0
1492,61.142579,0.0,1.898251,0.0,38.050962,25.008917,0.801523,2.837852,0.0,88.929724,0.0,14.915054,0.0,60.412568,34.031686,60.957316,50.050892,33.865175,50.0,27.0,0.0,0.0,0.0,0.0,0.0,0.0,0.0,0
1493,60.905845,0.0,1.898888,0.0,37.895196,25.167987,0.798618,2.850696,0.0,88.914788,0.0,14.866845,0.0,60.729011,33.791877,60.733865,49.988878,33.741036,50.0,27.0,0.0,0.0,0.0,0.0,0.0,0.0,0.0,0
1494,60.429202,0.0,1.896489,0.0,37.763345,24.973034,0.798223,2.846065,0.0,89.394055,0.0,14.918193,0.0,60.961774,33.66916,60.707468,49.981638,33.726371,50.0,27.0,0.0,0.0,0.0,0.0,0.0,0.0,0.0,0
1495,60.799066,0.0,1.898888,0.0,38.144357,24.971751,0.798627,2.848398,0.0,88.90073,0.0,14.953958,0.0,60.814267,33.784586,60.819331,50.012648,33.788517,50.0,27.0,0.0,0.0,0.0,0.0,0.0,0.0,0.0,0
1496,60.480491,0.0,1.887684,0.0,38.042168,24.970271,0.800745,2.84339,0.0,89.401819,0.0,14.850322,0.0,60.712758,33.807057,60.764906,49.997542,33.758281,50.0,27.0,0.0,0.0,0.0,0.0,0.0,0.0,0.0,0
1497,60.68324,0.0,1.901346,0.0,38.012808,25.013254,0.797727,2.847393,0.0,89.010626,0.0,14.862095,0.0,61.067886,33.445293,60.353678,49.883892,33.529821,50.0,27.0,0.0,0.0,0.0,0.0,0.0,0.0,0.0,0
1498,60.617781,0.0,1.899303,0.0,38.179681,24.947326,0.802163,2.862264,0.0,89.168664,0.0,14.848617,0.0,60.858251,33.799072,60.934935,50.045127,33.852742,50.0,27.0,0.0,0.0,0.0,0.0,0.0,0.0,0.0,0
1499,60.70762,0.0,1.894547,0.0,38.083275,25.018686,0.800175,2.853591,0.0,88.864953,0.0,14.880882,0.0,60.558903,33.853177,60.744922,49.992384,33.747179,50.0,27.0,0.0,0.0,0.0,0.0,0.0,0.0,0.0,0
1500,60.664045,0.0,1.90297,0.0,37.91646,24.895202,0.802247,2.839647,0.0,88.99742,0.0,14.758224,0.0,60.588343,33.852807,60.761955,49.997129,33.756642,50.0,27.0,0.0,0.0,0.0,0.0,0.0,0.0,0.0,0
1501,60.755639,0.0,1.907999,0.0,37.985539,25.054892,0.798883,2.850465,0.0,88.917046,0.0,14.825001,0.0,60.560325,33.874648,60.769156,49.999134,33.760642,50.0,27.0,0.0,0.0,0.0,0.0,0.0,0.0,0.0,0
1502,60.755221,0.0,1.895775,0.0,37.934395,24.875219,0.798141,2.855955,0.0,89.398833,0.0,14.915879,0.0,60.317364,33.964979,60.703686,49.981043,33.72427,50.0,27.0,0.0,0.0,0.0,0.0,0.0,0.0,0.0,0
1503,60.850107,0.0,1.904445,0.0,38.097436,24.904333,0.800172,2.853057,0.0,88.908635,0.0,14.905424,0.0,60.750037,33.929711,61.03782,50.07349,33.9099,50.0,27.0,0.0,0.0,0.0,0.0,0.0,0.0,0.0,0
1504,60.678265,0.0,1.899065,0.0,37.897253,24.939921,0.800739,2.853755,0.0,89.594292,0.0,14.866988,0.0,60.888233,33.720934,60.71764,49.984628,33.732022,50.0,27.0,0.0,0.0,0.0,0.0,0.0,0.0,0.0,0
1505,60.56805,0.0,1.896885,0.0,37.963163,24.897567,0.799347,2.835207,0.0,89.322689,0.0,14.80014,0.0,60.683266,33.906489,60.914741,50.039182,33.841523,50.0,27.0,0.0,0.0,0.0,0.0,0.0,0.0,0.0,0
1506,60.964624,0.0,1.897328,0.0,37.800074,24.839563,0.802503,2.856995,0.0,89.330161,0.0,14.995211,0.0,60.602534,33.899127,60.804012,50.008383,33.780007,50.0,27.0,0.0,0.0,0.0,0.0,0.0,0.0,0.0,0
1507,60.745992,0.0,1.896872,0.0,38.009783,24.970318,0.800121,2.847627,0.0,88.941584,0.0,14.906878,0.0,60.855759,33.751987,60.734272,49.989065,33.741262,50.0,27.0,0.0,0.0,0.0,0.0,0.0,0.0,0.0,0
1508,60.854099,0.0,1.905776,0.0,37.921095,24.946833,0.798145,2.858855,0.0,89.209604,0.0,14.851421,0.0,61.026685,33.709918,60.824051,50.013934,33.791139,50.0,27.0,0.0,0.0,0.0,0.0,0.0,0.0,0.0,0
1509,60.674606,0.0,1.904045,0.0,38.110053,24.964112,0.796801,2.848529,0.0,89.431548,0.0,14.945817,0.0,61.397164,33.526669,60.820655,50.012926,33.789253,50.0,27.0,0.0,0.0,0.0,0.0,0.0,0.0,0.0,0
1510,60.903926,0.0,1.901681,0.0,38.041758,25.061445,0.804158,2.852709,0.0,89.158806,0.0,14.862639,0.0,60.857054,33.708974,60.701126,49.979824,33.722848,50.0,27.0,0.0,0.0,0.0,0.0,0.0,0.0,0.0,0
1511,60.497751,0.0,1.900774,0.0,38.038,25.001694,0.797008,2.863283,0.0,89.274097,0.0,14.897524,0.0,60.913415,33.764233,60.883794,50.030413,33.82433,50.0,27.0,0.0,0.0,0.0,0.0,0.0,0.0,0.0,0
1512,60.797996,0.0,1.89024,0.0,38.056647,25.090443,0.802432,2.840929,0.0,89.575275,0.0,14.791963,0.0,60.653767,33.800588,60.702685,49.980204,33.723714,50.0,27.0,0.0,0.0,0.0,0.0,0.0,0.0,0.0,0
1513,60.839217,0.0,1.896866,0.0,38.099279,25.030528,0.797577,2.85228,0.0,89.045881,0.0,14.846567,0.0,60.87621,33.822026,60.96729,50.053439,33.870717,50.0,27.0,0.0,0.0,0.0,0.0,0.0,0.0,0.0,0
1514,60.831686,0.0,1.891464,0.0,37.813017,25.052547,0.804887,2.843528,0.0,89.245582,0.0,14.91072,0.0,60.677349,33.785861,60.68645,49.97555,33.714694,50.0,27.0,0.0,0.0,0.0,0.0,0.0,0.0,0.0,0
1515,60.847461,0.0,1.898528,0.0,38.05466,25.033365,0.79855,2.867088,0.0,89.18396,0.0,14.841417,0.0,60.815316,33.730191,60.70642,49.981191,33.725789,50.0,27.0,0.0,0.0,0.0,0.0,0.0,0.0,0.0,0
1516,60.846963,0.0,1.894859,0.0,37.913462,24.810385,0.797097,2.844123,0.0,89.205736,0.0,14.858377,0.0,60.522346,33.758113,60.479153,49.918469,33.59953,50.0,27.0,0.0,0.0,0.0,0.0,0.0,0.0,0.0,0
1517,60.607955,0.0,1.899415,0.0,38.069962,24.962591,0.801464,2.849446,0.0,89.416502,0.0,14.859766,0.0,60.628032,33.786652,60.64774,49.965471,33.693189,50.0,27.0,0.0,0.0,0.0,0.0,0.0,0.0,0.0,0
1518,60.855437,0.0,1.906224,0.0,38.034559,25.067497,0.796972,2.862516,0.0,89.40892,0.0,14.809817,0.0,60.967019,33.699978,60.802665,50.008464,33.779259,50.0,27.0,0.0,0.0,0.0,0.0,0.0,0.0,0.0,0
1519,60.779562,0.0,1.893567,0.0,37.898139,25.037228,0.803496,2.848865,0.0,89.28124,0.0,14.893421,0.0,60.752646,33.732618,60.667415,49.971039,33.70412,50.0,27.0,0.0,0.0,0.0,0.0,0.0,0.0,0.0,0
1520,60.672141,0.0,1.911121,0.0,37.904988,24.984625,0.802535,2.850208,0.0,89.082085,0.0,14.884506,0.0,60.6157,33.743281,60.558288,49.941021,33.643494,50.0,27.0,0.0,0.0,0.0,0.0,0.0,0.0,0.0,0
1521,60.558696,0.0,1.899791,0.0,37.919837,24.898571,0.801451,2.859728,0.0,89.297835,0.0,14.856463,0.0,60.917438,33.604294,60.570439,49.944673,33.650244,50.0,27.0,0.0,0.0,0.0,0.0,0.0,0.0,0.0,0
1522,60.767179,0.0,1.893854,0.0,37.995688,24.965299,0.79509,2.843775,0.0,88.691956,0.0,14.872208,0.0,60.619249,33.8017,60.710341,49.983616,33.727967,50.0,27.0,0.0,0.0,0.0,0.0,0.0,0.0,0.0,0
1523,60.829684,0.0,1.899935,0.0,38.094371,25.010503,0.800604,2.857319,0.0,89.283203,0.0,14.924979,0.0,60.89531,33.784269,60.94394,50.048264,33.857745,50.0,27.0,0.0,0.0,0.0,0.0,0.0,0.0,0.0,0
1524,60.42363,0.0,1.901866,0.0,37.911649,24.958748,0.801633,2.856613,0.0,89.529613,0.0,14.811642,0.0,60.876332,33.667558,60.675734,49.973893,33.708741,50.0,27.0,0.0,0.0,0.0,0.0,0.0,0.0,0.0,0
1525,60.64987,0.0,1.89756,0.0,37.9967,24.957203,0.798302,2.841607,0.0,89.211157,0.0,14.983545,0.0,60.694021,33.624307,60.414729,49.901882,33.563739,50.0,27.0,0.0,0.0,0.0,0.0,0.0,0.0,0.0,0
1526,60.711326,0.0,1.911404,0.0,37.962525,25.099082,0.796126,2.848031,0.0,88.975006,0.0,14.867534,0.0,60.421089,33.909043,60.759868,49.997765,33.755482,50.0,27.0,0.0,0.0,0.0,0.0,0.0,0.0,0.0,0
1527,60.748644,0.0,1.887933,0.0,37.907804,24.875625,0.795424,2.842131,0.0,89.642857,0.0,14.812098,0.0,61.054458,33.5205,60.552481,49.940455,33.640267,50.0,27.0,0.0,0.0,0.0,0.0,0.0,0.0,0.0,0
1528,60.690691,0.0,1.906748,0.0,38.075654,24.819967,0.800593,2.825612,0.0,89.395231,0.0,14.860803,0.0,60.958105,33.477764,60.397355,49.897875,33.554086,50.0,27.0,0.0,0.0,0.0,0.0,0.0,0.0,0.0,0
1529,60.990452,0.0,1.910724,0.0,38.060011,24.973905,0.799398,2.852582,0.0,88.850231,0.0,14.90565,0.0,60.324443,33.945641,60.785668,50.005711,33.769815,50.0,27.0,0.0,0.0,0.0,0.0,0.0,0.0,0.0,0
1530,60.533067,0.0,1.905633,0.0,38.110265,24.920711,0.799716,2.855699,0.0,88.851572,0.0,14.759064,0.0,60.587945,33.859198,60.838003,50.020148,33.798891,50.0,27.0,0.0,0.0,0.0,0.0,0.0,0.0,0.0,0
1531,60.809051,0.0,1.902103,0.0,37.96007,25.012284,0.798785,2.847343,0.0,89.020158,0.0,14.920612,0.0,60.962857,33.529855,60.502578,49.927338,33.612543,50.0,27.0,0.0,0.0,0.0,0.0,0.0,0.0,0.0,0
1532,60.733078,0.0,1.900287,0.0,38.098535,25.032883,0.797829,2.851166,0.0,88.914856,0.0,14.880162,0.0,60.685542,33.764759,60.74953,49.995956,33.749739,50.0,27.0,0.0,0.0,0.0,0.0,0.0,0.0,0.0,0
1533,60.561774,0.0,1.893331,0.0,37.869687,25.064375,0.802272,2.843944,0.0,88.56508,0.0,14.81913,0.0,60.785739,33.909861,61.151803,50.107163,33.973224,50.0,27.0,0.0,0.0,0.0,0.0,0.0,0.0,0.0,0
1534,60.694736,0.0,1.907363,0.0,37.972455,25.029117,0.804048,2.847269,0.0,88.493746,0.0,14.854559,0.0,60.811522,33.67576,60.6609,49.970946,33.7005,50.0,27.0,0.0,0.0,0.0,0.0,0.0,0.0,0.0,0
1535,60.867515,0.0,1.902078,0.0,37.899646,25.088938,0.795064,2.851772,0.0,89.134169,0.0,14.81947,0.0,60.689846,33.711432,60.623883,49.960859,33.679935,50.0,27.0,0.0,0.0,0.0,0.0,0.0,0.0,0.0,0
1536,60.618068,0.0,1.894457,0.0,38.090393,25.112608,0.79744,2.854254,0.0,88.377295,0.0,14.828259,0.0,60.782838,33.79021,60.88717,50.033825,33.826206,50.0,27.0,0.0,0.0,0.0,0.0,0.0,0.0,0.0,0
1537,60.619135,0.0,1.888742,0.0,38.239684,24.963059,0.799189,2.855686,0.0,88.933834,0.0,14.835982,0.0,60.645486,33.746093,60.65024,49.96817,33.694578,50.0,27.0,0.0,0.0,0.0,0.0,0.0,0.0,0.0,0
1538,60.594366,0.0,1.911261,0.0,38.098534,25.062474,0.795472,2.842808,0.0,88.96162,0.0,14.878631,0.0,60.735576,33.75226,60.75304,49.996742,33.751689,50.0,27.0,0.0,0.0,0.0,0.0,0.0,0.0,0.0,0
1539,60.359343,0.0,1.903998,0.0,38.018408,24.843549,0.796721,2.858335,0.0,89.320425,0.0,14.832953,0.0,60.369134,33.771198,60.425453,49.906215,33.569696,50.0,27.0,0.0,0.0,0.0,0.0,0.0,0.0,0.0,0
1540,60.689654,0.0,1.89012,0.0,37.778221,24.995373,0.799556,2.852731,0.0,88.784207,0.0,14.869583,0.0,60.447488,33.931941,60.839355,50.021082,33.799642,50.0,27.0,0.0,0.0,0.0,0.0,0.0,0.0,0.0,0
1541,60.526715,0.0,1.902961,0.0,38.092024,25.051646,0.798635,2.836978,0.0,88.965269,0.0,14.888965,0.0,60.849521,33.72169,60.773398,50.002747,33.762999,50.0,27.0,0.0,0.0,0.0,0.0,0.0,0.0,0.0,0
1542,60.4246,0.0,1.900161,0.0,38.030186,24.976505,0.797631,2.847532,0.0,89.796197,0.0,14.785111,0.0,61.130013,33.594016,60.789336,50.007138,33.771853,50.0,27.0,0.0,0.0,0.0,0.0,0.0,0.0,0.0,0
1543,60.754243,0.0,1.891752,0.0,38.052904,25.079755,0.795516,2.853387,0.0,89.000225,0.0,14.804984,0.0,60.850884,33.701658,60.758556,49.998596,33.754754,50.0,27.0,0.0,0.0,0.0,0.0,0.0,0.0,0.0,0
1544,60.613312,0.0,1.904437,0.0,37.810877,25.03279,0.795358,2.849744,0.0,89.36709,0.0,14.881019,0.0,60.77062,33.694494,60.668951,49.973836,33.704973,50.0,27.0,0.0,0.0,0.0,0.0,0.0,0.0,0.0,0
1545,60.941257,0.0,1.902584,0.0,38.043715,24.994771,0.798835,2.852148,0.0,88.940453,0.0,14.764198,0.0,60.674554,33.709869,60.61167,49.958134,33.67315,50.0,27.0,0.0,0.0,0.0,0.0,0.0,0.0,0.0,0
1546,60.583567,0.0,1.900958,0.0,37.998054,24.93328,0.802678,2.854559,0.0,89.33086,0.0,14.776651,0.0,61.169011,33.56737,60.809474,50.013015,33.783041,50.0,27.0,0.0,0.0,0.0,0.0,0.0,0.0,0.0,0
1547,60.749564,0.0,1.90554,0.0,38.195417,24.980357,0.796615,2.861253,0.0,89.207381,0.0,14.920367,0.0,60.715108,33.790191,60.848055,50.023613,33.804475,50.0,27.0,0.0,0.0,0.0,0.0,0.0,0.0,0.0,0
1548,60.859557,0.0,1.9062,0.0,37.917007,24.948196,0.796194,2.856432,0.0,89.010144,0.0,14.910374,0.0,60.598965,33.76336,60.667008,49.973455,33.703893,50.0,27.0,0.0,0.0,0.0,0.0,0.0,0.0,0.0,0
1549,60.567439,0.0,1.900018,0.0,37.937203,25.00174,0.797175,2.860896,0.0,89.581483,0.0,14.858998,0.0,60.441671,33.832818,60.651973,49.969432,33.695541,50.0,27.0,0.0,0.0,0.0,0.0,0.0,0.0,0.0,0
1550,60.568854,0.0,1.892466,0.0,37.944654,24.94521,0.8072,2.847364,0.0,89.509401,0.0,14.786193,0.0,60.870429,33.867258,61.140235,50.104537,33.966797,50.0,27.0,0.0,0.0,0.0,0.0,0.0,0.0,0.0,0
1551,60.796415,0.0,1.893292,0.0,37.993776,25.062452,0.798687,2.840533,0.0,89.274409,0.0,14.950588,0.0,60.844137,33.655046,60.649445,49.968365,33.694136,50.0,27.0,0.0,0.0,0.0,0.0,0.0,0.0,0.0,0
1552,60.970044,0.0,1.901413,0.0,37.867733,25.029004,0.799464,2.847483,0.0,89.281922,0.0,14.929876,0.0,60.781182,33.827262,60.961926,50.054891,33.867737,50.0,27.0,0.0,0.0,0.0,0.0,0.0,0.0,0.0,0
1553,60.602262,0.0,1.90873,0.0,38.087193,24.88999,0.799358,2.864259,0.0,89.151807,0.0,14.890123,0.0,60.933066,33.587322,60.59639,49.953585,33.664661,50.0,27.0,0.0,0.0,0.0,0.0,0.0,0.0,0.0,0
1554,60.833274,0.0,1.88875,0.0,38.041059,25.138697,0.794162,2.836459,0.0,89.229177,0.0,14.832237,0.0,60.708696,33.714073,60.660428,49.971516,33.700238,50.0,27.0,0.0,0.0,0.0,0.0,0.0,0.0,0.0,0
1555,60.899054,0.0,1.908373,0.0,37.876026,25.070921,0.797266,2.834728,0.0,89.06025,0.0,14.861061,0.0,60.591778,33.867833,60.870863,50.029821,33.817146,50.0,27.0,0.0,0.0,0.0,0.0,0.0,0.0,0.0,0
1556,60.8131,0.0,1.900974,0.0,38.071442,25.08322,0.799529,2.831542,0.0,89.030704,0.0,14.875606,0.0,60.940916,33.65146,60.746147,49.995202,33.747859,50.0,27.0,0.0,0.0,0.0,0.0,0.0,0.0,0.0,0
1557,60.642773,0.0,1.901958,0.0,37.803302,24.994861,0.800941,2.855783,0.0,89.394017,0.0,14.795622,0.0,60.743175,33.819606,60.915263,50.041968,33.841813,50.0,27.0,0.0,0.0,0.0,0.0,0.0,0.0,0.0,0
1558,60.588894,0.0,1.903411,0.0,38.094044,25.053521,0.797945,2.853875,0.0,88.854161,0.0,14.819642,0.0,60.856286,33.747227,60.864944,50.027852,33.813858,50.0,27.0,0.0,0.0,0.0,0.0,0.0,0.0,0.0,0
1559,60.771187,0.0,1.898119,0.0,38.067456,25.026632,0.799501,2.848431,0.0,88.732855,0.0,14.925888,0.0,60.680806,33.757285,60.710138,49.984925,33.727855,50.0,27.0,0.0,0.0,0.0,0.0,0.0,0.0,0.0,0
1560,60.758196,0.0,1.909655,0.0,38.119313,24.894764,0.799564,2.856053,0.0,88.956285,0.0,14.988765,0.0,61.257201,33.500134,60.742272,49.993882,33.745707,50.0,27.0,0.0,0.0,0.0,0.0,0.0,0.0,0.0,0
1561,60.661332,0.0,1.905237,0.0,37.902028,24.85255,0.795725,2.859328,0.0,88.929701,0.0,14.898634,0.0,60.883589,33.717583,60.859524,50.02632,33.810847,50.0,27.0,0.0,0.0,0.0,0.0,0.0,0.0,0.0,0
1562,60.693665,0.0,1.888154,0.0,37.908576,25.057155,0.802067,2.846085,0.0,88.669465,0.0,14.822134,0.0,60.374162,33.945727,60.832842,50.018815,33.796023,50.0,27.0,0.0,0.0,0.0,0.0,0.0,0.0,0.0,0
1563,60.796262,0.0,1.898372,0.0,37.800089,25.053539,0.799071,2.860992,0.0,89.008668,0.0,14.896929,0.0,60.335214,33.911677,60.693404,49.980181,33.718558,50.0,27.0,0.0,0.0,0.0,0.0,0.0,0.0,0.0,0
1564,60.988622,0.0,1.89521,0.0,37.947196,24.984372,0.797789,2.853423,0.0,89.380261,0.0,14.884674,0.0,60.903331,33.755314,60.909306,50.039954,33.838503,50.0,27.0,0.0,0.0,0.0,0.0,0.0,0.0,0.0,0
1565,60.738125,0.0,1.898673,0.0,37.821309,25.048494,0.800431,2.848029,0.0,89.24071,0.0,14.842524,0.0,60.793692,33.658147,60.594331,49.952697,33.663517,50.0,27.0,0.0,0.0,0.0,0.0,0.0,0.0,0.0,0
1566,60.789809,0.0,1.89516,0.0,37.970536,24.972612,0.803552,2.85467,0.0,89.226186,0.0,14.866385,0.0,60.484808,33.892297,60.791818,50.007517,33.773232,50.0,27.0,0.0,0.0,0.0,0.0,0.0,0.0,0.0,0
1567,60.989205,0.0,1.899848,0.0,37.901756,25.13897,0.801418,2.855257,0.0,88.913976,0.0,14.817223,0.0,60.742781,33.73522,60.699268,49.9819,33.721815,50.0,27.0,0.0,0.0,0.0,0.0,0.0,0.0,0.0,0
1568,60.668304,0.0,1.902665,0.0,38.122563,25.070209,0.803061,2.85505,0.0,89.898089,0.0,14.796448,0.0,61.284953,33.424796,60.58936,49.951612,33.660756,50.0,27.0,0.0,0.0,0.0,0.0,0.0,0.0,0.0,0
1569,60.979704,0.0,1.903241,0.0,38.064175,25.066907,0.796073,2.850861,0.0,89.556458,0.0,14.778368,0.0,60.509258,33.866236,60.7883,50.006839,33.771278,50.0,27.0,0.0,0.0,0.0,0.0,0.0,0.0,0.0,0
1570,60.821941,0.0,1.903673,0.0,37.795041,24.833646,0.799296,2.843363,0.0,89.029895,0.0,14.82471,0.0,60.440248,33.754648,60.46647,49.917852,33.592483,50.0,27.0,0.0,0.0,0.0,0.0,0.0,0.0,0.0,0
1571,60.690235,0.0,1.902244,0.0,38.048637,24.986915,0.794353,2.871704,0.0,89.261289,0.0,14.914,0.0,60.599351,33.735659,60.58388,49.950712,33.657711,50.0,27.0,0.0,0.0,0.0,0.0,0.0,0.0,0.0,0
1572,61.038902,0.0,1.89566,0.0,38.073222,24.979448,0.802491,2.843631,0.0,88.832555,0.0,14.83625,0.0,60.731842,33.72325,60.691161,49.98061,33.717312,50.0,27.0,0.0,0.0,0.0,0.0,0.0,0.0,0.0,0
1573,60.86681,0.0,1.909774,0.0,37.974113,25.0352,0.797893,2.865857,0.0,89.280079,0.0,14.785017,0.0,60.774819,33.793199,60.884229,50.034069,33.824572,50.0,27.0,0.0,0.0,0.0,0.0,0.0,0.0,0.0,0
1574,60.481851,0.0,1.896853,0.0,38.116668,24.99497,0.800381,2.83812,0.0,89.10129,0.0,14.942551,0.0,60.54844,33.868277,60.80938,50.013212,33.782989,50.0,27.0,0.0,0.0,0.0,0.0,0.0,0.0,0.0,0
1575,60.694913,0.0,1.897894,0.0,38.182866,25.025818,0.801623,2.841898,0.0,89.596848,0.0,14.922671,0.0,60.776298,33.663526,60.589034,49.952243,33.660574,50.0,27.0,0.0,0.0,0.0,0.0,0.0,0.0,0.0,0
1576,60.704185,0.0,1.902465,0.0,38.030792,24.892353,0.799226,2.859797,0.0,89.108723,0.0,14.897508,0.0,60.971093,33.459996,60.366212,49.890894,33.536784,50.0,27.0,0.0,0.0,0.0,0.0,0.0,0.0,0.0,0
1577,60.822049,0.0,1.894697,0.0,37.924494,25.131637,0.800156,2.843929,0.0,89.082617,0.0,14.891243,0.0,60.448776,33.845297,60.694443,49.982158,33.719135,50.0,27.0,0.0,0.0,0.0,0.0,0.0,0.0,0.0,0
1578,60.754352,0.0,1.907674,0.0,38.09688,25.053821,0.800873,2.851607,0.0,89.055024,0.0,14.79385,0.0,60.881227,33.610001,60.615213,49.960348,33.675118,50.0,27.0,0.0,0.0,0.0,0.0,0.0,0.0,0.0,0
1579,60.488802,0.0,1.899193,0.0,38.000588,25.027063,0.802659,2.866241,0.0,89.433571,0.0,14.867085,0.0,60.785979,33.821375,60.982458,50.06205,33.879143,50.0,27.0,0.0,0.0,0.0,0.0,0.0,0.0,0.0,0
1580,61.174652,0.0,1.903654,0.0,38.164062,25.07132,0.799148,2.849001,0.0,89.381114,0.0,14.781496,0.0,60.864403,33.868831,61.148703,50.107691,33.971502,50.0,27.0,0.0,0.0,0.0,0.0,0.0,0.0,0.0,0
1581,60.776764,0.0,1.906898,0.0,37.846971,25.078426,0.801032,2.847908,0.0,88.969719,0.0,14.847246,0.0,60.684272,33.859326,60.930754,50.046915,33.850419,50.0,27.0,0.0,0.0,0.0,0.0,0.0,0.0,0.0,0
1582,60.716673,0.0,1.892098,0.0,37.965049,24.964908,0.79668,2.850413,0.0,89.344666,0.0,14.878644,0.0,60.685053,33.849142,60.894649,50.036703,33.830361,50.0,27.0,0.0,0.0,0.0,0.0,0.0,0.0,0.0,0
1583,60.488551,0.0,1.90002,0.0,37.714829,24.904998,0.801929,2.861732,0.0,89.314607,0.0,14.812279,0.0,60.812679,33.796195,60.89749,50.037305,33.831939,50.0,27.0,0.0,0.0,0.0,0.0,0.0,0.0,0.0,0
1584,60.7851,0.0,1.901335,0.0,37.994246,24.969697,0.800043,2.846118,0.0,89.107045,0.0,14.877397,0.0,61.088184,33.511757,60.567707,49.945969,33.648726,50.0,27.0,0.0,0.0,0.0,0.0,0.0,0.0,0.0,0
1585,60.915027,0.0,1.897684,0.0,37.885445,25.041519,0.798803,2.85007,0.0,88.925906,0.0,14.885096,0.0,60.919074,33.702917,60.834356,50.019938,33.796864,50.0,27.0,0.0,0.0,0.0,0.0,0.0,0.0,0.0,0
1586,60.93728,0.0,1.898744,0.0,37.891653,25.083478,0.799527,2.860186,0.0,89.10095,0.0,14.846811,0.0,60.640756,33.714174,60.585079,49.95094,33.658377,50.0,27.0,0.0,0.0,0.0,0.0,0.0,0.0,0.0,0
1587,60.845688,0.0,1.896384,0.0,37.962399,24.876852,0.80183,2.853661,0.0,89.126361,0.0,14.865872,0.0,60.371421,34.010569,60.94443,50.050507,33.858017,50.0,27.0,0.0,0.0,0.0,0.0,0.0,0.0,0.0,0
1588,60.715556,0.0,1.902096,0.0,38.154431,25.07611,0.800088,2.856045,0.0,89.108235,0.0,14.882097,0.0,60.730451,33.782114,60.785751,50.006398,33.769861,50.0,27.0,0.0,0.0,0.0,0.0,0.0,0.0,0.0,0
1589,60.740507,0.0,1.902769,0.0,37.967745,24.985778,0.799469,2.837923,0.0,89.083443,0.0,14.868753,0.0,60.308697,34.025361,60.873641,50.030658,33.818689,50.0,27.0,0.0,0.0,0.0,0.0,0.0,0.0,0.0,0
1590,60.580693,0.0,1.905294,0.0,38.183458,24.908062,0.799109,2.846337,0.0,89.268136,0.0,14.864963,0.0,61.145023,33.432291,60.423651,49.906131,33.568695,50.0,27.0,0.0,0.0,0.0,0.0,0.0,0.0,0.0,0
1591,60.941049,0.0,1.897739,0.0,38.111261,24.985048,0.797997,2.844872,0.0,89.525749,0.0,14.87043,0.0,60.78011,33.760595,60.796339,50.009607,33.775744,50.0,27.0,0.0,0.0,0.0,0.0,0.0,0.0,0.0,0
1592,61.022247,0.0,1.912764,0.0,37.911779,24.977499,0.798281,2.839861,0.0,89.382573,0.0,14.963546,0.0,60.580683,33.768157,60.611849,49.958567,33.673249,50.0,27.0,0.0,0.0,0.0,0.0,0.0,0.0,0.0,0
1593,60.925343,0.0,1.903874,0.0,38.060008,24.966571,0.795707,2.864795,0.0,89.11868,0.0,14.842696,0.0,60.802566,33.737233,60.766555,50.001533,33.759197,50.0,27.0,0.0,0.0,0.0,0.0,0.0,0.0,0.0,0
1594,60.752283,0.0,1.907659,0.0,37.990858,24.970366,0.803493,2.8394,0.0,89.31867,0.0,14.910606,0.0,60.854251,33.722514,60.78944,50.007851,33.771911,50.0,27.0,0.0,0.0,0.0,0.0,0.0,0.0,0.0,0
1595,60.781946,0.0,1.899746,0.0,37.848621,24.828113,0.802383,2.841291,0.0,89.157316,0.0,14.855384,0.0,60.530407,33.81763,60.670284,49.974877,33.705713,50.0,27.0,0.0,0.0,0.0,0.0,0.0,0.0,0.0,0
1596,60.733666,0.0,1.893188,0.0,37.87968,25.011852,0.802513,2.853971,0.0,89.744813,0.0,14.773484,0.0,60.96017,33.642828,60.722581,49.989457,33.734767,50.0,27.0,0.0,0.0,0.0,0.0,0.0,0.0,0.0,0
1597,61.163178,0.0,1.894093,0.0,37.817466,24.957918,0.80035,2.867521,0.0,88.894028,0.0,14.92291,0.0,60.497214,33.699827,60.394706,49.898886,33.552614,50.0,27.0,0.0,0.0,0.0,0.0,0.0,0.0,0.0,0
1598,60.594514,0.0,1.895776,0.0,37.971884,24.886796,0.799915,2.842294,0.0,89.171333,0.0,14.893436,0.0,60.975294,33.731128,60.945218,50.051549,33.858454,50.0,27.0,0.0,0.0,0.0,0.0,0.0,0.0,0.0,0
1599,60.632287,0.0,1.898769,0.0,38.003352,25.092268,0.801998,2.855989,0.0,89.261919,0.0,14.865312,0.0,60.862127,33.712412,60.794452,50.009621,33.774696,50.0,27.0,0.0,0.0,0.0,0.0,0.0,0.0,0.0,0
1600,60.248289,0.0,1.891462,0.0,37.817386,24.955791,0.796061,2.843504,0.0,89.195474,0.0,14.845985,0.0,60.836369,33.520935,60.369028,49.891988,33.538349,50.0,27.0,0.0,0.0,0.0,0.0,0.0,0.0,0.0,0
1601,60.761163,0.0,1.899381,0.0,38.273792,24.989085,0.803231,2.846378,0.0,89.013482,0.0,14.805104,0.0,60.687505,33.743679,60.719224,49.989318,33.732902,50.0,27.0,0.0,0.0,0.0,0.0,0.0,0.0,0.0,0
1602,60.975857,0.0,1.908597,0.0,37.728489,24.949305,0.80008,2.853822,0.0,88.679518,0.0,14.91894,0.0,60.605282,33.805085,60.764544,50.001897,33.75808,50.0,27.0,0.0,0.0,0.0,0.0,0.0,0.0,0.0,0
1603,60.923362,0.0,1.888921,0.0,37.988366,25.061277,0.794888,2.853448,0.0,88.694881,0.0,14.814125,0.0,60.68089,33.79098,60.800448,50.011811,33.778027,50.0,27.0,0.0,0.0,0.0,0.0,0.0,0.0,0.0,0
1604,60.599251,0.0,1.894157,0.0,37.908008,24.999626,0.802218,2.858756,0.0,89.365415,0.0,14.805951,0.0,60.732467,33.604753,60.45173,49.915369,33.584294,50.0,27.0,0.0,0.0,0.0,0.0,0.0,0.0,0.0,0
1605,60.655604,0.0,1.906918,0.0,37.891447,24.996324,0.801536,2.853025,0.0,89.106966,0.0,14.802972,0.0,61.16127,33.710489,61.121116,50.100805,33.956176,50.0,27.0,0.0,0.0,0.0,0.0,0.0,0.0,0.0,0
1606,60.770081,0.0,1.899387,0.0,37.974476,24.987967,0.800126,2.852639,0.0,89.038915,0.0,14.835624,0.0,60.645358,33.637544,60.453845,49.915873,33.58547,50.0,27.0,0.0,0.0,0.0,0.0,0.0,0.0,0.0,0
1607,60.576056,0.0,1.89953,0.0,38.128328,25.026788,0.798098,2.849619,0.0,89.136763,0.0,14.883078,0.0,60.75128,33.701429,60.706493,49.986122,33.72583,50.0,27.0,0.0,0.0,0.0,0.0,0.0,0.0,0.0,0
1608,61.102805,0.0,1.900187,0.0,37.879882,24.940624,0.802814,2.848716,0.0,89.111879,0.0,14.780232,0.0,60.729086,33.799481,60.893927,50.037997,33.82996,50.0,27.0,0.0,0.0,0.0,0.0,0.0,0.0,0.0,0
1609,60.582109,0.0,1.8829,0.0,38.036043,25.108942,0.795756,2.839298,0.0,88.681045,0.0,14.906793,0.0,60.477207,33.734379,60.49442,49.927386,33.608011,50.0,27.0,0.0,0.0,0.0,0.0,0.0,0.0,0.0,0
1610,61.050191,0.0,1.89578,0.0,38.042167,24.960938,0.798971,2.860619,0.0,88.877698,0.0,14.918597,0.0,60.545648,33.806125,60.713125,49.988196,33.729514,50.0,27.0,0.0,0.0,0.0,0.0,0.0,0.0,0.0,0
1611,60.673557,0.0,1.897395,0.0,38.059883,24.853422,0.797443,2.839437,0.0,88.754144,0.0,14.780209,0.0,60.622708,33.730619,60.620448,49.96264,33.678027,50.0,27.0,0.0,0.0,0.0,0.0,0.0,0.0,0.0,0
1612,60.91901,0.0,1.899524,0.0,38.054149,25.059017,0.800094,2.856918,0.0,89.0403,0.0,14.804604,0.0,60.433474,33.889691,60.766898,50.003304,33.759388,50.0,27.0,0.0,0.0,0.0,0.0,0.0,0.0,0.0,0
1613,61.018363,0.0,1.898339,0.0,37.945702,24.872921,0.798743,2.863382,0.0,89.217667,0.0,14.841008,0.0,60.773377,33.80333,60.903794,50.041125,33.835441,50.0,27.0,0.0,0.0,0.0,0.0,0.0,0.0,0.0,0
1614,60.917432,0.0,1.895807,0.0,37.948598,24.917046,0.797941,2.861433,0.0,89.435316,0.0,14.812355,0.0,61.136473,33.512108,60.644442,49.969236,33.691356,50.0,27.0,0.0,0.0,0.0,0.0,0.0,0.0,0.0,0
1615,60.949024,0.0,1.899161,0.0,37.901325,25.09461,0.802205,2.856939,0.0,88.987029,0.0,14.858141,0.0,60.85008,33.734539,60.857991,50.028413,33.809995,50.0,27.0,0.0,0.0,0.0,0.0,0.0,0.0,0.0,0
1616,60.460797,0.0,1.896247,0.0,37.973028,24.98444,0.795716,2.838781,0.0,89.174761,0.0,14.863857,0.0,60.898267,33.658684,60.745677,49.997229,33.747598,50.0,27.0,0.0,0.0,0.0,0.0,0.0,0.0,0.0,0
1617,60.855623,0.0,1.898163,0.0,37.855197,25.053106,0.797934,2.84532,0.0,88.299678,0.0,14.842277,0.0,60.976657,33.636889,60.787629,50.008838,33.770905,50.0,27.0,0.0,0.0,0.0,0.0,0.0,0.0,0.0,0
1618,60.662076,0.0,1.906451,0.0,37.945089,24.906573,0.801407,2.841598,0.0,88.848301,0.0,14.85417,0.0,60.549851,33.8779,60.881021,50.034607,33.82279,50.0,27.0,0.0,0.0,0.0,0.0,0.0,0.0,0.0,0
1619,60.739169,0.0,1.889793,0.0,38.138906,24.98601,0.800496,2.858147,0.0,89.297637,0.0,14.856214,0.0,60.822503,33.810363,60.990515,50.064699,33.883619,50.0,27.0,0.0,0.0,0.0,0.0,0.0,0.0,0.0,0
1620,61.014471,0.0,1.908274,0.0,37.988411,24.974728,0.79856,2.8527,0.0,89.465664,0.0,14.836216,0.0,60.695163,33.771228,60.770123,50.003462,33.76118,50.0,27.0,0.0,0.0,0.0,0.0,0.0,0.0,0.0,0
1621,60.768314,0.0,1.901212,0.0,38.029659,25.025617,0.797779,2.84513,0.0,89.246898,0.0,14.79002,0.0,60.683516,33.835714,60.889817,50.036527,33.827676,50.0,27.0,0.0,0.0,0.0,0.0,0.0,0.0,0.0,0
1622,60.667312,0.0,1.907273,0.0,38.133118,25.058388,0.800055,2.845729,0.0,89.271725,0.0,14.825052,0.0,60.818445,33.58266,60.478064,49.922539,33.598925,50.0,27.0,0.0,0.0,0.0,0.0,0.0,0.0,0.0,0
1623,60.595809,0.0,1.899211,0.0,37.920297,24.987904,0.797364,2.845894,0.0,89.233826,0.0,14.917431,0.0,60.657399,33.805627,60.808615,50.014287,33.782564,50.0,27.0,0.0,0.0,0.0,0.0,0.0,0.0,0.0,0
1624,60.798183,0.0,1.8955,0.0,37.907341,25.044106,0.797799,2.85344,0.0,88.797593,0.0,14.915585,0.0,60.460577,33.938331,60.882264,50.034572,33.82348,50.0,27.0,0.0,0.0,0.0,0.0,0.0,0.0,0.0,0
1625,61.01911,0.0,1.900295,0.0,37.957739,24.965639,0.800682,2.858703,0.0,89.614955,0.0,14.939985,0.0,60.814325,33.699752,60.706403,49.985793,33.725779,50.0,27.0,0.0,0.0,0.0,0.0,0.0,0.0,0.0,0
1626,60.512497,0.0,1.905851,0.0,38.041882,25.166809,0.79689,2.836016,0.0,89.179978,0.0,14.840533,0.0,61.035228,33.703321,60.94158,50.050865,33.856433,50.0,27.0,0.0,0.0,0.0,0.0,0.0,0.0,0.0,0
1627,60.720155,0.0,1.902476,0.0,38.001637,25.041051,0.80119,2.861719,0.0,88.939535,0.0,14.872383,0.0,60.791275,33.739422,60.779631,50.00585,33.766462,50.0,27.0,0.0,0.0,0.0,0.0,0.0,0.0,0.0,0
1628,60.728446,0.0,1.90216,0.0,37.891969,24.995142,0.797067,2.837641,0.0,89.096815,0.0,14.850508,0.0,60.417824,33.779221,60.490858,49.926006,33.606032,50.0,27.0,0.0,0.0,0.0,0.0,0.0,0.0,0.0,0
1629,60.559778,0.0,1.902657,0.0,37.868196,25.013432,0.801708,2.848896,0.0,88.720038,0.0,14.785255,0.0,61.010045,33.655075,60.816645,50.01642,33.787025,50.0,27.0,0.0,0.0,0.0,0.0,0.0,0.0,0.0,0
1630,60.879689,0.0,1.905859,0.0,38.229553,25.109426,0.800389,2.853469,0.0,89.084451,0.0,14.87266,0.0,60.509271,34.041421,61.142907,50.106516,33.968282,50.0,27.0,0.0,0.0,0.0,0.0,0.0,0.0,0.0,0
1631,60.29826,0.0,1.896894,0.0,38.108614,25.049886,0.797261,2.865162,0.0,89.308461,0.0,14.928985,0.0,60.682498,33.852409,60.877834,50.032721,33.821019,50.0,27.0,0.0,0.0,0.0,0.0,0.0,0.0,0.0,0
1632,60.740752,0.0,1.895592,0.0,38.102067,24.984253,0.798207,2.867326,0.0,89.180942,0.0,14.852493,0.0,60.693071,33.699894,60.554488,49.943186,33.641382,50.0,27.0,0.0,0.0,0.0,0.0,0.0,0.0,0.0,0
1633,60.689958,0.0,1.900248,0.0,38.170428,25.140335,0.804192,2.845849,0.0,88.774883,0.0,14.880157,0.0,60.698122,33.778891,60.734835,49.993316,33.741575,50.0,27.0,0.0,0.0,0.0,0.0,0.0,0.0,0.0,0
1634,60.747579,0.0,1.90302,0.0,38.085118,25.06887,0.79693,2.86125,0.0,88.856033,0.0,14.844563,0.0,60.733071,33.950379,61.129222,50.102356,33.960679,50.0,27.0,0.0,0.0,0.0,0.0,0.0,0.0,0.0,0
1635,60.69305,0.0,1.89921,0.0,37.658,25.002576,0.798799,2.842997,0.0,89.144351,0.0,14.882124,0.0,60.489665,33.923538,60.804438,50.012078,33.780243,50.0,27.0,0.0,0.0,0.0,0.0,0.0,0.0,0.0,0
1636,60.560431,0.0,1.888403,0.0,38.198124,25.018414,0.804826,2.85219,0.0,88.931649,0.0,14.934753,0.0,60.948004,33.716463,60.806305,50.012534,33.781281,50.0,27.0,0.0,0.0,0.0,0.0,0.0,0.0,0.0,0
1637,60.713296,0.0,1.906094,0.0,37.914191,25.085192,0.801779,2.853717,0.0,89.348171,0.0,14.895072,0.0,61.073586,33.54794,60.585266,49.951378,33.658481,50.0,27.0,0.0,0.0,0.0,0.0,0.0,0.0,0.0,0
1638,60.544656,0.0,1.899566,0.0,38.003976,24.946121,0.796917,2.83273,0.0,89.622719,0.0,14.872891,0.0,60.654684,33.550038,60.201309,49.845495,33.445172,50.0,27.0,0.0,0.0,0.0,0.0,0.0,0.0,0.0,0
1639,60.670123,0.0,1.904976,0.0,38.076186,25.040773,0.797031,2.849122,0.0,89.566514,0.0,14.885749,0.0,60.782868,33.833285,60.955303,50.054665,33.864057,50.0,27.0,0.0,0.0,0.0,0.0,0.0,0.0,0.0,0
1640,61.067543,0.0,1.903229,0.0,37.908871,24.992139,0.800765,2.841562,0.0,89.162457,0.0,14.894804,0.0,60.73495,33.741525,60.703051,49.984672,33.723917,50.0,27.0,0.0,0.0,0.0,0.0,0.0,0.0,0.0,0
1641,61.051642,0.0,1.884967,0.0,38.079102,24.9876,0.805068,2.84477,0.0,89.13784,0.0,14.868939,0.0,60.611543,33.800138,60.705274,49.985362,33.725152,50.0,27.0,0.0,0.0,0.0,0.0,0.0,0.0,0.0,0
1642,61.010207,0.0,1.888283,0.0,37.803286,25.115619,0.798075,2.85874,0.0,88.932123,0.0,14.882871,0.0,60.639327,33.928614,60.998204,50.0664,33.887891,50.0,27.0,0.0,0.0,0.0,0.0,0.0,0.0,0.0,0
1643,60.684421,0.0,1.903098,0.0,38.100545,24.955115,0.799117,2.8416,0.0,89.102493,0.0,14.815431,0.0,60.294559,33.867488,60.50207,49.92894,33.612261,50.0,27.0,0.0,0.0,0.0,0.0,0.0,0.0,0.0,0
1644,61.07421,0.0,1.904243,0.0,38.014448,25.054157,0.800469,2.851802,0.0,89.132631,0.0,14.873599,0.0,60.581066,33.833844,60.704638,49.985282,33.724799,50.0,27.0,0.0,0.0,0.0,0.0,0.0,0.0,0.0,0
1645,60.792435,0.0,1.907309,0.0,37.998055,25.040492,0.800457,2.842484,0.0,89.41194,0.0,14.828309,0.0,60.704883,33.87295,60.903222,50.040243,33.835123,50.0,27.0,0.0,0.0,0.0,0.0,0.0,0.0,0.0,0
1646,60.695554,0.0,1.896216,0.0,38.072122,25.003231,0.799674,2.864482,0.0,89.017797,0.0,14.785828,0.0,60.945521,33.723539,60.8163,50.016018,33.786833,50.0,27.0,0.0,0.0,0.0,0.0,0.0,0.0,0.0,0
1647,60.791942,0.0,1.896743,0.0,38.016558,25.059987,0.79871,2.860395,0.0,89.469343,0.0,14.882542,0.0,60.760919,33.78269,60.764546,50.001634,33.758081,50.0,27.0,0.0,0.0,0.0,0.0,0.0,0.0,0.0,0
1648,61.017624,0.0,1.905791,0.0,38.116531,25.042032,0.800187,2.839025,0.0,89.248066,0.0,14.867866,0.0,60.897506,33.455549,60.210841,49.848584,33.450467,50.0,27.0,0.0,0.0,0.0,0.0,0.0,0.0,0.0,0
1649,60.561394,0.0,1.897118,0.0,37.946963,24.981954,0.797124,2.842365,0.0,89.203142,0.0,14.895329,0.0,60.954968,33.655487,60.732966,49.99365,33.740536,50.0,27.0,0.0,0.0,0.0,0.0,0.0,0.0,0.0,0
1650,60.654217,0.0,1.888834,0.0,37.963796,25.02084,0.798159,2.855834,0.0,89.273221,0.0,14.861476,0.0,60.91093,33.661383,60.71524,49.988783,33.730689,50.0,27.0,0.0,0.0,0.0,0.0,0.0,0.0,0.0,0
1651,60.636623,0.0,1.898416,0.0,37.993652,25.076502,0.800288,2.851504,0.0,89.106624,0.0,14.774966,0.0,60.564998,33.893231,60.870592,50.031777,33.816995,50.0,27.0,0.0,0.0,0.0,0.0,0.0,0.0,0.0,0
1652,60.682386,0.0,1.888209,0.0,37.906503,25.038439,0.797954,2.864545,0.0,89.088046,0.0,14.919289,0.0,60.701954,33.630755,60.43479,49.911165,33.574883,50.0,27.0,0.0,0.0,0.0,0.0,0.0,0.0,0.0,0
1653,60.768778,0.0,1.906212,0.0,38.194641,24.973269,0.797894,2.847434,0.0,88.799469,0.0,14.880889,0.0,60.860388,33.812071,60.992383,50.065724,33.884657,50.0,27.0,0.0,0.0,0.0,0.0,0.0,0.0,0.0,0
1654,60.25411,0.0,1.900136,0.0,38.040495,24.950421,0.797661,2.836955,0.0,89.301282,0.0,14.817529,0.0,60.832402,33.583283,60.473549,49.921993,33.596416,50.0,27.0,0.0,0.0,0.0,0.0,0.0,0.0,0.0,0
1655,60.914291,0.0,1.904355,0.0,38.096078,25.037489,0.802262,2.836357,0.0,89.000043,0.0,14.941365,0.0,60.563098,33.858111,60.806389,50.014377,33.781327,50.0,27.0,0.0,0.0,0.0,0.0,0.0,0.0,0.0,0
1656,60.636693,0.0,1.89963,0.0,38.039012,24.998958,0.800219,2.864127,0.0,88.69748,0.0,14.858976,0.0,60.801134,33.747788,60.796505,50.011573,33.775836,50.0,27.0,0.0,0.0,0.0,0.0,0.0,0.0,0.0,0
1657,60.747097,0.0,1.899689,0.0,38.18058,24.963234,0.802519,2.860937,0.0,89.44088,0.0,14.912476,0.0,60.870074,33.639082,60.636433,49.967272,33.686907,50.0,27.0,0.0,0.0,0.0,0.0,0.0,0.0,0.0,0
1658,60.638557,0.0,1.899514,0.0,37.658,25.016852,0.799423,2.84657,0.0,89.189389,0.0,14.871938,0.0,60.383311,33.765425,60.430778,49.910593,33.572655,50.0,27.0,0.0,0.0,0.0,0.0,0.0,0.0,0.0,0
1659,60.866173,0.0,1.892227,0.0,38.055593,25.099085,0.798906,2.851384,0.0,88.785269,0.0,14.824534,0.0,60.326881,33.84936,60.548433,49.943557,33.638018,50.0,27.0,0.0,0.0,0.0,0.0,0.0,0.0,0.0,0
1660,60.837481,0.0,1.905107,0.0,37.967385,25.187391,0.799827,2.84351,0.0,88.722832,0.0,14.846658,0.0,60.630805,33.809758,60.754973,50.000925,33.752763,50.0,27.0,0.0,0.0,0.0,0.0,0.0,0.0,0.0,0
1661,60.802279,0.0,1.897934,0.0,38.056173,25.091563,0.799186,2.862386,0.0,89.075355,0.0,14.880978,0.0,60.899487,33.533277,60.432693,49.911843,33.573718,50.0,27.0,0.0,0.0,0.0,0.0,0.0,0.0,0.0,0
1662,60.59188,0.0,1.898079,0.0,37.938547,25.021024,0.799751,2.846811,0.0,89.197663,0.0,14.872003,0.0,61.081119,33.591815,60.766977,50.004677,33.759432,50.0,27.0,0.0,0.0,0.0,0.0,0.0,0.0,0.0,0
1663,60.919984,0.0,1.899445,0.0,37.943552,25.007163,0.797153,2.849531,0.0,89.455067,0.0,14.829034,0.0,60.38163,33.874471,60.68335,49.981539,33.712972,50.0,27.0,0.0,0.0,0.0,0.0,0.0,0.0,0.0,0
1664,60.791287,0.0,1.898966,0.0,38.149148,24.997752,0.797171,2.864487,0.0,88.826068,0.0,14.975679,0.0,60.54081,33.851471,60.775157,50.007006,33.763976,50.0,27.0,0.0,0.0,0.0,0.0,0.0,0.0,0.0,0
1665,60.877111,0.0,1.900837,0.0,37.767962,24.943555,0.803159,2.8404,0.0,88.862712,0.0,14.858937,0.0,60.733232,33.76543,60.77144,50.005944,33.761911,50.0,27.0,0.0,0.0,0.0,0.0,0.0,0.0,0.0,0
1666,60.919532,0.0,1.905811,0.0,38.068152,24.945919,0.803178,2.854503,0.0,88.962067,0.0,14.913023,0.0,61.169099,33.478165,60.59897,49.958244,33.666094,50.0,27.0,0.0,0.0,0.0,0.0,0.0,0.0,0.0,0
1667,60.809419,0.0,1.904807,0.0,37.994491,24.984231,0.79756,2.863096,0.0,88.927205,0.0,14.763705,0.0,60.946399,33.522368,60.505143,49.932519,33.613968,50.0,27.0,0.0,0.0,0.0,0.0,0.0,0.0,0.0,0
1668,60.781504,0.0,1.903279,0.0,37.834071,25.074563,0.801602,2.843145,0.0,88.784127,0.0,14.868263,0.0,61.071948,33.514559,60.641799,49.970626,33.689888,50.0,27.0,0.0,0.0,0.0,0.0,0.0,0.0,0.0,0
1669,60.572421,0.0,1.897144,0.0,38.064824,25.045498,0.799352,2.858616,0.0,89.133482,0.0,14.869431,0.0,60.324279,33.858442,60.646391,49.972041,33.69244,50.0,27.0,0.0,0.0,0.0,0.0,0.0,0.0,0.0,0
1670,60.817722,0.0,1.896301,0.0,38.069116,25.051647,0.802504,2.83393,0.0,88.695426,0.0,14.762346,0.0,60.364324,34.043235,61.056102,50.085423,33.920057,50.0,27.0,0.0,0.0,0.0,0.0,0.0,0.0,0.0,0
1671,60.77067,0.0,1.914341,0.0,37.892916,24.98575,0.798088,2.849888,0.0,89.030753,0.0,14.900442,0.0,60.571023,33.871444,60.857192,50.03002,33.809551,50.0,27.0,0.0,0.0,0.0,0.0,0.0,0.0,0.0,0
1672,60.939881,0.0,1.899635,0.0,37.870934,24.887229,0.802613,2.848011,0.0,89.156845,0.0,14.845969,0.0,60.749898,33.6611,60.574488,49.951732,33.652493,50.0,27.0,0.0,0.0,0.0,0.0,0.0,0.0,0.0,0
1673,60.684639,0.0,1.892937,0.0,38.092141,24.94941,0.799339,2.849494,0.0,88.964045,0.0,14.94708,0.0,60.608813,33.742048,60.615116,49.963202,33.675064,50.0,27.0,0.0,0.0,0.0,0.0,0.0,0.0,0.0,0
1674,60.779557,0.0,1.897916,0.0,37.922517,25.037942,0.798394,2.858471,0.0,89.343207,0.0,14.813997,0.0,61.151674,33.498788,60.644457,49.971495,33.691365,50.0,27.0,0.0,0.0,0.0,0.0,0.0,0.0,0.0,0
1675,60.779054,0.0,1.898263,0.0,37.897707,24.904623,0.797384,2.832584,0.0,89.398873,0.0,14.910334,0.0,60.718983,33.639581,60.540452,49.94289,33.633584,50.0,27.0,0.0,0.0,0.0,0.0,0.0,0.0,0.0,0
1676,60.438633,0.0,1.896837,0.0,37.992619,24.895546,0.799179,2.85528,0.0,88.786087,0.0,14.830906,0.0,60.54126,33.840402,60.797493,50.014219,33.776385,50.0,27.0,0.0,0.0,0.0,0.0,0.0,0.0,0.0,0
1677,60.565587,0.0,1.903629,0.0,38.094403,25.000761,0.799272,2.844071,0.0,88.807967,0.0,14.884129,0.0,60.671374,33.831842,60.893536,50.040694,33.829742,50.0,27.0,0.0,0.0,0.0,0.0,0.0,0.0,0.0,0
1678,60.965252,0.0,1.89536,0.0,37.879202,25.047786,0.801468,2.851646,0.0,88.863038,0.0,14.831104,0.0,60.697309,33.74835,60.729472,49.995145,33.738595,50.0,27.0,0.0,0.0,0.0,0.0,0.0,0.0,0.0,0
1679,60.916168,0.0,1.899427,0.0,37.872258,24.97227,0.801113,2.843169,0.0,89.062175,0.0,14.875867,0.0,61.102681,33.575997,60.769275,50.006171,33.760708,50.0,27.0,0.0,0.0,0.0,0.0,0.0,0.0,0.0,0
1680,60.559237,0.0,1.896424,0.0,38.040268,25.101824,0.799095,2.847005,0.0,89.159343,0.0,14.801843,0.0,60.819029,33.655653,60.674486,49.979941,33.708048,50.0,27.0,0.0,0.0,0.0,0.0,0.0,0.0,0.0,0
1681,60.627008,0.0,1.905601,0.0,38.008212,25.034855,0.802835,2.839425,0.0,88.886406,0.0,14.86755,0.0,60.306911,33.849436,60.580163,49.95397,33.655646,50.0,27.0,0.0,0.0,0.0,0.0,0.0,0.0,0.0,0
1682,60.905992,0.0,1.900888,0.0,38.087448,24.907328,0.803084,2.83763,0.0,88.783548,0.0,14.830743,0.0,60.503711,33.818692,60.695034,49.985949,33.719463,50.0,27.0,0.0,0.0,0.0,0.0,0.0,0.0,0.0,0
1683,61.042685,0.0,1.896098,0.0,38.056152,25.096336,0.794587,2.848455,0.0,88.96879,0.0,14.859306,0.0,60.990402,33.565177,60.63501,49.969428,33.686116,50.0,27.0,0.0,0.0,0.0,0.0,0.0,0.0,0.0,0
1684,60.66555,0.0,1.898629,0.0,38.004192,25.011984,0.797825,2.84537,0.0,89.752197,0.0,14.906727,0.0,60.602868,33.858813,60.889076,50.039803,33.827265,50.0,27.0,0.0,0.0,0.0,0.0,0.0,0.0,0.0,0
1685,60.693172,0.0,1.906768,0.0,37.853553,24.892868,0.799918,2.846613,0.0,88.821558,0.0,14.890233,0.0,60.698092,33.680282,60.589821,49.956892,33.661012,50.0,27.0,0.0,0.0,0.0,0.0,0.0,0.0,0.0,0
1686,60.767051,0.0,1.900345,0.0,37.983365,25.066368,0.802397,2.854201,0.0,89.121565,0.0,14.766945,0.0,60.603705,33.738421,60.624839,49.966786,33.680466,50.0,27.0,0.0,0.0,0.0,0.0,0.0,0.0,0.0,0
1687,60.829718,0.0,1.891362,0.0,38.2541,24.997188,0.793564,2.858988,0.0,88.751795,0.0,14.800384,0.0,60.77515,33.583275,60.467702,49.923519,33.593168,50.0,27.0,0.0,0.0,0.0,0.0,0.0,0.0,0.0,0
1688,60.609477,0.0,1.909331,0.0,37.915554,24.980865,0.797766,2.853653,0.0,89.204627,0.0,14.833272,0.0,60.69958,33.922429,61.126752,50.106058,33.959307,50.0,27.0,0.0,0.0,0.0,0.0,0.0,0.0,0.0,0
1689,61.204433,0.0,1.897884,0.0,37.980908,24.948016,0.799961,2.846075,0.0,88.885915,0.0,14.84253,0.0,60.611275,33.86692,60.894658,50.041381,33.830366,50.0,27.0,0.0,0.0,0.0,0.0,0.0,0.0,0.0,0
1690,60.717978,0.0,1.902836,0.0,38.102303,25.101974,0.797621,2.854704,0.0,89.287779,0.0,14.845198,0.0,60.733487,33.710671,60.669571,49.978962,33.705317,50.0,27.0,0.0,0.0,0.0,0.0,0.0,0.0,0.0,0
1691,60.653474,0.0,1.900766,0.0,38.160868,24.935432,0.804529,2.859775,0.0,89.172422,0.0,14.901947,0.0,60.671943,33.728637,60.64992,49.973635,33.6944,50.0,27.0,0.0,0.0,0.0,0.0,0.0,0.0,0.0,0
1692,60.592972,0.0,1.908833,0.0,37.9088,24.999572,0.802975,2.835257,0.0,88.895588,0.0,14.887777,0.0,60.609842,33.867807,60.882758,50.038121,33.823754,50.0,27.0,0.0,0.0,0.0,0.0,0.0,0.0,0.0,0
1693,60.763367,0.0,1.912581,0.0,37.922866,24.981342,0.801577,2.848923,0.0,89.846758,0.0,14.938489,0.0,60.709381,33.678529,60.565981,49.950376,33.647767,50.0,27.0,0.0,0.0,0.0,0.0,0.0,0.0,0.0,0
1694,60.685869,0.0,1.897536,0.0,38.027303,24.957585,0.798525,2.850158,0.0,88.634844,0.0,14.869925,0.0,60.766641,33.651575,60.575346,49.953211,33.65297,50.0,27.0,0.0,0.0,0.0,0.0,0.0,0.0,0.0,0
1695,60.972863,0.0,1.893984,0.0,37.988576,24.946706,0.801699,2.839588,0.0,89.191884,0.0,14.868451,0.0,60.829321,33.708231,60.76949,50.007105,33.760828,50.0,27.0,0.0,0.0,0.0,0.0,0.0,0.0,0.0,0
1696,60.759378,0.0,1.898502,0.0,37.699039,25.013496,0.794227,2.85546,0.0,89.183684,0.0,14.896558,0.0,60.814833,33.783598,60.917721,50.04804,33.843178,50.0,27.0,0.0,0.0,0.0,0.0,0.0,0.0,0.0,0
1697,60.238151,0.0,1.89245,0.0,37.97756,25.050072,0.80229,2.838807,0.0,89.676226,0.0,14.825094,0.0,60.670731,33.742141,60.679738,49.982023,33.710966,50.0,27.0,0.0,0.0,0.0,0.0,0.0,0.0,0.0,0
1698,60.901542,0.0,1.901373,0.0,38.171373,24.97487,0.795576,2.847498,0.0,89.018292,0.0,14.865554,0.0,60.857253,33.662437,60.697573,49.987042,33.720874,50.0,27.0,0.0,0.0,0.0,0.0,0.0,0.0,0.0,0
1699,60.661607,0.0,1.912321,0.0,38.175059,25.000851,0.802062,2.845815,0.0,88.59521,0.0,14.867059,0.0,60.940082,33.44029,60.321791,49.883242,33.512106,50.0,27.0,0.0,0.0,0.0,0.0,0.0,0.0,0.0,0
1700,60.503589,0.0,1.897735,0.0,38.161679,25.057272,0.799022,2.85366,0.0,88.875418,0.0,14.76737,0.0,60.706526,33.733905,60.746222,50.001134,33.747901,50.0,27.0,0.0,0.0,0.0,0.0,0.0,0.0,0.0,0
1701,60.689367,0.0,1.892817,0.0,37.930042,24.939702,0.799426,2.839811,0.0,89.205968,0.0,14.828847,0.0,60.815926,33.787085,60.965317,50.061685,33.869621,50.0,27.0,0.0,0.0,0.0,0.0,0.0,0.0,0.0,0
1702,60.613071,0.0,1.904705,0.0,38.055454,24.830506,0.799701,2.867214,0.0,89.221785,0.0,14.809171,0.0,60.574046,33.838661,60.822893,50.022013,33.790496,50.0,27.0,0.0,0.0,0.0,0.0,0.0,0.0,0.0,0
1703,60.568641,0.0,1.894512,0.0,37.891329,24.907004,0.800023,2.850477,0.0,88.641586,0.0,14.790597,0.0,60.802289,33.734985,60.816892,50.020245,33.787162,50.0,27.0,0.0,0.0,0.0,0.0,0.0,0.0,0.0,0
1704,60.760077,0.0,1.89572,0.0,37.818413,25.08516,0.800028,2.84833,0.0,88.907491,0.0,14.896817,0.0,60.622658,33.79913,60.771654,50.007641,33.76203,50.0,27.0,0.0,0.0,0.0,0.0,0.0,0.0,0.0,0
1705,60.491171,0.0,1.903332,0.0,38.237007,24.934743,0.799471,2.853989,0.0,88.786126,0.0,14.806976,0.0,60.731438,33.737722,60.741589,49.999293,33.745327,50.0,27.0,0.0,0.0,0.0,0.0,0.0,0.0,0.0,0
1706,60.722504,0.0,1.908756,0.0,37.828025,24.928566,0.801222,2.841279,0.0,88.977861,0.0,14.847129,0.0,60.582522,33.75163,60.621375,49.966069,33.678542,50.0,27.0,0.0,0.0,0.0,0.0,0.0,0.0,0.0,0
1707,60.815331,0.0,1.894536,0.0,37.967766,24.926539,0.802293,2.850385,0.0,89.13799,0.0,14.837965,0.0,60.976182,33.625101,60.745711,50.000604,33.747617,50.0,27.0,0.0,0.0,0.0,0.0,0.0,0.0,0.0,0
1708,60.932191,0.0,1.899593,0.0,38.121805,24.971061,0.80163,2.843603,0.0,89.01391,0.0,14.858554,0.0,60.570291,33.945809,61.030717,50.079376,33.905954,50.0,27.0,0.0,0.0,0.0,0.0,0.0,0.0,0.0,0
1709,60.869466,0.0,1.901546,0.0,38.010277,25.063747,0.799352,2.840587,0.0,89.05538,0.0,14.823862,0.0,60.974187,33.687157,60.860242,50.031862,33.811246,50.0,27.0,0.0,0.0,0.0,0.0,0.0,0.0,0.0,0
1710,60.488308,0.0,1.906684,0.0,37.675795,24.982198,0.801175,2.849353,0.0,89.376038,0.0,14.905434,0.0,60.7249,33.706857,60.659631,49.976256,33.699795,50.0,27.0,0.0,0.0,0.0,0.0,0.0,0.0,0.0,0
1711,60.434546,0.0,1.894116,0.0,38.002848,25.131824,0.798415,2.85554,0.0,89.400909,0.0,14.899207,0.0,60.522283,33.799551,60.65662,49.975542,33.698122,50.0,27.0,0.0,0.0,0.0,0.0,0.0,0.0,0.0,0
1712,60.691929,0.0,1.903375,0.0,38.221643,24.955066,0.800836,2.856313,0.0,88.871163,0.0,14.821742,0.0,60.903071,33.661748,60.738334,49.998249,33.743519,50.0,27.0,0.0,0.0,0.0,0.0,0.0,0.0,0.0,0
1713,60.602976,0.0,1.899016,0.0,38.097371,24.929187,0.798251,2.857446,0.0,89.043833,0.0,14.856078,0.0,60.9454,33.640464,60.746064,50.000394,33.747813,50.0,27.0,0.0,0.0,0.0,0.0,0.0,0.0,0.0,0
1714,60.4008,0.0,1.903085,0.0,38.048609,25.096363,0.800659,2.857098,0.0,88.827358,0.0,14.786995,0.0,60.552716,33.881567,60.874415,50.035867,33.819119,50.0,27.0,0.0,0.0,0.0,0.0,0.0,0.0,0.0,0
1715,60.557422,0.0,1.905316,0.0,37.92361,25.022457,0.802815,2.847847,0.0,88.985587,0.0,14.809388,0.0,60.661153,33.745273,60.67525,49.980641,33.708472,50.0,27.0,0.0,0.0,0.0,0.0,0.0,0.0,0.0,0
1716,60.838382,0.0,1.883085,0.0,37.989964,25.074119,0.803241,2.845729,0.0,88.929187,0.0,14.810442,0.0,60.528603,33.803781,60.665235,49.977969,33.702908,50.0,27.0,0.0,0.0,0.0,0.0,0.0,0.0,0.0,0
1717,60.29782,0.0,1.899768,0.0,37.894601,25.056065,0.798599,2.847666,0.0,89.21897,0.0,14.868037,0.0,60.471485,33.801938,60.595689,49.958856,33.664272,50.0,27.0,0.0,0.0,0.0,0.0,0.0,0.0,0.0,0
1718,60.870936,0.0,1.903729,0.0,38.144572,25.158758,0.799322,2.835994,0.0,88.98231,0.0,14.890164,0.0,60.622924,33.867279,60.877193,50.036868,33.820663,50.0,27.0,0.0,0.0,0.0,0.0,0.0,0.0,0.0,0
1719,60.869595,0.0,1.900724,0.0,37.8938,25.002447,0.805054,2.852078,0.0,88.84198,0.0,14.923987,0.0,61.036561,33.576251,60.661053,49.976944,33.700585,50.0,27.0,0.0,0.0,0.0,0.0,0.0,0.0,0.0,0
1720,61.110739,0.0,1.889964,0.0,37.952709,24.908254,0.7998,2.858426,0.0,89.23648,0.0,14.83858,0.0,60.749849,33.70966,60.679218,49.982079,33.710677,50.0,27.0,0.0,0.0,0.0,0.0,0.0,0.0,0.0,0
1721,60.720631,0.0,1.888311,0.0,37.959563,24.973436,0.79895,2.838717,0.0,89.212092,0.0,14.727595,0.0,60.481908,34.027578,61.0863,50.094684,33.936833,50.0,27.0,0.0,0.0,0.0,0.0,0.0,0.0,0.0,0
1722,60.843518,0.0,1.903447,0.0,37.956292,25.081719,0.801424,2.857442,0.0,89.163784,0.0,14.912368,0.0,60.978383,33.468795,60.366317,49.895213,33.536843,50.0,27.0,0.0,0.0,0.0,0.0,0.0,0.0,0.0,0
1723,60.554572,0.0,1.899103,0.0,38.154076,25.009026,0.801816,2.845473,0.0,89.00028,0.0,14.894129,0.0,60.558086,33.751546,60.580703,49.95499,33.655946,50.0,27.0,0.0,0.0,0.0,0.0,0.0,0.0,0.0,0
1724,60.926127,0.0,1.895289,0.0,38.181556,25.012268,0.798031,2.843739,0.0,88.994083,0.0,14.878751,0.0,60.714473,33.714578,60.657697,49.976494,33.69872,50.0,27.0,0.0,0.0,0.0,0.0,0.0,0.0,0.0,0
1725,60.623832,0.0,1.901056,0.0,37.980793,24.930071,0.798802,2.854259,0.0,88.69382,0.0,14.864953,0.0,60.531182,33.926353,60.924667,50.050401,33.847037,50.0,27.0,0.0,0.0,0.0,0.0,0.0,0.0,0.0,0
1726,60.773419,0.0,1.903823,0.0,38.197148,25.028553,0.800444,2.851178,0.0,88.886037,0.0,14.818527,0.0,60.69116,33.84487,60.888174,50.040063,33.826763,50.0,27.0,0.0,0.0,0.0,0.0,0.0,0.0,0.0,0
1727,60.65056,0.0,1.89677,0.0,37.96019,25.031895,0.802732,2.850464,0.0,89.399138,0.0,14.902153,0.0,61.2502,33.458453,60.619802,49.965687,33.677668,50.0,27.0,0.0,0.0,0.0,0.0,0.0,0.0,0.0,0
1728,60.455057,0.0,1.905546,0.0,38.077253,24.999164,0.801183,2.834037,0.0,89.744188,0.0,14.830319,0.0,60.940367,33.519736,60.478638,49.926841,33.599243,50.0,27.0,0.0,0.0,0.0,0.0,0.0,0.0,0.0,0
1729,60.719647,0.0,1.906115,0.0,37.899327,24.971383,0.800011,2.851931,0.0,88.299603,0.0,14.81892,0.0,60.719692,33.90212,61.093413,50.097126,33.940785,50.0,27.0,0.0,0.0,0.0,0.0,0.0,0.0,0.0,0
1730,60.740351,0.0,1.890746,0.0,38.019667,24.987085,0.797096,2.843218,0.0,89.093697,0.0,14.836017,0.0,60.524198,33.870014,60.806838,50.017435,33.781577,50.0,27.0,0.0,0.0,0.0,0.0,0.0,0.0,0.0,0
1731,60.690896,0.0,1.899567,0.0,38.050201,25.096888,0.805282,2.852222,0.0,88.872485,0.0,14.882441,0.0,60.805678,33.694755,60.700967,49.988086,33.722759,50.0,27.0,0.0,0.0,0.0,0.0,0.0,0.0,0.0,0
1732,60.502508,0.0,1.903354,0.0,38.249864,25.062711,0.800595,2.838702,0.0,89.177912,0.0,14.858568,0.0,60.776999,33.670796,60.628292,49.968058,33.682385,50.0,27.0,0.0,0.0,0.0,0.0,0.0,0.0,0.0,0
1733,60.488384,0.0,1.8969,0.0,38.025964,25.00172,0.801137,2.858753,0.0,89.073973,0.0,14.794915,0.0,60.762598,33.602926,60.480023,49.927236,33.600013,50.0,27.0,0.0,0.0,0.0,0.0,0.0,0.0,0.0,0
1734,60.891691,0.0,1.898041,0.0,37.829249,24.920942,0.800347,2.849117,0.0,89.166412,0.0,14.925353,0.0,60.565215,33.780821,60.675547,49.98164,33.708637,50.0,27.0,0.0,0.0,0.0,0.0,0.0,0.0,0.0,0
1735,60.915648,0.0,1.903244,0.0,38.056496,24.947716,0.797683,2.861421,0.0,89.035447,0.0,14.792052,0.0,60.589205,33.788515,60.708871,49.990942,33.72715,50.0,27.0,0.0,0.0,0.0,0.0,0.0,0.0,0.0,0
1736,60.914868,0.0,1.905081,0.0,38.033626,24.855966,0.801319,2.858168,0.0,89.438357,0.0,14.821453,0.0,60.477755,33.994796,61.025065,50.078382,33.902814,50.0,27.0,0.0,0.0,0.0,0.0,0.0,0.0,0.0,0
1737,60.688831,0.0,1.900364,0.0,37.972455,24.900499,0.80194,2.860577,0.0,89.197596,0.0,14.828143,0.0,61.076515,33.506214,60.559017,49.949178,33.643898,50.0,27.0,0.0,0.0,0.0,0.0,0.0,0.0,0.0,0
1738,60.73724,0.0,1.903853,0.0,38.011627,24.911068,0.799709,2.853757,0.0,89.154479,0.0,14.906058,0.0,60.513127,33.780738,60.607047,49.962706,33.670582,50.0,27.0,0.0,0.0,0.0,0.0,0.0,0.0,0.0,0
1739,61.180827,0.0,1.902711,0.0,38.001765,25.065896,0.799088,2.858685,0.0,89.139907,0.0,14.888618,0.0,60.784031,33.640491,60.576248,49.954379,33.653471,50.0,27.0,0.0,0.0,0.0,0.0,0.0,0.0,0.0,0
1740,60.974589,0.0,1.905744,0.0,37.957626,25.060507,0.800912,2.827405,0.0,89.15875,0.0,14.880833,0.0,60.958534,33.566674,60.608029,49.96339,33.671127,50.0,27.0,0.0,0.0,0.0,0.0,0.0,0.0,0.0,0
1741,60.642516,0.0,1.893747,0.0,38.081027,24.982912,0.802085,2.849516,0.0,89.154011,0.0,14.823172,0.0,60.35082,34.026426,60.992011,50.069703,33.884451,50.0,27.0,0.0,0.0,0.0,0.0,0.0,0.0,0.0,0
1742,60.907762,0.0,1.892522,0.0,38.076087,25.045661,0.797393,2.854949,0.0,88.927814,0.0,14.810055,0.0,60.850021,33.721828,60.808626,50.018669,33.78257,50.0,27.0,0.0,0.0,0.0,0.0,0.0,0.0,0.0,0
1743,60.69084,0.0,1.888169,0.0,37.796607,25.156908,0.801114,2.837581,0.0,88.986713,0.0,14.892207,0.0,60.763196,33.861681,61.019391,50.076831,33.899662,50.0,27.0,0.0,0.0,0.0,0.0,0.0,0.0,0.0,0
1744,60.674846,0.0,1.89898,0.0,37.953351,24.958492,0.798695,2.843815,0.0,88.707291,0.0,14.859355,0.0,61.290642,33.508654,60.786158,50.011984,33.770088,50.0,27.0,0.0,0.0,0.0,0.0,0.0,0.0,0.0,0
1745,60.47719,0.0,1.894352,0.0,38.006778,24.968715,0.799434,2.853447,0.0,88.522688,0.0,14.814773,0.0,60.635247,33.76222,60.697159,49.987326,33.720644,50.0,27.0,0.0,0.0,0.0,0.0,0.0,0.0,0.0,0
1746,60.924545,0.0,1.899232,0.0,38.131301,24.913299,0.800895,2.839756,0.0,89.029251,0.0,14.900252,0.0,60.963178,33.589013,60.655863,49.975975,33.697702,50.0,27.0,0.0,0.0,0.0,0.0,0.0,0.0,0.0,0
1747,60.729507,0.0,1.904728,0.0,38.03995,24.939619,0.800552,2.856463,0.0,89.139439,0.0,14.850812,0.0,60.550223,33.851023,60.814791,50.020021,33.785995,50.0,27.0,0.0,0.0,0.0,0.0,0.0,0.0,0.0,0
1748,60.706853,0.0,1.899362,0.0,38.063707,24.970055,0.802254,2.857472,0.0,88.739933,0.0,14.852582,0.0,60.962335,33.570554,60.618754,49.965738,33.677085,50.0,27.0,0.0,0.0,0.0,0.0,0.0,0.0,0.0,0
1749,61.117238,0.0,1.89551,0.0,38.145868,25.034795,0.797405,2.85694,0.0,89.047314,0.0,14.863776,0.0,60.756617,33.776308,60.868521,50.034943,33.815845,50.0,27.0,0.0,0.0,0.0,0.0,0.0,0.0,0.0,0
1750,60.670533,0.0,1.895302,0.0,38.043406,24.861171,0.795392,2.841656,0.0,89.182259,0.0,14.824368,0.0,60.940954,33.570741,60.612247,49.963936,33.67347,50.0,27.0,0.0,0.0,0.0,0.0,0.0,0.0,0.0,0
1751,60.692594,0.0,1.90401,0.0,37.990147,25.13712,0.797189,2.832221,0.0,89.673369,0.0,14.943044,0.0,60.787182,33.890271,61.153028,50.113585,33.973904,50.0,27.0,0.0,0.0,0.0,0.0,0.0,0.0,0.0,0
1752,60.90896,0.0,1.898326,0.0,38.04616,25.016379,0.800741,2.859724,0.0,89.19152,0.0,14.874204,0.0,60.734546,33.708257,60.69359,49.986033,33.718661,50.0,27.0,0.0,0.0,0.0,0.0,0.0,0.0,0.0,0
1753,61.075843,0.0,1.905292,0.0,38.057846,24.897241,0.802709,2.840835,0.0,89.101251,0.0,14.893049,0.0,60.853965,33.786208,60.979997,50.065264,33.877776,50.0,27.0,0.0,0.0,0.0,0.0,0.0,0.0,0.0,0
1754,60.83541,0.0,1.899381,0.0,37.988247,24.923351,0.800591,2.858635,0.0,89.527051,0.0,14.857233,0.0,60.880685,33.597987,60.601811,49.960411,33.667673,50.0,27.0,0.0,0.0,0.0,0.0,0.0,0.0,0.0,0
1755,60.809951,0.0,1.904726,0.0,38.108823,24.935225,0.799524,2.85669,0.0,89.080943,0.0,14.800925,0.0,60.710434,33.893866,61.07311,50.090873,33.929505,50.0,27.0,0.0,0.0,0.0,0.0,0.0,0.0,0.0,0
1756,60.803084,0.0,1.900124,0.0,38.191363,25.023561,0.797045,2.850355,0.0,89.271855,0.0,14.857173,0.0,60.350554,33.869246,60.63863,49.970332,33.688128,50.0,27.0,0.0,0.0,0.0,0.0,0.0,0.0,0.0,0
1757,60.961442,0.0,1.896779,0.0,38.071848,25.000482,0.799975,2.857983,0.0,89.80337,0.0,14.875536,0.0,60.804519,33.793351,60.914499,50.046729,33.841388,50.0,27.0,0.0,0.0,0.0,0.0,0.0,0.0,0.0,0
1758,60.671866,0.0,1.911421,0.0,37.986293,25.169495,0.798727,2.87565,0.0,89.561391,0.0,14.828845,0.0,60.412283,33.955914,60.858297,50.030962,33.810165,50.0,27.0,0.0,0.0,0.0,0.0,0.0,0.0,0.0,0
1759,60.755987,0.0,1.910854,0.0,38.154217,25.109132,0.799211,2.855426,0.0,89.073983,0.0,14.81395,0.0,60.585664,33.771779,60.615392,49.96367,33.675218,50.0,27.0,0.0,0.0,0.0,0.0,0.0,0.0,0.0,0
1760,60.545181,0.0,1.902467,0.0,38.018268,24.980453,0.804068,2.849428,0.0,89.533993,0.0,14.911021,0.0,60.878213,33.66658,60.684178,49.982863,33.713432,50.0,27.0,0.0,0.0,0.0,0.0,0.0,0.0,0.0,0
1761,60.782974,0.0,1.895544,0.0,38.000977,24.97482,0.800937,2.852948,0.0,88.86589,0.0,14.867912,0.0,60.794058,33.773337,60.837342,50.025282,33.798523,50.0,27.0,0.0,0.0,0.0,0.0,0.0,0.0,0.0,0
1762,60.682554,0.0,1.903639,0.0,37.926449,25.031479,0.80058,2.851826,0.0,88.937736,0.0,14.859411,0.0,60.509941,34.098593,61.236605,50.135511,34.020336,50.0,27.0,0.0,0.0,0.0,0.0,0.0,0.0,0.0,0
1763,60.605512,0.0,1.90386,0.0,37.990886,24.891649,0.797887,2.851389,0.0,89.455229,0.0,14.920404,0.0,61.075602,33.366525,60.212645,49.851819,33.451469,50.0,27.0,0.0,0.0,0.0,0.0,0.0,0.0,0.0,0
1764,60.671279,0.0,1.899387,0.0,37.88185,25.006172,0.796699,2.854248,0.0,88.99727,0.0,14.895325,0.0,60.764891,33.761768,60.789582,50.012019,33.77199,50.0,27.0,0.0,0.0,0.0,0.0,0.0,0.0,0.0,0
1765,60.80401,0.0,1.892229,0.0,37.933726,24.799111,0.802911,2.847938,0.0,88.917872,0.0,14.879464,0.0,60.620991,33.662645,60.435053,49.913969,33.57503,50.0,27.0,0.0,0.0,0.0,0.0,0.0,0.0,0.0,0
1766,60.733597,0.0,1.909387,0.0,38.000223,24.933061,0.801769,2.849079,0.0,88.829109,0.0,14.831154,0.0,60.835833,33.848977,61.05456,50.085626,33.9192,50.0,27.0,0.0,0.0,0.0,0.0,0.0,0.0,0.0,0
1767,60.72935,0.0,1.903716,0.0,38.120318,24.982601,0.800833,2.842921,0.0,89.499253,0.0,14.854171,0.0,60.704413,33.647825,60.485164,49.927821,33.602869,50.0,27.0,0.0,0.0,0.0,0.0,0.0,0.0,0.0,0
1768,60.586857,0.0,1.893854,0.0,38.044507,25.008625,0.802568,2.825996,0.0,89.072101,0.0,14.90234,0.0,61.018565,33.74364,61.015129,50.074661,33.897294,50.0,27.0,0.0,0.0,0.0,0.0,0.0,0.0,0.0,0
1769,60.473316,0.0,1.907388,0.0,38.142734,24.955384,0.796722,2.870154,0.0,89.444242,0.0,14.872317,0.0,60.768645,33.575543,60.410844,49.907267,33.56158,50.0,27.0,0.0,0.0,0.0,0.0,0.0,0.0,0.0,0
1770,60.642879,0.0,1.887417,0.0,37.86816,25.148111,0.802275,2.847094,0.0,89.369151,0.0,14.784094,0.0,60.530878,33.969457,61.026353,50.077853,33.903529,50.0,27.0,0.0,0.0,0.0,0.0,0.0,0.0,0.0,0
1771,60.710344,0.0,1.903728,0.0,38.078324,24.905028,0.802112,2.850245,0.0,89.354206,0.0,14.886098,0.0,60.729708,33.681312,60.58641,49.955867,33.659117,50.0,27.0,0.0,0.0,0.0,0.0,0.0,0.0,0.0,0
1772,60.762852,0.0,1.900978,0.0,37.918791,25.108618,0.799603,2.839534,0.0,89.214671,0.0,14.836112,0.0,60.809038,33.839322,61.007998,50.072612,33.893332,50.0,27.0,0.0,0.0,0.0,0.0,0.0,0.0,0.0,0
1773,60.608009,0.0,1.890664,0.0,38.041682,25.029219,0.799567,2.849284,0.0,89.348692,0.0,14.833369,0.0,60.685821,33.814866,60.82076,50.020499,33.789311,50.0,27.0,0.0,0.0,0.0,0.0,0.0,0.0,0.0,0
1774,60.848496,0.0,1.887903,0.0,38.054408,24.999635,0.800895,2.857738,0.0,89.296072,0.0,14.867093,0.0,60.842513,33.610281,60.537471,49.942097,33.631928,50.0,27.0,0.0,0.0,0.0,0.0,0.0,0.0,0.0,0
1775,60.601212,0.0,1.906578,0.0,38.08607,24.990094,0.802632,2.858942,0.0,88.950645,0.0,14.8954,0.0,60.6302,33.997573,61.161168,50.114772,33.978426,50.0,27.0,0.0,0.0,0.0,0.0,0.0,0.0,0.0,0
1776,61.193972,0.0,1.899134,0.0,38.117031,25.043642,0.796997,2.851152,0.0,88.986042,0.0,14.88573,0.0,60.85267,33.697116,60.716674,49.991345,33.731486,50.0,27.0,0.0,0.0,0.0,0.0,0.0,0.0,0.0,0
1777,60.657866,0.0,1.903835,0.0,37.876576,24.956671,0.799177,2.832579,0.0,89.422355,0.0,14.960298,0.0,60.627147,33.813894,60.745981,49.999488,33.747767,50.0,27.0,0.0,0.0,0.0,0.0,0.0,0.0,0.0,0
1778,60.840388,0.0,1.900516,0.0,37.976791,25.069571,0.795622,2.849056,0.0,89.293701,0.0,14.891085,0.0,60.573549,33.949926,60.971898,50.061933,33.873277,50.0,27.0,0.0,0.0,0.0,0.0,0.0,0.0,0.0,0
1779,60.611011,0.0,1.903493,0.0,38.061382,24.814307,0.801194,2.86415,0.0,89.285161,0.0,14.872434,0.0,60.651435,33.974235,61.076163,50.090443,33.931201,50.0,27.0,0.0,0.0,0.0,0.0,0.0,0.0,0.0,0
1780,60.713941,0.0,1.906293,0.0,37.988204,25.087294,0.797995,2.842874,0.0,89.546979,0.0,14.854798,0.0,60.677287,33.862332,60.839424,50.02456,33.79968,50.0,27.0,0.0,0.0,0.0,0.0,0.0,0.0,0.0,0
1781,60.868701,0.0,1.891352,0.0,37.985352,25.014581,0.796959,2.848209,0.0,89.262203,0.0,14.870849,0.0,60.732873,33.734727,60.615712,49.962605,33.675395,50.0,27.0,0.0,0.0,0.0,0.0,0.0,0.0,0.0,0
1782,60.360031,0.0,1.914833,0.0,37.886111,25.025779,0.804752,2.838682,0.0,89.229129,0.0,14.944228,0.0,60.979485,33.626648,60.641666,49.969964,33.689815,50.0,27.0,0.0,0.0,0.0,0.0,0.0,0.0,0.0,0
1783,60.796276,0.0,1.901772,0.0,37.837322,24.989168,0.799074,2.850394,0.0,89.256616,0.0,14.855913,0.0,60.736941,33.709234,60.594441,49.957061,33.663578,50.0,27.0,0.0,0.0,0.0,0.0,0.0,0.0,0.0,0
1784,61.238517,0.0,1.901938,0.0,37.956389,25.172482,0.800146,2.839297,0.0,88.922803,0.0,14.87978,0.0,61.063871,33.527284,60.546475,49.944017,33.636931,50.0,27.0,0.0,0.0,0.0,0.0,0.0,0.0,0.0,0
1785,60.782431,0.0,1.906286,0.0,38.169834,25.008604,0.797592,2.850824,0.0,88.989232,0.0,14.938439,0.0,60.990071,33.707221,60.884567,50.037743,33.82476,50.0,27.0,0.0,0.0,0.0,0.0,0.0,0.0,0.0,0
1786,60.540605,0.0,1.896128,0.0,37.842703,25.045339,0.798466,2.847232,0.0,89.550635,0.0,14.794048,0.0,60.656573,33.832699,60.822345,50.020357,33.790192,50.0,27.0,0.0,0.0,0.0,0.0,0.0,0.0,0.0,0
1787,60.735148,0.0,1.890521,0.0,37.807996,24.972737,0.796574,2.845343,0.0,89.013199,0.0,14.934925,0.0,60.659682,33.736177,60.611491,49.961977,33.673051,50.0,27.0,0.0,0.0,0.0,0.0,0.0,0.0,0.0,0
1788,60.869181,0.0,1.900196,0.0,37.895475,24.869274,0.80024,2.849554,0.0,89.369459,0.0,14.901156,0.0,60.666691,33.978383,61.132415,50.106147,33.962453,50.0,27.0,0.0,0.0,0.0,0.0,0.0,0.0,0.0,0
1789,61.156307,0.0,1.89938,0.0,37.862636,24.898384,0.801716,2.858475,0.0,89.299963,0.0,14.843766,0.0,60.417134,33.932388,60.75673,50.001781,33.753739,50.0,27.0,0.0,0.0,0.0,0.0,0.0,0.0,0.0,0
1790,60.706134,0.0,1.898177,0.0,38.035678,24.93285,0.798831,2.854012,0.0,88.768305,0.0,14.882857,0.0,60.83351,33.79068,60.852966,50.028371,33.807203,50.0,27.0,0.0,0.0,0.0,0.0,0.0,0.0,0.0,0
1791,60.438066,0.0,1.899385,0.0,38.080683,25.181921,0.799723,2.850826,0.0,88.683062,0.0,14.832467,0.0,60.56774,33.872101,60.757726,50.001907,33.754292,50.0,27.0,0.0,0.0,0.0,0.0,0.0,0.0,0.0,0
1792,60.668364,0.0,1.897202,0.0,37.957436,25.036898,0.802874,2.835411,0.0,89.28173,0.0,14.841235,0.0,60.853319,33.663909,60.592276,49.956167,33.662376,50.0,27.0,0.0,0.0,0.0,0.0,0.0,0.0,0.0,0
1793,60.736297,0.0,1.905401,0.0,38.067633,25.093128,0.800227,2.853419,0.0,88.722254,0.0,14.985314,0.0,60.685878,33.708984,60.536232,49.940895,33.63124,50.0,27.0,0.0,0.0,0.0,0.0,0.0,0.0,0.0,0
1794,60.779976,0.0,1.900865,0.0,37.988943,25.059467,0.798242,2.841726,0.0,89.657918,0.0,14.861213,0.0,60.529655,33.86563,60.719786,49.991922,33.733214,50.0,27.0,0.0,0.0,0.0,0.0,0.0,0.0,0.0,0
1795,60.465437,0.0,1.898973,0.0,38.001935,25.05927,0.803788,2.86772,0.0,89.203304,0.0,14.902357,0.0,60.877531,33.685386,60.675576,49.979743,33.708653,50.0,27.0,0.0,0.0,0.0,0.0,0.0,0.0,0.0,0
1796,60.85254,0.0,1.908306,0.0,37.979633,24.999005,0.79787,2.844909,0.0,89.496512,0.0,14.96349,0.0,60.812437,33.677628,60.60674,49.960818,33.670411,50.0,27.0,0.0,0.0,0.0,0.0,0.0,0.0,0.0,0
1797,60.821885,0.0,1.889898,0.0,38.174577,25.069926,0.800833,2.858696,0.0,88.857984,0.0,14.950316,0.0,60.81961,33.714536,60.704623,49.988067,33.72479,50.0,27.0,0.0,0.0,0.0,0.0,0.0,0.0,0.0,0
1798,60.754351,0.0,1.8939,0.0,38.081561,24.957065,0.803567,2.840492,0.0,89.231927,0.0,14.921548,0.0,60.448616,33.980927,60.902733,50.042884,33.834852,50.0,27.0,0.0,0.0,0.0,0.0,0.0,0.0,0.0,0
1799,60.804437,0.0,1.906501,0.0,37.893557,24.934648,0.79922,2.84993,0.0,89.344457,0.0,14.866245,0.0,60.576653,33.813809,60.649873,49.972781,33.694374,50.0,27.0,0.0,0.0,0.0,0.0,0.0,0.0,0.0,0
1800,60.679725,0.0,1.889059,0.0,37.995851,24.837345,0.798782,2.839483,0.0,88.900839,0.0,14.882035,0.0,60.901739,33.734773,60.803666,50.015424,33.779814,50.0,27.0,0.0,0.0,0.0,0.0,0.0,0.0,0.0,0
1801,60.771178,0.0,1.898781,0.0,37.857367,25.058518,0.800561,2.841543,0.0,89.718067,0.0,14.878181,0.0,60.894054,33.755281,60.845371,50.026874,33.802984,50.0,27.0,0.0,0.0,0.0,0.0,0.0,0.0,0.0,0
1802,61.017069,0.0,1.892003,0.0,37.993591,24.979748,0.80124,2.841755,0.0,89.599211,0.0,14.96552,0.0,60.986187,33.608312,60.630534,49.967361,33.68363,50.0,27.0,0.0,0.0,0.0,0.0,0.0,0.0,0.0,0
1803,60.671292,0.0,1.8829,0.0,38.090238,25.054322,0.803101,2.851449,0.0,88.956721,0.0,14.899772,0.0,60.854525,33.551436,60.401126,49.904116,33.556181,50.0,27.0,0.0,0.0,0.0,0.0,0.0,0.0,0.0,0
1804,60.72172,0.0,1.906275,0.0,37.970319,24.944235,0.800687,2.862465,0.0,88.884015,0.0,14.785264,0.0,60.550662,33.817817,60.687498,49.983745,33.715277,50.0,27.0,0.0,0.0,0.0,0.0,0.0,0.0,0.0,0
1805,60.651609,0.0,1.893416,0.0,37.85682,24.963349,0.796345,2.832926,0.0,89.49997,0.0,14.838329,0.0,61.135149,33.695711,61.005865,50.071821,33.892147,50.0,27.0,0.0,0.0,0.0,0.0,0.0,0.0,0.0,0
1806,61.020928,0.0,1.901624,0.0,37.967598,24.941678,0.801792,2.856537,0.0,89.256874,0.0,14.858422,0.0,60.811144,33.677427,60.651374,49.973484,33.695208,50.0,27.0,0.0,0.0,0.0,0.0,0.0,0.0,0.0,0
1807,60.629035,0.0,1.906521,0.0,37.875404,24.899416,0.799373,2.857255,0.0,88.865568,0.0,14.887486,0.0,60.719562,33.715789,60.650698,49.973429,33.694832,50.0,27.0,0.0,0.0,0.0,0.0,0.0,0.0,0.0,0
1808,60.853628,0.0,1.898518,0.0,37.892746,25.121198,0.799431,2.85881,0.0,88.774539,0.0,14.888827,0.0,60.722575,33.669881,60.561176,49.948818,33.645098,50.0,27.0,0.0,0.0,0.0,0.0,0.0,0.0,0.0,0
1809,60.763108,0.0,1.916373,0.0,38.06306,24.985263,0.80001,2.851642,0.0,89.20198,0.0,14.837034,0.0,60.784603,33.77702,60.859288,50.031469,33.810715,50.0,27.0,0.0,0.0,0.0,0.0,0.0,0.0,0.0,0
1810,60.685731,0.0,1.903292,0.0,37.947871,24.964371,0.80414,2.846785,0.0,88.831411,0.0,14.877008,0.0,60.700251,33.764775,60.74444,49.999569,33.746911,50.0,27.0,0.0,0.0,0.0,0.0,0.0,0.0,0.0,0
1811,60.789303,0.0,1.906376,0.0,38.110156,24.969933,0.802546,2.836615,0.0,88.760297,0.0,14.758955,0.0,60.638234,33.867514,60.896375,50.041565,33.831319,50.0,27.0,0.0,0.0,0.0,0.0,0.0,0.0,0.0,0
1812,60.810402,0.0,1.900273,0.0,38.046899,25.068848,0.797368,2.840737,0.0,88.906141,0.0,14.856804,0.0,60.531103,33.941766,60.929737,50.05058,33.849854,50.0,27.0,0.0,0.0,0.0,0.0,0.0,0.0,0.0,0
1813,60.668382,0.0,1.888474,0.0,37.89979,24.922794,0.797898,2.851324,0.0,89.583818,0.0,14.868288,0.0,61.164872,33.575793,60.766617,50.005242,33.759231,50.0,27.0,0.0,0.0,0.0,0.0,0.0,0.0,0.0,0
1814,60.738522,0.0,1.905403,0.0,37.811605,25.004062,0.801343,2.844637,0.0,89.608399,0.0,14.911324,0.0,60.90958,33.798432,61.005843,50.071337,33.892135,50.0,27.0,0.0,0.0,0.0,0.0,0.0,0.0,0.0,0
1815,60.968529,0.0,1.894735,0.0,37.941812,25.002035,0.799816,2.850966,0.0,88.820599,0.0,14.836213,0.0,60.853163,33.601072,60.527105,49.938661,33.626169,50.0,27.0,0.0,0.0,0.0,0.0,0.0,0.0,0.0,0
1816,60.643669,0.0,1.908372,0.0,38.116419,24.994931,0.799375,2.845822,0.0,89.46905,0.0,14.871073,0.0,61.018474,33.651551,60.819274,50.019721,33.788485,50.0,27.0,0.0,0.0,0.0,0.0,0.0,0.0,0.0,0
1817,60.615242,0.0,1.902988,0.0,37.796639,24.832954,0.803108,2.856887,0.0,88.865201,0.0,14.818715,0.0,60.744388,33.790742,60.851244,50.028459,33.806246,50.0,27.0,0.0,0.0,0.0,0.0,0.0,0.0,0.0,0
1818,60.858804,0.0,1.900977,0.0,37.986739,25.05738,0.80284,2.834647,0.0,89.108051,0.0,14.936454,0.0,61.066105,33.590735,60.744392,49.998784,33.746884,50.0,27.0,0.0,0.0,0.0,0.0,0.0,0.0,0.0,0
1819,60.733501,0.0,1.903345,0.0,38.202327,24.930013,0.798695,2.856529,0.0,89.120035,0.0,14.895066,0.0,60.815023,33.583731,60.498642,49.930866,33.610357,50.0,27.0,0.0,0.0,0.0,0.0,0.0,0.0,0.0,0
1820,60.65283,0.0,1.900285,0.0,37.896703,24.965896,0.800452,2.847934,0.0,89.04073,0.0,14.855196,0.0,60.556512,33.746045,60.602286,49.959856,33.667937,50.0,27.0,0.0,0.0,0.0,0.0,0.0,0.0,0.0,0
1821,60.773013,0.0,1.903371,0.0,38.013704,25.131796,0.801122,2.852071,0.0,89.265329,0.0,14.813122,0.0,60.389585,33.991743,60.950768,50.056375,33.861538,50.0,27.0,0.0,0.0,0.0,0.0,0.0,0.0,0.0,0
1822,60.856928,0.0,1.908844,0.0,37.965612,25.05357,0.798401,2.854251,0.0,89.231845,0.0,14.768676,0.0,60.708948,33.626248,60.464092,49.921579,33.591162,50.0,27.0,0.0,0.0,0.0,0.0,0.0,0.0,0.0,0
1823,60.345748,0.0,1.891445,0.0,38.097459,25.01901,0.799474,2.863452,0.0,89.151118,0.0,14.80608,0.0,60.708429,33.777691,60.798326,50.01435,33.776848,50.0,27.0,0.0,0.0,0.0,0.0,0.0,0.0,0.0,0
1824,60.811152,0.0,1.904235,0.0,38.035818,25.031713,0.800402,2.856806,0.0,88.562478,0.0,14.846817,0.0,60.843844,33.599131,60.551472,49.94605,33.639707,50.0,27.0,0.0,0.0,0.0,0.0,0.0,0.0,0.0,0
1825,60.815737,0.0,1.894619,0.0,37.896399,24.909321,0.801115,2.84905,0.0,89.137014,0.0,14.844559,0.0,60.679281,33.697589,60.612868,49.963288,33.673816,50.0,27.0,0.0,0.0,0.0,0.0,0.0,0.0,0.0,0
1826,60.794381,0.0,1.900663,0.0,37.979435,25.03674,0.804956,2.842565,0.0,89.191662,0.0,14.89974,0.0,60.778081,33.679985,60.678686,49.981662,33.710381,50.0,27.0,0.0,0.0,0.0,0.0,0.0,0.0,0.0,0
1827,60.392601,0.0,1.901324,0.0,37.971371,24.821378,0.799399,2.849434,0.0,88.563738,0.0,14.813003,0.0,61.043067,33.726346,61.047677,50.083741,33.915376,50.0,27.0,0.0,0.0,0.0,0.0,0.0,0.0,0.0,0
1828,60.742323,0.0,1.898251,0.0,38.086474,24.92341,0.798229,2.857482,0.0,89.149874,0.0,14.84518,0.0,60.379209,33.946506,60.84793,50.028115,33.804406,50.0,27.0,0.0,0.0,0.0,0.0,0.0,0.0,0.0,0
1829,60.827524,0.0,1.905494,0.0,38.090975,24.896025,0.801989,2.864887,0.0,88.889115,0.0,14.870641,0.0,60.665709,33.623324,60.423423,49.910643,33.568569,50.0,27.0,0.0,0.0,0.0,0.0,0.0,0.0,0.0,0
1830,60.847745,0.0,1.902993,0.0,37.959777,25.053948,0.800434,2.851003,0.0,89.041779,0.0,14.882895,0.0,60.678316,33.878833,60.990138,50.067725,33.88341,50.0,27.0,0.0,0.0,0.0,0.0,0.0,0.0,0.0,0
1831,60.915136,0.0,1.90031,0.0,38.006281,25.042262,0.797084,2.838816,0.0,89.179861,0.0,14.857931,0.0,60.700104,33.827671,60.884516,50.038195,33.824731,50.0,27.0,0.0,0.0,0.0,0.0,0.0,0.0,0.0,0
1832,60.508435,0.0,1.904141,0.0,38.100404,24.942097,0.803033,2.846466,0.0,88.765855,0.0,14.832665,0.0,60.898187,33.704477,60.811211,50.017744,33.784006,50.0,27.0,0.0,0.0,0.0,0.0,0.0,0.0,0.0,0
1833,60.465331,0.0,1.907978,0.0,38.009204,24.934092,0.801008,2.847187,0.0,89.158472,0.0,14.822502,0.0,60.941576,33.538566,60.510068,49.934421,33.616705,50.0,27.0,0.0,0.0,0.0,0.0,0.0,0.0,0.0,0
1834,61.054652,0.0,1.892698,0.0,38.081271,24.995279,0.798627,2.854496,0.0,89.467511,0.0,14.922495,0.0,60.653429,33.720553,60.63277,49.968661,33.684872,50.0,27.0,0.0,0.0,0.0,0.0,0.0,0.0,0.0,0
1835,60.800335,0.0,1.892949,0.0,38.017334,25.013219,0.802465,2.856045,0.0,88.774493,0.0,14.837227,0.0,60.697449,33.864313,60.981324,50.065156,33.878514,50.0,27.0,0.0,0.0,0.0,0.0,0.0,0.0,0.0,0
1836,60.771357,0.0,1.904525,0.0,37.983533,25.086012,0.799712,2.844513,0.0,89.040652,0.0,14.826026,0.0,60.694635,33.817961,60.862994,50.032126,33.812775,50.0,27.0,0.0,0.0,0.0,0.0,0.0,0.0,0.0,0
1837,60.673555,0.0,1.893846,0.0,37.986299,25.03384,0.803069,2.858593,0.0,89.315298,0.0,14.93143,0.0,60.885124,33.688952,60.770832,50.006493,33.761573,50.0,27.0,0.0,0.0,0.0,0.0,0.0,0.0,0.0,0
1838,61.084288,0.0,1.898519,0.0,38.014881,24.983982,0.795618,2.868408,0.0,89.56677,0.0,14.810722,0.0,60.678454,33.738506,60.675833,49.980203,33.708796,50.0,27.0,0.0,0.0,0.0,0.0,0.0,0.0,0.0,0
1839,60.559444,0.0,1.903003,0.0,37.962289,24.954747,0.800916,2.845305,0.0,88.738901,0.0,14.913511,0.0,60.553665,33.907244,60.907139,50.044234,33.8373,50.0,27.0,0.0,0.0,0.0,0.0,0.0,0.0,0.0,0
1840,60.840374,0.0,1.899677,0.0,37.962555,24.902112,0.803321,2.854833,0.0,89.188421,0.0,14.826797,0.0,60.886311,33.713763,60.80957,50.017046,33.783094,50.0,27.0,0.0,0.0,0.0,0.0,0.0,0.0,0.0,0
1841,60.708305,0.0,1.893566,0.0,37.792823,24.864386,0.803398,2.856181,0.0,89.382024,0.0,14.86987,0.0,60.843896,33.801378,60.956765,50.057646,33.86487,50.0,27.0,0.0,0.0,0.0,0.0,0.0,0.0,0.0,0
1842,60.709545,0.0,1.903,0.0,37.992197,24.920719,0.796766,2.848283,0.0,89.164677,0.0,14.796599,0.0,60.807054,33.789152,60.88708,50.038098,33.826155,50.0,27.0,0.0,0.0,0.0,0.0,0.0,0.0,0.0,0
1843,60.621285,0.0,1.907901,0.0,37.908292,25.06132,0.800943,2.838607,0.0,88.747502,0.0,14.730075,0.0,60.935972,33.55445,60.51592,49.935322,33.619956,50.0,27.0,0.0,0.0,0.0,0.0,0.0,0.0,0.0,0
1844,60.511373,0.0,1.905098,0.0,38.018967,25.06291,0.798074,2.853948,0.0,89.423298,0.0,14.850181,0.0,60.621451,33.850466,60.85206,50.028551,33.8067,50.0,27.0,0.0,0.0,0.0,0.0,0.0,0.0,0.0,0
1845,60.679851,0.0,1.901537,0.0,37.767598,25.060119,0.797837,2.837099,0.0,88.959753,0.0,14.845615,0.0,60.778575,33.803465,60.89563,50.040451,33.830906,50.0,27.0,0.0,0.0,0.0,0.0,0.0,0.0,0.0,0
1846,60.798621,0.0,1.903768,0.0,37.970529,25.002033,0.800095,2.85774,0.0,89.089836,0.0,14.832806,0.0,60.860585,33.684768,60.719946,49.991692,33.733303,50.0,27.0,0.0,0.0,0.0,0.0,0.0,0.0,0.0,0
1847,60.613527,0.0,1.908138,0.0,38.107823,25.068424,0.794567,2.852418,0.0,89.25986,0.0,14.981119,0.0,60.522972,33.763798,60.557827,49.946924,33.643237,50.0,27.0,0.0,0.0,0.0,0.0,0.0,0.0,0.0,0
1848,60.984137,0.0,1.894373,0.0,38.154242,25.060725,0.797286,2.845226,0.0,89.393808,0.0,14.911897,0.0,60.859459,33.593551,60.533021,49.940332,33.629456,50.0,27.0,0.0,0.0,0.0,0.0,0.0,0.0,0.0,0
1849,60.638011,0.0,1.895814,0.0,38.095314,24.901377,0.799186,2.84679,0.0,89.279356,0.0,14.845703,0.0,60.748852,33.667365,60.598519,49.958732,33.665844,50.0,27.0,0.0,0.0,0.0,0.0,0.0,0.0,0.0,0
1850,60.527808,0.0,1.896814,0.0,38.010402,25.003125,0.79909,2.853281,0.0,89.039099,0.0,14.950403,0.0,60.597371,33.853935,60.849978,50.02844,33.805543,50.0,27.0,0.0,0.0,0.0,0.0,0.0,0.0,0.0,0
1851,60.905588,0.0,1.902095,0.0,38.11193,24.992369,0.802748,2.857298,0.0,89.06014,0.0,14.848653,0.0,60.587654,33.738701,60.581403,49.954065,33.656335,50.0,27.0,0.0,0.0,0.0,0.0,0.0,0.0,0.0,0
1852,60.639344,0.0,1.906751,0.0,38.080724,24.867304,0.805147,2.849881,0.0,89.305281,0.0,14.884912,0.0,60.713078,33.877725,61.000472,50.070123,33.889151,50.0,27.0,0.0,0.0,0.0,0.0,0.0,0.0,0.0,0
1853,60.619361,0.0,1.899757,0.0,38.04384,24.949157,0.801216,2.841075,0.0,89.005316,0.0,14.846187,0.0,60.940621,33.551128,60.521136,49.937287,33.622853,50.0,27.0,0.0,0.0,0.0,0.0,0.0,0.0,0.0,0
1854,60.897481,0.0,1.898345,0.0,37.971976,25.011972,0.798984,2.842801,0.0,89.218983,0.0,14.903388,0.0,60.776391,33.616475,60.520965,49.937552,33.622758,50.0,27.0,0.0,0.0,0.0,0.0,0.0,0.0,0.0,0
1855,60.343134,0.0,1.90203,0.0,38.017526,25.050994,0.802945,2.852057,0.0,88.93171,0.0,14.807141,0.0,60.482945,33.948508,60.943866,50.054751,33.857703,50.0,27.0,0.0,0.0,0.0,0.0,0.0,0.0,0.0,0
1856,60.524679,0.0,1.899543,0.0,38.025509,24.964369,0.798404,2.836613,0.0,88.750148,0.0,14.871979,0.0,61.132985,33.51302,60.646492,49.972285,33.692496,50.0,27.0,0.0,0.0,0.0,0.0,0.0,0.0,0.0,0
1857,60.890376,0.0,1.891112,0.0,38.183702,25.066131,0.799814,2.851897,0.0,89.947314,0.0,14.814914,0.0,61.153706,33.502598,60.675634,49.980478,33.708686,50.0,27.0,0.0,0.0,0.0,0.0,0.0,0.0,0.0,0
1858,60.789187,0.0,1.913614,0.0,38.174122,24.911976,0.799887,2.846187,0.0,88.823678,0.0,14.824662,0.0,60.390156,34.00889,61.009922,50.072971,33.894401,50.0,27.0,0.0,0.0,0.0,0.0,0.0,0.0,0.0,0
1859,60.577609,0.0,1.891943,0.0,37.798406,25.029473,0.795494,2.840406,0.0,88.927377,0.0,14.853125,0.0,60.377928,34.0614,61.069722,50.089136,33.927623,50.0,27.0,0.0,0.0,0.0,0.0,0.0,0.0,0.0,0
1860,60.473001,0.0,1.902238,0.0,38.045819,25.028358,0.796968,2.850835,0.0,89.501254,0.0,14.841416,0.0,60.811866,33.636674,60.564518,49.949057,33.646954,50.0,27.0,0.0,0.0,0.0,0.0,0.0,0.0,0.0,0
1861,60.486785,0.0,1.910073,0.0,37.993962,24.867219,0.799647,2.856478,0.0,89.016671,0.0,14.923237,0.0,60.795364,33.657667,60.607757,49.961261,33.670976,50.0,27.0,0.0,0.0,0.0,0.0,0.0,0.0,0.0,0
1862,61.15849,0.0,1.901455,0.0,37.804227,24.926741,0.798971,2.862487,0.0,89.268651,0.0,14.896352,0.0,60.921868,33.64973,60.729245,49.995033,33.738469,50.0,27.0,0.0,0.0,0.0,0.0,0.0,0.0,0.0,0
1863,60.955439,0.0,1.892027,0.0,38.141353,24.969171,0.80184,2.852199,0.0,88.985169,0.0,14.932895,0.0,60.933431,33.793328,61.055747,50.085301,33.91986,50.0,27.0,0.0,0.0,0.0,0.0,0.0,0.0,0.0,0
1864,60.608913,0.0,1.89914,0.0,37.973531,25.009258,0.799028,2.85333,0.0,89.455004,0.0,14.85083,0.0,60.706644,33.634345,60.485961,49.92739,33.603312,50.0,27.0,0.0,0.0,0.0,0.0,0.0,0.0,0.0,0
1865,60.834739,0.0,1.896418,0.0,37.978822,24.961948,0.804065,2.857064,0.0,89.350113,0.0,14.865787,0.0,60.63496,33.708706,60.584926,49.955105,33.658292,50.0,27.0,0.0,0.0,0.0,0.0,0.0,0.0,0.0,0
1866,60.770906,0.0,1.900329,0.0,37.977796,25.123126,0.7928,2.824774,0.0,89.224383,0.0,14.935795,0.0,60.671526,33.849006,60.920564,50.048097,33.844758,50.0,27.0,0.0,0.0,0.0,0.0,0.0,0.0,0.0,0
1867,60.662424,0.0,1.902191,0.0,38.114618,25.076723,0.793279,2.851047,0.0,89.11008,0.0,14.853649,0.0,60.685249,33.627699,60.451902,49.918322,33.58439,50.0,27.0,0.0,0.0,0.0,0.0,0.0,0.0,0.0,0
1868,60.928295,0.0,1.905249,0.0,38.054565,24.857159,0.798816,2.845146,0.0,89.16483,0.0,14.859553,0.0,61.088608,33.57165,60.751617,50.001568,33.750899,50.0,27.0,0.0,0.0,0.0,0.0,0.0,0.0,0.0,0
1869,60.762401,0.0,1.895966,0.0,38.028639,24.960369,0.80111,2.861896,0.0,89.351444,0.0,14.812959,0.0,60.695718,33.679937,60.608207,49.961923,33.671226,50.0,27.0,0.0,0.0,0.0,0.0,0.0,0.0,0.0,0
1870,60.751956,0.0,1.906089,0.0,37.794207,25.057809,0.796415,2.851825,0.0,89.176764,0.0,14.7708,0.0,60.832635,33.751814,60.90221,50.043373,33.834561,50.0,27.0,0.0,0.0,0.0,0.0,0.0,0.0,0.0,0
1871,60.698703,0.0,1.895209,0.0,38.097419,25.085736,0.795819,2.849223,0.0,89.176315,0.0,14.888741,0.0,60.612432,33.779483,60.736023,49.997224,33.742235,50.0,27.0,0.0,0.0,0.0,0.0,0.0,0.0,0.0,0
1872,60.921568,0.0,1.900887,0.0,38.05609,24.790782,0.8072,2.858905,0.0,88.836881,0.0,14.847026,0.0,60.535543,33.768673,60.628606,49.967548,33.682559,50.0,27.0,0.0,0.0,0.0,0.0,0.0,0.0,0.0,0
1873,60.860047,0.0,1.897154,0.0,37.965931,25.067398,0.801276,2.836154,0.0,88.674625,0.0,14.893376,0.0,60.575676,33.770605,60.666999,49.978321,33.703889,50.0,27.0,0.0,0.0,0.0,0.0,0.0,0.0,0.0,0
1874,60.635177,0.0,1.905511,0.0,38.087354,25.033139,0.798867,2.852458,0.0,89.413409,0.0,14.837862,0.0,61.091547,33.589307,60.794735,50.013735,33.774853,50.0,27.0,0.0,0.0,0.0,0.0,0.0,0.0,0.0,0
1875,60.718443,0.0,1.894623,0.0,37.900299,25.025115,0.798523,2.857361,0.0,88.678436,0.0,14.852464,0.0,60.767335,33.790309,60.913064,50.046372,33.840591,50.0,27.0,0.0,0.0,0.0,0.0,0.0,0.0,0.0,0
1876,60.954805,0.0,1.899941,0.0,37.913242,25.049344,0.802094,2.842427,0.0,88.592419,0.0,14.842964,0.0,60.494235,33.759507,60.565883,49.950182,33.647713,50.0,27.0,0.0,0.0,0.0,0.0,0.0,0.0,0.0,0
1877,61.005248,0.0,1.90562,0.0,37.998824,25.012455,0.802851,2.856262,0.0,88.891943,0.0,14.982805,0.0,60.914724,33.605473,60.656977,49.975608,33.698321,50.0,27.0,0.0,0.0,0.0,0.0,0.0,0.0,0.0,0
1878,60.521276,0.0,1.889933,0.0,37.929449,24.976608,0.799338,2.844214,0.0,89.433236,0.0,14.875386,0.0,61.15421,33.718056,61.150052,50.112013,33.972251,50.0,27.0,0.0,0.0,0.0,0.0,0.0,0.0,0.0,0
1879,60.792752,0.0,1.893647,0.0,37.930759,24.925534,0.79816,2.852174,0.0,89.026078,0.0,14.858436,0.0,60.727936,33.716923,60.721648,49.993047,33.734249,50.0,27.0,0.0,0.0,0.0,0.0,0.0,0.0,0.0,0
1880,60.889466,0.0,1.906106,0.0,37.975278,25.048588,0.798688,2.851111,0.0,88.878118,0.0,14.866071,0.0,60.910229,33.643959,60.750427,50.001036,33.750237,50.0,27.0,0.0,0.0,0.0,0.0,0.0,0.0,0.0,0
1881,60.56552,0.0,1.901395,0.0,37.80861,24.958092,0.797289,2.845278,0.0,89.36964,0.0,14.845776,0.0,61.028454,33.35131,60.261333,49.865847,33.478519,50.0,27.0,0.0,0.0,0.0,0.0,0.0,0.0,0.0,0
1882,60.704451,0.0,1.901874,0.0,38.04421,24.94017,0.795444,2.856069,0.0,89.238146,0.0,14.828711,0.0,60.724291,33.708488,60.758538,50.00394,33.754743,50.0,27.0,0.0,0.0,0.0,0.0,0.0,0.0,0.0,0
1883,60.653886,0.0,1.899135,0.0,38.084927,25.043756,0.796734,2.852976,0.0,89.207789,0.0,14.810096,0.0,60.459307,33.854762,60.79996,50.015369,33.777756,50.0,27.0,0.0,0.0,0.0,0.0,0.0,0.0,0.0,0
1884,61.139316,0.0,1.896946,0.0,38.119674,24.943748,0.798963,2.863466,0.0,89.458642,0.0,14.824613,0.0,60.790143,33.650747,60.679161,49.981905,33.710645,50.0,27.0,0.0,0.0,0.0,0.0,0.0,0.0,0.0,0
1885,60.758519,0.0,1.898855,0.0,38.038987,25.034494,0.802743,2.855681,0.0,89.382077,0.0,14.833957,0.0,60.798442,33.605831,60.599651,49.960018,33.666473,50.0,27.0,0.0,0.0,0.0,0.0,0.0,0.0,0.0,0
1886,60.53438,0.0,1.898646,0.0,37.937659,25.014001,0.798075,2.859708,0.0,89.175521,0.0,14.875934,0.0,60.88114,33.656239,60.801102,50.015897,33.77839,50.0,27.0,0.0,0.0,0.0,0.0,0.0,0.0,0.0,0
1887,60.481317,0.0,1.891826,0.0,38.024286,24.956299,0.79679,2.854171,0.0,89.105685,0.0,14.779762,0.0,60.77105,33.575583,60.525881,49.939748,33.62549,50.0,27.0,0.0,0.0,0.0,0.0,0.0,0.0,0.0,0
1888,61.048917,0.0,1.908815,0.0,37.861222,24.898768,0.796573,2.8613,0.0,88.643083,0.0,14.800823,0.0,60.406475,33.784869,60.618092,49.965535,33.676718,50.0,27.0,0.0,0.0,0.0,0.0,0.0,0.0,0.0,0
1889,60.851043,0.0,1.904091,0.0,38.081313,25.046933,0.802272,2.85209,0.0,89.000586,0.0,14.829611,0.0,60.722844,33.645024,60.62625,49.967961,33.68125,50.0,27.0,0.0,0.0,0.0,0.0,0.0,0.0,0.0,0
1890,60.787524,0.0,1.898873,0.0,38.102413,24.999024,0.800035,2.854869,0.0,89.095605,0.0,14.81406,0.0,60.564665,33.862929,60.933749,50.053112,33.852083,50.0,27.0,0.0,0.0,0.0,0.0,0.0,0.0,0.0,0
1891,60.617802,0.0,1.912788,0.0,37.912376,24.953882,0.801866,2.854272,0.0,89.066311,0.0,14.943112,0.0,60.723695,33.597843,60.510548,49.935877,33.616971,50.0,27.0,0.0,0.0,0.0,0.0,0.0,0.0,0.0,0
1892,61.031533,0.0,1.89892,0.0,38.056732,25.025247,0.795537,2.853215,0.0,88.975381,0.0,14.812339,0.0,60.661647,33.747021,60.776493,50.009702,33.764718,50.0,27.0,0.0,0.0,0.0,0.0,0.0,0.0,0.0,0
1893,60.735248,0.0,1.896495,0.0,37.658,24.984274,0.797058,2.858923,0.0,89.100084,0.0,14.856051,0.0,60.441431,33.827905,60.719714,49.99396,33.733175,50.0,27.0,0.0,0.0,0.0,0.0,0.0,0.0,0.0,0
1894,60.578656,0.0,1.895975,0.0,38.035656,25.094535,0.796477,2.847933,0.0,88.917332,0.0,14.844483,0.0,60.676598,33.752376,60.77817,50.010147,33.76565,50.0,27.0,0.0,0.0,0.0,0.0,0.0,0.0,0.0,0
1895,60.707287,0.0,1.907818,0.0,38.201977,25.02947,0.803183,2.854409,0.0,88.895687,0.0,14.830887,0.0,60.62917,33.863558,60.958917,50.060054,33.866065,50.0,27.0,0.0,0.0,0.0,0.0,0.0,0.0,0.0,0
1896,60.60734,0.0,1.903699,0.0,38.106299,25.005042,0.798713,2.857188,0.0,88.704847,0.0,14.85075,0.0,60.580845,33.785021,60.724319,49.994914,33.735733,50.0,27.0,0.0,0.0,0.0,0.0,0.0,0.0,0.0,0
1897,61.055328,0.0,1.901429,0.0,37.904584,24.932112,0.79836,2.836876,0.0,89.089553,0.0,14.906419,0.0,60.930691,33.684141,60.852404,50.030341,33.806891,50.0,27.0,0.0,0.0,0.0,0.0,0.0,0.0,0.0,0
1898,60.784531,0.0,1.898611,0.0,37.966888,25.080185,0.796228,2.862677,0.0,89.360796,0.0,14.875273,0.0,61.119426,33.604586,60.878221,50.037326,33.821234,50.0,27.0,0.0,0.0,0.0,0.0,0.0,0.0,0.0,0
1899,60.895954,0.0,1.902282,0.0,37.995527,25.035622,0.800668,2.848991,0.0,89.43643,0.0,14.790949,0.0,60.572011,33.922942,61.017413,50.075612,33.898563,50.0,27.0,0.0,0.0,0.0,0.0,0.0,0.0,0.0,0
1900,60.642079,0.0,1.904646,0.0,37.89128,25.096775,0.79816,2.858049,0.0,88.916799,0.0,14.823749,0.0,60.584324,33.926955,61.010355,50.073285,33.894642,50.0,27.0,0.0,0.0,0.0,0.0,0.0,0.0,0.0,0
1901,60.555275,0.0,1.903591,0.0,37.849149,25.096807,0.799365,2.843602,0.0,88.816915,0.0,14.774317,0.0,60.572575,33.867041,60.845596,50.027382,33.803109,50.0,27.0,0.0,0.0,0.0,0.0,0.0,0.0,0.0,0
1902,60.790724,0.0,1.916074,0.0,38.101136,24.941213,0.799274,2.860084,0.0,89.167425,0.0,14.902138,0.0,61.058909,33.714095,60.992247,50.06778,33.884582,50.0,27.0,0.0,0.0,0.0,0.0,0.0,0.0,0.0,0
1903,60.930836,0.0,1.893785,0.0,37.912746,24.878152,0.797647,2.849273,0.0,89.214219,0.0,14.857936,0.0,60.629646,33.839222,60.831089,50.022899,33.795049,50.0,27.0,0.0,0.0,0.0,0.0,0.0,0.0,0.0,0
1904,60.823611,0.0,1.900646,0.0,37.957354,24.903471,0.799971,2.855957,0.0,89.136391,0.0,14.848923,0.0,61.080869,33.628908,60.826091,50.021403,33.792273,50.0,27.0,0.0,0.0,0.0,0.0,0.0,0.0,0.0,0
1905,60.77893,0.0,1.903359,0.0,37.995896,25.03194,0.803403,2.854513,0.0,89.366349,0.0,14.86975,0.0,60.705842,33.795581,60.818564,50.019216,33.788091,50.0,27.0,0.0,0.0,0.0,0.0,0.0,0.0,0.0,0
1906,60.56432,0.0,1.906034,0.0,38.07641,24.971631,0.798413,2.85302,0.0,89.433572,0.0,14.848629,0.0,60.819325,33.681467,60.684292,49.982009,33.713496,50.0,27.0,0.0,0.0,0.0,0.0,0.0,0.0,0.0,0
1907,60.703689,0.0,1.899852,0.0,38.019895,24.950499,0.795827,2.855014,0.0,88.813753,0.0,14.797861,0.0,60.816465,33.785075,60.90842,50.044046,33.838011,50.0,27.0,0.0,0.0,0.0,0.0,0.0,0.0,0.0,0
1908,60.97566,0.0,1.898369,0.0,37.966557,24.943586,0.802923,2.866297,0.0,89.389399,0.0,14.901772,0.0,60.68109,33.792885,60.783772,50.009375,33.768762,50.0,27.0,0.0,0.0,0.0,0.0,0.0,0.0,0.0,0
1909,60.690628,0.0,1.902669,0.0,37.870329,24.901704,0.794625,2.846617,0.0,89.305201,0.0,14.885663,0.0,60.952193,33.620655,60.68516,49.982072,33.713978,50.0,27.0,0.0,0.0,0.0,0.0,0.0,0.0,0.0,0
1910,60.674478,0.0,1.907361,0.0,37.976325,24.995042,0.80139,2.846476,0.0,88.975454,0.0,14.815728,0.0,60.815603,33.762867,60.865239,50.031935,33.814022,50.0,27.0,0.0,0.0,0.0,0.0,0.0,0.0,0.0,0
1911,60.484357,0.0,1.903763,0.0,37.976979,25.05015,0.798567,2.848716,0.0,88.87343,0.0,14.943186,0.0,60.442151,34.024592,61.04076,50.080289,33.911534,50.0,27.0,0.0,0.0,0.0,0.0,0.0,0.0,0.0,0
1912,60.846438,0.0,1.895895,0.0,37.953304,24.999604,0.800383,2.846651,0.0,88.829683,0.0,14.913548,0.0,60.746192,33.902426,61.049693,50.082359,33.916496,50.0,27.0,0.0,0.0,0.0,0.0,0.0,0.0,0.0,0
1913,60.887534,0.0,1.898135,0.0,37.833352,25.075791,0.796186,2.852909,0.0,89.184283,0.0,14.91303,0.0,60.86813,33.83226,61.004657,50.069501,33.891476,50.0,27.0,0.0,0.0,0.0,0.0,0.0,0.0,0.0,0
1914,60.900272,0.0,1.902236,0.0,37.994683,24.928647,0.802606,2.849835,0.0,89.239323,0.0,15.011261,0.0,60.726777,33.77601,60.736118,49.994932,33.742288,50.0,27.0,0.0,0.0,0.0,0.0,0.0,0.0,0.0,0
1915,60.741833,0.0,1.897944,0.0,38.112942,25.158849,0.793775,2.842743,0.0,89.188756,0.0,14.830197,0.0,60.777167,33.861235,60.965696,50.058412,33.869831,50.0,27.0,0.0,0.0,0.0,0.0,0.0,0.0,0.0,0
1916,60.76538,0.0,1.903875,0.0,38.017177,25.092065,0.79843,2.851579,0.0,89.399651,0.0,14.917388,0.0,60.791156,33.835627,60.913886,50.043801,33.841048,50.0,27.0,0.0,0.0,0.0,0.0,0.0,0.0,0.0,0
1917,60.743331,0.0,1.89567,0.0,37.967089,24.916465,0.799847,2.84784,0.0,89.211038,0.0,14.906247,0.0,60.885787,33.751567,60.823532,50.01861,33.790851,50.0,27.0,0.0,0.0,0.0,0.0,0.0,0.0,0.0,0
1918,60.588181,0.0,1.890514,0.0,38.078615,24.890965,0.80327,2.847919,0.0,89.247093,0.0,14.92656,0.0,60.689276,33.780953,60.692898,49.982411,33.718277,50.0,27.0,0.0,0.0,0.0,0.0,0.0,0.0,0.0,0
1919,60.581405,0.0,1.894895,0.0,38.044476,24.996329,0.801989,2.846142,0.0,89.303216,0.0,14.800756,0.0,61.097961,33.661413,60.849201,50.0257,33.805112,50.0,27.0,0.0,0.0,0.0,0.0,0.0,0.0,0.0,0
1920,60.843765,0.0,1.900013,0.0,38.131032,25.089329,0.798926,2.846028,0.0,88.886263,0.0,14.894729,0.0,60.823097,33.684172,60.637891,49.967167,33.687717,50.0,27.0,0.0,0.0,0.0,0.0,0.0,0.0,0.0,0
1921,60.752307,0.0,1.913011,0.0,37.996288,25.009572,0.796307,2.85348,0.0,88.805619,0.0,14.925727,0.0,60.359588,34.006015,60.864846,50.030059,33.813803,50.0,27.0,0.0,0.0,0.0,0.0,0.0,0.0,0.0,0
1922,61.159704,0.0,1.899716,0.0,38.130058,25.006542,0.800011,2.843178,0.0,89.977968,0.0,14.857989,0.0,60.841819,33.732468,60.738485,49.994984,33.743603,50.0,27.0,0.0,0.0,0.0,0.0,0.0,0.0,0.0,0
1923,60.890529,0.0,1.907551,0.0,37.886275,25.11557,0.801944,2.86396,0.0,89.064009,0.0,14.902325,0.0,60.958375,33.775521,60.952314,50.054111,33.862397,50.0,27.0,0.0,0.0,0.0,0.0,0.0,0.0,0.0,0
1924,60.798261,0.0,1.895766,0.0,38.305474,25.116821,0.801645,2.847317,0.0,89.791619,0.0,14.813119,0.0,61.043376,33.50414,60.465251,49.919219,33.591806,50.0,27.0,0.0,0.0,0.0,0.0,0.0,0.0,0.0,0
1925,60.690093,0.0,1.904632,0.0,37.833901,25.044075,0.8014,2.848988,0.0,89.418333,0.0,14.836414,0.0,60.877422,33.638313,60.61845,49.961965,33.676917,50.0,27.0,0.0,0.0,0.0,0.0,0.0,0.0,0.0,0
1926,61.205956,0.0,1.907657,0.0,38.047925,24.987505,0.802439,2.848081,0.0,88.855656,0.0,14.898711,0.0,60.753782,33.708076,60.658153,49.973128,33.698974,50.0,27.0,0.0,0.0,0.0,0.0,0.0,0.0,0.0,0
1927,60.603341,0.0,1.897258,0.0,38.049224,24.967354,0.798946,2.857319,0.0,89.121756,0.0,14.802267,0.0,60.652083,33.715028,60.577094,49.950857,33.653941,50.0,27.0,0.0,0.0,0.0,0.0,0.0,0.0,0.0,0
1928,60.818755,0.0,1.90466,0.0,37.968025,25.09355,0.796341,2.864983,0.0,89.031001,0.0,14.92084,0.0,60.743014,33.938793,61.144716,50.10799,33.969287,50.0,27.0,0.0,0.0,0.0,0.0,0.0,0.0,0.0,0
1929,60.650647,0.0,1.897894,0.0,38.036717,24.858344,0.797741,2.84984,0.0,89.048001,0.0,14.853257,0.0,60.728745,33.772028,60.753572,49.999342,33.751984,50.0,27.0,0.0,0.0,0.0,0.0,0.0,0.0,0.0,0
1930,60.762256,0.0,1.899755,0.0,37.987856,25.052894,0.798729,2.836527,0.0,89.177261,0.0,14.880691,0.0,60.711481,33.750616,60.689589,49.981661,33.716438,50.0,27.0,0.0,0.0,0.0,0.0,0.0,0.0,0.0,0
1931,60.481841,0.0,1.895648,0.0,37.892784,25.080541,0.803447,2.859508,0.0,89.107577,0.0,14.911495,0.0,60.79572,33.73148,60.734831,49.994256,33.741573,50.0,27.0,0.0,0.0,0.0,0.0,0.0,0.0,0.0,0
1932,60.84794,0.0,1.902914,0.0,38.073734,25.125939,0.799102,2.846872,0.0,89.1901,0.0,14.921106,0.0,60.899103,33.868729,61.13153,50.103931,33.961961,50.0,27.0,0.0,0.0,0.0,0.0,0.0,0.0,0.0,0
1933,60.817577,0.0,1.907779,0.0,37.863764,25.053829,0.801573,2.844764,0.0,89.323048,0.0,14.888462,0.0,60.958933,33.541425,60.486426,49.92511,33.60357,50.0,27.0,0.0,0.0,0.0,0.0,0.0,0.0,0.0,0
1934,60.553404,0.0,1.900207,0.0,37.942003,24.99015,0.800625,2.8425,0.0,88.7662,0.0,14.805331,0.0,60.653683,33.932325,61.035262,50.077179,33.908479,50.0,27.0,0.0,0.0,0.0,0.0,0.0,0.0,0.0,0
1935,60.898536,0.0,1.901673,0.0,37.85171,25.106689,0.802126,2.84191,0.0,88.937712,0.0,14.927333,0.0,61.056989,33.572675,60.656084,49.971991,33.697824,50.0,27.0,0.0,0.0,0.0,0.0,0.0,0.0,0.0,0
1936,60.787095,0.0,1.89951,0.0,37.91405,25.067502,0.798013,2.845618,0.0,89.493091,0.0,14.837655,0.0,60.679265,33.828265,60.842551,50.023669,33.801417,50.0,27.0,0.0,0.0,0.0,0.0,0.0,0.0,0.0,0
1937,60.686563,0.0,1.89581,0.0,37.855393,24.976727,0.796714,2.852906,0.0,89.306205,0.0,14.929231,0.0,60.660926,33.865042,60.891583,50.037104,33.828657,50.0,27.0,0.0,0.0,0.0,0.0,0.0,0.0,0.0,0
1938,60.696035,0.0,1.893764,0.0,37.800429,25.040593,0.802497,2.846332,0.0,89.559573,0.0,14.919998,0.0,60.61505,33.733591,60.554011,49.943616,33.641117,50.0,27.0,0.0,0.0,0.0,0.0,0.0,0.0,0.0,0
1939,60.75621,0.0,1.904079,0.0,37.998869,24.896362,0.798719,2.848876,0.0,88.779674,0.0,14.8045,0.0,60.783284,33.787334,60.839426,50.022784,33.799681,50.0,27.0,0.0,0.0,0.0,0.0,0.0,0.0,0.0,0
1940,61.050122,0.0,1.907529,0.0,38.036767,25.121713,0.795922,2.851831,0.0,89.180221,0.0,14.901629,0.0,60.782725,33.793426,60.848208,50.025098,33.80456,50.0,27.0,0.0,0.0,0.0,0.0,0.0,0.0,0.0,0
1941,60.336374,0.0,1.898332,0.0,37.761459,25.066287,0.802018,2.846737,0.0,89.399717,0.0,14.853693,0.0,60.560173,33.976638,61.008025,50.069145,33.893347,50.0,27.0,0.0,0.0,0.0,0.0,0.0,0.0,0.0,0
1942,60.777711,0.0,1.894637,0.0,37.954768,25.090739,0.798929,2.837559,0.0,88.822004,0.0,14.935111,0.0,61.031949,33.589196,60.63455,49.965575,33.685861,50.0,27.0,0.0,0.0,0.0,0.0,0.0,0.0,0.0,0
1943,60.795227,0.0,1.908517,0.0,37.993009,25.053295,0.801839,2.852262,0.0,88.948519,0.0,14.886138,0.0,61.236788,33.694347,61.08603,50.090533,33.936684,50.0,27.0,0.0,0.0,0.0,0.0,0.0,0.0,0.0,0
1944,60.50201,0.0,1.904919,0.0,38.14844,25.089455,0.797382,2.857098,0.0,88.957616,0.0,14.86983,0.0,60.83385,33.654391,60.608231,49.958021,33.671239,50.0,27.0,0.0,0.0,0.0,0.0,0.0,0.0,0.0,0
1945,60.712856,0.0,1.887778,0.0,37.952344,25.052847,0.800106,2.858475,0.0,89.296334,0.0,14.84123,0.0,60.734008,33.878588,60.995406,50.065243,33.886337,50.0,27.0,0.0,0.0,0.0,0.0,0.0,0.0,0.0,0
1946,60.595398,0.0,1.900374,0.0,37.965751,24.913983,0.800815,2.863051,0.0,88.932047,0.0,14.839593,0.0,60.825079,33.59733,60.476862,49.921596,33.598257,50.0,27.0,0.0,0.0,0.0,0.0,0.0,0.0,0.0,0
1947,60.803561,0.0,1.898349,0.0,37.727088,25.096014,0.795257,2.845324,0.0,88.587001,0.0,14.864843,0.0,60.693057,33.77494,60.741249,49.995061,33.745138,50.0,27.0,0.0,0.0,0.0,0.0,0.0,0.0,0.0,0
1948,60.843769,0.0,1.897692,0.0,38.139006,24.967023,0.795462,2.85237,0.0,89.233587,0.0,14.838196,0.0,60.557792,33.987716,61.051797,50.08092,33.917665,50.0,27.0,0.0,0.0,0.0,0.0,0.0,0.0,0.0,0
1949,60.478965,0.0,1.894,0.0,37.890643,24.967167,0.796375,2.842399,0.0,88.80495,0.0,14.833845,0.0,61.00758,33.491894,60.424834,49.907227,33.569352,50.0,27.0,0.0,0.0,0.0,0.0,0.0,0.0,0.0,0
1950,60.687973,0.0,1.897682,0.0,37.984245,25.111355,0.798106,2.858331,0.0,89.209618,0.0,14.906328,0.0,61.019129,33.552257,60.600134,49.956141,33.666741,50.0,27.0,0.0,0.0,0.0,0.0,0.0,0.0,0.0,0
1951,60.799883,0.0,1.89896,0.0,38.151239,24.968448,0.798828,2.838145,0.0,89.072982,0.0,14.870862,0.0,60.643066,33.918418,61.022628,50.073135,33.90146,50.0,27.0,0.0,0.0,0.0,0.0,0.0,0.0,0.0,0
1952,60.547677,0.0,1.904721,0.0,37.912244,24.913944,0.803591,2.853238,0.0,89.054196,0.0,14.865677,0.0,60.732282,33.893022,61.034553,50.076067,33.908085,50.0,27.0,0.0,0.0,0.0,0.0,0.0,0.0,0.0,0
1953,60.560808,0.0,1.894823,0.0,38.048195,24.980969,0.799157,2.868376,0.0,89.386959,0.0,14.83287,0.0,60.748977,33.892611,61.031489,50.074841,33.906383,50.0,27.0,0.0,0.0,0.0,0.0,0.0,0.0,0.0,0
1954,60.604648,0.0,1.89838,0.0,38.098951,24.988449,0.799294,2.844628,0.0,89.209862,0.0,14.918574,0.0,60.559236,33.79522,60.618657,49.960364,33.677032,50.0,27.0,0.0,0.0,0.0,0.0,0.0,0.0,0.0,0
1955,60.71385,0.0,1.898161,0.0,38.004875,24.996963,0.799348,2.853982,0.0,89.277026,0.0,14.891978,0.0,60.62422,33.754194,60.593388,49.953577,33.662993,50.0,27.0,0.0,0.0,0.0,0.0,0.0,0.0,0.0,0
1956,60.646056,0.0,1.901285,0.0,37.91179,25.050271,0.800404,2.84887,0.0,89.89846,0.0,14.922101,0.0,60.61291,33.928701,60.952106,50.052956,33.862281,50.0,27.0,0.0,0.0,0.0,0.0,0.0,0.0,0.0,0
1957,60.451381,0.0,1.909861,0.0,37.790824,25.054757,0.800725,2.83186,0.0,89.071367,0.0,14.825936,0.0,60.82303,33.74282,60.748933,49.996537,33.749407,50.0,27.0,0.0,0.0,0.0,0.0,0.0,0.0,0.0,0
1958,60.49838,0.0,1.902134,0.0,37.909947,24.9914,0.801099,2.843117,0.0,89.086338,0.0,14.894693,0.0,60.715416,33.857696,60.888266,50.035065,33.826814,50.0,27.0,0.0,0.0,0.0,0.0,0.0,0.0,0.0,0
1959,60.592815,0.0,1.90125,0.0,37.994216,25.034788,0.79901,2.860448,0.0,88.951948,0.0,14.878746,0.0,60.935001,33.619891,60.595427,49.953951,33.664126,50.0,27.0,0.0,0.0,0.0,0.0,0.0,0.0,0.0,0
1960,60.960551,0.0,1.906408,0.0,37.965701,24.929933,0.798832,2.846816,0.0,89.976627,0.0,14.827521,0.0,60.948571,33.601745,60.591946,49.953218,33.662192,50.0,27.0,0.0,0.0,0.0,0.0,0.0,0.0,0.0,0
1961,60.779483,0.0,1.898033,0.0,37.908183,25.020583,0.796552,2.832616,0.0,89.104826,0.0,14.962213,0.0,60.795749,33.704941,60.67909,49.977537,33.710606,50.0,27.0,0.0,0.0,0.0,0.0,0.0,0.0,0.0,0
1962,60.817965,0.0,1.895106,0.0,37.85278,24.895131,0.800188,2.863074,0.0,89.33591,0.0,14.852051,0.0,60.943575,33.575357,60.560866,49.944972,33.644926,50.0,27.0,0.0,0.0,0.0,0.0,0.0,0.0,0.0,0
1963,60.845387,0.0,1.907205,0.0,37.977868,24.837604,0.79781,2.848076,0.0,89.3175,0.0,14.828311,0.0,60.754446,33.670895,60.597183,49.955284,33.665101,50.0,27.0,0.0,0.0,0.0,0.0,0.0,0.0,0.0,0
1964,60.440938,0.0,1.894027,0.0,38.038421,25.018305,0.803328,2.857548,0.0,89.391605,0.0,14.915161,0.0,60.514502,33.963592,60.984476,50.062552,33.880265,50.0,27.0,0.0,0.0,0.0,0.0,0.0,0.0,0.0,0
1965,60.588265,0.0,1.891506,0.0,38.046223,25.053332,0.803149,2.847056,0.0,89.292934,0.0,14.912339,0.0,60.76083,33.881009,61.027231,50.074058,33.904017,50.0,27.0,0.0,0.0,0.0,0.0,0.0,0.0,0.0,0
1966,60.877153,0.0,1.901323,0.0,38.01652,24.997347,0.802108,2.845519,0.0,89.133957,0.0,14.869149,0.0,60.900566,33.576059,60.507064,49.929918,33.615035,50.0,27.0,0.0,0.0,0.0,0.0,0.0,0.0,0.0,0
1967,60.767039,0.0,1.895587,0.0,38.02576,24.959793,0.800096,2.858205,0.0,89.394023,0.0,14.807346,0.0,60.869783,33.866306,61.113115,50.097777,33.951731,50.0,27.0,0.0,0.0,0.0,0.0,0.0,0.0,0.0,0
1968,60.890838,0.0,1.905066,0.0,37.772723,25.130145,0.800463,2.862601,0.0,89.290966,0.0,14.817297,0.0,60.715026,33.818649,60.842622,50.022527,33.801457,50.0,27.0,0.0,0.0,0.0,0.0,0.0,0.0,0.0,0
1969,60.488062,0.0,1.911681,0.0,37.834546,24.954669,0.801959,2.856315,0.0,89.424314,0.0,14.847023,0.0,60.766917,33.841539,60.934823,50.047899,33.85268,50.0,27.0,0.0,0.0,0.0,0.0,0.0,0.0,0.0,0
1970,60.61797,0.0,1.892322,0.0,37.902784,25.00986,0.798778,2.864801,0.0,88.883714,0.0,14.948927,0.0,60.553272,33.874346,60.779885,50.004837,33.766603,50.0,27.0,0.0,0.0,0.0,0.0,0.0,0.0,0.0,0
1971,60.599924,0.0,1.897102,0.0,37.915313,24.964244,0.802861,2.843491,0.0,89.628859,0.0,14.887647,0.0,60.896834,33.772035,60.893472,50.036207,33.829706,50.0,27.0,0.0,0.0,0.0,0.0,0.0,0.0,0.0,0
1972,60.607959,0.0,1.903612,0.0,37.939064,25.022352,0.804219,2.85172,0.0,89.102281,0.0,14.84267,0.0,60.809918,33.769426,60.801262,50.010541,33.778479,50.0,27.0,0.0,0.0,0.0,0.0,0.0,0.0,0.0,0
1973,60.478463,0.0,1.896888,0.0,38.087242,25.138213,0.802367,2.850748,0.0,89.167644,0.0,14.773904,0.0,60.665082,33.70112,60.512885,49.930782,33.618269,50.0,27.0,0.0,0.0,0.0,0.0,0.0,0.0,0.0,0
1974,60.71983,0.0,1.910393,0.0,38.075996,25.105298,0.801516,2.854111,0.0,89.207508,0.0,14.942675,0.0,60.614145,33.850252,60.786035,50.006624,33.77002,50.0,27.0,0.0,0.0,0.0,0.0,0.0,0.0,0.0,0
1975,60.897555,0.0,1.91187,0.0,37.778718,24.990145,0.799317,2.846456,0.0,88.826955,0.0,14.922417,0.0,60.798367,33.700893,60.644459,49.96746,33.691366,50.0,27.0,0.0,0.0,0.0,0.0,0.0,0.0,0.0,0
1976,60.47628,0.0,1.904662,0.0,38.18251,25.024916,0.800028,2.855486,0.0,89.393119,0.0,14.847609,0.0,60.673102,33.869895,60.885303,50.03419,33.825168,50.0,27.0,0.0,0.0,0.0,0.0,0.0,0.0,0.0,0
1977,60.717734,0.0,1.901344,0.0,37.964197,25.107104,0.799928,2.849986,0.0,89.129683,0.0,14.853821,0.0,61.006431,33.767461,60.989298,50.062764,33.882943,50.0,27.0,0.0,0.0,0.0,0.0,0.0,0.0,0.0,0
1978,60.960741,0.0,1.898733,0.0,38.034618,25.001491,0.800929,2.852521,0.0,89.161289,0.0,14.856215,0.0,60.646027,33.729728,60.55037,49.941134,33.639095,50.0,27.0,0.0,0.0,0.0,0.0,0.0,0.0,0.0,0
1979,60.878801,0.0,1.903851,0.0,38.053982,25.143739,0.794664,2.850494,0.0,89.279363,0.0,14.938883,0.0,60.415842,33.865518,60.612596,49.958626,33.673665,50.0,27.0,0.0,0.0,0.0,0.0,0.0,0.0,0.0,0
1980,60.669842,0.0,1.904986,0.0,37.938258,25.051781,0.80336,2.846667,0.0,89.452415,0.0,14.894215,0.0,60.955378,33.60004,60.579843,49.949779,33.655468,50.0,27.0,0.0,0.0,0.0,0.0,0.0,0.0,0.0,0
1981,60.964123,0.0,1.903055,0.0,38.148933,25.111316,0.798348,2.859295,0.0,89.249411,0.0,14.865116,0.0,60.830221,33.773231,60.843483,50.022898,33.801935,50.0,27.0,0.0,0.0,0.0,0.0,0.0,0.0,0.0,0
1982,60.517936,0.0,1.892599,0.0,37.991488,25.091789,0.802749,2.842402,0.0,89.258086,0.0,14.855443,0.0,61.169682,33.50655,60.619583,49.960899,33.677546,50.0,27.0,0.0,0.0,0.0,0.0,0.0,0.0,0.0,0
1983,60.883324,0.0,1.900476,0.0,37.875594,25.055249,0.799084,2.844319,0.0,89.340129,0.0,14.908377,0.0,61.19535,33.504112,60.67449,49.976269,33.70805,50.0,27.0,0.0,0.0,0.0,0.0,0.0,0.0,0.0,0
1984,60.664762,0.0,1.910168,0.0,38.054294,24.833922,0.800185,2.84293,0.0,89.168688,0.0,14.821243,0.0,60.665075,33.891556,60.994034,50.064708,33.885574,50.0,27.0,0.0,0.0,0.0,0.0,0.0,0.0,0.0,0
1985,60.602447,0.0,1.909813,0.0,38.03221,24.906282,0.79752,2.854644,0.0,89.435262,0.0,14.77944,0.0,60.642963,33.843028,60.848998,50.024299,33.804999,50.0,27.0,0.0,0.0,0.0,0.0,0.0,0.0,0.0,0
1986,60.676394,0.0,1.899339,0.0,37.899284,25.089927,0.798059,2.842631,0.0,89.27982,0.0,14.829675,0.0,60.925628,33.7447,60.911375,50.041418,33.839653,50.0,27.0,0.0,0.0,0.0,0.0,0.0,0.0,0.0,0
1987,60.56986,0.0,1.901086,0.0,37.976862,25.044992,0.796152,2.841133,0.0,89.138161,0.0,14.863656,0.0,60.7906,33.898209,61.101045,50.093636,33.945025,50.0,27.0,0.0,0.0,0.0,0.0,0.0,0.0,0.0,0
1988,60.664262,0.0,1.907543,0.0,37.856094,24.913781,0.795258,2.856861,0.0,89.212577,0.0,14.851282,0.0,60.95153,33.699871,60.824205,50.016653,33.791225,50.0,27.0,0.0,0.0,0.0,0.0,0.0,0.0,0.0,0
1989,60.788005,0.0,1.897721,0.0,38.05731,24.963997,0.800176,2.836396,0.0,89.413782,0.0,14.800243,0.0,60.450391,33.980227,60.9224,50.043711,33.845778,50.0,27.0,0.0,0.0,0.0,0.0,0.0,0.0,0.0,0
1990,60.516165,0.0,1.900469,0.0,38.130365,25.003472,0.802236,2.868323,0.0,89.007431,0.0,14.772966,0.0,60.862026,33.623136,60.551294,49.940921,33.639608,50.0,27.0,0.0,0.0,0.0,0.0,0.0,0.0,0.0,0
1991,60.62281,0.0,1.901154,0.0,38.014807,24.980114,0.800522,2.856794,0.0,89.091734,0.0,14.946963,0.0,60.755406,33.835462,60.911969,50.040904,33.839983,50.0,27.0,0.0,0.0,0.0,0.0,0.0,0.0,0.0,0
1992,60.902091,0.0,1.896642,0.0,37.82903,25.085356,0.795339,2.845945,0.0,89.213306,0.0,14.880578,0.0,60.622088,33.791456,60.676042,49.975492,33.708912,50.0,27.0,0.0,0.0,0.0,0.0,0.0,0.0,0.0,0
1993,60.775975,0.0,1.90191,0.0,38.062488,24.980651,0.798672,2.854642,0.0,89.261391,0.0,14.828864,0.0,60.634883,33.941744,61.002479,50.065839,33.890266,50.0,27.0,0.0,0.0,0.0,0.0,0.0,0.0,0.0,0
1994,60.932178,0.0,1.895512,0.0,38.008886,25.00092,0.800711,2.854231,0.0,89.266817,0.0,14.89103,0.0,60.47032,33.911467,60.751075,49.996025,33.750597,50.0,27.0,0.0,0.0,0.0,0.0,0.0,0.0,0.0,0
1995,60.915223,0.0,1.899255,0.0,38.166987,24.98119,0.801591,2.858295,0.0,89.540156,0.0,14.885661,0.0,60.936751,33.666655,60.683559,49.977383,33.713088,50.0,27.0,0.0,0.0,0.0,0.0,0.0,0.0,0.0,0
1996,60.847404,0.0,1.899188,0.0,38.004142,25.059724,0.802533,2.853581,0.0,89.520482,0.0,14.922597,0.0,60.680652,33.75476,60.629131,49.962452,33.682851,50.0,27.0,0.0,0.0,0.0,0.0,0.0,0.0,0.0,0
1997,60.984689,0.0,1.899685,0.0,38.018138,24.967347,0.804755,2.854411,0.0,89.349381,0.0,14.93434,0.0,60.808225,33.879047,61.022092,50.071252,33.901162,50.0,27.0,0.0,0.0,0.0,0.0,0.0,0.0,0.0,0
1998,60.931993,0.0,1.898481,0.0,38.001507,24.969848,0.800158,2.845664,0.0,89.097298,0.0,14.831174,0.0,60.747101,33.904011,61.000261,50.064863,33.889034,50.0,27.0,0.0,0.0,0.0,0.0,0.0,0.0,0.0,0
1999,60.439532,0.0,1.895299,0.0,37.841473,24.976017,0.797928,2.855702,0.0,89.357821,0.0,14.826596,0.0,60.724483,33.981773,61.125847,50.099252,33.958804,50.0,27.0,0.0,0.0,0.0,0.0,0.0,0.0,0.0,0
2000,60.619683,0.0,1.898669,0.0,38.04183,24.973968,0.806167,2.850369,0.0,89.528801,0.0,14.861165,0.0,61.180563,33.522524,60.588115,49.950131,33.660064,50.0,27.0,0.0,0.0,0.0,0.0,0.0,0.0,0.0,0
2001,60.955514,0.0,1.899898,0.0,37.821479,25.01674,0.799463,2.862117,0.0,89.475863,0.0,14.863267,0.0,60.910174,33.928442,61.210986,50.122539,34.006104,50.0,27.0,0.0,0.0,0.0,0.0,0.0,0.0,0.0,0
2002,60.909647,0.0,1.910266,0.0,38.16139,25.029559,0.79981,2.863101,0.0,89.580844,0.0,14.963372,0.0,60.633155,33.998586,61.063128,50.081061,33.92396,50.0,27.0,0.0,0.0,0.0,0.0,0.0,0.0,0.0,0
2003,60.352139,0.0,1.893799,0.0,37.96208,25.108404,0.805969,2.842206,0.0,88.817102,0.0,14.873621,0.0,60.928666,33.791483,60.894907,50.034162,33.830504,50.0,27.0,0.0,0.0,0.0,0.0,0.0,0.0,0.0,0
2004,61.042846,0.0,1.898005,0.0,38.187881,24.895108,0.799623,2.847016,0.0,89.346542,0.0,14.89877,0.0,61.463626,33.398342,60.602695,49.953226,33.668164,50.0,27.0,0.0,0.0,0.0,0.0,0.0,0.0,0.0,0
2005,60.933998,0.0,1.894652,0.0,37.827134,25.066561,0.798968,2.855481,0.0,89.324435,0.0,14.876404,0.0,61.353507,33.334365,60.411432,49.900595,33.561907,50.0,27.0,0.0,0.0,0.0,0.0,0.0,0.0,0.0,0
2006,60.969947,0.0,1.899052,0.0,38.022107,24.947591,0.801287,2.846965,0.0,88.552716,0.0,14.852959,0.0,60.464695,33.907638,60.790748,50.005931,33.772638,50.0,27.0,0.0,0.0,0.0,0.0,0.0,0.0,0.0,0
2007,60.999607,0.0,1.896338,0.0,37.932146,24.999494,0.799097,2.838661,0.0,89.009403,0.0,14.765712,0.0,60.63938,34.039708,61.22364,50.125551,34.013133,50.0,27.0,0.0,0.0,0.0,0.0,0.0,0.0,0.0,0
2008,60.667523,0.0,1.899519,0.0,37.937801,25.091944,0.799019,2.847873,0.0,89.051081,0.0,14.793253,0.0,60.65508,33.772986,60.640206,49.963667,33.689003,50.0,27.0,0.0,0.0,0.0,0.0,0.0,0.0,0.0,0
2009,60.438661,0.0,1.903808,0.0,37.880304,24.959199,0.798887,2.831823,0.0,88.817607,0.0,14.840226,0.0,60.829362,33.703433,60.668705,49.971725,33.704836,50.0,27.0,0.0,0.0,0.0,0.0,0.0,0.0,0.0,0
2010,60.699725,0.0,1.903612,0.0,38.110259,25.039218,0.802323,2.855329,0.0,89.197765,0.0,14.807759,0.0,60.520055,33.838825,60.655031,49.968087,33.69724,50.0,27.0,0.0,0.0,0.0,0.0,0.0,0.0,0.0,0
2011,60.537279,0.0,1.904442,0.0,37.953799,24.921456,0.802632,2.83888,0.0,89.370368,0.0,14.891194,0.0,60.872215,33.709097,60.725112,49.987615,33.736173,50.0,27.0,0.0,0.0,0.0,0.0,0.0,0.0,0.0,0
2012,60.97237,0.0,1.894075,0.0,37.940432,24.953304,0.800841,2.832379,0.0,89.369594,0.0,14.823732,0.0,61.074838,33.662834,60.839342,50.01925,33.799634,50.0,27.0,0.0,0.0,0.0,0.0,0.0,0.0,0.0,0
2013,60.664412,0.0,1.901605,0.0,37.931613,24.987284,0.800446,2.852908,0.0,88.70154,0.0,14.816132,0.0,60.905077,33.575406,60.49988,49.925328,33.611044,50.0,27.0,0.0,0.0,0.0,0.0,0.0,0.0,0.0,0
2014,60.80625,0.0,1.897489,0.0,37.900081,25.023405,0.801417,2.845252,0.0,89.285713,0.0,14.842127,0.0,60.717099,33.77655,60.761516,49.998015,33.756398,50.0,27.0,0.0,0.0,0.0,0.0,0.0,0.0,0.0,0
2015,60.707234,0.0,1.891693,0.0,37.898217,25.116935,0.799158,2.85611,0.0,88.849827,0.0,14.836592,0.0,60.617255,33.963899,61.054086,50.07889,33.918937,50.0,27.0,0.0,0.0,0.0,0.0,0.0,0.0,0.0,0
2016,60.723174,0.0,1.890755,0.0,38.257157,25.211323,0.802682,2.857155,0.0,89.10757,0.0,14.787548,0.0,60.931474,33.861171,61.124309,50.097906,33.95795,50.0,27.0,0.0,0.0,0.0,0.0,0.0,0.0,0.0,0
2017,60.855711,0.0,1.902432,0.0,38.024896,24.873243,0.797712,2.855515,0.0,88.924479,0.0,14.860468,0.0,60.236995,34.06218,60.841782,50.01933,33.80099,50.0,27.0,0.0,0.0,0.0,0.0,0.0,0.0,0.0,0
2018,60.394399,0.0,1.898258,0.0,38.008196,24.995286,0.801664,2.847055,0.0,89.430236,0.0,14.888078,0.0,60.766397,33.836163,60.85663,50.023338,33.809239,50.0,27.0,0.0,0.0,0.0,0.0,0.0,0.0,0.0,0
2019,60.640288,0.0,1.899578,0.0,38.070982,25.009215,0.800828,2.840068,0.0,88.896846,0.0,14.871159,0.0,60.933717,33.659966,60.646645,49.965183,33.692581,50.0,27.0,0.0,0.0,0.0,0.0,0.0,0.0,0.0,0
2020,60.705614,0.0,1.896666,0.0,37.933242,25.014724,0.797746,2.842458,0.0,89.459965,0.0,14.908439,0.0,60.668235,33.970444,61.05402,50.077953,33.9189,50.0,27.0,0.0,0.0,0.0,0.0,0.0,0.0,0.0,0
2021,60.961084,0.0,1.899168,0.0,37.928931,24.912812,0.800681,2.844393,0.0,88.965748,0.0,14.804809,0.0,60.8446,33.72253,60.683329,49.975107,33.712961,50.0,27.0,0.0,0.0,0.0,0.0,0.0,0.0,0.0,0
2022,60.768203,0.0,1.89187,0.0,37.95205,24.992912,0.799443,2.868104,0.0,89.41981,0.0,14.918261,0.0,60.656157,33.973465,61.034281,50.072233,33.907934,50.0,27.0,0.0,0.0,0.0,0.0,0.0,0.0,0.0,0
2023,60.508881,0.0,1.902761,0.0,37.928496,25.015947,0.799788,2.836608,0.0,89.572406,0.0,14.898717,0.0,60.942794,33.721469,60.765733,49.997648,33.75874,50.0,27.0,0.0,0.0,0.0,0.0,0.0,0.0,0.0,0
2024,60.641101,0.0,1.910942,0.0,38.018317,24.99807,0.804665,2.844432,0.0,89.371296,0.0,14.968367,0.0,60.535416,33.862704,60.667339,49.970464,33.704077,50.0,27.0,0.0,0.0,0.0,0.0,0.0,0.0,0.0,0
2025,60.79977,0.0,1.887598,0.0,38.0301,24.89526,0.799046,2.870657,0.0,89.600025,0.0,14.825926,0.0,60.647809,33.916663,60.885306,50.030856,33.82517,50.0,27.0,0.0,0.0,0.0,0.0,0.0,0.0,0.0,0
2026,60.588707,0.0,1.90702,0.0,38.007286,24.845752,0.803188,2.857486,0.0,89.420558,0.0,14.922492,0.0,60.861815,33.734546,60.700314,49.979572,33.722397,50.0,27.0,0.0,0.0,0.0,0.0,0.0,0.0,0.0,0
2027,60.611906,0.0,1.894421,0.0,37.86379,25.070775,0.795873,2.837693,0.0,89.179856,0.0,14.847396,0.0,61.193309,33.728198,61.028512,50.070386,33.904729,50.0,27.0,0.0,0.0,0.0,0.0,0.0,0.0,0.0,0
2028,60.941116,0.0,1.901054,0.0,38.079686,25.097283,0.801662,2.849195,0.0,89.547381,0.0,14.906915,0.0,60.883103,33.750891,60.776474,50.000373,33.764708,50.0,27.0,0.0,0.0,0.0,0.0,0.0,0.0,0.0,0
2029,60.628325,0.0,1.902388,0.0,37.71542,25.10457,0.796098,2.859864,0.0,88.951503,0.0,14.900226,0.0,60.59609,33.795902,60.591069,49.949126,33.661705,50.0,27.0,0.0,0.0,0.0,0.0,0.0,0.0,0.0,0
2030,60.573783,0.0,1.895389,0.0,38.066849,25.014747,0.802225,2.853664,0.0,89.055594,0.0,14.924004,0.0,60.62776,33.856417,60.750704,49.993502,33.750391,50.0,27.0,0.0,0.0,0.0,0.0,0.0,0.0,0.0,0
2031,61.020981,0.0,1.902986,0.0,38.049051,24.871638,0.801308,2.854667,0.0,88.756752,0.0,14.854441,0.0,61.006345,33.576991,60.532191,49.933138,33.628995,50.0,27.0,0.0,0.0,0.0,0.0,0.0,0.0,0.0,0
2032,60.719704,0.0,1.909129,0.0,38.164276,24.881333,0.799468,2.853048,0.0,88.792316,0.0,14.855222,0.0,60.993442,33.620509,60.640717,49.963467,33.689287,50.0,27.0,0.0,0.0,0.0,0.0,0.0,0.0,0.0,0
2033,60.617028,0.0,1.904892,0.0,38.08704,24.877786,0.79997,2.862625,0.0,89.086294,0.0,14.836328,0.0,60.804148,33.817895,60.889831,50.032503,33.827684,50.0,27.0,0.0,0.0,0.0,0.0,0.0,0.0,0.0,0
2034,61.041146,0.0,1.901808,0.0,37.912947,24.990148,0.801124,2.839715,0.0,89.601863,0.0,14.835357,0.0,60.529992,33.775394,60.520669,49.930306,33.622594,50.0,27.0,0.0,0.0,0.0,0.0,0.0,0.0,0.0,0
2035,60.881936,0.0,1.8993,0.0,37.969629,25.000376,0.803458,2.854506,0.0,89.010746,0.0,14.875685,0.0,60.822168,33.870843,61.014765,50.067219,33.897091,50.0,27.0,0.0,0.0,0.0,0.0,0.0,0.0,0.0,0
2036,60.55105,0.0,1.901026,0.0,37.942527,25.086325,0.800288,2.852504,0.0,88.84849,0.0,14.903655,0.0,61.042119,33.756546,60.981582,50.057713,33.878657,50.0,27.0,0.0,0.0,0.0,0.0,0.0,0.0,0.0,0
2037,60.956544,0.0,1.900149,0.0,37.981719,25.078208,0.800637,2.857686,0.0,89.002497,0.0,14.883446,0.0,60.624897,33.875995,60.820108,50.012795,33.788949,50.0,27.0,0.0,0.0,0.0,0.0,0.0,0.0,0.0,0
2038,60.815701,0.0,1.898483,0.0,37.968453,25.002668,0.799082,2.845565,0.0,88.994932,0.0,14.784923,0.0,61.045629,33.710252,60.879025,50.029016,33.82168,50.0,27.0,0.0,0.0,0.0,0.0,0.0,0.0,0.0,0
2039,60.514392,0.0,1.902926,0.0,37.969358,25.115382,0.800932,2.856867,0.0,89.130734,0.0,14.786789,0.0,60.552044,33.959475,60.921557,50.040627,33.845309,50.0,27.0,0.0,0.0,0.0,0.0,0.0,0.0,0.0,0
2040,61.064524,0.0,1.894442,0.0,37.989249,24.981188,0.804708,2.856909,0.0,88.932122,0.0,14.994868,0.0,60.50171,33.72819,60.360262,49.885286,33.533479,50.0,27.0,0.0,0.0,0.0,0.0,0.0,0.0,0.0,0
2041,60.679228,0.0,1.885633,0.0,38.070299,24.960733,0.795584,2.856384,0.0,89.054903,0.0,14.88209,0.0,60.940822,33.824955,61.012327,50.066084,33.895737,50.0,27.0,0.0,0.0,0.0,0.0,0.0,0.0,0.0,0
2042,60.825853,0.0,1.901882,0.0,38.002757,24.983271,0.798435,2.831708,0.0,89.31752,0.0,14.874571,0.0,60.827246,33.753846,60.744288,49.991671,33.746827,50.0,27.0,0.0,0.0,0.0,0.0,0.0,0.0,0.0,0
2043,60.742938,0.0,1.885036,0.0,38.055002,25.073336,0.802371,2.84051,0.0,89.657737,0.0,14.863724,0.0,60.640032,33.933693,60.941623,50.046255,33.856457,50.0,27.0,0.0,0.0,0.0,0.0,0.0,0.0,0.0,0
2044,60.663,0.0,1.904998,0.0,37.944532,25.001577,0.801092,2.831298,0.0,89.190068,0.0,14.820197,0.0,60.859921,33.650135,60.544532,49.93627,33.635851,50.0,27.0,0.0,0.0,0.0,0.0,0.0,0.0,0.0,0
2045,60.641475,0.0,1.895101,0.0,38.128372,24.964523,0.798692,2.847199,0.0,89.442679,0.0,14.92147,0.0,60.940737,33.591351,60.521062,49.9301,33.622812,50.0,27.0,0.0,0.0,0.0,0.0,0.0,0.0,0.0,0
2046,60.896943,0.0,1.901387,0.0,37.862265,25.014935,0.798582,2.839421,0.0,89.330907,0.0,14.92028,0.0,60.516146,33.86937,60.709147,49.982434,33.727304,50.0,27.0,0.0,0.0,0.0,0.0,0.0,0.0,0.0,0
2047,60.928124,0.0,1.894087,0.0,38.039037,25.045677,0.801,2.85977,0.0,89.378647,0.0,14.863423,0.0,60.872923,33.693818,60.683557,49.975448,33.713087,50.0,27.0,0.0,0.0,0.0,0.0,0.0,0.0,0.0,0
2048,60.717024,0.0,1.905076,0.0,37.996382,25.028511,0.802121,2.840166,0.0,89.233188,0.0,14.870208,0.0,60.904948,33.570026,60.466294,49.91552,33.592386,50.0,27.0,0.0,0.0,0.0,0.0,0.0,0.0,0.0,0
2049,60.785269,0.0,1.889959,0.0,37.949025,24.953723,0.801335,2.854771,0.0,88.902924,0.0,14.889897,0.0,60.845087,33.871297,61.069342,50.08262,33.927412,50.0,27.0,0.0,0.0,0.0,0.0,0.0,0.0,0.0,0
2050,60.789618,0.0,1.895465,0.0,38.042744,24.933485,0.799228,2.847908,0.0,89.60522,0.0,14.844173,0.0,60.486548,33.860387,60.673773,49.972876,33.707652,50.0,27.0,0.0,0.0,0.0,0.0,0.0,0.0,0.0,0
2051,60.815712,0.0,1.892552,0.0,38.048559,25.028318,0.798953,2.857689,0.0,89.482057,0.0,14.814534,0.0,60.802283,33.770748,60.788725,50.004783,33.771514,50.0,27.0,0.0,0.0,0.0,0.0,0.0,0.0,0.0,0
2052,60.639062,0.0,1.905925,0.0,38.182585,25.096722,0.805054,2.850806,0.0,89.261801,0.0,14.908077,0.0,60.84801,33.638396,60.55612,49.940468,33.642289,50.0,27.0,0.0,0.0,0.0,0.0,0.0,0.0,0.0,0
2053,60.54737,0.0,1.896316,0.0,37.989177,24.936093,0.800895,2.850355,0.0,89.268944,0.0,14.896297,0.0,61.018481,33.742378,60.964171,50.053548,33.868984,50.0,27.0,0.0,0.0,0.0,0.0,0.0,0.0,0.0,0
2054,60.528606,0.0,1.896292,0.0,37.805225,24.997819,0.798489,2.851064,0.0,89.056213,0.0,14.810262,0.0,60.658093,33.790845,60.709411,49.982867,33.727451,50.0,27.0,0.0,0.0,0.0,0.0,0.0,0.0,0.0,0
2055,61.195563,0.0,1.91515,0.0,38.044111,24.890183,0.798162,2.844703,0.0,89.292034,0.0,14.856169,0.0,60.992648,33.737229,60.927663,50.043276,33.848702,50.0,27.0,0.0,0.0,0.0,0.0,0.0,0.0,0.0,0
2056,60.835,0.0,1.897855,0.0,37.910097,25.00752,0.796898,2.862615,0.0,89.195833,0.0,14.858915,0.0,60.861004,33.658721,60.634478,49.962025,33.685821,50.0,27.0,0.0,0.0,0.0,0.0,0.0,0.0,0.0,0
2057,60.62831,0.0,1.902523,0.0,37.948769,25.057742,0.799201,2.850934,0.0,89.115253,0.0,14.860719,0.0,60.867549,33.566356,60.460349,49.914086,33.589083,50.0,27.0,0.0,0.0,0.0,0.0,0.0,0.0,0.0,0
2058,61.164199,0.0,1.891757,0.0,38.170862,24.922187,0.801332,2.863962,0.0,89.119123,0.0,14.915827,0.0,60.797818,33.799935,60.908773,50.038456,33.838207,50.0,27.0,0.0,0.0,0.0,0.0,0.0,0.0,0.0,0
2059,60.488909,0.0,1.890244,0.0,38.114185,24.999019,0.800578,2.843976,0.0,88.606051,0.0,14.781271,0.0,60.255733,34.051267,60.889907,50.03305,33.827726,50.0,27.0,0.0,0.0,0.0,0.0,0.0,0.0,0.0,0
2060,60.625831,0.0,1.905393,0.0,37.981739,25.002967,0.801866,2.866261,0.0,89.47061,0.0,14.835035,0.0,60.873515,33.652229,60.626332,49.960034,33.681296,50.0,27.0,0.0,0.0,0.0,0.0,0.0,0.0,0.0,0
2061,61.029102,0.0,1.897724,0.0,37.848872,24.907084,0.799059,2.846863,0.0,89.109762,0.0,14.888027,0.0,60.803348,33.683938,60.638501,49.963597,33.688056,50.0,27.0,0.0,0.0,0.0,0.0,0.0,0.0,0.0,0
2062,60.951609,0.0,1.903156,0.0,38.176823,25.008982,0.799654,2.845984,0.0,88.551893,0.0,14.854745,0.0,60.712909,33.835207,60.877447,50.029822,33.820804,50.0,27.0,0.0,0.0,0.0,0.0,0.0,0.0,0.0,0
2063,60.903958,0.0,1.909821,0.0,37.980091,24.94631,0.800593,2.853167,0.0,88.896449,0.0,14.888017,0.0,60.764927,33.829075,60.906248,50.037634,33.836804,50.0,27.0,0.0,0.0,0.0,0.0,0.0,0.0,0.0,0
2064,60.79372,0.0,1.897896,0.0,37.875522,25.026478,0.799469,2.851499,0.0,89.50475,0.0,14.904939,0.0,60.760603,33.722504,60.668293,49.971677,33.704607,50.0,27.0,0.0,0.0,0.0,0.0,0.0,0.0,0.0,0
2065,60.870578,0.0,1.907835,0.0,38.052452,25.048165,0.801126,2.854899,0.0,89.075951,0.0,14.876183,0.0,60.594325,34.01846,61.132066,50.100002,33.962259,50.0,27.0,0.0,0.0,0.0,0.0,0.0,0.0,0.0,0
2066,60.493661,0.0,1.903377,0.0,37.836433,25.027719,0.799063,2.847083,0.0,88.7259,0.0,14.887558,0.0,60.801267,33.695929,60.625062,49.959371,33.68059,50.0,27.0,0.0,0.0,0.0,0.0,0.0,0.0,0.0,0
2067,61.032305,0.0,1.898943,0.0,38.199606,25.038922,0.796972,2.845851,0.0,88.856951,0.0,14.928266,0.0,60.684671,33.820273,60.781765,50.002885,33.767647,50.0,27.0,0.0,0.0,0.0,0.0,0.0,0.0,0.0,0
2068,60.812565,0.0,1.894266,0.0,38.150747,24.976459,0.797598,2.871614,0.0,89.781324,0.0,14.883059,0.0,60.825533,33.769742,60.809971,50.010667,33.783317,50.0,27.0,0.0,0.0,0.0,0.0,0.0,0.0,0.0,0
2069,61.132069,0.0,1.892836,0.0,37.893663,25.048229,0.800137,2.841816,0.0,88.897449,0.0,14.856854,0.0,60.694511,33.837408,60.822653,50.014119,33.790363,50.0,27.0,0.0,0.0,0.0,0.0,0.0,0.0,0.0,0
2070,60.750514,0.0,1.89801,0.0,37.892648,24.843488,0.795004,2.869836,0.0,89.526951,0.0,14.789319,0.0,60.802977,33.723328,60.682474,49.975304,33.712486,50.0,27.0,0.0,0.0,0.0,0.0,0.0,0.0,0.0,0
2071,60.873753,0.0,1.890783,0.0,37.932114,24.929101,0.798202,2.840458,0.0,88.999059,0.0,14.885085,0.0,60.672068,33.775268,60.668656,49.971608,33.704809,50.0,27.0,0.0,0.0,0.0,0.0,0.0,0.0,0.0,0
2072,60.954362,0.0,1.898759,0.0,37.982916,24.910637,0.796112,2.848169,0.0,88.895761,0.0,14.862321,0.0,60.91168,33.519589,60.36916,49.888969,33.538422,50.0,27.0,0.0,0.0,0.0,0.0,0.0,0.0,0.0,0
2073,60.727585,0.0,1.901297,0.0,37.932903,25.050408,0.799177,2.858434,0.0,89.580165,0.0,14.863413,0.0,60.821006,33.706057,60.705722,49.982546,33.725401,50.0,27.0,0.0,0.0,0.0,0.0,0.0,0.0,0.0,0
2074,61.166567,0.0,1.899873,0.0,37.958967,24.90827,0.797198,2.852636,0.0,88.928369,0.0,14.85428,0.0,60.728615,33.872925,60.972525,50.056376,33.873625,50.0,27.0,0.0,0.0,0.0,0.0,0.0,0.0,0.0,0
2075,60.52821,0.0,1.902787,0.0,37.95376,25.109706,0.795482,2.849649,0.0,88.775684,0.0,14.871493,0.0,61.07275,33.521356,60.559825,49.942027,33.644347,50.0,27.0,0.0,0.0,0.0,0.0,0.0,0.0,0.0,0
2076,60.685735,0.0,1.899323,0.0,38.090582,25.010294,0.800752,2.861252,0.0,89.279858,0.0,14.799567,0.0,60.837535,33.69831,60.729929,49.989332,33.738849,50.0,27.0,0.0,0.0,0.0,0.0,0.0,0.0,0.0,0
2077,60.996995,0.0,1.892487,0.0,37.996706,25.155451,0.798369,2.842713,0.0,88.828144,0.0,14.848567,0.0,60.401327,33.745594,60.400186,49.898245,33.555659,50.0,27.0,0.0,0.0,0.0,0.0,0.0,0.0,0.0,0
2078,60.956053,0.0,1.899972,0.0,37.956007,24.975614,0.798449,2.851087,0.0,89.198655,0.0,14.851948,0.0,60.550244,33.822665,60.711748,49.984866,33.728749,50.0,27.0,0.0,0.0,0.0,0.0,0.0,0.0,0.0,0
2079,60.580644,0.0,1.899167,0.0,37.913329,25.010342,0.801114,2.843574,0.0,89.300976,0.0,14.85494,0.0,60.660847,33.823286,60.813567,50.013083,33.785315,50.0,27.0,0.0,0.0,0.0,0.0,0.0,0.0,0.0,0
2080,60.629147,0.0,1.898817,0.0,38.027392,24.93386,0.800331,2.846653,0.0,89.045588,0.0,14.838124,0.0,60.588708,33.618965,60.300893,49.871318,33.500496,50.0,27.0,0.0,0.0,0.0,0.0,0.0,0.0,0.0,0
2081,60.733052,0.0,1.912567,0.0,37.802427,25.051063,0.796251,2.848073,0.0,88.786899,0.0,14.889763,0.0,60.72304,33.819669,60.876573,50.031073,33.820318,50.0,27.0,0.0,0.0,0.0,0.0,0.0,0.0,0.0,0
2082,60.554367,0.0,1.891101,0.0,37.799504,24.937046,0.798115,2.852733,0.0,88.710093,0.0,14.790049,0.0,60.410616,33.891077,60.705179,49.983546,33.725099,50.0,27.0,0.0,0.0,0.0,0.0,0.0,0.0,0.0,0
2083,60.837069,0.0,1.898196,0.0,37.944887,25.095871,0.800049,2.852218,0.0,89.116231,0.0,14.835581,0.0,60.426326,34.073943,61.088213,50.089497,33.937896,50.0,27.0,0.0,0.0,0.0,0.0,0.0,0.0,0.0,0
2084,60.33264,0.0,1.908759,0.0,38.144659,25.052853,0.798226,2.843487,0.0,89.215952,0.0,14.841595,0.0,60.463642,33.860052,60.632983,49.963228,33.684991,50.0,27.0,0.0,0.0,0.0,0.0,0.0,0.0,0.0,0
2085,60.841342,0.0,1.901891,0.0,38.039618,24.981062,0.796951,2.844683,0.0,89.44033,0.0,14.907633,0.0,60.554124,33.95929,60.922212,50.043353,33.845673,50.0,27.0,0.0,0.0,0.0,0.0,0.0,0.0,0.0,0
2086,60.676535,0.0,1.893267,0.0,38.070761,25.018203,0.800998,2.831216,0.0,89.025062,0.0,14.862727,0.0,60.953926,33.643479,60.632846,49.963157,33.684914,50.0,27.0,0.0,0.0,0.0,0.0,0.0,0.0,0.0,0
2087,60.888809,0.0,1.894568,0.0,37.98157,25.107677,0.79857,2.852091,0.0,89.025673,0.0,14.933055,0.0,61.189431,33.662409,60.928348,50.045016,33.849082,50.0,27.0,0.0,0.0,0.0,0.0,0.0,0.0,0.0,0
2088,60.381841,0.0,1.89681,0.0,37.872908,25.045467,0.798674,2.844522,0.0,89.211285,0.0,14.879337,0.0,60.887761,33.626156,60.566525,49.944786,33.648069,50.0,27.0,0.0,0.0,0.0,0.0,0.0,0.0,0.0,0
2089,60.785178,0.0,1.897301,0.0,37.898543,25.000115,0.799721,2.859696,0.0,89.847676,0.0,14.774691,0.0,60.972984,33.637065,60.694836,49.980525,33.719353,50.0,27.0,0.0,0.0,0.0,0.0,0.0,0.0,0.0,0
2090,60.930612,0.0,1.892955,0.0,37.851433,24.938488,0.800387,2.844985,0.0,89.433102,0.0,14.871678,0.0,60.809793,33.804234,60.901652,50.037785,33.834251,50.0,27.0,0.0,0.0,0.0,0.0,0.0,0.0,0.0,0
2091,60.864122,0.0,1.902685,0.0,38.110305,25.02879,0.79613,2.825887,0.0,88.889194,0.0,14.842127,0.0,60.495597,33.926412,60.839433,50.0204,33.799685,50.0,27.0,0.0,0.0,0.0,0.0,0.0,0.0,0.0,0
2092,60.468696,0.0,1.90549,0.0,37.863392,24.924784,0.804996,2.85788,0.0,89.125812,0.0,14.838745,0.0,60.308026,34.150416,61.102881,50.093114,33.946045,50.0,27.0,0.0,0.0,0.0,0.0,0.0,0.0,0.0,0
2093,60.63136,0.0,1.903729,0.0,37.842661,24.886138,0.802278,2.838932,0.0,88.630155,0.0,14.915792,0.0,60.855818,33.619426,60.480936,49.920748,33.60052,50.0,27.0,0.0,0.0,0.0,0.0,0.0,0.0,0.0,0
2094,60.856612,0.0,1.898896,0.0,37.798979,24.90739,0.796096,2.839702,0.0,89.137464,0.0,14.914297,0.0,60.796616,33.750381,60.721399,49.987606,33.734111,50.0,27.0,0.0,0.0,0.0,0.0,0.0,0.0,0.0,0
2095,60.619727,0.0,1.894464,0.0,37.958234,25.097331,0.801491,2.837417,0.0,89.358385,0.0,14.800588,0.0,60.772091,33.60377,60.392317,49.89671,33.551287,50.0,27.0,0.0,0.0,0.0,0.0,0.0,0.0,0.0,0
2096,60.970992,0.0,1.897225,0.0,37.970691,25.002872,0.798756,2.839794,0.0,89.020961,0.0,14.888882,0.0,60.847197,33.799426,60.903869,50.038615,33.835483,50.0,27.0,0.0,0.0,0.0,0.0,0.0,0.0,0.0,0
2097,60.504513,0.0,1.890563,0.0,37.873079,24.921539,0.800164,2.846161,0.0,89.068502,0.0,14.869052,0.0,60.691817,33.835628,60.821312,50.015604,33.789618,50.0,27.0,0.0,0.0,0.0,0.0,0.0,0.0,0.0,0
2098,60.846941,0.0,1.890805,0.0,38.080677,24.985825,0.79987,2.856462,0.0,89.125401,0.0,14.853412,0.0,60.772411,33.779521,60.775463,50.002854,33.764146,50.0,27.0,0.0,0.0,0.0,0.0,0.0,0.0,0.0,0
2099,60.83935,0.0,1.900273,0.0,38.129396,25.082804,0.796299,2.847322,0.0,89.866796,0.0,14.898995,0.0,60.7822,33.758408,60.740526,49.993184,33.744736,50.0,27.0,0.0,0.0,0.0,0.0,0.0,0.0,0.0,0
2100,60.394083,0.0,1.902106,0.0,37.867895,24.953026,0.805343,2.845319,0.0,88.902862,0.0,14.847612,0.0,60.710168,33.927076,61.026881,50.072365,33.903823,50.0,27.0,0.0,0.0,0.0,0.0,0.0,0.0,0.0,0
2101,60.699427,0.0,1.896336,0.0,37.974892,25.012815,0.802149,2.841602,0.0,89.558103,0.0,14.834943,0.0,60.658725,33.892752,60.883242,50.032304,33.824023,50.0,27.0,0.0,0.0,0.0,0.0,0.0,0.0,0.0,0
2102,60.780134,0.0,1.899417,0.0,37.993059,24.94313,0.804067,2.842754,0.0,89.235743,0.0,14.846228,0.0,60.816112,33.756345,60.738864,49.992238,33.743813,50.0,27.0,0.0,0.0,0.0,0.0,0.0,0.0,0.0,0
2103,60.585868,0.0,1.899084,0.0,38.018536,25.005556,0.79716,2.856234,0.0,89.090512,0.0,14.864143,0.0,60.803445,33.817737,60.860524,50.025902,33.811402,50.0,27.0,0.0,0.0,0.0,0.0,0.0,0.0,0.0,0
2104,60.984692,0.0,1.90137,0.0,38.008007,24.970822,0.797572,2.85312,0.0,89.559697,0.0,14.845146,0.0,60.911794,33.822019,60.974338,50.057231,33.874632,50.0,27.0,0.0,0.0,0.0,0.0,0.0,0.0,0.0,0
2105,60.869382,0.0,1.900166,0.0,38.044101,25.051504,0.800869,2.850969,0.0,89.802194,0.0,14.858979,0.0,61.028586,33.722841,60.878015,50.030323,33.82112,50.0,27.0,0.0,0.0,0.0,0.0,0.0,0.0,0.0,0
2106,60.585003,0.0,1.902653,0.0,38.070337,25.056465,0.798792,2.857118,0.0,89.259475,0.0,14.841792,0.0,60.867651,33.702106,60.682754,49.976203,33.712641,50.0,27.0,0.0,0.0,0.0,0.0,0.0,0.0,0.0,0
2107,60.508437,0.0,1.90348,0.0,38.181533,25.202093,0.801116,2.859701,0.0,89.059874,0.0,14.795991,0.0,60.849298,33.883759,61.059131,50.080351,33.92174,50.0,27.0,0.0,0.0,0.0,0.0,0.0,0.0,0.0,0
2108,60.754847,0.0,1.90902,0.0,38.046907,25.032017,0.802974,2.848361,0.0,88.914472,0.0,14.832992,0.0,61.06564,33.369066,60.176678,49.836045,33.431488,50.0,27.0,0.0,0.0,0.0,0.0,0.0,0.0,0.0,0
2109,60.682547,0.0,1.899649,0.0,37.942276,25.118794,0.797821,2.857438,0.0,88.925552,0.0,14.876462,0.0,61.098785,33.546007,60.638618,49.964539,33.688121,50.0,27.0,0.0,0.0,0.0,0.0,0.0,0.0,0.0,0
2110,60.968003,0.0,1.89316,0.0,38.15008,24.954156,0.804287,2.845046,0.0,89.221641,0.0,14.821586,0.0,60.752214,33.858429,60.979822,50.059022,33.877679,50.0,27.0,0.0,0.0,0.0,0.0,0.0,0.0,0.0,0
2111,60.870567,0.0,1.892445,0.0,38.162094,25.007813,0.801313,2.840788,0.0,88.933425,0.0,14.875225,0.0,60.694728,33.880596,60.954869,50.051832,33.863816,50.0,27.0,0.0,0.0,0.0,0.0,0.0,0.0,0.0,0
2112,60.774599,0.0,1.902287,0.0,37.986955,24.936733,0.801237,2.83966,0.0,89.432389,0.0,14.828214,0.0,60.489247,33.950273,60.880105,50.030909,33.822281,50.0,27.0,0.0,0.0,0.0,0.0,0.0,0.0,0.0,0
2113,60.781423,0.0,1.902133,0.0,38.039779,24.843296,0.800119,2.843771,0.0,88.755789,0.0,14.885193,0.0,60.470521,33.808349,60.53758,49.936083,33.631989,50.0,27.0,0.0,0.0,0.0,0.0,0.0,0.0,0.0,0
2114,60.964387,0.0,1.906565,0.0,37.93423,24.92529,0.800335,2.82435,0.0,89.177158,0.0,14.892681,0.0,60.817663,33.715091,60.683814,49.976819,33.71323,50.0,27.0,0.0,0.0,0.0,0.0,0.0,0.0,0.0,0
2115,60.659042,0.0,1.898103,0.0,37.859433,24.922273,0.804483,2.847284,0.0,89.371723,0.0,14.87525,0.0,60.910749,33.695206,60.743321,49.993382,33.746289,50.0,27.0,0.0,0.0,0.0,0.0,0.0,0.0,0.0,0
2116,60.839673,0.0,1.898935,0.0,37.89002,24.854303,0.802498,2.843033,0.0,88.735674,0.0,14.906045,0.0,60.852152,33.766775,60.846155,50.021838,33.803419,50.0,27.0,0.0,0.0,0.0,0.0,0.0,0.0,0.0,0
2117,60.618062,0.0,1.90227,0.0,37.866512,25.139253,0.799379,2.844744,0.0,89.585303,0.0,14.855327,0.0,60.586042,33.730672,60.504263,49.927232,33.61348,50.0,27.0,0.0,0.0,0.0,0.0,0.0,0.0,0.0,0
2118,60.850782,0.0,1.888914,0.0,37.893974,24.887282,0.801185,2.856647,0.0,89.128564,0.0,14.876832,0.0,60.813356,33.83756,60.962156,50.054154,33.867864,50.0,27.0,0.0,0.0,0.0,0.0,0.0,0.0,0.0,0
2119,60.784683,0.0,1.904153,0.0,38.122056,24.914285,0.801355,2.861358,0.0,89.085545,0.0,14.812733,0.0,61.001644,33.573464,60.584067,49.949382,33.657815,50.0,27.0,0.0,0.0,0.0,0.0,0.0,0.0,0.0,0
2120,60.530194,0.0,1.897836,0.0,38.033208,25.169931,0.800515,2.855488,0.0,89.159023,0.0,14.885066,0.0,60.800539,33.786048,60.857478,50.025204,33.80971,50.0,27.0,0.0,0.0,0.0,0.0,0.0,0.0,0.0,0
2121,61.002267,0.0,1.90449,0.0,38.153106,25.151128,0.796424,2.849422,0.0,89.030054,0.0,14.827622,0.0,60.797329,33.687102,60.641997,49.96552,33.689998,50.0,27.0,0.0,0.0,0.0,0.0,0.0,0.0,0.0,0
2122,60.839722,0.0,1.906756,0.0,38.053947,24.951583,0.79954,2.848328,0.0,88.93225,0.0,14.885659,0.0,60.591126,33.962457,61.026329,50.071919,33.903516,50.0,27.0,0.0,0.0,0.0,0.0,0.0,0.0,0.0,0
2123,60.795742,0.0,1.901223,0.0,37.856383,25.009792,0.799746,2.845798,0.0,88.998715,0.0,14.805219,0.0,60.713482,33.849156,60.88249,50.031805,33.823606,50.0,27.0,0.0,0.0,0.0,0.0,0.0,0.0,0.0,0
2124,60.634595,0.0,1.900087,0.0,37.900747,24.869006,0.800589,2.857508,0.0,89.252992,0.0,14.833798,0.0,60.82483,33.78073,60.83894,50.01961,33.799411,50.0,27.0,0.0,0.0,0.0,0.0,0.0,0.0,0.0,0
2125,60.610474,0.0,1.909412,0.0,38.147907,24.825325,0.796022,2.847999,0.0,88.874385,0.0,14.867168,0.0,60.52185,33.907654,60.802807,50.009525,33.779337,50.0,27.0,0.0,0.0,0.0,0.0,0.0,0.0,0.0,0
2126,60.612508,0.0,1.893933,0.0,37.881468,25.081978,0.806028,2.85844,0.0,88.673587,0.0,14.80939,0.0,60.527696,33.91068,60.797477,50.008005,33.776376,50.0,27.0,0.0,0.0,0.0,0.0,0.0,0.0,0.0,0
2127,60.83962,0.0,1.903555,0.0,37.967831,24.856482,0.799846,2.852837,0.0,89.256257,0.0,14.92273,0.0,60.850052,33.622232,60.494527,49.924231,33.608071,50.0,27.0,0.0,0.0,0.0,0.0,0.0,0.0,0.0,0
2128,60.726522,0.0,1.9036,0.0,37.849959,25.024264,0.804721,2.857033,0.0,89.836113,0.0,14.983992,0.0,60.675662,33.83761,60.79667,50.008119,33.775928,50.0,27.0,0.0,0.0,0.0,0.0,0.0,0.0,0.0,0
2129,61.015055,0.0,1.903537,0.0,38.191484,25.047815,0.798148,2.857847,0.0,88.719042,0.0,14.822306,0.0,60.97661,33.726343,60.855351,50.024298,33.808528,50.0,27.0,0.0,0.0,0.0,0.0,0.0,0.0,0.0,0
2130,61.005496,0.0,1.891979,0.0,38.038088,24.999714,0.798131,2.840828,0.0,89.2446,0.0,14.825276,0.0,60.684015,33.722112,60.561411,49.942933,33.645228,50.0,27.0,0.0,0.0,0.0,0.0,0.0,0.0,0.0,0
2131,60.467807,0.0,1.903133,0.0,37.734448,25.040331,0.805107,2.84642,0.0,88.861279,0.0,14.821108,0.0,60.498206,33.937266,60.837103,50.019417,33.798391,50.0,27.0,0.0,0.0,0.0,0.0,0.0,0.0,0.0,0
2132,60.805169,0.0,1.906941,0.0,37.973343,25.025986,0.798266,2.853529,0.0,89.193009,0.0,14.898352,0.0,60.879287,33.787905,60.881946,50.031715,33.823303,50.0,27.0,0.0,0.0,0.0,0.0,0.0,0.0,0.0,0
2133,60.59676,0.0,1.906009,0.0,38.187454,24.91976,0.799325,2.846146,0.0,89.098248,0.0,14.890104,0.0,61.015737,33.763447,60.966639,50.054966,33.870355,50.0,27.0,0.0,0.0,0.0,0.0,0.0,0.0,0.0,0
2134,60.855148,0.0,1.899767,0.0,37.935911,24.993849,0.798363,2.849326,0.0,89.356329,0.0,14.877162,0.0,60.6791,33.717227,60.535575,49.935548,33.630875,50.0,27.0,0.0,0.0,0.0,0.0,0.0,0.0,0.0,0
2135,60.796194,0.0,1.904603,0.0,37.92986,25.121443,0.800062,2.862145,0.0,89.05642,0.0,14.926041,0.0,60.986711,33.656484,60.724027,49.987956,33.73557,50.0,27.0,0.0,0.0,0.0,0.0,0.0,0.0,0.0,0
2136,60.76211,0.0,1.904596,0.0,38.135198,25.051173,0.799628,2.853033,0.0,89.088037,0.0,14.85662,0.0,60.871592,33.952173,61.249043,50.133128,34.027246,50.0,27.0,0.0,0.0,0.0,0.0,0.0,0.0,0.0,0
2137,60.646095,0.0,1.899337,0.0,38.015109,25.033681,0.797896,2.856018,0.0,89.468942,0.0,14.908531,0.0,60.710758,33.795693,60.734544,49.990261,33.741413,50.0,27.0,0.0,0.0,0.0,0.0,0.0,0.0,0.0,0
2138,60.692639,0.0,1.908151,0.0,37.995639,24.981741,0.800987,2.86234,0.0,89.231958,0.0,14.866142,0.0,60.68097,33.835827,60.787927,50.005064,33.771071,50.0,27.0,0.0,0.0,0.0,0.0,0.0,0.0,0.0,0
2139,60.724376,0.0,1.904065,0.0,38.031985,24.934865,0.800184,2.839561,0.0,89.197065,0.0,14.913937,0.0,60.703185,34.04749,61.249934,50.132735,34.027741,50.0,27.0,0.0,0.0,0.0,0.0,0.0,0.0,0.0,0
2140,60.859279,0.0,1.895099,0.0,37.94813,24.903462,0.801476,2.846079,0.0,89.025337,0.0,14.751138,0.0,61.021722,33.624219,60.641463,49.963896,33.689702,50.0,27.0,0.0,0.0,0.0,0.0,0.0,0.0,0.0,0
2141,60.83446,0.0,1.899444,0.0,37.953938,25.040788,0.799613,2.855937,0.0,89.765723,0.0,14.883306,0.0,60.724823,33.826164,60.794307,50.006321,33.774615,50.0,27.0,0.0,0.0,0.0,0.0,0.0,0.0,0.0,0
2142,60.517108,0.0,1.908828,0.0,37.960433,24.989805,0.799586,2.861559,0.0,89.007208,0.0,14.891023,0.0,61.025183,33.683761,60.789943,50.005084,33.77219,50.0,27.0,0.0,0.0,0.0,0.0,0.0,0.0,0.0,0
2143,60.728672,0.0,1.902438,0.0,38.07667,25.036483,0.798793,2.847057,0.0,89.116982,0.0,14.876342,0.0,61.037595,33.680709,60.81062,50.010773,33.783678,50.0,27.0,0.0,0.0,0.0,0.0,0.0,0.0,0.0,0
2144,60.621868,0.0,1.89912,0.0,37.901517,25.060683,0.802595,2.853868,0.0,89.4855,0.0,14.90168,0.0,60.881637,33.604102,60.507254,49.926871,33.615141,50.0,27.0,0.0,0.0,0.0,0.0,0.0,0.0,0.0,0
2145,60.744524,0.0,1.892915,0.0,37.941021,24.969902,0.797478,2.850685,0.0,89.408891,0.0,14.924051,0.0,60.712866,33.855723,60.892647,50.033755,33.829248,50.0,27.0,0.0,0.0,0.0,0.0,0.0,0.0,0.0,0
2146,60.639615,0.0,1.905703,0.0,37.972022,25.083034,0.796291,2.845,0.0,88.646512,0.0,14.77463,0.0,60.747802,33.788174,60.77386,50.000755,33.763255,50.0,27.0,0.0,0.0,0.0,0.0,0.0,0.0,0.0,0
2147,60.843519,0.0,1.895881,0.0,37.797683,24.918878,0.800079,2.845092,0.0,89.650343,0.0,14.82757,0.0,60.657104,33.78549,60.675872,49.973668,33.708818,50.0,27.0,0.0,0.0,0.0,0.0,0.0,0.0,0.0,0
2148,60.509661,0.0,1.89903,0.0,37.978157,25.083298,0.795986,2.850607,0.0,88.985292,0.0,14.86933,0.0,60.745803,33.846822,60.892769,50.033749,33.829316,50.0,27.0,0.0,0.0,0.0,0.0,0.0,0.0,0.0,0
2149,60.827406,0.0,1.895232,0.0,38.206215,24.888057,0.798823,2.860698,0.0,89.581361,0.0,14.900677,0.0,60.712897,33.766352,60.680937,49.975031,33.711631,50.0,27.0,0.0,0.0,0.0,0.0,0.0,0.0,0.0,0
2150,60.545374,0.0,1.902514,0.0,37.770521,24.946048,0.800896,2.846962,0.0,89.491075,0.0,14.888983,0.0,60.832375,33.698392,60.659059,49.969108,33.699477,50.0,27.0,0.0,0.0,0.0,0.0,0.0,0.0,0.0,0
2151,60.744948,0.0,1.899868,0.0,37.936814,24.967637,0.801916,2.865153,0.0,88.827432,0.0,14.840531,0.0,60.90454,33.739668,60.829122,50.016267,33.793956,50.0,27.0,0.0,0.0,0.0,0.0,0.0,0.0,0.0,0
2152,60.745172,0.0,1.911157,0.0,38.034725,25.02389,0.801975,2.841898,0.0,89.610894,0.0,14.912462,0.0,61.057231,33.558407,60.604181,49.954013,33.668989,50.0,27.0,0.0,0.0,0.0,0.0,0.0,0.0,0.0,0
2153,60.553711,0.0,1.895468,0.0,38.009878,25.029531,0.802582,2.850405,0.0,89.268255,0.0,14.848306,0.0,60.574358,33.909194,60.889565,50.033121,33.827536,50.0,27.0,0.0,0.0,0.0,0.0,0.0,0.0,0.0,0
2154,60.586168,0.0,1.896886,0.0,38.090482,24.97419,0.799806,2.830133,0.0,88.863885,0.0,14.873743,0.0,60.309847,33.814738,60.406108,49.899331,33.558949,50.0,27.0,0.0,0.0,0.0,0.0,0.0,0.0,0.0,0
2155,60.824294,0.0,1.893071,0.0,38.0973,25.003893,0.801304,2.840072,0.0,89.174788,0.0,14.865844,0.0,60.906667,33.581057,60.503992,49.926886,33.613329,50.0,27.0,0.0,0.0,0.0,0.0,0.0,0.0,0.0,0
2156,60.608181,0.0,1.90547,0.0,38.189162,24.983026,0.799865,2.844303,0.0,89.347971,0.0,14.890417,0.0,60.817125,33.63912,60.562093,49.943309,33.645607,50.0,27.0,0.0,0.0,0.0,0.0,0.0,0.0,0.0,0
2157,60.883499,0.0,1.904969,0.0,38.038679,24.934793,0.799862,2.850986,0.0,88.845957,0.0,14.907756,0.0,60.7186,33.818563,60.858021,50.025384,33.810012,50.0,27.0,0.0,0.0,0.0,0.0,0.0,0.0,0.0,0
2158,60.534073,0.0,1.889674,0.0,38.03358,24.943784,0.800609,2.834866,0.0,88.786335,0.0,14.744776,0.0,60.77817,33.70854,60.676797,49.975168,33.709332,50.0,27.0,0.0,0.0,0.0,0.0,0.0,0.0,0.0,0
2159,60.925516,0.0,1.9171,0.0,38.062429,24.961491,0.803612,2.848295,0.0,89.147602,0.0,14.753207,0.0,60.902337,33.629743,60.641087,49.965422,33.689493,50.0,27.0,0.0,0.0,0.0,0.0,0.0,0.0,0.0,0
2160,61.166082,0.0,1.896928,0.0,37.823231,24.897202,0.800507,2.85029,0.0,89.296398,0.0,14.871497,0.0,60.948577,33.509429,60.449869,49.912742,33.583261,50.0,27.0,0.0,0.0,0.0,0.0,0.0,0.0,0.0,0
2161,60.706656,0.0,1.904175,0.0,38.161727,25.15163,0.80007,2.844085,0.0,89.249834,0.0,14.837142,0.0,60.58226,33.975896,61.098675,50.092503,33.943708,50.0,27.0,0.0,0.0,0.0,0.0,0.0,0.0,0.0,0
2162,60.714007,0.0,1.891852,0.0,37.943557,24.99901,0.801185,2.844861,0.0,89.096282,0.0,14.866599,0.0,60.466588,34.016166,61.035671,50.074629,33.908706,50.0,27.0,0.0,0.0,0.0,0.0,0.0,0.0,0.0,0
2163,60.545989,0.0,1.897922,0.0,38.125116,25.001611,0.801656,2.854574,0.0,88.838128,0.0,14.905305,0.0,61.190614,33.57492,60.793377,50.007289,33.774098,50.0,27.0,0.0,0.0,0.0,0.0,0.0,0.0,0.0,0
2164,60.662153,0.0,1.899725,0.0,38.016053,25.079926,0.800962,2.857916,0.0,88.866094,0.0,14.778992,0.0,60.832245,33.793809,60.921554,50.04268,33.845308,50.0,27.0,0.0,0.0,0.0,0.0,0.0,0.0,0.0,0
2165,60.973935,0.0,1.901919,0.0,38.053803,25.096283,0.802392,2.844141,0.0,89.007837,0.0,14.849521,0.0,60.652646,33.89621,60.952375,50.050986,33.86243,50.0,27.0,0.0,0.0,0.0,0.0,0.0,0.0,0.0,0
2166,60.883355,0.0,1.892715,0.0,37.95339,25.022343,0.79617,2.83124,0.0,89.327162,0.0,14.907984,0.0,60.76872,33.629209,60.486511,49.92197,33.603617,50.0,27.0,0.0,0.0,0.0,0.0,0.0,0.0,0.0,0
2167,60.654748,0.0,1.902435,0.0,38.030371,25.00708,0.801456,2.851462,0.0,89.267957,0.0,14.840997,0.0,60.815032,33.667044,60.630269,49.962092,33.683483,50.0,27.0,0.0,0.0,0.0,0.0,0.0,0.0,0.0,0
2168,60.79751,0.0,1.907083,0.0,37.899832,24.983082,0.797875,2.843907,0.0,89.119116,0.0,14.802916,0.0,60.494976,33.883512,60.778372,50.003216,33.765762,50.0,27.0,0.0,0.0,0.0,0.0,0.0,0.0,0.0,0
2169,60.528635,0.0,1.899116,0.0,38.169479,25.020441,0.8072,2.848935,0.0,89.187081,0.0,14.806334,0.0,60.669071,33.929584,61.031939,50.073285,33.906633,50.0,27.0,0.0,0.0,0.0,0.0,0.0,0.0,0.0,0
2170,60.831587,0.0,1.902475,0.0,37.917146,24.946479,0.800097,2.857058,0.0,88.878818,0.0,14.875375,0.0,60.803536,33.72686,60.716104,49.985625,33.731169,50.0,27.0,0.0,0.0,0.0,0.0,0.0,0.0,0.0,0
2171,60.858714,0.0,1.8971,0.0,37.853844,25.015638,0.80298,2.85001,0.0,89.454407,0.0,14.920088,0.0,61.08261,33.52143,60.567314,49.944571,33.648508,50.0,27.0,0.0,0.0,0.0,0.0,0.0,0.0,0.0,0
2172,60.799652,0.0,1.900854,0.0,37.791025,24.969198,0.80365,2.849481,0.0,89.335485,0.0,14.884168,0.0,60.624348,33.838978,60.811084,50.012224,33.783935,50.0,27.0,0.0,0.0,0.0,0.0,0.0,0.0,0.0,0
2173,60.76103,0.0,1.903313,0.0,38.187462,25.092853,0.797806,2.86181,0.0,89.041133,0.0,14.864876,0.0,60.692804,33.840532,60.871147,50.028764,33.817304,50.0,27.0,0.0,0.0,0.0,0.0,0.0,0.0,0.0,0
2174,60.855967,0.0,1.896121,0.0,38.114145,24.921239,0.802113,2.853614,0.0,89.2519,0.0,14.841574,0.0,60.772759,33.715068,60.675305,49.974491,33.708503,50.0,27.0,0.0,0.0,0.0,0.0,0.0,0.0,0.0,0
2175,60.442787,0.0,1.914346,0.0,37.967408,25.045204,0.802279,2.837582,0.0,89.39834,0.0,14.86743,0.0,60.904501,33.73559,60.856427,50.024679,33.809126,50.0,27.0,0.0,0.0,0.0,0.0,0.0,0.0,0.0,0
2176,60.653621,0.0,1.904042,0.0,38.124022,24.959548,0.799689,2.839935,0.0,89.031385,0.0,14.925709,0.0,60.608311,33.748847,60.591206,49.951251,33.661781,50.0,27.0,0.0,0.0,0.0,0.0,0.0,0.0,0.0,0
2177,60.704688,0.0,1.897294,0.0,37.92047,25.100467,0.795447,2.844281,0.0,89.088275,0.0,14.879093,0.0,60.753796,33.705137,60.645559,49.966516,33.691977,50.0,27.0,0.0,0.0,0.0,0.0,0.0,0.0,0.0,0
2178,60.870928,0.0,1.896486,0.0,38.172027,25.096161,0.79671,2.84305,0.0,89.266154,0.0,14.804537,0.0,60.828557,33.751682,60.825266,50.016353,33.791814,50.0,27.0,0.0,0.0,0.0,0.0,0.0,0.0,0.0,0
2179,60.662592,0.0,1.896321,0.0,37.813961,24.916388,0.7933,2.850753,0.0,89.170952,0.0,14.879235,0.0,60.760479,33.802762,60.865139,50.027293,33.813966,50.0,27.0,0.0,0.0,0.0,0.0,0.0,0.0,0.0,0
2180,60.773073,0.0,1.902038,0.0,38.043511,24.897769,0.797976,2.849193,0.0,88.625764,0.0,14.897189,0.0,60.829869,33.79797,60.917881,50.041734,33.843267,50.0,27.0,0.0,0.0,0.0,0.0,0.0,0.0,0.0,0
2181,60.942359,0.0,1.897257,0.0,38.106938,25.01059,0.797856,2.830658,0.0,89.129692,0.0,14.900222,0.0,60.720887,33.654408,60.500571,49.926184,33.611428,50.0,27.0,0.0,0.0,0.0,0.0,0.0,0.0,0.0,0
2182,60.875106,0.0,1.88947,0.0,38.013431,24.928462,0.804371,2.852879,0.0,89.601957,0.0,14.830028,0.0,60.646227,33.629538,60.387221,49.895222,33.548456,50.0,27.0,0.0,0.0,0.0,0.0,0.0,0.0,0.0,0
2183,60.503766,0.0,1.901504,0.0,37.929129,25.070829,0.799673,2.855069,0.0,88.815668,0.0,14.752072,0.0,60.829907,33.824169,60.99764,50.06446,33.887578,50.0,27.0,0.0,0.0,0.0,0.0,0.0,0.0,0.0,0
2184,60.90744,0.0,1.901644,0.0,38.019654,25.011737,0.799136,2.836082,0.0,89.03959,0.0,14.824578,0.0,60.678873,33.834969,60.858903,50.025793,33.810501,50.0,27.0,0.0,0.0,0.0,0.0,0.0,0.0,0.0,0
2185,60.589297,0.0,1.90289,0.0,38.204441,25.065471,0.800819,2.839146,0.0,89.017977,0.0,14.76075,0.0,60.896168,33.58213,60.531614,49.935204,33.628674,50.0,27.0,0.0,0.0,0.0,0.0,0.0,0.0,0.0,0
2186,60.961627,0.0,1.888786,0.0,37.917945,25.016107,0.80168,2.855807,0.0,88.710503,0.0,14.757374,0.0,60.216922,33.931336,60.611759,49.957678,33.673199,50.0,27.0,0.0,0.0,0.0,0.0,0.0,0.0,0.0,0
2187,60.782582,0.0,1.896248,0.0,37.998973,24.941814,0.800144,2.855626,0.0,88.45358,0.0,14.781908,0.0,60.805429,33.800138,60.898842,50.037237,33.83269,50.0,27.0,0.0,0.0,0.0,0.0,0.0,0.0,0.0,0
2188,60.6665,0.0,1.892584,0.0,37.977023,24.960805,0.797331,2.852192,0.0,88.924505,0.0,14.88723,0.0,60.875446,33.649079,60.644381,49.96672,33.691323,50.0,27.0,0.0,0.0,0.0,0.0,0.0,0.0,0.0,0
2189,60.697531,0.0,1.898348,0.0,38.103444,24.884972,0.801907,2.847106,0.0,89.223118,0.0,14.935919,0.0,60.61061,33.761148,60.630383,49.963016,33.683546,50.0,27.0,0.0,0.0,0.0,0.0,0.0,0.0,0.0,0
2190,60.523484,0.0,1.90619,0.0,37.827356,24.968638,0.797123,2.834397,0.0,89.180861,0.0,14.874023,0.0,60.666747,33.729286,60.618075,49.959798,33.676708,50.0,27.0,0.0,0.0,0.0,0.0,0.0,0.0,0.0,0
2191,60.835937,0.0,1.902526,0.0,38.006165,25.003918,0.799282,2.849885,0.0,89.511061,0.0,14.823106,0.0,60.72263,33.733676,60.686259,49.978844,33.714588,50.0,27.0,0.0,0.0,0.0,0.0,0.0,0.0,0.0,0
2192,60.694641,0.0,1.908359,0.0,37.899887,25.132577,0.800776,2.841459,0.0,89.67439,0.0,14.821398,0.0,61.06541,33.619996,60.79152,50.008043,33.773066,50.0,27.0,0.0,0.0,0.0,0.0,0.0,0.0,0.0,0
2193,60.441876,0.0,1.899148,0.0,37.893958,25.084342,0.798909,2.836507,0.0,89.052031,0.0,14.870176,0.0,61.020438,33.568589,60.65523,49.970333,33.69735,50.0,27.0,0.0,0.0,0.0,0.0,0.0,0.0,0.0,0
2194,60.913291,0.0,1.90321,0.0,37.942279,24.976586,0.800638,2.837151,0.0,89.327284,0.0,14.830547,0.0,60.729975,33.734873,60.738346,49.993454,33.743525,50.0,27.0,0.0,0.0,0.0,0.0,0.0,0.0,0.0,0
2195,60.94237,0.0,1.903939,0.0,37.96866,25.043248,0.803483,2.844721,0.0,88.804833,0.0,14.864744,0.0,60.792508,33.703667,60.734532,49.992432,33.741407,50.0,27.0,0.0,0.0,0.0,0.0,0.0,0.0,0.0,0
2196,60.829717,0.0,1.902069,0.0,38.041997,24.982177,0.797714,2.845982,0.0,89.433119,0.0,14.806087,0.0,60.457754,34.084268,61.206232,50.122846,34.003462,50.0,27.0,0.0,0.0,0.0,0.0,0.0,0.0,0.0,0
2197,60.811489,0.0,1.912884,0.0,38.124455,25.142798,0.801668,2.840555,0.0,89.035683,0.0,14.873553,0.0,60.906868,33.517144,60.412288,49.902792,33.562382,50.0,27.0,0.0,0.0,0.0,0.0,0.0,0.0,0.0,0
2198,60.907705,0.0,1.899675,0.0,37.899646,25.057061,0.800251,2.836147,0.0,89.146896,0.0,14.827246,0.0,60.5471,33.80343,60.687316,49.979292,33.715175,50.0,27.0,0.0,0.0,0.0,0.0,0.0,0.0,0.0,0
2199,60.797734,0.0,1.891371,0.0,37.73637,25.118157,0.801986,2.844264,0.0,88.890156,0.0,14.834073,0.0,61.199019,33.589067,60.878299,50.032182,33.821277,50.0,27.0,0.0,0.0,0.0,0.0,0.0,0.0,0.0,0
2200,60.93359,0.0,1.893656,0.0,38.026993,25.076813,0.802591,2.849273,0.0,88.999704,0.0,14.875744,0.0,60.600123,33.648662,60.425157,49.906775,33.569532,50.0,27.0,0.0,0.0,0.0,0.0,0.0,0.0,0.0,0
2201,60.815292,0.0,1.8978,0.0,37.954958,24.954096,0.800376,2.846216,0.0,88.887784,0.0,14.842946,0.0,60.859478,33.751656,60.9127,50.041994,33.840389,50.0,27.0,0.0,0.0,0.0,0.0,0.0,0.0,0.0,0
2202,60.71398,0.0,1.898038,0.0,37.899622,25.006557,0.799663,2.855841,0.0,88.79368,0.0,14.854377,0.0,60.556101,33.87792,60.872334,50.030628,33.817963,50.0,27.0,0.0,0.0,0.0,0.0,0.0,0.0,0.0,0
2203,61.110507,0.0,1.894094,0.0,37.974468,25.091486,0.798409,2.855631,0.0,89.368515,0.0,14.908024,0.0,60.785035,33.766141,60.845719,50.023119,33.803177,50.0,27.0,0.0,0.0,0.0,0.0,0.0,0.0,0.0,0
2204,60.730285,0.0,1.897393,0.0,38.223576,25.036735,0.797858,2.851253,0.0,89.088603,0.0,14.886599,0.0,60.895935,33.692834,60.798196,50.009869,33.776776,50.0,27.0,0.0,0.0,0.0,0.0,0.0,0.0,0.0,0
2205,60.806725,0.0,1.892885,0.0,37.990152,25.060526,0.797782,2.848728,0.0,88.60841,0.0,14.829718,0.0,60.762865,33.728455,60.746373,49.995496,33.747985,50.0,27.0,0.0,0.0,0.0,0.0,0.0,0.0,0.0,0
2206,60.841844,0.0,1.895376,0.0,38.081239,24.92704,0.801987,2.862311,0.0,88.951,0.0,14.888557,0.0,60.810042,33.667048,60.66505,49.973041,33.702805,50.0,27.0,0.0,0.0,0.0,0.0,0.0,0.0,0.0,0
2207,60.67485,0.0,1.911479,0.0,37.76281,24.991545,0.801617,2.848086,0.0,89.184572,0.0,14.853156,0.0,60.685382,33.883067,61.005116,50.067168,33.891731,50.0,27.0,0.0,0.0,0.0,0.0,0.0,0.0,0.0,0
2208,60.928112,0.0,1.891817,0.0,38.083182,25.05758,0.800012,2.852249,0.0,89.414088,0.0,14.871346,0.0,60.5308,34.028386,61.137084,50.103309,33.965047,50.0,27.0,0.0,0.0,0.0,0.0,0.0,0.0,0.0,0
2209,60.804896,0.0,1.899502,0.0,37.801138,25.031655,0.798071,2.848467,0.0,88.695351,0.0,14.837538,0.0,60.702031,33.67406,60.523016,49.93307,33.623898,50.0,27.0,0.0,0.0,0.0,0.0,0.0,0.0,0.0,0
2210,61.259142,0.0,1.893935,0.0,37.826374,24.979161,0.801078,2.857769,0.0,89.42422,0.0,14.896719,0.0,60.554799,33.74494,60.536485,49.937125,33.631381,50.0,27.0,0.0,0.0,0.0,0.0,0.0,0.0,0.0,0
2211,61.199869,0.0,1.900551,0.0,38.082508,25.023115,0.799179,2.86437,0.0,89.039452,0.0,14.874843,0.0,60.91469,33.598748,60.589146,49.951994,33.660637,50.0,27.0,0.0,0.0,0.0,0.0,0.0,0.0,0.0,0
2212,60.434218,0.0,1.897603,0.0,38.030938,25.008297,0.797648,2.843634,0.0,89.680927,0.0,14.904255,0.0,60.87364,33.511597,60.38461,49.895699,33.547005,50.0,27.0,0.0,0.0,0.0,0.0,0.0,0.0,0.0,0
2213,60.697081,0.0,1.898023,0.0,37.883198,24.917603,0.799433,2.861216,0.0,89.233882,0.0,14.868961,0.0,60.563914,33.68336,60.46776,49.919201,33.5932,50.0,27.0,0.0,0.0,0.0,0.0,0.0,0.0,0.0,0
2214,60.821008,0.0,1.903087,0.0,37.890041,24.93262,0.7974,2.857108,0.0,89.278643,0.0,14.826167,0.0,60.472902,33.891044,60.820842,50.017193,33.789357,50.0,27.0,0.0,0.0,0.0,0.0,0.0,0.0,0.0,0
2215,60.638742,0.0,1.906828,0.0,37.832931,24.895671,0.799624,2.866383,0.0,89.653459,0.0,14.839961,0.0,60.623803,33.722606,60.594698,49.954602,33.663721,50.0,27.0,0.0,0.0,0.0,0.0,0.0,0.0,0.0,0
2216,60.801472,0.0,1.891526,0.0,38.135917,25.045108,0.799181,2.84535,0.0,88.891079,0.0,14.859646,0.0,60.928703,33.685317,60.82276,50.017863,33.790422,50.0,27.0,0.0,0.0,0.0,0.0,0.0,0.0,0.0,0
2217,60.732242,0.0,1.904102,0.0,37.942106,25.01541,0.802094,2.843668,0.0,89.497536,0.0,14.822242,0.0,60.798757,33.752514,60.841179,50.022866,33.800655,50.0,27.0,0.0,0.0,0.0,0.0,0.0,0.0,0.0,0
2218,60.742765,0.0,1.89941,0.0,37.970255,25.096741,0.80356,2.846672,0.0,88.960187,0.0,14.858441,0.0,60.962918,33.520866,60.514057,49.932337,33.61892,50.0,27.0,0.0,0.0,0.0,0.0,0.0,0.0,0.0,0
2219,60.810543,0.0,1.8907,0.0,37.873479,24.914897,0.803952,2.861605,0.0,89.520616,0.0,14.887636,0.0,60.830826,33.532722,60.435026,49.91083,33.575015,50.0,27.0,0.0,0.0,0.0,0.0,0.0,0.0,0.0,0
2220,61.238931,0.0,1.906016,0.0,37.909444,25.015885,0.800153,2.853985,0.0,89.008045,0.0,14.834541,0.0,60.88004,33.753936,60.9756,50.060686,33.875334,50.0,27.0,0.0,0.0,0.0,0.0,0.0,0.0,0.0,0
2221,61.007789,0.0,1.901193,0.0,37.942873,25.05303,0.79649,2.860264,0.0,89.238992,0.0,14.824643,0.0,60.672994,33.681646,60.610095,49.95936,33.672275,50.0,27.0,0.0,0.0,0.0,0.0,0.0,0.0,0.0,0
2222,60.889459,0.0,1.899665,0.0,38.089649,24.961385,0.800194,2.862209,0.0,88.656501,0.0,14.814459,0.0,60.667708,33.724869,60.699915,49.984388,33.722175,50.0,27.0,0.0,0.0,0.0,0.0,0.0,0.0,0.0,0
2223,60.35855,0.0,1.905864,0.0,37.919903,25.074275,0.799608,2.850905,0.0,89.065908,0.0,14.873199,0.0,60.514109,33.73461,60.56485,49.947134,33.647139,50.0,27.0,0.0,0.0,0.0,0.0,0.0,0.0,0.0,0
2224,60.689639,0.0,1.904289,0.0,37.969945,24.974482,0.803265,2.853059,0.0,88.908694,0.0,14.779235,0.0,60.685083,33.724317,60.71094,49.987776,33.7283,50.0,27.0,0.0,0.0,0.0,0.0,0.0,0.0,0.0,0
2225,60.617693,0.0,1.902181,0.0,38.034841,25.086725,0.803096,2.846844,0.0,89.27718,0.0,14.802347,0.0,60.627599,33.670123,60.537524,49.939905,33.631958,50.0,27.0,0.0,0.0,0.0,0.0,0.0,0.0,0.0,0
2226,60.378675,0.0,1.90824,0.0,38.062753,24.947188,0.800402,2.838893,0.0,88.898961,0.0,14.821995,0.0,60.773859,33.721612,60.798024,50.012205,33.77668,50.0,27.0,0.0,0.0,0.0,0.0,0.0,0.0,0.0,0
2227,61.017696,0.0,1.912659,0.0,37.898059,25.03078,0.800377,2.854705,0.0,89.179917,0.0,14.773449,0.0,60.797892,33.641646,60.651869,49.971748,33.695483,50.0,27.0,0.0,0.0,0.0,0.0,0.0,0.0,0.0,0
2228,60.408817,0.0,1.901764,0.0,38.025708,24.881267,0.797043,2.846667,0.0,88.97691,0.0,14.861348,0.0,60.343797,33.828075,60.600148,49.957593,33.666749,50.0,27.0,0.0,0.0,0.0,0.0,0.0,0.0,0.0,0
2229,60.753848,0.0,1.904041,0.0,37.982657,25.115453,0.801342,2.869378,0.0,89.615051,0.0,14.841815,0.0,61.0896,33.511069,60.661245,49.974691,33.700691,50.0,27.0,0.0,0.0,0.0,0.0,0.0,0.0,0.0,0
2230,60.871614,0.0,1.903617,0.0,37.951153,25.0496,0.799675,2.867306,0.0,88.779745,0.0,14.841796,0.0,60.602474,33.858614,60.933994,50.050203,33.852219,50.0,27.0,0.0,0.0,0.0,0.0,0.0,0.0,0.0,0
2231,60.613987,0.0,1.894917,0.0,37.95189,24.817864,0.798608,2.864936,0.0,88.771727,0.0,14.794875,0.0,60.403388,33.841806,60.678735,49.979401,33.710408,50.0,27.0,0.0,0.0,0.0,0.0,0.0,0.0,0.0,0
2232,60.887584,0.0,1.898932,0.0,38.164101,25.087886,0.799902,2.853389,0.0,89.270337,0.0,14.905273,0.0,60.638012,33.625907,60.440738,49.913722,33.578188,50.0,27.0,0.0,0.0,0.0,0.0,0.0,0.0,0.0,0
2233,60.405784,0.0,1.896178,0.0,38.003994,24.923758,0.800699,2.858623,0.0,89.02144,0.0,14.85894,0.0,60.569362,33.820534,60.794959,50.012057,33.774977,50.0,27.0,0.0,0.0,0.0,0.0,0.0,0.0,0.0,0
2234,60.777993,0.0,1.890989,0.0,37.950555,24.907132,0.798346,2.852242,0.0,89.465938,0.0,14.839684,0.0,60.625928,33.820901,60.838199,50.023948,33.798999,50.0,27.0,0.0,0.0,0.0,0.0,0.0,0.0,0.0,0
2235,60.974666,0.0,1.896007,0.0,37.918526,24.960922,0.796208,2.849891,0.0,89.429724,0.0,14.845339,0.0,60.881782,33.632813,60.684037,49.981219,33.713354,50.0,27.0,0.0,0.0,0.0,0.0,0.0,0.0,0.0,0
2236,60.745052,0.0,1.905949,0.0,37.902333,24.883264,0.80048,2.85492,0.0,89.17622,0.0,14.889279,0.0,60.333161,33.837472,60.579478,49.952413,33.655266,50.0,27.0,0.0,0.0,0.0,0.0,0.0,0.0,0.0,0
2237,60.813036,0.0,1.896344,0.0,37.962049,24.992815,0.800596,2.832441,0.0,89.441946,0.0,14.82864,0.0,61.255026,33.568058,60.917654,50.04612,33.843141,50.0,27.0,0.0,0.0,0.0,0.0,0.0,0.0,0.0,0
2238,60.685827,0.0,1.901506,0.0,38.023766,24.985419,0.797904,2.844997,0.0,89.299651,0.0,14.878834,0.0,60.673234,33.706805,60.649617,49.971806,33.694231,50.0,27.0,0.0,0.0,0.0,0.0,0.0,0.0,0.0,0
2239,60.67691,0.0,1.89107,0.0,37.978759,25.064876,0.800999,2.851667,0.0,89.3838,0.0,14.791241,0.0,60.658073,33.74239,60.710992,49.98891,33.728329,50.0,27.0,0.0,0.0,0.0,0.0,0.0,0.0,0.0,0
2240,60.852767,0.0,1.892988,0.0,37.938369,25.12006,0.800667,2.850309,0.0,89.069735,0.0,14.80261,0.0,60.383159,33.793459,60.540495,49.941841,33.633609,50.0,27.0,0.0,0.0,0.0,0.0,0.0,0.0,0.0,0
2241,60.664462,0.0,1.900882,0.0,38.100604,25.038565,0.798529,2.862357,0.0,88.886785,0.0,14.828829,0.0,60.494381,33.710512,60.466918,49.921794,33.592732,50.0,27.0,0.0,0.0,0.0,0.0,0.0,0.0,0.0,0
2242,60.763224,0.0,1.899526,0.0,37.996005,25.002239,0.802265,2.854883,0.0,89.056245,0.0,14.857059,0.0,60.718325,33.501481,60.251653,49.862684,33.47314,50.0,27.0,0.0,0.0,0.0,0.0,0.0,0.0,0.0,0
2243,60.781219,0.0,1.894414,0.0,38.063235,25.037186,0.803717,2.845587,0.0,89.540381,0.0,14.848776,0.0,60.816733,33.559828,60.502304,49.932647,33.612391,50.0,27.0,0.0,0.0,0.0,0.0,0.0,0.0,0.0,0
2244,60.707114,0.0,1.896967,0.0,37.999603,25.172709,0.800957,2.853257,0.0,88.81698,0.0,14.940409,0.0,60.568385,33.692781,60.554057,49.947286,33.641143,50.0,27.0,0.0,0.0,0.0,0.0,0.0,0.0,0.0,0
2245,60.629963,0.0,1.898442,0.0,38.04584,24.934878,0.799996,2.857988,0.0,88.735152,0.0,14.862596,0.0,60.332734,33.996315,60.959567,50.059629,33.866426,50.0,27.0,0.0,0.0,0.0,0.0,0.0,0.0,0.0,0
2246,60.705165,0.0,1.898954,0.0,37.912276,25.00515,0.800869,2.858566,0.0,88.74597,0.0,14.778394,0.0,60.818603,33.761194,60.910301,50.045716,33.839056,50.0,27.0,0.0,0.0,0.0,0.0,0.0,0.0,0.0,0
2247,60.803193,0.0,1.910946,0.0,38.074208,24.969479,0.798258,2.843117,0.0,88.837028,0.0,14.85083,0.0,60.510469,33.879913,60.846859,50.027954,33.803811,50.0,27.0,0.0,0.0,0.0,0.0,0.0,0.0,0.0,0
2248,60.598868,0.0,1.902438,0.0,38.072035,24.97844,0.802605,2.853781,0.0,89.201758,0.0,14.965859,0.0,60.769375,33.758923,60.829527,50.023024,33.794181,50.0,27.0,0.0,0.0,0.0,0.0,0.0,0.0,0.0,0
2249,60.907651,0.0,1.896492,0.0,37.774096,25.080266,0.797928,2.844185,0.0,89.010914,0.0,14.837235,0.0,60.323089,33.890889,60.657847,49.975458,33.698804,50.0,27.0,0.0,0.0,0.0,0.0,0.0,0.0,0.0,0
2250,61.096709,0.0,1.899574,0.0,37.967829,24.957733,0.797425,2.851433,0.0,89.293349,0.0,14.896968,0.0,60.65162,33.798522,60.770618,50.006749,33.761455,50.0,27.0,0.0,0.0,0.0,0.0,0.0,0.0,0.0,0
2251,60.46667,0.0,1.90076,0.0,37.884764,24.978747,0.799178,2.845006,0.0,89.222457,0.0,14.926885,0.0,60.752081,33.714015,60.685386,49.983158,33.714103,50.0,27.0,0.0,0.0,0.0,0.0,0.0,0.0,0.0,0
2252,61.00339,0.0,1.890319,0.0,37.924841,24.825075,0.797571,2.837248,0.0,89.246444,0.0,14.792799,0.0,60.794418,33.628572,60.55166,49.94628,33.639811,50.0,27.0,0.0,0.0,0.0,0.0,0.0,0.0,0.0,0
2253,60.688849,0.0,1.890921,0.0,37.838232,24.908945,0.79954,2.853578,0.0,89.688637,0.0,14.878304,0.0,60.76372,33.614749,60.506977,49.934197,33.614987,50.0,27.0,0.0,0.0,0.0,0.0,0.0,0.0,0.0,0
2254,60.690259,0.0,1.902258,0.0,38.017998,25.043897,0.793285,2.855899,0.0,89.273638,0.0,14.786417,0.0,60.463202,33.801798,60.617061,49.964951,33.676145,50.0,27.0,0.0,0.0,0.0,0.0,0.0,0.0,0.0,0
2255,60.663254,0.0,1.913672,0.0,38.049769,24.994635,0.79937,2.855693,0.0,89.229498,0.0,14.811185,0.0,60.595859,33.775121,60.68383,49.983581,33.713239,50.0,27.0,0.0,0.0,0.0,0.0,0.0,0.0,0.0,0
2256,60.723518,0.0,1.888822,0.0,38.066328,25.028354,0.801966,2.869294,0.0,89.172685,0.0,14.835766,0.0,60.813892,33.73351,60.808591,50.018146,33.782551,50.0,27.0,0.0,0.0,0.0,0.0,0.0,0.0,0.0,0
2257,60.796563,0.0,1.897762,0.0,37.960479,24.909934,0.797176,2.84499,0.0,88.717384,0.0,14.871223,0.0,60.480584,33.772778,60.558445,49.948916,33.643581,50.0,27.0,0.0,0.0,0.0,0.0,0.0,0.0,0.0,0
2258,60.927662,0.0,1.894404,0.0,38.130407,25.029798,0.799909,2.860383,0.0,89.205918,0.0,14.883552,0.0,60.822763,33.722512,60.78973,50.013096,33.772072,50.0,27.0,0.0,0.0,0.0,0.0,0.0,0.0,0.0,0
2259,60.932015,0.0,1.898681,0.0,38.035733,24.995391,0.799996,2.852225,0.0,89.030979,0.0,14.849265,0.0,60.642708,33.789852,60.753784,50.003096,33.752102,50.0,27.0,0.0,0.0,0.0,0.0,0.0,0.0,0.0,0
2260,60.855844,0.0,1.904097,0.0,38.140793,24.818102,0.802744,2.85155,0.0,89.476934,0.0,14.838453,0.0,60.783247,33.811287,60.932596,50.052503,33.851442,50.0,27.0,0.0,0.0,0.0,0.0,0.0,0.0,0.0,0
2261,60.579601,0.0,1.910185,0.0,38.044501,25.039732,0.799504,2.843999,0.0,88.97992,0.0,14.889636,0.0,60.502664,33.908426,60.84758,50.028744,33.804211,50.0,27.0,0.0,0.0,0.0,0.0,0.0,0.0,0.0,0
2262,60.598111,0.0,1.905734,0.0,38.170796,24.978694,0.801806,2.855417,0.0,89.220242,0.0,14.883078,0.0,60.74527,33.814034,60.869522,50.034666,33.816401,50.0,27.0,0.0,0.0,0.0,0.0,0.0,0.0,0.0,0
2263,60.996399,0.0,1.909609,0.0,37.949876,25.027831,0.802459,2.842916,0.0,89.254466,0.0,14.82847,0.0,61.108234,33.525193,60.615445,49.964267,33.675247,50.0,27.0,0.0,0.0,0.0,0.0,0.0,0.0,0.0,0
2264,60.574955,0.0,1.899264,0.0,37.985973,25.073512,0.798572,2.871321,0.0,89.526528,0.0,14.878137,0.0,60.750679,33.778614,60.823249,50.021882,33.790694,50.0,27.0,0.0,0.0,0.0,0.0,0.0,0.0,0.0,0
2265,60.682466,0.0,1.89667,0.0,38.053904,25.00923,0.797505,2.852605,0.0,88.823424,0.0,14.771193,0.0,60.374157,33.772332,60.428942,49.912788,33.571634,50.0,27.0,0.0,0.0,0.0,0.0,0.0,0.0,0.0,0
2266,60.669398,0.0,1.885151,0.0,37.898999,25.08548,0.800454,2.85135,0.0,89.356463,0.0,14.900479,0.0,61.046415,33.548142,60.624874,49.967377,33.680486,50.0,27.0,0.0,0.0,0.0,0.0,0.0,0.0,0.0,0
2267,60.632029,0.0,1.896658,0.0,37.904762,25.199911,0.79895,2.851348,0.0,88.777532,0.0,14.943931,0.0,60.530225,33.75113,60.563208,49.950495,33.646227,50.0,27.0,0.0,0.0,0.0,0.0,0.0,0.0,0.0,0
2268,60.875426,0.0,1.911584,0.0,37.978123,25.047999,0.797494,2.860907,0.0,89.365959,0.0,14.858413,0.0,60.657373,33.844286,60.884796,50.039627,33.824887,50.0,27.0,0.0,0.0,0.0,0.0,0.0,0.0,0.0,0
2269,61.088772,0.0,1.90353,0.0,38.069222,24.982851,0.799101,2.85452,0.0,89.188788,0.0,14.842518,0.0,60.608043,33.708404,60.534625,49.942643,33.630347,50.0,27.0,0.0,0.0,0.0,0.0,0.0,0.0,0.0,0
2270,60.54153,0.0,1.899216,0.0,38.192436,25.045648,0.797959,2.850987,0.0,89.149958,0.0,14.925019,0.0,61.119149,33.410267,60.421438,49.911645,33.567466,50.0,27.0,0.0,0.0,0.0,0.0,0.0,0.0,0.0,0
2271,61.061291,0.0,1.907472,0.0,37.914304,25.157954,0.800356,2.845342,0.0,89.215001,0.0,14.841878,0.0,60.495375,33.738966,60.534619,49.943367,33.630344,50.0,27.0,0.0,0.0,0.0,0.0,0.0,0.0,0.0,0
2272,60.778359,0.0,1.900991,0.0,37.818156,24.979469,0.798746,2.854367,0.0,88.770454,0.0,14.869479,0.0,60.975847,33.504272,60.517582,49.938939,33.620879,50.0,27.0,0.0,0.0,0.0,0.0,0.0,0.0,0.0,0
2273,60.598893,0.0,1.900123,0.0,38.157226,24.888363,0.797864,2.838346,0.0,89.246395,0.0,14.845241,0.0,60.861076,33.66977,60.780549,50.011926,33.766972,50.0,27.0,0.0,0.0,0.0,0.0,0.0,0.0,0.0,0
2274,60.652611,0.0,1.906147,0.0,37.936467,24.959707,0.800927,2.839295,0.0,89.095803,0.0,14.783475,0.0,60.9217,33.616169,60.733141,49.998764,33.740634,50.0,27.0,0.0,0.0,0.0,0.0,0.0,0.0,0.0,0
2275,61.186542,0.0,1.907237,0.0,38.016494,24.972434,0.80172,2.843457,0.0,88.68637,0.0,14.831582,0.0,60.637016,33.925172,61.112046,50.103497,33.951137,50.0,27.0,0.0,0.0,0.0,0.0,0.0,0.0,0.0,0
2276,60.667966,0.0,1.898956,0.0,38.002256,24.949285,0.798347,2.867301,0.0,89.45745,0.0,14.887853,0.0,60.72249,33.567106,60.412535,49.909641,33.562519,50.0,27.0,0.0,0.0,0.0,0.0,0.0,0.0,0.0,0
2277,60.972481,0.0,1.90788,0.0,37.98814,24.93621,0.796453,2.844593,0.0,89.283023,0.0,14.755581,0.0,60.352013,33.925851,60.818158,50.022203,33.787865,50.0,27.0,0.0,0.0,0.0,0.0,0.0,0.0,0.0,0
2278,60.822202,0.0,1.889362,0.0,37.995677,24.973804,0.796207,2.850343,0.0,89.070595,0.0,14.897726,0.0,60.355406,33.774845,60.473889,49.926938,33.596605,50.0,27.0,0.0,0.0,0.0,0.0,0.0,0.0,0.0,0
2279,60.641056,0.0,1.89389,0.0,38.065703,25.032576,0.799777,2.836962,0.0,88.788342,0.0,14.842203,0.0,60.527487,33.612175,60.295432,49.877977,33.497462,50.0,27.0,0.0,0.0,0.0,0.0,0.0,0.0,0.0,0
2280,60.733961,0.0,1.900643,0.0,38.037728,25.091739,0.800795,2.84645,0.0,89.206658,0.0,14.77031,0.0,60.649003,33.669307,60.551965,49.949488,33.639981,50.0,27.0,0.0,0.0,0.0,0.0,0.0,0.0,0.0,0
2281,60.881596,0.0,1.898102,0.0,37.955158,24.914674,0.798583,2.861369,0.0,89.218056,0.0,14.917426,0.0,60.667647,33.638936,60.512609,49.938862,33.618116,50.0,27.0,0.0,0.0,0.0,0.0,0.0,0.0,0.0,0
2282,60.596461,0.0,1.8829,0.0,38.178211,25.015045,0.798591,2.864923,0.0,88.947377,0.0,14.795889,0.0,60.315805,33.947414,60.821152,50.024446,33.789529,50.0,27.0,0.0,0.0,0.0,0.0,0.0,0.0,0.0,0
2283,60.790216,0.0,1.905713,0.0,37.998683,24.920116,0.799777,2.835858,0.0,89.022825,0.0,14.802411,0.0,60.74706,33.705001,60.709485,49.99346,33.727491,50.0,27.0,0.0,0.0,0.0,0.0,0.0,0.0,0.0,0
2284,60.840625,0.0,1.907203,0.0,37.951003,24.949092,0.799447,2.848954,0.0,88.92702,0.0,14.889928,0.0,60.473801,33.835972,60.71484,49.994973,33.730467,50.0,27.0,0.0,0.0,0.0,0.0,0.0,0.0,0.0,0
2285,60.316939,0.0,1.900913,0.0,37.927663,24.950683,0.802392,2.838359,0.0,89.051303,0.0,14.847939,0.0,60.640349,33.545462,60.253528,49.867493,33.474182,50.0,27.0,0.0,0.0,0.0,0.0,0.0,0.0,0.0,0
2286,60.837081,0.0,1.902252,0.0,37.998118,25.003915,0.80409,2.849933,0.0,89.342991,0.0,14.86601,0.0,60.915203,33.636558,60.744716,50.003914,33.747064,50.0,27.0,0.0,0.0,0.0,0.0,0.0,0.0,0.0,0
2287,60.471249,0.0,1.902659,0.0,37.974575,24.775,0.799559,2.839854,0.0,88.923432,0.0,14.85225,0.0,60.600933,33.719805,60.616699,49.968512,33.675944,50.0,27.0,0.0,0.0,0.0,0.0,0.0,0.0,0.0,0
2288,60.643439,0.0,1.898625,0.0,37.862576,25.034566,0.80029,2.863111,0.0,88.936439,0.0,14.937204,0.0,60.521044,33.891954,60.898951,50.046682,33.83275,50.0,27.0,0.0,0.0,0.0,0.0,0.0,0.0,0.0,0
2289,60.564147,0.0,1.898874,0.0,38.10654,24.991881,0.80026,2.847098,0.0,89.002558,0.0,14.856825,0.0,60.711471,33.705875,60.673249,49.984066,33.707361,50.0,27.0,0.0,0.0,0.0,0.0,0.0,0.0,0.0,0
2290,60.417288,0.0,1.896937,0.0,38.130283,25.098287,0.797338,2.84768,0.0,89.32136,0.0,14.805847,0.0,60.631066,33.703369,60.589946,49.961121,33.661081,50.0,27.0,0.0,0.0,0.0,0.0,0.0,0.0,0.0,0
2291,61.040633,0.0,1.902254,0.0,38.045581,24.91828,0.799469,2.868155,0.0,88.926997,0.0,14.806237,0.0,60.709606,33.762318,60.795402,50.018102,33.775224,50.0,27.0,0.0,0.0,0.0,0.0,0.0,0.0,0.0,0
2292,60.890627,0.0,1.892766,0.0,37.912109,25.003036,0.80276,2.845276,0.0,89.203234,0.0,14.799331,0.0,60.895291,33.647362,60.73324,50.00083,33.740689,50.0,27.0,0.0,0.0,0.0,0.0,0.0,0.0,0.0,0
2293,60.991798,0.0,1.901085,0.0,38.092641,24.89988,0.799764,2.858596,0.0,89.253325,0.0,14.803611,0.0,60.872836,33.594262,60.608905,49.96646,33.671614,50.0,27.0,0.0,0.0,0.0,0.0,0.0,0.0,0.0,0
2294,60.556015,0.0,1.91009,0.0,37.975823,25.015009,0.801519,2.84647,0.0,89.158213,0.0,14.915614,0.0,60.517119,33.715926,60.526319,49.943801,33.625733,50.0,27.0,0.0,0.0,0.0,0.0,0.0,0.0,0.0,0
2295,60.516033,0.0,1.899566,0.0,37.954631,25.220348,0.801385,2.861958,0.0,88.959202,0.0,14.840682,0.0,60.54481,33.813762,60.759809,50.008616,33.75545,50.0,27.0,0.0,0.0,0.0,0.0,0.0,0.0,0.0,0
2296,60.819128,0.0,1.894207,0.0,37.966588,24.97953,0.800506,2.855657,0.0,88.878593,0.0,14.767852,0.0,60.825325,33.528041,60.424193,49.91581,33.568996,50.0,27.0,0.0,0.0,0.0,0.0,0.0,0.0,0.0,0
2297,60.955579,0.0,1.909843,0.0,38.084098,25.042491,0.805086,2.852539,0.0,89.309511,0.0,14.868204,0.0,60.757494,33.7513,60.852369,50.034575,33.806872,50.0,27.0,0.0,0.0,0.0,0.0,0.0,0.0,0.0,0
2298,60.818519,0.0,1.895595,0.0,37.917275,25.013923,0.802354,2.855255,0.0,88.943941,0.0,14.788002,0.0,60.459877,33.764409,60.576474,49.958147,33.653597,50.0,27.0,0.0,0.0,0.0,0.0,0.0,0.0,0.0,0
2299,60.63284,0.0,1.901262,0.0,37.94022,25.158832,0.800277,2.843982,0.0,88.761482,0.0,14.883652,0.0,60.370046,33.983737,60.942,50.059385,33.856667,50.0,27.0,0.0,0.0,0.0,0.0,0.0,0.0,0.0,0
2300,60.527555,0.0,1.897747,0.0,38.052888,24.957219,0.805339,2.853189,0.0,89.337454,0.0,14.832443,0.0,60.715396,33.75966,60.778941,50.014021,33.766079,50.0,27.0,0.0,0.0,0.0,0.0,0.0,0.0,0.0,0
2301,60.710855,0.0,1.909061,0.0,37.90863,25.139583,0.805244,2.858228,0.0,89.596441,0.0,14.782094,0.0,60.790028,33.682273,60.686365,49.988363,33.714647,50.0,27.0,0.0,0.0,0.0,0.0,0.0,0.0,0.0,0
2302,60.58507,0.0,1.903644,0.0,38.007653,25.112429,0.797147,2.855967,0.0,89.028417,0.0,14.816867,0.0,60.736536,33.665586,60.604151,49.965698,33.668973,50.0,27.0,0.0,0.0,0.0,0.0,0.0,0.0,0.0,0
2303,60.94269,0.0,1.900949,0.0,37.993562,25.173517,0.800376,2.854303,0.0,89.238563,0.0,14.952109,0.0,60.514943,33.920775,60.929122,50.055689,33.849512,50.0,27.0,0.0,0.0,0.0,0.0,0.0,0.0,0.0,0
2304,60.584881,0.0,1.89648,0.0,38.236887,25.100726,0.801064,2.853995,0.0,89.359946,0.0,14.787272,0.0,60.992012,33.64091,60.789964,50.016949,33.772202,50.0,27.0,0.0,0.0,0.0,0.0,0.0,0.0,0.0,0
2305,61.048969,0.0,1.898382,0.0,37.976259,24.958767,0.797232,2.854916,0.0,89.39279,0.0,14.820828,0.0,61.001874,33.599568,60.72525,49.998978,33.73625,50.0,27.0,0.0,0.0,0.0,0.0,0.0,0.0,0.0,0
2306,60.771865,0.0,1.887066,0.0,37.939248,25.029838,0.804038,2.846035,0.0,89.010712,0.0,14.875952,0.0,60.693511,33.772154,60.798222,50.019152,33.77679,50.0,27.0,0.0,0.0,0.0,0.0,0.0,0.0,0.0,0
2307,60.569045,0.0,1.884912,0.0,37.939042,25.020068,0.796609,2.861681,0.0,88.932912,0.0,14.892846,0.0,60.440954,33.836953,60.675807,49.985222,33.708782,50.0,27.0,0.0,0.0,0.0,0.0,0.0,0.0,0.0,0
2308,60.765756,0.0,1.901302,0.0,37.949073,24.997309,0.799283,2.847844,0.0,89.190586,0.0,14.845353,0.0,60.722781,33.628837,60.503961,49.937798,33.613312,50.0,27.0,0.0,0.0,0.0,0.0,0.0,0.0,0.0,0
2309,60.850075,0.0,1.905823,0.0,37.936716,25.08131,0.802428,2.851091,0.0,89.04453,0.0,14.853403,0.0,60.784816,33.712439,60.756021,50.007776,33.753345,50.0,27.0,0.0,0.0,0.0,0.0,0.0,0.0,0.0,0
2310,60.928403,0.0,1.900528,0.0,38.123694,24.937088,0.802289,2.853136,0.0,88.909716,0.0,14.853791,0.0,60.566065,33.821738,60.769622,50.011497,33.760901,50.0,27.0,0.0,0.0,0.0,0.0,0.0,0.0,0.0,0
2311,60.678363,0.0,1.897654,0.0,38.04374,24.957064,0.803822,2.851503,0.0,88.838624,0.0,14.837617,0.0,60.594036,34.029427,61.222964,50.136741,34.012758,50.0,27.0,0.0,0.0,0.0,0.0,0.0,0.0,0.0,0
2312,60.54381,0.0,1.895878,0.0,37.909264,24.97375,0.802664,2.857136,0.0,89.05951,0.0,14.906328,0.0,60.913917,33.615675,60.63078,49.972384,33.683767,50.0,27.0,0.0,0.0,0.0,0.0,0.0,0.0,0.0,0
2313,60.822773,0.0,1.904336,0.0,37.961445,24.872809,0.800406,2.838833,0.0,89.304463,0.0,14.772316,0.0,60.89328,33.640728,60.680685,49.986315,33.711492,50.0,27.0,0.0,0.0,0.0,0.0,0.0,0.0,0.0,0
2314,60.868229,0.0,1.907492,0.0,38.204345,25.078659,0.794278,2.86263,0.0,89.280998,0.0,14.868436,0.0,60.693477,33.802088,60.834538,50.028907,33.796965,50.0,27.0,0.0,0.0,0.0,0.0,0.0,0.0,0.0,0
2315,60.614412,0.0,1.891842,0.0,37.838275,25.005898,0.801554,2.837305,0.0,89.008516,0.0,14.95797,0.0,60.725763,33.843461,60.945278,50.059371,33.858488,50.0,27.0,0.0,0.0,0.0,0.0,0.0,0.0,0.0,0
2316,60.511076,0.0,1.905391,0.0,38.172705,25.064452,0.800553,2.856146,0.0,89.636409,0.0,14.804979,0.0,60.572063,33.762586,60.607263,49.96565,33.670702,50.0,27.0,0.0,0.0,0.0,0.0,0.0,0.0,0.0,0
2317,60.934618,0.0,1.891058,0.0,38.136506,24.993539,0.799759,2.837027,0.0,89.567461,0.0,14.892589,0.0,61.112029,33.450188,60.486063,49.932322,33.603368,50.0,27.0,0.0,0.0,0.0,0.0,0.0,0.0,0.0,0
2318,60.633412,0.0,1.901869,0.0,38.135764,24.838579,0.797946,2.839255,0.0,89.5209,0.0,14.821944,0.0,60.714608,33.724132,60.705616,49.993342,33.725342,50.0,27.0,0.0,0.0,0.0,0.0,0.0,0.0,0.0,0
2319,60.982785,0.0,1.8946,0.0,37.957248,24.993739,0.7928,2.842222,0.0,89.167013,0.0,14.80093,0.0,60.675079,33.774757,60.773438,50.012121,33.763021,50.0,27.0,0.0,0.0,0.0,0.0,0.0,0.0,0.0,0
2320,60.643125,0.0,1.903854,0.0,38.123252,25.006082,0.802678,2.853415,0.0,89.276428,0.0,14.822577,0.0,60.724228,33.706992,60.673497,49.984437,33.707498,50.0,27.0,0.0,0.0,0.0,0.0,0.0,0.0,0.0,0
2321,60.790236,0.0,1.901924,0.0,37.864377,25.077634,0.800682,2.862361,0.0,89.249355,0.0,14.837529,0.0,60.484423,33.909403,60.863823,50.03712,33.813235,50.0,27.0,0.0,0.0,0.0,0.0,0.0,0.0,0.0,0
2322,60.455841,0.0,1.901265,0.0,37.994654,24.924301,0.799424,2.848506,0.0,88.859308,0.0,14.800266,0.0,60.728366,33.676542,60.592863,49.962043,33.662701,50.0,27.0,0.0,0.0,0.0,0.0,0.0,0.0,0.0,0
2323,60.642103,0.0,1.900771,0.0,37.988025,24.870215,0.800703,2.860045,0.0,88.919079,0.0,14.918895,0.0,60.657514,33.760975,60.708581,49.994216,33.726989,50.0,27.0,0.0,0.0,0.0,0.0,0.0,0.0,0.0,0
2324,60.840761,0.0,1.903653,0.0,37.854511,24.927071,0.80169,2.851679,0.0,89.137656,0.0,14.901878,0.0,60.668881,33.602398,60.382257,49.90405,33.545698,50.0,27.0,0.0,0.0,0.0,0.0,0.0,0.0,0.0,0
2325,60.892134,0.0,1.911375,0.0,38.000217,25.008052,0.800915,2.85033,0.0,89.207521,0.0,14.894392,0.0,60.956292,33.643493,60.774266,50.012877,33.763481,50.0,27.0,0.0,0.0,0.0,0.0,0.0,0.0,0.0,0
2326,60.739308,0.0,1.90455,0.0,37.949237,24.885345,0.802801,2.843634,0.0,89.261583,0.0,14.841331,0.0,60.49971,33.813362,60.68738,49.988798,33.715211,50.0,27.0,0.0,0.0,0.0,0.0,0.0,0.0,0.0,0
2327,60.540441,0.0,1.896495,0.0,38.108039,25.047943,0.79956,2.842438,0.0,88.880822,0.0,14.856897,0.0,60.721643,33.651277,60.555685,49.952454,33.642047,50.0,27.0,0.0,0.0,0.0,0.0,0.0,0.0,0.0,0
2328,60.631057,0.0,1.899732,0.0,38.063807,24.924149,0.799092,2.862047,0.0,89.052499,0.0,14.819586,0.0,60.584208,33.707371,60.546946,49.950275,33.637192,50.0,27.0,0.0,0.0,0.0,0.0,0.0,0.0,0.0,0
2329,61.139174,0.0,1.902448,0.0,38.004655,24.922042,0.801313,2.86351,0.0,88.702829,0.0,14.902848,0.0,60.891892,33.60877,60.648971,49.978722,33.693873,50.0,27.0,0.0,0.0,0.0,0.0,0.0,0.0,0.0,0
2330,60.84726,0.0,1.900822,0.0,37.967564,24.996068,0.7989,2.862642,0.0,89.131895,0.0,14.826281,0.0,60.73367,33.649481,60.591807,49.963028,33.662115,50.0,27.0,0.0,0.0,0.0,0.0,0.0,0.0,0.0,0
2331,60.26741,0.0,1.909911,0.0,38.107267,24.974865,0.798961,2.852522,0.0,89.402477,0.0,14.78358,0.0,60.97368,33.553371,60.637952,49.975966,33.687751,50.0,27.0,0.0,0.0,0.0,0.0,0.0,0.0,0.0,0
2332,60.761559,0.0,1.893572,0.0,37.986465,24.933288,0.79638,2.854819,0.0,88.731549,0.0,14.78167,0.0,60.766024,33.634172,60.621718,49.971598,33.678732,50.0,27.0,0.0,0.0,0.0,0.0,0.0,0.0,0.0,0
2333,60.80219,0.0,1.894722,0.0,37.99128,25.076504,0.799925,2.860434,0.0,88.963638,0.0,14.871418,0.0,60.115463,34.013315,60.779931,50.015469,33.766629,50.0,27.0,0.0,0.0,0.0,0.0,0.0,0.0,0.0,0
2334,60.787715,0.0,1.909771,0.0,37.873276,24.867145,0.800809,2.851081,0.0,88.854839,0.0,14.769372,0.0,60.533721,33.871516,60.857552,50.036846,33.809751,50.0,27.0,0.0,0.0,0.0,0.0,0.0,0.0,0.0,0
2335,60.665428,0.0,1.893496,0.0,37.800451,25.01954,0.800045,2.856144,0.0,88.870906,0.0,14.862604,0.0,60.478242,33.808133,60.648136,49.978781,33.693409,50.0,27.0,0.0,0.0,0.0,0.0,0.0,0.0,0.0,0
2336,60.898407,0.0,1.903797,0.0,37.837624,24.862536,0.797977,2.862583,0.0,89.135423,0.0,14.934109,0.0,60.877459,33.651218,60.705742,49.994809,33.725412,50.0,27.0,0.0,0.0,0.0,0.0,0.0,0.0,0.0,0
2337,60.659929,0.0,1.893774,0.0,37.782304,24.986286,0.800105,2.85002,0.0,89.562444,0.0,14.886213,0.0,60.34784,33.859182,60.625528,49.972664,33.680849,50.0,27.0,0.0,0.0,0.0,0.0,0.0,0.0,0.0,0
2338,60.807906,0.0,1.90404,0.0,38.194943,24.966612,0.802366,2.856292,0.0,88.322453,0.0,14.935198,0.0,60.710092,33.762965,60.767467,50.012031,33.759704,50.0,27.0,0.0,0.0,0.0,0.0,0.0,0.0,0.0,0
2339,61.071927,0.0,1.907978,0.0,38.154011,25.020039,0.800204,2.835438,0.0,88.873208,0.0,14.945183,0.0,60.769878,33.743296,60.782179,50.016038,33.767877,50.0,27.0,0.0,0.0,0.0,0.0,0.0,0.0,0.0,0
2340,60.800877,0.0,1.902248,0.0,38.205002,24.949001,0.800013,2.844473,0.0,88.84258,0.0,14.858721,0.0,60.981929,33.507928,60.496981,49.93713,33.609434,50.0,27.0,0.0,0.0,0.0,0.0,0.0,0.0,0.0,0
2341,60.830054,0.0,1.906702,0.0,37.908977,24.982036,0.798062,2.853976,0.0,88.963932,0.0,14.892953,0.0,60.506103,33.786248,60.638546,49.976571,33.688081,50.0,27.0,0.0,0.0,0.0,0.0,0.0,0.0,0.0,0
2342,60.908157,0.0,1.888876,0.0,37.975008,24.88824,0.797989,2.84841,0.0,89.024875,0.0,14.824227,0.0,60.506829,33.79332,60.645912,49.978724,33.692173,50.0,27.0,0.0,0.0,0.0,0.0,0.0,0.0,0.0,0
2343,60.725067,0.0,1.910961,0.0,38.041193,24.868296,0.796191,2.848488,0.0,89.023719,0.0,14.812244,0.0,60.564738,33.700086,60.498462,49.938075,33.610257,50.0,27.0,0.0,0.0,0.0,0.0,0.0,0.0,0.0,0
2344,60.772729,0.0,1.900997,0.0,37.85875,24.947968,0.795174,2.856778,0.0,89.273989,0.0,14.943735,0.0,60.605146,33.827322,60.811402,50.024878,33.784112,50.0,27.0,0.0,0.0,0.0,0.0,0.0,0.0,0.0,0
2345,61.157402,0.0,1.906085,0.0,37.936996,24.832475,0.801529,2.843395,0.0,89.742824,0.0,14.810036,0.0,60.818308,33.57793,60.48561,49.934707,33.603117,50.0,27.0,0.0,0.0,0.0,0.0,0.0,0.0,0.0,0
2346,60.841829,0.0,1.895285,0.0,37.889323,25.011855,0.796142,2.847767,0.0,89.231513,0.0,14.823377,0.0,60.710416,33.648112,60.546553,49.951876,33.636974,50.0,27.0,0.0,0.0,0.0,0.0,0.0,0.0,0.0,0
2347,60.673724,0.0,1.891128,0.0,38.037164,25.098857,0.8013,2.842969,0.0,89.17912,0.0,14.865779,0.0,60.578588,33.706441,60.548005,49.952517,33.63778,50.0,27.0,0.0,0.0,0.0,0.0,0.0,0.0,0.0,0
2348,60.909289,0.0,1.906495,0.0,38.081961,25.09301,0.799424,2.850452,0.0,89.118153,0.0,14.774819,0.0,60.953157,33.540489,60.57443,49.960057,33.652461,50.0,27.0,0.0,0.0,0.0,0.0,0.0,0.0,0.0,0
2349,60.72989,0.0,1.893765,0.0,37.961079,25.176075,0.797939,2.841512,0.0,88.611753,0.0,14.806502,0.0,60.731658,33.637985,60.582256,49.962419,33.656809,50.0,27.0,0.0,0.0,0.0,0.0,0.0,0.0,0.0,0
2350,60.713876,0.0,1.904562,0.0,38.007796,24.974452,0.803009,2.85434,0.0,89.618038,0.0,14.783392,0.0,60.741695,33.664216,60.656963,49.983254,33.698313,50.0,27.0,0.0,0.0,0.0,0.0,0.0,0.0,0.0,0
2351,60.779777,0.0,1.898907,0.0,38.132903,24.870317,0.800583,2.849656,0.0,89.115897,0.0,14.887037,0.0,60.53256,33.838176,60.820071,50.02842,33.788928,50.0,27.0,0.0,0.0,0.0,0.0,0.0,0.0,0.0,0
2352,60.712994,0.0,1.891375,0.0,38.165002,25.024492,0.795875,2.851419,0.0,88.995361,0.0,14.873919,0.0,60.560693,33.719899,60.580743,49.962129,33.655968,50.0,27.0,0.0,0.0,0.0,0.0,0.0,0.0,0.0,0
2353,60.93997,0.0,1.892994,0.0,38.149587,24.838879,0.798159,2.843319,0.0,89.256389,0.0,14.819827,0.0,60.70115,33.674891,60.625008,49.974552,33.68056,50.0,27.0,0.0,0.0,0.0,0.0,0.0,0.0,0.0,0
2354,60.79761,0.0,1.905733,0.0,38.10284,24.940989,0.801164,2.844081,0.0,89.154153,0.0,14.89136,0.0,60.524277,33.76382,60.640477,49.978955,33.689154,50.0,27.0,0.0,0.0,0.0,0.0,0.0,0.0,0.0,0
2355,60.582344,0.0,1.891295,0.0,37.906364,25.048254,0.802891,2.845983,0.0,88.928705,0.0,14.855081,0.0,60.656893,33.60825,60.437676,49.923006,33.576486,50.0,27.0,0.0,0.0,0.0,0.0,0.0,0.0,0.0,0
2356,60.471464,0.0,1.901383,0.0,37.918844,24.88777,0.804172,2.845534,0.0,89.009037,0.0,14.861501,0.0,60.271396,33.976755,60.843196,50.035473,33.801776,50.0,27.0,0.0,0.0,0.0,0.0,0.0,0.0,0.0,0
2357,60.870505,0.0,1.897539,0.0,37.990633,24.96525,0.801078,2.854413,0.0,88.843559,0.0,14.781822,0.0,60.588817,33.945305,61.05854,50.094817,33.921411,50.0,27.0,0.0,0.0,0.0,0.0,0.0,0.0,0.0,0
2358,60.609961,0.0,1.902602,0.0,38.092948,25.068467,0.802654,2.852915,0.0,89.007278,0.0,14.838927,0.0,60.897257,33.527303,60.455899,49.927778,33.58661,50.0,27.0,0.0,0.0,0.0,0.0,0.0,0.0,0.0,0
2359,60.8286,0.0,1.887111,0.0,38.060131,25.029308,0.801697,2.84865,0.0,88.923629,0.0,14.826397,0.0,61.323748,33.600585,61.064553,50.096366,33.924752,50.0,27.0,0.0,0.0,0.0,0.0,0.0,0.0,0.0,0
2360,61.296747,0.0,1.89526,0.0,37.985838,25.040667,0.800984,2.832633,0.0,88.927243,0.0,14.739647,0.0,60.858016,33.603024,60.620167,49.973061,33.677871,50.0,27.0,0.0,0.0,0.0,0.0,0.0,0.0,0.0,0
2361,60.744341,0.0,1.899623,0.0,38.141033,25.033164,0.798854,2.85476,0.0,88.770253,0.0,14.887955,0.0,60.82201,33.681947,60.765505,50.013365,33.758614,50.0,27.0,0.0,0.0,0.0,0.0,0.0,0.0,0.0,0
2362,60.693739,0.0,1.892229,0.0,37.918701,25.084576,0.800284,2.853194,0.0,88.888414,0.0,14.840363,0.0,60.369216,33.843237,60.656462,49.98316,33.698035,50.0,27.0,0.0,0.0,0.0,0.0,0.0,0.0,0.0,0
2363,60.763947,0.0,1.898046,0.0,37.903832,25.078083,0.801513,2.854415,0.0,88.917661,0.0,14.86014,0.0,60.800504,33.837524,61.057746,50.094157,33.92097,50.0,27.0,0.0,0.0,0.0,0.0,0.0,0.0,0.0,0
2364,60.599725,0.0,1.906265,0.0,38.168056,24.953602,0.805391,2.85185,0.0,88.516412,0.0,14.816695,0.0,61.036955,33.656945,60.89721,50.049317,33.831784,50.0,27.0,0.0,0.0,0.0,0.0,0.0,0.0,0.0,0
2365,60.816932,0.0,1.8855,0.0,38.12763,24.94816,0.798961,2.854182,0.0,89.146036,0.0,14.900677,0.0,60.552578,33.862652,60.855481,50.037538,33.808601,50.0,27.0,0.0,0.0,0.0,0.0,0.0,0.0,0.0,0
2366,61.109994,0.0,1.896701,0.0,37.782069,24.967119,0.805189,2.850175,0.0,89.172569,0.0,14.813618,0.0,60.570997,33.76194,60.642529,49.978492,33.690294,50.0,27.0,0.0,0.0,0.0,0.0,0.0,0.0,0.0,0
2367,60.779734,0.0,1.903062,0.0,37.97845,25.073783,0.800882,2.848819,0.0,88.697292,0.0,14.842699,0.0,60.919383,33.632628,60.713678,49.998264,33.729821,50.0,27.0,0.0,0.0,0.0,0.0,0.0,0.0,0.0,0
2368,60.444738,0.0,1.898729,0.0,37.934796,24.965295,0.804246,2.848291,0.0,88.878264,0.0,14.854753,0.0,60.860662,33.651147,60.706877,49.996393,33.726043,50.0,27.0,0.0,0.0,0.0,0.0,0.0,0.0,0.0,0
2369,60.474563,0.0,1.89951,0.0,38.101204,24.912922,0.798487,2.843938,0.0,88.883255,0.0,14.884713,0.0,60.795211,33.729481,60.816274,50.026648,33.786819,50.0,27.0,0.0,0.0,0.0,0.0,0.0,0.0,0.0,0
2370,60.946634,0.0,1.883802,0.0,37.906321,25.03865,0.799404,2.861106,0.0,89.121102,0.0,14.848922,0.0,60.539928,33.776581,60.659024,49.983052,33.699458,50.0,27.0,0.0,0.0,0.0,0.0,0.0,0.0,0.0,0
2371,60.812413,0.0,1.904082,0.0,38.037047,25.061929,0.802205,2.853149,0.0,88.747886,0.0,14.894165,0.0,60.502813,34.006999,61.100505,50.10516,33.944725,50.0,27.0,0.0,0.0,0.0,0.0,0.0,0.0,0.0,0
2372,60.761675,0.0,1.885132,0.0,38.066881,25.190012,0.80006,2.857416,0.0,89.550359,0.0,14.84295,0.0,60.658043,33.758565,60.694339,49.992374,33.719077,50.0,27.0,0.0,0.0,0.0,0.0,0.0,0.0,0.0,0
2373,60.728346,0.0,1.901475,0.0,37.920789,25.13212,0.798503,2.849153,0.0,89.314638,0.0,14.897434,0.0,60.61174,33.727765,60.580797,49.96103,33.655999,50.0,27.0,0.0,0.0,0.0,0.0,0.0,0.0,0.0,0
2374,60.823057,0.0,1.89849,0.0,38.057505,25.060337,0.801963,2.856004,0.0,89.166389,0.0,14.821071,0.0,60.509148,33.803252,60.639371,49.977413,33.688539,50.0,27.0,0.0,0.0,0.0,0.0,0.0,0.0,0.0,0
2375,60.894521,0.0,1.901034,0.0,38.127465,25.14422,0.799163,2.848401,0.0,89.149071,0.0,14.866471,0.0,60.666338,33.838373,60.862506,50.039199,33.812503,50.0,27.0,0.0,0.0,0.0,0.0,0.0,0.0,0.0,0
2376,60.711934,0.0,1.903419,0.0,37.800323,25.120706,0.796451,2.845236,0.0,89.021865,0.0,14.827376,0.0,60.746808,33.851339,60.958064,50.065416,33.865591,50.0,27.0,0.0,0.0,0.0,0.0,0.0,0.0,0.0,0
2377,60.746515,0.0,1.906006,0.0,37.942193,25.092475,0.798721,2.825719,0.0,89.012815,0.0,14.765917,0.0,60.803493,33.78707,60.865978,50.039638,33.814432,50.0,27.0,0.0,0.0,0.0,0.0,0.0,0.0,0.0,0
2378,60.485078,0.0,1.897596,0.0,37.90556,24.883506,0.801132,2.853942,0.0,89.309185,0.0,14.852504,0.0,60.783912,33.83108,60.935325,50.058608,33.852958,50.0,27.0,0.0,0.0,0.0,0.0,0.0,0.0,0.0,0
2379,60.905765,0.0,1.904934,0.0,38.078195,24.987234,0.800084,2.852042,0.0,89.38149,0.0,14.896449,0.0,60.811689,33.726672,60.733404,50.002507,33.74078,50.0,27.0,0.0,0.0,0.0,0.0,0.0,0.0,0.0,0
2380,60.946985,0.0,1.895286,0.0,37.921649,25.036611,0.800782,2.82435,0.0,89.623562,0.0,14.839159,0.0,60.808798,33.90722,61.11625,50.108311,33.953472,50.0,27.0,0.0,0.0,0.0,0.0,0.0,0.0,0.0,0
2381,60.907967,0.0,1.899402,0.0,38.054866,24.964531,0.804428,2.840726,0.0,89.226286,0.0,14.880257,0.0,60.898634,33.759733,60.875764,50.041303,33.819869,50.0,27.0,0.0,0.0,0.0,0.0,0.0,0.0,0.0,0
2382,60.270297,0.0,1.900218,0.0,38.077049,24.975897,0.800731,2.845264,0.0,89.488844,0.0,14.900487,0.0,60.726106,33.670793,60.517058,49.941953,33.620588,50.0,27.0,0.0,0.0,0.0,0.0,0.0,0.0,0.0,0
2383,61.217705,0.0,1.893259,0.0,37.849406,24.959864,0.804926,2.844348,0.0,88.947223,0.0,14.885906,0.0,61.118025,33.571648,60.712907,49.996373,33.729393,50.0,27.0,0.0,0.0,0.0,0.0,0.0,0.0,0.0,0
2384,60.686299,0.0,1.893882,0.0,37.96758,24.942706,0.8013,2.843891,0.0,89.00058,0.0,14.917713,0.0,60.973944,33.667278,60.795867,50.019321,33.775482,50.0,27.0,0.0,0.0,0.0,0.0,0.0,0.0,0.0,0
2385,60.781808,0.0,1.902982,0.0,37.991994,25.090901,0.801174,2.850743,0.0,88.881283,0.0,14.864094,0.0,61.056089,33.642668,60.83723,50.030657,33.798461,50.0,27.0,0.0,0.0,0.0,0.0,0.0,0.0,0.0,0
2386,61.04556,0.0,1.909736,0.0,38.08292,24.994585,0.799679,2.842039,0.0,89.278913,0.0,14.855043,0.0,61.056023,33.489345,60.527428,49.944877,33.626349,50.0,27.0,0.0,0.0,0.0,0.0,0.0,0.0,0.0,0
2387,60.931672,0.0,1.901456,0.0,38.087001,25.045635,0.797886,2.844956,0.0,88.852141,0.0,14.931242,0.0,60.491133,33.897975,60.857528,50.03639,33.809738,50.0,27.0,0.0,0.0,0.0,0.0,0.0,0.0,0.0,0
2388,60.478678,0.0,1.906043,0.0,38.083311,25.039273,0.799022,2.854514,0.0,88.622634,0.0,14.857712,0.0,60.550276,33.819387,60.727999,50.000407,33.737777,50.0,27.0,0.0,0.0,0.0,0.0,0.0,0.0,0.0,0
2389,60.713918,0.0,1.897046,0.0,37.907442,25.047161,0.797395,2.846929,0.0,89.305041,0.0,14.90675,0.0,60.69631,33.708442,60.628902,49.973015,33.682723,50.0,27.0,0.0,0.0,0.0,0.0,0.0,0.0,0.0,0
2390,60.964444,0.0,1.89615,0.0,37.915351,25.036492,0.801798,2.84525,0.0,89.072563,0.0,14.755297,0.0,60.821098,33.601687,60.532717,49.946564,33.629287,50.0,27.0,0.0,0.0,0.0,0.0,0.0,0.0,0.0,0
2391,60.631929,0.0,1.896641,0.0,37.823493,25.004846,0.801195,2.854676,0.0,89.440187,0.0,14.814776,0.0,60.58916,33.764766,60.662796,49.982784,33.701553,50.0,27.0,0.0,0.0,0.0,0.0,0.0,0.0,0.0,0
2392,60.542425,0.0,1.900043,0.0,37.909342,25.066018,0.804144,2.849476,0.0,88.868225,0.0,14.8453,0.0,60.475334,33.895402,60.819928,50.0263,33.788849,50.0,27.0,0.0,0.0,0.0,0.0,0.0,0.0,0.0,0
2393,60.769745,0.0,1.89865,0.0,38.178445,25.017474,0.797087,2.851174,0.0,88.876996,0.0,14.858151,0.0,60.879793,33.694432,60.77893,50.014837,33.766072,50.0,27.0,0.0,0.0,0.0,0.0,0.0,0.0,0.0,0
2394,60.807532,0.0,1.900155,0.0,37.955015,25.035049,0.801148,2.837666,0.0,88.802616,0.0,14.835506,0.0,60.698413,33.775068,60.773945,50.013385,33.763303,50.0,27.0,0.0,0.0,0.0,0.0,0.0,0.0,0.0,0
2395,60.703,0.0,1.89583,0.0,37.799936,25.012962,0.797539,2.851919,0.0,88.799522,0.0,14.815051,0.0,60.626513,33.774695,60.696537,49.991924,33.720298,50.0,27.0,0.0,0.0,0.0,0.0,0.0,0.0,0.0,0
2396,60.713766,0.0,1.896999,0.0,37.70298,25.038161,0.800893,2.843133,0.0,89.26554,0.0,14.872973,0.0,60.914636,33.579904,60.569397,49.956823,33.649665,50.0,27.0,0.0,0.0,0.0,0.0,0.0,0.0,0.0,0
2397,60.531622,0.0,1.902575,0.0,38.047,25.002407,0.796724,2.849103,0.0,88.869103,0.0,14.875763,0.0,60.606257,33.94958,61.062381,50.093296,33.923545,50.0,27.0,0.0,0.0,0.0,0.0,0.0,0.0,0.0,0
2398,60.741645,0.0,1.90604,0.0,37.758737,24.880772,0.798735,2.843586,0.0,89.09338,0.0,14.893242,0.0,60.521957,33.858631,60.757727,50.008627,33.754293,50.0,27.0,0.0,0.0,0.0,0.0,0.0,0.0,0.0,0
2399,60.857571,0.0,1.899272,0.0,37.951522,25.0566,0.80404,2.865405,0.0,89.000113,0.0,14.82154,0.0,60.61385,33.721929,60.546529,49.95021,33.63696,50.0,27.0,0.0,0.0,0.0,0.0,0.0,0.0,0.0,0
2400,60.750845,0.0,1.897668,0.0,38.141687,24.980146,0.800396,2.849532,0.0,88.777483,0.0,14.931338,0.0,60.742961,33.946815,61.154216,50.11842,33.974564,50.0,27.0,0.0,0.0,0.0,0.0,0.0,0.0,0.0,0
2401,60.862372,0.0,1.904099,0.0,38.037515,25.0542,0.800915,2.850223,0.0,89.565067,0.0,14.894484,0.0,61.28361,33.376589,60.466342,49.927705,33.592412,50.0,27.0,0.0,0.0,0.0,0.0,0.0,0.0,0.0,0
2402,60.878717,0.0,1.896723,0.0,38.094149,25.010817,0.793925,2.850288,0.0,89.267847,0.0,14.839917,0.0,60.777747,33.823665,60.954608,50.06302,33.863671,50.0,27.0,0.0,0.0,0.0,0.0,0.0,0.0,0.0,0
2403,60.914972,0.0,1.892713,0.0,37.658,25.066126,0.799969,2.836237,0.0,88.64651,0.0,14.811195,0.0,61.003852,33.627233,60.75531,50.007621,33.75295,50.0,27.0,0.0,0.0,0.0,0.0,0.0,0.0,0.0,0
2404,61.225613,0.0,1.902109,0.0,37.909915,25.057625,0.798195,2.83527,0.0,89.040993,0.0,14.905008,0.0,60.552033,33.866346,60.823404,50.026404,33.79078,50.0,27.0,0.0,0.0,0.0,0.0,0.0,0.0,0.0,0
2405,60.766857,0.0,1.89799,0.0,37.939691,24.850699,0.801558,2.863256,0.0,89.103321,0.0,14.781855,0.0,60.604878,33.860449,60.846851,50.032753,33.803806,50.0,27.0,0.0,0.0,0.0,0.0,0.0,0.0,0.0,0
2406,60.349078,0.0,1.902616,0.0,38.062587,25.005618,0.799868,2.848757,0.0,88.917517,0.0,14.924442,0.0,60.870534,33.68354,60.724216,49.998695,33.735676,50.0,27.0,0.0,0.0,0.0,0.0,0.0,0.0,0.0,0
2407,60.536864,0.0,1.894519,0.0,38.002903,24.981223,0.799611,2.847019,0.0,89.884399,0.0,14.8632,0.0,60.943816,33.890561,61.243327,50.142181,34.024071,50.0,27.0,0.0,0.0,0.0,0.0,0.0,0.0,0.0,0
2408,60.503977,0.0,1.898457,0.0,38.107938,24.999094,0.801457,2.853328,0.0,89.220588,0.0,14.870534,0.0,60.803157,33.885098,61.072426,50.094237,33.929125,50.0,27.0,0.0,0.0,0.0,0.0,0.0,0.0,0.0,0
2409,60.825882,0.0,1.902934,0.0,38.209816,24.955592,0.800031,2.859,0.0,89.235442,0.0,14.854473,0.0,60.613424,33.749427,60.579681,49.957576,33.655379,50.0,27.0,0.0,0.0,0.0,0.0,0.0,0.0,0.0,0
2410,60.712785,0.0,1.906099,0.0,38.057853,24.876854,0.799292,2.829075,0.0,89.04077,0.0,14.819388,0.0,61.069301,33.537555,60.59075,49.960846,33.661528,50.0,27.0,0.0,0.0,0.0,0.0,0.0,0.0,0.0,0
2411,60.955878,0.0,1.903942,0.0,38.099041,25.02692,0.800822,2.86496,0.0,89.303776,0.0,14.842382,0.0,61.10081,33.579394,60.740424,50.00241,33.74468,50.0,27.0,0.0,0.0,0.0,0.0,0.0,0.0,0.0,0
2412,60.661589,0.0,1.90132,0.0,37.942283,25.114489,0.799948,2.851498,0.0,89.519994,0.0,14.880149,0.0,60.847943,33.781309,60.935994,50.056453,33.85333,50.0,27.0,0.0,0.0,0.0,0.0,0.0,0.0,0.0,0
2413,60.91179,0.0,1.903743,0.0,38.042982,24.982013,0.805259,2.846933,0.0,88.617566,0.0,14.846046,0.0,60.683136,33.754374,60.708867,49.993395,33.727148,50.0,27.0,0.0,0.0,0.0,0.0,0.0,0.0,0.0,0
2414,60.613872,0.0,1.901999,0.0,38.05808,25.013572,0.797807,2.853622,0.0,89.221476,0.0,14.835576,0.0,60.800886,33.778213,60.875294,50.039428,33.819608,50.0,27.0,0.0,0.0,0.0,0.0,0.0,0.0,0.0,0
2415,60.606224,0.0,1.899956,0.0,38.237746,24.915413,0.805096,2.864905,0.0,89.143346,0.0,14.842652,0.0,60.662747,33.798522,60.775345,50.011606,33.764081,50.0,27.0,0.0,0.0,0.0,0.0,0.0,0.0,0.0,0
2416,60.633285,0.0,1.902269,0.0,37.961697,25.074366,0.80214,2.842902,0.0,88.859169,0.0,14.773826,0.0,60.614762,33.803745,60.731339,49.999386,33.739633,50.0,27.0,0.0,0.0,0.0,0.0,0.0,0.0,0.0,0
2417,60.902837,0.0,1.907409,0.0,37.766167,24.984015,0.798951,2.867175,0.0,89.217463,0.0,14.86857,0.0,60.909124,33.63863,60.670126,49.98247,33.705625,50.0,27.0,0.0,0.0,0.0,0.0,0.0,0.0,0.0,0
2418,60.994974,0.0,1.899426,0.0,37.946357,25.025558,0.797941,2.855322,0.0,89.343223,0.0,14.847411,0.0,60.716873,33.814175,60.863102,50.035895,33.812834,50.0,27.0,0.0,0.0,0.0,0.0,0.0,0.0,0.0,0
2419,60.726629,0.0,1.89697,0.0,37.966106,25.131515,0.801304,2.860047,0.0,89.126149,0.0,14.845775,0.0,60.971606,33.822634,61.126539,50.108529,33.959189,50.0,27.0,0.0,0.0,0.0,0.0,0.0,0.0,0.0,0
2420,60.545015,0.0,1.912323,0.0,38.128135,24.93062,0.79814,2.825931,0.0,88.96043,0.0,14.820432,0.0,60.555553,33.92483,60.916373,50.0499,33.84243,50.0,27.0,0.0,0.0,0.0,0.0,0.0,0.0,0.0,0
2421,60.682931,0.0,1.893778,0.0,38.049381,24.985426,0.799712,2.863578,0.0,89.084427,0.0,14.817049,0.0,60.646134,33.834502,60.793869,50.015792,33.774371,50.0,27.0,0.0,0.0,0.0,0.0,0.0,0.0,0.0,0
2422,60.900872,0.0,1.895739,0.0,37.805336,25.034239,0.799425,2.838371,0.0,89.207236,0.0,14.890789,0.0,61.11041,33.555618,60.660639,49.978889,33.700355,50.0,27.0,0.0,0.0,0.0,0.0,0.0,0.0,0.0,0
2423,60.741295,0.0,1.895573,0.0,37.861272,25.031348,0.798766,2.837775,0.0,89.411318,0.0,14.811068,0.0,61.072683,33.654142,60.858848,50.033778,33.810471,50.0,27.0,0.0,0.0,0.0,0.0,0.0,0.0,0.0,0
2424,60.33128,0.0,1.905172,0.0,38.0221,25.131899,0.799217,2.858804,0.0,89.454126,0.0,14.897788,0.0,60.536576,33.974725,61.012334,50.076033,33.895741,50.0,27.0,0.0,0.0,0.0,0.0,0.0,0.0,0.0,0
2425,60.797535,0.0,1.901906,0.0,37.901108,24.98897,0.803925,2.838205,0.0,89.314077,0.0,14.88818,0.0,60.492863,33.814636,60.601199,49.962019,33.667333,50.0,27.0,0.0,0.0,0.0,0.0,0.0,0.0,0.0,0
2426,60.911335,0.0,1.894989,0.0,37.85496,25.064078,0.800807,2.849886,0.0,89.220459,0.0,14.799106,0.0,61.05069,33.578303,60.653741,49.97673,33.696523,50.0,27.0,0.0,0.0,0.0,0.0,0.0,0.0,0.0,0
2427,60.730997,0.0,1.89326,0.0,37.889333,24.916323,0.79984,2.849466,0.0,89.150802,0.0,14.836507,0.0,60.428414,33.934259,60.807118,50.019239,33.781732,50.0,27.0,0.0,0.0,0.0,0.0,0.0,0.0,0.0,0
2428,60.602799,0.0,1.897326,0.0,37.871539,24.993717,0.79657,2.861022,0.0,88.883989,0.0,14.828942,0.0,60.512352,33.780178,60.542372,49.945969,33.634651,50.0,27.0,0.0,0.0,0.0,0.0,0.0,0.0,0.0,0
2429,60.812339,0.0,1.892481,0.0,37.947108,24.970411,0.800507,2.865339,0.0,89.157424,0.0,14.84962,0.0,60.736268,33.768793,60.740396,50.00097,33.744664,50.0,27.0,0.0,0.0,0.0,0.0,0.0,0.0,0.0,0
2430,60.594995,0.0,1.903564,0.0,38.062495,24.883787,0.799492,2.87565,0.0,89.297485,0.0,14.830158,0.0,60.639785,33.846571,60.807718,50.019573,33.782066,50.0,27.0,0.0,0.0,0.0,0.0,0.0,0.0,0.0,0
2431,60.601813,0.0,1.897445,0.0,37.96127,25.119858,0.805426,2.845321,0.0,89.344117,0.0,14.844931,0.0,60.726243,33.798883,60.783089,50.012668,33.768383,50.0,27.0,0.0,0.0,0.0,0.0,0.0,0.0,0.0,0
2432,60.963045,0.0,1.910819,0.0,38.026139,24.933545,0.799044,2.862928,0.0,89.301363,0.0,14.82704,0.0,61.184519,33.486993,60.579918,49.95645,33.65551,50.0,27.0,0.0,0.0,0.0,0.0,0.0,0.0,0.0,0
2433,60.774783,0.0,1.899024,0.0,37.980013,24.93923,0.804342,2.848238,0.0,89.407588,0.0,14.941287,0.0,60.371626,34.005659,60.898874,50.044824,33.832708,50.0,27.0,0.0,0.0,0.0,0.0,0.0,0.0,0.0,0
2434,60.971079,0.0,1.914568,0.0,37.912873,24.970039,0.796781,2.840498,0.0,88.912644,0.0,14.833242,0.0,60.649407,33.704004,60.5074,49.9364,33.615222,50.0,27.0,0.0,0.0,0.0,0.0,0.0,0.0,0.0,0
2435,60.546028,0.0,1.900171,0.0,38.084679,24.923462,0.796998,2.86327,0.0,89.493922,0.0,14.862657,0.0,60.809008,33.781995,60.840387,50.028752,33.800215,50.0,27.0,0.0,0.0,0.0,0.0,0.0,0.0,0.0,0
2436,60.946887,0.0,1.900642,0.0,37.995325,24.922028,0.803551,2.869002,0.0,88.764256,0.0,14.809364,0.0,60.589159,33.942743,60.957654,50.061021,33.865364,50.0,27.0,0.0,0.0,0.0,0.0,0.0,0.0,0.0,0
2437,60.818955,0.0,1.895087,0.0,37.873002,25.081511,0.797582,2.838277,0.0,88.822251,0.0,14.896369,0.0,60.434081,33.745679,60.363864,49.896597,33.53548,50.0,27.0,0.0,0.0,0.0,0.0,0.0,0.0,0.0,0
2438,60.465523,0.0,1.900117,0.0,38.171849,24.994387,0.800479,2.856665,0.0,89.289514,0.0,14.88001,0.0,60.942538,33.823447,61.040752,50.0842,33.911529,50.0,27.0,0.0,0.0,0.0,0.0,0.0,0.0,0.0,0
2439,60.960294,0.0,1.892708,0.0,38.03292,24.972491,0.800547,2.841307,0.0,89.248909,0.0,14.896163,0.0,60.986367,33.638913,60.689192,49.986612,33.716218,50.0,27.0,0.0,0.0,0.0,0.0,0.0,0.0,0.0,0
2440,60.796424,0.0,1.897894,0.0,38.145397,25.135187,0.800148,2.850979,0.0,89.5322,0.0,14.924028,0.0,60.871325,33.690424,60.70138,49.990047,33.722989,50.0,27.0,0.0,0.0,0.0,0.0,0.0,0.0,0.0,0
2441,60.435968,0.0,1.898643,0.0,38.118476,25.142158,0.802419,2.850313,0.0,89.265585,0.0,14.946757,0.0,60.932887,33.639472,60.666086,49.980341,33.703381,50.0,27.0,0.0,0.0,0.0,0.0,0.0,0.0,0.0,0
2442,60.665464,0.0,1.903554,0.0,38.02841,24.953468,0.797818,2.859337,0.0,89.380659,0.0,14.835385,0.0,60.620942,33.770708,60.647642,49.975341,33.693134,50.0,27.0,0.0,0.0,0.0,0.0,0.0,0.0,0.0,0
2443,60.726662,0.0,1.891411,0.0,38.063307,25.121335,0.803677,2.851222,0.0,89.292002,0.0,14.760298,0.0,60.883365,33.822589,61.017832,50.077783,33.898796,50.0,27.0,0.0,0.0,0.0,0.0,0.0,0.0,0.0,0
2444,60.833068,0.0,1.893057,0.0,38.251184,24.943507,0.796612,2.847115,0.0,89.14148,0.0,14.812245,0.0,60.73999,33.698765,60.604862,49.963253,33.669368,50.0,27.0,0.0,0.0,0.0,0.0,0.0,0.0,0.0,0
2445,60.730224,0.0,1.898692,0.0,37.822103,24.914286,0.800639,2.843025,0.0,89.044061,0.0,14.865817,0.0,60.753241,33.775413,60.788239,50.01412,33.771244,50.0,27.0,0.0,0.0,0.0,0.0,0.0,0.0,0.0,0
2446,60.686484,0.0,1.904198,0.0,38.054977,25.007006,0.802764,2.854659,0.0,89.478708,0.0,14.825331,0.0,60.894981,33.83088,61.044792,50.08496,33.913773,50.0,27.0,0.0,0.0,0.0,0.0,0.0,0.0,0.0,0
2447,60.804583,0.0,1.904008,0.0,38.003488,24.863662,0.800619,2.855289,0.0,89.106953,0.0,14.782397,0.0,60.976835,33.700983,60.843281,50.028841,33.801823,50.0,27.0,0.0,0.0,0.0,0.0,0.0,0.0,0.0,0
2448,60.777909,0.0,1.907733,0.0,37.975647,25.074856,0.80313,2.857054,0.0,88.880033,0.0,14.885556,0.0,60.781758,33.80158,60.868747,50.035736,33.815971,50.0,27.0,0.0,0.0,0.0,0.0,0.0,0.0,0.0,0
2449,60.813816,0.0,1.896735,0.0,38.035753,24.969371,0.802666,2.855878,0.0,89.336783,0.0,14.832502,0.0,60.602318,33.680105,60.427634,49.913636,33.570908,50.0,27.0,0.0,0.0,0.0,0.0,0.0,0.0,0.0,0
2450,61.03698,0.0,1.893917,0.0,37.975206,25.06879,0.799986,2.834553,0.0,88.700058,0.0,14.896069,0.0,60.635576,33.779199,60.680836,49.98405,33.711575,50.0,27.0,0.0,0.0,0.0,0.0,0.0,0.0,0.0,0
2451,61.123647,0.0,1.896417,0.0,37.995987,24.977184,0.800665,2.844263,0.0,88.984785,0.0,14.814783,0.0,60.656266,33.777253,60.694593,49.987931,33.719218,50.0,27.0,0.0,0.0,0.0,0.0,0.0,0.0,0.0,0
2452,60.642673,0.0,1.896518,0.0,37.955826,25.091839,0.79591,2.866424,0.0,88.997522,0.0,14.816237,0.0,60.632664,33.862279,60.847947,50.030378,33.804415,50.0,27.0,0.0,0.0,0.0,0.0,0.0,0.0,0.0,0
2453,60.504224,0.0,1.887745,0.0,38.072095,25.024503,0.800685,2.850618,0.0,89.204335,0.0,14.863733,0.0,60.658245,33.83135,60.794832,50.015546,33.774907,50.0,27.0,0.0,0.0,0.0,0.0,0.0,0.0,0.0,0
2454,60.540041,0.0,1.891078,0.0,37.874255,25.133214,0.799951,2.832609,0.0,89.661353,0.0,14.80583,0.0,60.759678,33.76929,60.756822,50.004963,33.75379,50.0,27.0,0.0,0.0,0.0,0.0,0.0,0.0,0.0,0
2455,60.724745,0.0,1.894202,0.0,38.079471,25.087566,0.800968,2.846467,0.0,89.035496,0.0,14.800537,0.0,60.757337,33.608866,60.416265,49.91081,33.564592,50.0,27.0,0.0,0.0,0.0,0.0,0.0,0.0,0.0,0
2456,60.913415,0.0,1.901182,0.0,37.957894,24.96546,0.801083,2.851632,0.0,89.626695,0.0,14.958415,0.0,60.623811,33.981317,61.089694,50.097386,33.938719,50.0,27.0,0.0,0.0,0.0,0.0,0.0,0.0,0.0,0
2457,60.489661,0.0,1.904159,0.0,38.014734,25.033711,0.800564,2.847827,0.0,88.968585,0.0,14.816059,0.0,60.867073,33.605147,60.510355,49.936775,33.616864,50.0,27.0,0.0,0.0,0.0,0.0,0.0,0.0,0.0,0
2458,60.617106,0.0,1.902503,0.0,37.973632,25.051294,0.799078,2.84692,0.0,88.50522,0.0,14.880118,0.0,60.74913,33.820694,60.869374,50.036321,33.816319,50.0,27.0,0.0,0.0,0.0,0.0,0.0,0.0,0.0,0
2459,60.860222,0.0,1.903563,0.0,38.076996,24.98352,0.797381,2.848127,0.0,89.184782,0.0,14.909768,0.0,60.858778,33.751773,60.826128,50.024187,33.792293,50.0,27.0,0.0,0.0,0.0,0.0,0.0,0.0,0.0,0
2460,60.642069,0.0,1.904823,0.0,37.991283,25.047797,0.801552,2.856325,0.0,89.32986,0.0,14.886428,0.0,61.03286,33.595088,60.671743,49.981396,33.706524,50.0,27.0,0.0,0.0,0.0,0.0,0.0,0.0,0.0,0
2461,60.725568,0.0,1.903104,0.0,37.760032,24.990405,0.800184,2.857742,0.0,88.933101,0.0,14.796926,0.0,60.723773,33.566912,60.325792,49.885869,33.514329,50.0,27.0,0.0,0.0,0.0,0.0,0.0,0.0,0.0,0
2462,60.843824,0.0,1.896014,0.0,37.974249,24.970789,0.797999,2.855204,0.0,89.119687,0.0,14.918556,0.0,60.365602,34.036604,60.983251,50.068155,33.879584,50.0,27.0,0.0,0.0,0.0,0.0,0.0,0.0,0.0,0
2463,60.733871,0.0,1.89891,0.0,38.069836,25.091225,0.804319,2.863512,0.0,88.92476,0.0,14.870314,0.0,60.720914,33.690523,60.569946,49.953581,33.64997,50.0,27.0,0.0,0.0,0.0,0.0,0.0,0.0,0.0,0
2464,60.583366,0.0,1.890997,0.0,38.100204,24.975948,0.802428,2.849035,0.0,88.893628,0.0,14.860413,0.0,60.98262,33.693064,60.846447,50.030235,33.803582,50.0,27.0,0.0,0.0,0.0,0.0,0.0,0.0,0.0,0
2465,60.803561,0.0,1.907106,0.0,38.138191,25.05574,0.797316,2.839903,0.0,89.453138,0.0,14.826449,0.0,60.992243,33.792682,61.074713,50.093177,33.930396,50.0,27.0,0.0,0.0,0.0,0.0,0.0,0.0,0.0,0
2466,60.62202,0.0,1.885912,0.0,37.961341,25.036486,0.800561,2.843175,0.0,89.376926,0.0,14.793661,0.0,60.530729,33.830151,60.687082,49.985573,33.715045,50.0,27.0,0.0,0.0,0.0,0.0,0.0,0.0,0.0,0
2467,60.667578,0.0,1.899893,0.0,38.109048,24.864298,0.79952,2.851047,0.0,89.088057,0.0,14.849997,0.0,60.497836,33.80948,60.600813,49.961801,33.667118,50.0,27.0,0.0,0.0,0.0,0.0,0.0,0.0,0.0,0
2468,60.993782,0.0,1.89488,0.0,37.950394,25.004357,0.79882,2.834951,0.0,89.523865,0.0,14.874446,0.0,61.032973,33.551465,60.585263,49.957693,33.65848,50.0,27.0,0.0,0.0,0.0,0.0,0.0,0.0,0.0,0
2469,60.939532,0.0,1.907932,0.0,37.852604,25.022534,0.798054,2.860905,0.0,89.778728,0.0,14.83664,0.0,60.766145,33.783984,60.836888,50.027451,33.798271,50.0,27.0,0.0,0.0,0.0,0.0,0.0,0.0,0.0,0
2470,60.720687,0.0,1.896323,0.0,37.982644,24.962489,0.7997,2.849569,0.0,89.402158,0.0,14.904765,0.0,60.515899,33.778145,60.569903,49.953521,33.649946,50.0,27.0,0.0,0.0,0.0,0.0,0.0,0.0,0.0,0
2471,60.762593,0.0,1.903275,0.0,37.892908,24.93587,0.801766,2.86023,0.0,89.283284,0.0,14.911712,0.0,60.479027,33.903438,60.793947,50.015677,33.774415,50.0,27.0,0.0,0.0,0.0,0.0,0.0,0.0,0.0,0
2472,60.605979,0.0,1.904818,0.0,37.860986,24.987337,0.799821,2.843735,0.0,89.432755,0.0,14.883581,0.0,60.716525,33.765958,60.721765,49.995649,33.734314,50.0,27.0,0.0,0.0,0.0,0.0,0.0,0.0,0.0,0
2473,60.922812,0.0,1.906267,0.0,38.046459,25.017339,0.800323,2.860121,0.0,88.974962,0.0,14.881597,0.0,60.585134,33.790907,60.642672,49.973809,33.690373,50.0,27.0,0.0,0.0,0.0,0.0,0.0,0.0,0.0,0
2474,60.927192,0.0,1.893943,0.0,37.946385,24.972462,0.799141,2.857931,0.0,89.518599,0.0,14.837423,0.0,60.841673,33.787807,60.889076,50.042045,33.827264,50.0,27.0,0.0,0.0,0.0,0.0,0.0,0.0,0.0,0
2475,61.126464,0.0,1.894372,0.0,38.007044,25.009351,0.797623,2.846895,0.0,89.57464,0.0,14.866113,0.0,60.91371,33.768402,60.91722,50.049614,33.8429,50.0,27.0,0.0,0.0,0.0,0.0,0.0,0.0,0.0,0
2476,60.722165,0.0,1.904401,0.0,38.13311,24.969451,0.798317,2.864079,0.0,89.239424,0.0,14.885469,0.0,60.845846,33.824018,60.966449,50.062974,33.870249,50.0,27.0,0.0,0.0,0.0,0.0,0.0,0.0,0.0,0
2477,60.578712,0.0,1.899927,0.0,37.862809,24.990234,0.7964,2.833692,0.0,89.134992,0.0,14.845626,0.0,60.743926,33.675088,60.542843,49.945578,33.634913,50.0,27.0,0.0,0.0,0.0,0.0,0.0,0.0,0.0,0
2478,61.264636,0.0,1.902095,0.0,38.127514,25.117013,0.798097,2.841029,0.0,89.283981,0.0,14.93932,0.0,60.890528,33.775024,60.912815,50.048107,33.840453,50.0,27.0,0.0,0.0,0.0,0.0,0.0,0.0,0.0,0
2479,60.510414,0.0,1.903649,0.0,37.916451,24.898646,0.804651,2.842241,0.0,88.990697,0.0,14.869716,0.0,60.947952,33.519421,60.429684,49.914333,33.572047,50.0,27.0,0.0,0.0,0.0,0.0,0.0,0.0,0.0,0
2480,60.836449,0.0,1.908541,0.0,38.045774,25.069425,0.799351,2.858666,0.0,89.327802,0.0,14.954012,0.0,61.088176,33.501762,60.56505,49.952174,33.64725,50.0,27.0,0.0,0.0,0.0,0.0,0.0,0.0,0.0,0
2481,60.689768,0.0,1.901984,0.0,37.910439,25.069334,0.800733,2.846654,0.0,89.179101,0.0,14.840013,0.0,60.626128,33.909184,60.995104,50.071277,33.886169,50.0,27.0,0.0,0.0,0.0,0.0,0.0,0.0,0.0,0
2482,60.861735,0.0,1.901405,0.0,37.979699,24.86459,0.801213,2.841394,0.0,89.170506,0.0,14.855994,0.0,60.753617,33.780354,60.827782,50.024675,33.793212,50.0,27.0,0.0,0.0,0.0,0.0,0.0,0.0,0.0,0
2483,60.382469,0.0,1.90164,0.0,37.839014,24.958578,0.802176,2.856018,0.0,88.89633,0.0,14.902334,0.0,60.802544,33.692691,60.687158,49.985684,33.715088,50.0,27.0,0.0,0.0,0.0,0.0,0.0,0.0,0.0,0
2484,60.442674,0.0,1.904834,0.0,37.816609,24.982753,0.797733,2.84427,0.0,89.111453,0.0,14.826034,0.0,60.771686,33.770486,60.827611,50.024576,33.793117,50.0,27.0,0.0,0.0,0.0,0.0,0.0,0.0,0.0,0
2485,60.467161,0.0,1.898427,0.0,38.046928,24.897492,0.801564,2.854923,0.0,89.166314,0.0,14.80438,0.0,60.808296,33.791098,60.904204,50.045624,33.835669,50.0,27.0,0.0,0.0,0.0,0.0,0.0,0.0,0.0,0
2486,60.865275,0.0,1.894092,0.0,38.082773,24.99623,0.799641,2.855348,0.0,89.129601,0.0,14.78972,0.0,60.304917,33.767032,60.344066,49.890577,33.524481,50.0,27.0,0.0,0.0,0.0,0.0,0.0,0.0,0.0,0
2487,60.602997,0.0,1.899658,0.0,37.973772,24.973831,0.797798,2.853343,0.0,89.163033,0.0,14.843969,0.0,60.872849,33.734864,60.841697,50.028664,33.800943,50.0,27.0,0.0,0.0,0.0,0.0,0.0,0.0,0.0,0
2488,60.833703,0.0,1.905808,0.0,37.913834,24.963389,0.8044,2.847375,0.0,89.454999,0.0,14.863407,0.0,60.681343,33.742298,60.66782,49.980463,33.704344,50.0,27.0,0.0,0.0,0.0,0.0,0.0,0.0,0.0,0
2489,60.754935,0.0,1.898239,0.0,37.800425,24.952476,0.801033,2.841038,0.0,89.638304,0.0,14.872794,0.0,60.904746,33.828097,61.073049,50.092564,33.929472,50.0,27.0,0.0,0.0,0.0,0.0,0.0,0.0,0.0,0
2490,60.902397,0.0,1.911176,0.0,38.113283,25.01292,0.796555,2.84756,0.0,89.159444,0.0,14.79282,0.0,60.716648,33.718776,60.643835,49.97347,33.69102,50.0,27.0,0.0,0.0,0.0,0.0,0.0,0.0,0.0,0
2491,60.692384,0.0,1.900014,0.0,38.037497,25.021014,0.797049,2.853133,0.0,89.338673,0.0,14.846936,0.0,60.623189,33.803638,60.733931,49.998504,33.741073,50.0,27.0,0.0,0.0,0.0,0.0,0.0,0.0,0.0,0
2492,60.855528,0.0,1.898422,0.0,37.969524,25.076752,0.79975,2.839227,0.0,89.425032,0.0,14.899662,0.0,60.790406,33.774685,60.833155,50.025937,33.796197,50.0,27.0,0.0,0.0,0.0,0.0,0.0,0.0,0.0,0
2493,60.796753,0.0,1.903578,0.0,38.085251,24.995082,0.800698,2.849165,0.0,89.173374,0.0,14.810026,0.0,60.93788,33.586898,60.581844,49.956347,33.65658,50.0,27.0,0.0,0.0,0.0,0.0,0.0,0.0,0.0,0
2494,60.794382,0.0,1.90017,0.0,37.853234,24.924248,0.802874,2.837351,0.0,89.071445,0.0,14.821181,0.0,60.90965,33.748048,60.915791,50.048865,33.842106,50.0,27.0,0.0,0.0,0.0,0.0,0.0,0.0,0.0,0
2495,60.858281,0.0,1.911374,0.0,38.005387,24.95453,0.797044,2.850903,0.0,88.999708,0.0,14.909949,0.0,61.016052,33.44778,60.388432,49.902863,33.549129,50.0,27.0,0.0,0.0,0.0,0.0,0.0,0.0,0.0,0
2496,60.592113,0.0,1.911746,0.0,37.996072,24.973824,0.800203,2.842839,0.0,89.222335,0.0,14.860474,0.0,60.839647,33.743998,60.876089,50.038132,33.820049,50.0,27.0,0.0,0.0,0.0,0.0,0.0,0.0,0.0,0
2497,60.834401,0.0,1.904471,0.0,38.030622,24.953029,0.800608,2.847822,0.0,89.189279,0.0,14.811075,0.0,60.745236,33.674988,60.633832,49.970984,33.685462,50.0,27.0,0.0,0.0,0.0,0.0,0.0,0.0,0.0,0
2498,60.673118,0.0,1.90664,0.0,38.004238,25.110266,0.795808,2.847938,0.0,88.567129,0.0,14.804493,0.0,60.517167,33.796396,60.668819,49.980798,33.704899,50.0,27.0,0.0,0.0,0.0,0.0,0.0,0.0,0.0,0
2499,60.707372,0.0,1.902417,0.0,38.019492,24.988251,0.796998,2.824512,0.0,88.782865,0.0,14.932561,0.0,60.495868,33.88494,60.824814,50.02401,33.791564,50.0,27.0,0.0,0.0,0.0,0.0,0.0,0.0,0.0,0
2500,60.467436,0.0,1.902813,0.0,37.860564,24.845984,0.802528,2.854826,0.0,88.557498,0.0,14.803561,0.0,60.76152,33.896772,61.094865,50.098532,33.941592,50.0,27.0,0.0,0.0,0.0,0.0,0.0,0.0,0.0,0
2501,59.811556,0.0,1.890742,0.0,37.897241,24.911142,0.801793,2.840492,0.0,89.536952,0.0,14.841228,0.0,60.672118,33.735515,60.644479,49.973557,33.691377,50.0,27.0,0.0,0.0,0.0,0.0,0.0,0.0,0.0,1
2502,59.21344,0.0,1.905613,0.0,38.206237,24.940628,0.802021,2.861074,0.0,88.816597,0.0,14.838285,0.0,60.666065,33.900759,60.988715,50.068833,33.882619,50.0,27.0,0.0,0.0,0.0,0.0,0.0,0.0,0.0,1
2503,58.621306,0.0,1.893077,0.0,37.953815,25.069534,0.800034,2.851621,0.0,89.083665,0.0,14.745475,0.0,60.640336,33.754357,60.634004,49.97045,33.685558,50.0,27.0,0.0,0.0,0.0,0.0,0.0,0.0,0.0,1
2504,58.035093,0.0,1.900007,0.0,37.840806,25.110967,0.800551,2.841933,0.0,89.169582,0.0,14.774096,0.0,60.965771,33.604087,60.642859,49.973045,33.690477,50.0,27.0,0.0,0.0,0.0,0.0,0.0,0.0,0.0,1
2505,57.454742,0.0,1.910482,0.0,38.13474,25.076082,0.799882,2.858508,0.0,89.155994,0.0,14.901555,0.0,60.480991,33.845829,60.688185,49.985707,33.715658,50.0,27.0,0.0,0.0,0.0,0.0,0.0,0.0,0.0,1
2506,56.880194,0.0,1.905832,0.0,38.140555,25.029348,0.799371,2.849161,0.0,89.632326,0.0,14.913175,0.0,60.707193,33.879242,60.971918,50.064201,33.873288,50.0,27.0,0.0,0.0,0.0,0.0,0.0,0.0,0.0,1
2507,56.311392,0.0,1.903177,0.0,38.217673,24.872449,0.80028,2.865298,0.0,89.111708,0.0,14.86249,0.0,60.721106,33.621051,60.424664,49.912623,33.569258,50.0,27.0,0.0,0.0,0.0,0.0,0.0,0.0,0.0,1
2508,55.748278,0.0,1.893711,0.0,38.108357,24.985731,0.797929,2.862001,0.0,88.924361,0.0,14.845441,0.0,60.923317,33.772077,60.963972,50.06212,33.868873,50.0,27.0,0.0,0.0,0.0,0.0,0.0,0.0,0.0,1
2509,55.190796,0.0,1.893006,0.0,38.033061,24.939122,0.797338,2.83071,0.0,89.207737,0.0,14.848757,0.0,60.719333,33.716731,60.640702,49.97246,33.689279,50.0,27.0,0.0,0.0,0.0,0.0,0.0,0.0,0.0,1
2510,54.638888,0.0,1.901459,0.0,38.048094,24.954118,0.806476,2.859298,0.0,89.212615,0.0,14.740502,0.0,60.564701,33.853312,60.779086,50.010846,33.766159,50.0,27.0,0.0,0.0,0.0,0.0,0.0,0.0,0.0,1
2511,54.092499,0.0,1.900589,0.0,37.927844,24.998724,0.800302,2.847085,0.0,88.850356,0.0,14.801048,0.0,61.038343,33.765586,61.05428,50.086855,33.919045,50.0,27.0,0.0,0.0,0.0,0.0,0.0,0.0,0.0,1
2512,53.551574,0.0,1.894735,0.0,38.063358,25.077393,0.801037,2.852162,0.0,89.632141,0.0,14.885874,0.0,60.892532,33.693441,60.755293,50.003784,33.75294,50.0,27.0,0.0,0.0,0.0,0.0,0.0,0.0,0.0,1
2513,53.016058,0.0,1.89544,0.0,37.930429,25.052591,0.798725,2.857343,0.0,89.304811,0.0,14.806688,0.0,60.786274,33.596027,60.45213,49.919972,33.584517,50.0,27.0,0.0,0.0,0.0,0.0,0.0,0.0,0.0,1
2514,52.485897,0.0,1.892008,0.0,38.170166,24.921334,0.799254,2.855451,0.0,88.950297,0.0,14.924901,0.0,60.820078,33.787818,60.911377,50.047304,33.839654,50.0,27.0,0.0,0.0,0.0,0.0,0.0,0.0,0.0,1
2515,51.961038,0.0,1.88508,0.0,37.77057,24.92475,0.794114,2.843199,0.0,88.763835,0.0,14.797459,0.0,60.72004,33.645151,60.504694,49.934663,33.613719,50.0,27.0,0.0,0.0,0.0,0.0,0.0,0.0,0.0,1
2516,51.441428,0.0,1.894682,0.0,38.195493,24.883079,0.804654,2.835956,0.0,88.773236,0.0,14.797704,0.0,60.749685,33.753599,60.776557,50.01013,33.764754,50.0,27.0,0.0,0.0,0.0,0.0,0.0,0.0,0.0,1
2517,50.927014,0.0,1.8985,0.0,37.917266,24.963889,0.800495,2.835459,0.0,89.180118,0.0,14.762409,0.0,60.71253,33.635199,60.487972,49.930316,33.604429,50.0,27.0,0.0,0.0,0.0,0.0,0.0,0.0,0.0,1
2518,50.417744,0.0,1.90731,0.0,38.129359,24.93244,0.798127,2.847754,0.0,88.487394,0.0,14.910747,0.0,60.972536,33.604785,60.697857,49.988674,33.721032,50.0,27.0,0.0,0.0,0.0,0.0,0.0,0.0,0.0,1
2519,49.913566,0.0,1.901727,0.0,37.91683,24.973909,0.797696,2.848079,0.0,88.953458,0.0,14.880249,0.0,60.392198,33.837657,60.625902,49.968842,33.681057,50.0,27.0,0.0,0.0,0.0,0.0,0.0,0.0,0.0,1
2520,49.414431,0.0,1.895898,0.0,37.995052,25.015118,0.798336,2.841793,0.0,88.622337,0.0,14.836694,0.0,60.294218,33.982741,60.819352,50.022466,33.788529,50.0,27.0,0.0,0.0,0.0,0.0,0.0,0.0,0.0,1
2521,48.920286,0.0,1.894186,0.0,37.994178,25.038562,0.805061,2.855555,0.0,89.248307,0.0,14.752482,0.0,60.65687,33.756948,60.672901,49.981876,33.707167,50.0,27.0,0.0,0.0,0.0,0.0,0.0,0.0,0.0,1
2522,48.431083,0.0,1.91026,0.0,38.234471,24.981994,0.802027,2.844677,0.0,89.048094,0.0,14.838178,0.0,60.992614,33.605563,60.688316,49.986227,33.715731,50.0,27.0,0.0,0.0,0.0,0.0,0.0,0.0,0.0,1
2523,47.946773,0.0,1.895992,0.0,37.925236,25.098259,0.798126,2.846805,0.0,89.764014,0.0,14.870175,0.0,60.826755,33.75042,60.847032,50.030164,33.803907,50.0,27.0,0.0,0.0,0.0,0.0,0.0,0.0,0.0,1
2524,47.467305,0.0,1.907927,0.0,38.025691,24.977452,0.801146,2.865408,0.0,89.331929,0.0,14.805609,0.0,60.910338,33.563102,60.534224,49.943555,33.630125,50.0,27.0,0.0,0.0,0.0,0.0,0.0,0.0,0.0,1
2525,46.992632,0.0,1.890428,0.0,38.08889,24.927558,0.800771,2.864786,0.0,89.798516,0.0,14.862576,0.0,60.804948,33.686314,60.712242,49.993039,33.729023,50.0,27.0,0.0,0.0,0.0,0.0,0.0,0.0,0.0,1
2526,46.522705,0.0,1.896202,0.0,38.143864,25.173311,0.799537,2.838606,0.0,89.340667,0.0,14.882041,0.0,60.740703,33.758725,60.806533,50.019135,33.781407,50.0,27.0,0.0,0.0,0.0,0.0,0.0,0.0,0.0,1
2527,46.057478,0.0,1.89842,0.0,37.930576,25.031355,0.800195,2.846739,0.0,88.834081,0.0,14.838687,0.0,60.654973,33.784847,60.771789,50.009437,33.762105,50.0,27.0,0.0,0.0,0.0,0.0,0.0,0.0,0.0,1
2528,45.596904,0.0,1.906141,0.0,37.905885,24.872191,0.797074,2.859435,0.0,89.137241,0.0,14.857197,0.0,60.593887,33.86512,60.87273,50.03729,33.818183,50.0,27.0,0.0,0.0,0.0,0.0,0.0,0.0,0.0,1
2529,45.140935,0.0,1.902214,0.0,38.044249,24.975339,0.802806,2.840367,0.0,89.299304,0.0,14.939476,0.0,60.654393,33.803169,60.785128,50.012891,33.769516,50.0,27.0,0.0,0.0,0.0,0.0,0.0,0.0,0.0,1
2530,44.689525,0.0,1.910284,0.0,37.999128,24.976147,0.796238,2.84281,0.0,89.06824,0.0,14.834944,0.0,61.123728,33.518594,60.646019,49.974378,33.692233,50.0,27.0,0.0,0.0,0.0,0.0,0.0,0.0,0.0,1
2531,44.24263,0.0,1.894593,0.0,37.825072,24.975325,0.79731,2.840777,0.0,89.34854,0.0,14.871533,0.0,60.691064,33.810316,60.858562,50.033251,33.810312,50.0,27.0,0.0,0.0,0.0,0.0,0.0,0.0,0.0,1
2532,43.800204,0.0,1.896305,0.0,38.018734,24.967832,0.795693,2.855689,0.0,89.262896,0.0,14.834116,0.0,60.277426,33.975094,60.782034,50.011934,33.767797,50.0,27.0,0.0,0.0,0.0,0.0,0.0,0.0,0.0,1
2533,43.362202,0.0,1.90148,0.0,37.840603,25.128383,0.79846,2.841674,0.0,89.39426,0.0,14.7422,0.0,61.136694,33.422459,60.444049,49.918457,33.580027,50.0,27.0,0.0,0.0,0.0,0.0,0.0,0.0,0.0,1
2534,42.92858,0.0,1.892011,0.0,37.928876,25.047729,0.80276,2.842707,0.0,89.435171,0.0,14.872972,0.0,60.870974,33.594315,60.584128,49.95758,33.657849,50.0,27.0,0.0,0.0,0.0,0.0,0.0,0.0,0.0,1
2535,42.499294,0.0,1.88644,0.0,37.98946,25.037251,0.799748,2.85891,0.0,88.741943,0.0,14.857329,0.0,60.51207,33.884891,60.856086,50.032959,33.808937,50.0,27.0,0.0,0.0,0.0,0.0,0.0,0.0,0.0,1
2536,42.074301,0.0,1.896606,0.0,37.751907,25.042439,0.801526,2.849224,0.0,88.833895,0.0,14.752912,0.0,60.869281,33.61229,60.616777,49.966651,33.675987,50.0,27.0,0.0,0.0,0.0,0.0,0.0,0.0,0.0,1
2537,41.653558,0.0,1.902793,0.0,37.932859,24.935697,0.804594,2.85189,0.0,89.418597,0.0,14.885126,0.0,60.900366,33.567466,60.569093,49.953637,33.649496,50.0,27.0,0.0,0.0,0.0,0.0,0.0,0.0,0.0,1
2538,41.237022,0.0,1.898435,0.0,37.933693,24.914702,0.802199,2.842334,0.0,88.852843,0.0,14.793232,0.0,60.89367,33.656901,60.771755,50.009883,33.762086,50.0,27.0,0.0,0.0,0.0,0.0,0.0,0.0,0.0,1
2539,40.824652,0.0,1.89522,0.0,38.116449,25.107272,0.797835,2.833323,0.0,88.882337,0.0,14.831964,0.0,60.446957,33.902231,60.850155,50.031503,33.805642,50.0,27.0,0.0,0.0,0.0,0.0,0.0,0.0,0.0,1
2540,40.416406,0.0,1.896753,0.0,37.973308,24.927445,0.801968,2.853545,0.0,88.993723,0.0,14.797902,0.0,60.569969,33.697388,60.515875,49.938953,33.61993,50.0,27.0,0.0,0.0,0.0,0.0,0.0,0.0,0.0,1
2541,40.012242,0.0,1.915759,0.0,37.913373,24.961947,0.799058,2.85755,0.0,89.198658,0.0,14.79599,0.0,60.748983,33.805283,60.925862,50.052575,33.847701,50.0,27.0,0.0,0.0,0.0,0.0,0.0,0.0,0.0,1
2542,39.612119,0.0,1.896417,0.0,38.046908,25.116754,0.801627,2.833519,0.0,89.399464,0.0,14.863604,0.0,60.387386,33.865112,60.679412,49.984196,33.710784,50.0,27.0,0.0,0.0,0.0,0.0,0.0,0.0,0.0,1
2543,39.215998,0.0,1.890358,0.0,38.012401,25.116682,0.800674,2.863266,0.0,89.17484,0.0,14.914744,0.0,60.75115,33.740013,60.761044,50.006837,33.756135,50.0,27.0,0.0,0.0,0.0,0.0,0.0,0.0,0.0,1
2544,38.823838,0.0,1.901134,0.0,37.887066,25.066382,0.8008,2.845784,0.0,88.792044,0.0,14.840217,0.0,60.655626,33.773392,60.73531,49.999691,33.741839,50.0,27.0,0.0,0.0,0.0,0.0,0.0,0.0,0.0,1
2545,38.4356,0.0,1.895481,0.0,37.827625,25.031559,0.799475,2.850801,0.0,89.478652,0.0,14.744004,0.0,60.744126,33.745292,60.759554,50.006393,33.755308,50.0,27.0,0.0,0.0,0.0,0.0,0.0,0.0,0.0,1
2546,38.051244,0.0,1.906976,0.0,38.008356,24.992527,0.802666,2.838435,0.0,89.061734,0.0,14.870749,0.0,60.726285,33.656564,60.55359,49.949434,33.640883,50.0,27.0,0.0,0.0,0.0,0.0,0.0,0.0,0.0,1
2547,37.670731,0.0,1.892985,0.0,38.150777,25.021326,0.798735,2.846846,0.0,89.210182,0.0,14.972211,0.0,60.936774,33.559806,60.570774,49.954435,33.65043,50.0,27.0,0.0,0.0,0.0,0.0,0.0,0.0,0.0,1
2548,37.294024,0.0,1.89785,0.0,38.049453,24.872936,0.798169,2.855921,0.0,89.295626,0.0,14.845856,0.0,60.452024,33.849832,60.720672,49.996093,33.733707,50.0,27.0,0.0,0.0,0.0,0.0,0.0,0.0,0.0,1
2549,36.921084,0.0,1.891528,0.0,38.033228,24.892281,0.800483,2.841123,0.0,89.082392,0.0,14.837233,0.0,60.725038,33.677393,60.613156,49.966395,33.673975,50.0,27.0,0.0,0.0,0.0,0.0,0.0,0.0,0.0,1
2550,36.551873,0.0,1.89098,0.0,38.190288,24.992381,0.801434,2.848475,0.0,89.125792,0.0,14.834071,0.0,60.78657,33.856814,61.060148,50.090109,33.922304,50.0,27.0,0.0,0.0,0.0,0.0,0.0,0.0,0.0,1
2551,36.186354,0.0,1.898963,0.0,38.048238,25.10411,0.798139,2.855429,0.0,89.028414,0.0,14.8926,0.0,60.619015,33.821664,60.80135,50.01813,33.778528,50.0,27.0,0.0,0.0,0.0,0.0,0.0,0.0,0.0,1
2552,35.82449,0.0,1.90101,0.0,37.944131,25.009309,0.803141,2.857282,0.0,89.636445,0.0,14.830284,0.0,60.422823,34.012648,60.996618,50.072011,33.88701,50.0,27.0,0.0,0.0,0.0,0.0,0.0,0.0,0.0,1
2553,35.466246,0.0,1.901212,0.0,38.036045,25.125266,0.799759,2.851984,0.0,89.453369,0.0,14.835743,0.0,60.89233,33.768671,60.915624,50.049266,33.842013,50.0,27.0,0.0,0.0,0.0,0.0,0.0,0.0,0.0,1
2554,35.111583,0.0,1.897612,0.0,38.08187,24.88417,0.795834,2.855318,0.0,88.902069,0.0,14.893958,0.0,61.082506,33.572747,60.691067,49.986955,33.71726,50.0,27.0,0.0,0.0,0.0,0.0,0.0,0.0,0.0,1
2555,34.760467,0.0,1.891762,0.0,38.037197,24.894874,0.798947,2.839033,0.0,88.898015,0.0,14.863931,0.0,60.944499,33.709547,60.866087,50.035394,33.814493,50.0,27.0,0.0,0.0,0.0,0.0,0.0,0.0,0.0,1
2556,34.412863,0.0,1.906687,0.0,37.947414,25.074488,0.800534,2.847919,0.0,88.861404,0.0,14.81804,0.0,60.941381,33.735668,60.922969,50.05094,33.846094,50.0,27.0,0.0,0.0,0.0,0.0,0.0,0.0,0.0,1
2557,34.068734,0.0,1.900243,0.0,38.052148,24.892619,0.802601,2.846088,0.0,88.807096,0.0,14.901446,0.0,60.55444,34.018444,61.13366,50.108921,33.963144,50.0,27.0,0.0,0.0,0.0,0.0,0.0,0.0,0.0,1
2558,33.728047,0.0,1.891362,0.0,37.792117,24.924234,0.794645,2.8655,0.0,88.57159,0.0,14.84801,0.0,60.694456,33.779839,60.734168,49.997961,33.741204,50.0,27.0,0.0,0.0,0.0,0.0,0.0,0.0,0.0,1
2559,33.390766,0.0,1.895444,0.0,37.937239,24.988369,0.798154,2.850183,0.0,89.233707,0.0,14.972313,0.0,60.861008,33.903182,61.158412,50.115231,33.976896,50.0,27.0,0.0,0.0,0.0,0.0,0.0,0.0,0.0,1
2560,33.056859,0.0,1.89432,0.0,37.849857,25.020898,0.797486,2.852164,0.0,89.288252,0.0,14.901495,0.0,60.860083,33.600116,60.49962,49.93257,33.6109,50.0,27.0,0.0,0.0,0.0,0.0,0.0,0.0,0.0,1
2561,32.72629,0.0,1.902074,0.0,37.997739,24.956872,0.800741,2.844011,0.0,89.281803,0.0,14.881705,0.0,60.997514,33.722214,60.917133,50.048304,33.842852,50.0,27.0,0.0,0.0,0.0,0.0,0.0,0.0,0.0,1
2562,32.399027,0.0,1.899003,0.0,38.00279,25.00333,0.80038,2.853842,0.0,89.12821,0.0,14.878156,0.0,60.96907,33.628531,60.696099,49.986971,33.720055,50.0,27.0,0.0,0.0,0.0,0.0,0.0,0.0,0.0,1
2563,32.075037,0.0,1.898707,0.0,38.010392,25.061726,0.797589,2.845287,0.0,88.949731,0.0,14.94585,0.0,60.98028,33.628704,60.724735,49.994951,33.735964,50.0,27.0,0.0,0.0,0.0,0.0,0.0,0.0,0.0,1
2564,31.754286,0.0,1.894842,0.0,37.989872,24.941092,0.801468,2.861002,0.0,89.175268,0.0,14.765143,0.0,60.762659,33.793324,60.870331,50.035218,33.81685,50.0,27.0,0.0,0.0,0.0,0.0,0.0,0.0,0.0,1
2565,31.436744,0.0,1.910085,0.0,38.074911,25.085112,0.799212,2.846369,0.0,89.073459,0.0,14.800566,0.0,60.864074,33.854907,61.094918,50.097118,33.941621,50.0,27.0,0.0,0.0,0.0,0.0,0.0,0.0,0.0,1
2566,31.122376,0.0,1.898128,0.0,37.89074,25.033114,0.798397,2.840327,0.0,89.369054,0.0,14.827107,0.0,60.794638,33.650202,60.579254,49.954107,33.655141,50.0,27.0,0.0,0.0,0.0,0.0,0.0,0.0,0.0,1
2567,30.811152,0.0,1.884829,0.0,38.193987,24.900758,0.799408,2.843266,0.0,89.289813,0.0,14.87822,0.0,60.849803,33.681684,60.714288,49.991658,33.73016,50.0,27.0,0.0,0.0,0.0,0.0,0.0,0.0,0.0,1
2568,30.503041,0.0,1.905502,0.0,38.047385,25.090764,0.79966,2.863075,0.0,89.274939,0.0,14.851771,0.0,60.52447,33.855145,60.763318,50.005252,33.757399,50.0,27.0,0.0,0.0,0.0,0.0,0.0,0.0,0.0,1
2569,30.19801,0.0,1.898463,0.0,37.866049,24.930784,0.795731,2.845373,0.0,88.857705,0.0,14.888544,0.0,60.686551,33.89854,61.002009,50.071198,33.890005,50.0,27.0,0.0,0.0,0.0,0.0,0.0,0.0,0.0,1
2570,29.89603,0.0,1.908703,0.0,37.84115,24.86303,0.798995,2.841623,0.0,89.104449,0.0,14.883427,0.0,60.651917,33.789092,60.716792,49.992011,33.731551,50.0,27.0,0.0,0.0,0.0,0.0,0.0,0.0,0.0,1
2571,29.59707,0.0,1.905683,0.0,37.98924,25.009663,0.801416,2.868923,0.0,88.937822,0.0,14.868922,0.0,60.802584,33.785171,60.855132,50.030288,33.808407,50.0,27.0,0.0,0.0,0.0,0.0,0.0,0.0,0.0,1
2572,29.301099,0.0,1.897098,0.0,38.007859,24.926979,0.798476,2.854303,0.0,89.29205,0.0,14.973445,0.0,60.93919,33.78269,60.98322,50.06554,33.879567,50.0,27.0,0.0,0.0,0.0,0.0,0.0,0.0,0.0,1
2573,29.008088,0.0,1.890627,0.0,38.016835,25.071548,0.797646,2.846721,0.0,88.835918,0.0,14.816138,0.0,60.786889,33.654062,60.556845,49.947366,33.642691,50.0,27.0,0.0,0.0,0.0,0.0,0.0,0.0,0.0,1
2574,28.718007,0.0,1.897731,0.0,37.782845,24.942844,0.801356,2.86224,0.0,89.011947,0.0,14.849353,0.0,60.643535,33.802113,60.740162,49.998296,33.744535,50.0,27.0,0.0,0.0,0.0,0.0,0.0,0.0,0.0,1
2575,28.430827,0.0,1.901994,0.0,37.847328,24.994839,0.799275,2.856607,0.0,88.962815,0.0,14.849044,0.0,61.178663,33.475969,60.581292,49.954393,33.656273,50.0,27.0,0.0,0.0,0.0,0.0,0.0,0.0,0.0,1
2576,28.146519,0.0,1.908844,0.0,38.01068,25.062295,0.801859,2.853568,0.0,89.232705,0.0,14.889669,0.0,60.564179,33.838461,60.768774,50.006439,33.76043,50.0,27.0,0.0,0.0,0.0,0.0,0.0,0.0,0.0,1
2577,27.865054,0.0,1.898916,0.0,38.17182,25.126981,0.803091,2.840845,0.0,89.51052,0.0,14.928626,0.0,61.000306,33.707622,60.916126,50.047135,33.842292,50.0,27.0,0.0,0.0,0.0,0.0,0.0,0.0,0.0,1
2578,27.586403,0.0,1.904336,0.0,37.875884,25.057586,0.804491,2.8479,0.0,89.686325,0.0,14.799651,0.0,60.570784,33.81433,60.716952,49.991849,33.73164,50.0,27.0,0.0,0.0,0.0,0.0,0.0,0.0,0.0,1
2579,27.310539,0.0,1.896394,0.0,37.826709,24.972045,0.79945,2.844608,0.0,89.406364,0.0,14.85377,0.0,60.772735,33.80689,60.894075,50.040846,33.830041,50.0,27.0,0.0,0.0,0.0,0.0,0.0,0.0,0.0,1
2580,27.037434,0.0,1.897037,0.0,37.67309,25.085605,0.800036,2.841367,0.0,89.489723,0.0,14.852904,0.0,60.628966,33.879092,60.895022,50.040905,33.830568,50.0,27.0,0.0,0.0,0.0,0.0,0.0,0.0,0.0,1
2581,26.76706,0.0,1.885049,0.0,38.144848,25.093958,0.797049,2.864033,0.0,88.783058,0.0,14.897958,0.0,60.733736,33.801697,60.819909,50.01994,33.788838,50.0,27.0,0.0,0.0,0.0,0.0,0.0,0.0,0.0,1
2582,26.499389,0.0,1.897772,0.0,37.839318,25.049355,0.798233,2.845219,0.0,89.152291,0.0,14.783608,0.0,60.633869,33.623894,60.339603,49.887086,33.522002,50.0,27.0,0.0,0.0,0.0,0.0,0.0,0.0,0.0,1
2583,26.234395,0.0,1.902173,0.0,38.091558,25.00868,0.804788,2.853773,0.0,89.635843,0.0,14.860352,0.0,60.617676,33.761777,60.632649,49.968645,33.684805,50.0,27.0,0.0,0.0,0.0,0.0,0.0,0.0,0.0,1
2584,25.972051,0.0,1.895239,0.0,37.871874,24.978373,0.797499,2.866293,0.0,89.851311,0.0,14.858604,0.0,60.787554,33.706786,60.685593,49.983434,33.714218,50.0,27.0,0.0,0.0,0.0,0.0,0.0,0.0,0.0,1
2585,25.712331,0.0,1.914429,0.0,38.183019,25.031729,0.800447,2.859753,0.0,89.061823,0.0,14.778249,0.0,60.846855,33.683697,60.702565,49.988208,33.723647,50.0,27.0,0.0,0.0,0.0,0.0,0.0,0.0,0.0,1
2586,25.455207,0.0,1.905574,0.0,37.918475,25.081852,0.80054,2.841046,0.0,89.069202,0.0,14.84433,0.0,60.770899,33.733068,60.739768,49.998549,33.744315,50.0,27.0,0.0,0.0,0.0,0.0,0.0,0.0,0.0,1
2587,25.200655,0.0,1.899014,0.0,38.116249,24.983398,0.799756,2.854101,0.0,88.760659,0.0,14.85221,0.0,60.423641,33.911311,60.770438,50.007033,33.761354,50.0,27.0,0.0,0.0,0.0,0.0,0.0,0.0,0.0,1
2588,24.948649,0.0,1.905419,0.0,37.99915,24.953231,0.799618,2.851422,0.0,89.040547,0.0,14.877796,0.0,60.555783,33.765601,60.573547,49.952579,33.651971,50.0,27.0,0.0,0.0,0.0,0.0,0.0,0.0,0.0,1
2589,24.699162,0.0,1.890799,0.0,38.18861,25.024895,0.797698,2.839578,0.0,89.56592,0.0,14.821577,0.0,60.707536,33.638285,60.455634,49.920224,33.586463,50.0,27.0,0.0,0.0,0.0,0.0,0.0,0.0,0.0,1
2590,24.452171,0.0,1.891629,0.0,38.028516,25.090284,0.799777,2.858545,0.0,88.870262,0.0,14.921013,0.0,60.479017,33.873448,60.738905,49.998916,33.743836,50.0,27.0,0.0,0.0,0.0,0.0,0.0,0.0,0.0,1
2591,24.207649,0.0,1.900877,0.0,37.93179,25.04235,0.802918,2.855009,0.0,89.213871,0.0,14.825231,0.0,60.726488,33.745113,60.699426,49.988009,33.721903,50.0,27.0,0.0,0.0,0.0,0.0,0.0,0.0,0.0,1
2592,23.965572,0.0,1.896883,0.0,37.945579,24.932992,0.798261,2.856518,0.0,89.374051,0.0,14.919659,0.0,60.85539,33.712854,60.761972,50.005356,33.756651,50.0,27.0,0.0,0.0,0.0,0.0,0.0,0.0,0.0,1
2593,23.725917,0.0,1.89564,0.0,38.069399,25.0159,0.799285,2.838768,0.0,88.760651,0.0,14.852512,0.0,60.701159,33.74273,60.676601,49.981733,33.709223,50.0,27.0,0.0,0.0,0.0,0.0,0.0,0.0,0.0,1
2594,23.488657,0.0,1.906399,0.0,37.980636,25.128158,0.801162,2.859096,0.0,89.473736,0.0,14.833271,0.0,60.563424,33.919982,60.914291,50.047521,33.841273,50.0,27.0,0.0,0.0,0.0,0.0,0.0,0.0,0.0,1
2595,23.253771,0.0,1.904433,0.0,37.949119,24.967648,0.803301,2.83673,0.0,89.523365,0.0,14.858383,0.0,60.550372,33.910018,60.858293,50.031807,33.810163,50.0,27.0,0.0,0.0,0.0,0.0,0.0,0.0,0.0,1
2596,23.021233,0.0,1.910681,0.0,37.786444,25.000819,0.802997,2.850369,0.0,89.250849,0.0,14.870074,0.0,60.707394,33.785292,60.732974,49.997011,33.740541,50.0,27.0,0.0,0.0,0.0,0.0,0.0,0.0,0.0,1
2597,22.791021,0.0,1.895873,0.0,37.936349,24.984238,0.798888,2.85012,0.0,89.528805,0.0,14.875657,0.0,60.674819,33.818063,60.767928,50.006687,33.75996,50.0,27.0,0.0,0.0,0.0,0.0,0.0,0.0,0.0,1
2598,22.563111,0.0,1.891835,0.0,38.040725,24.925379,0.798471,2.867801,0.0,89.31704,0.0,14.900039,0.0,60.985888,33.775252,60.982873,50.066064,33.879374,50.0,27.0,0.0,0.0,0.0,0.0,0.0,0.0,0.0,1
2599,22.33748,0.0,1.898877,0.0,37.863441,24.931622,0.803423,2.857371,0.0,89.683048,0.0,14.80943,0.0,60.782703,33.840685,60.9179,50.047777,33.843278,50.0,27.0,0.0,0.0,0.0,0.0,0.0,0.0,0.0,1
2600,22.114105,0.0,1.891951,0.0,38.035414,25.041657,0.800151,2.861192,0.0,88.745378,0.0,14.850095,0.0,60.595889,33.97662,61.009373,50.072822,33.894096,50.0,27.0,0.0,0.0,0.0,0.0,0.0,0.0,0.0,1
2601,21.892964,0.0,1.897484,0.0,37.87671,24.892084,0.803417,2.844628,0.0,89.206347,0.0,14.944829,0.0,61.136417,33.685787,60.910582,50.045154,33.839212,50.0,27.0,0.0,0.0,0.0,0.0,0.0,0.0,0.0,1
2602,21.674034,0.0,1.89813,0.0,38.218668,25.007907,0.796873,2.857273,0.0,89.462744,0.0,14.949231,0.0,61.076229,33.668657,60.828375,50.022208,33.793542,50.0,27.0,0.0,0.0,0.0,0.0,0.0,0.0,0.0,1
2603,21.457294,0.0,1.90145,0.0,37.832974,24.965077,0.80165,2.855305,0.0,88.9846,0.0,14.916355,0.0,60.570782,33.887824,60.800725,50.014455,33.778181,50.0,27.0,0.0,0.0,0.0,0.0,0.0,0.0,0.0,1
2604,21.242721,0.0,1.903106,0.0,37.887905,24.948776,0.803715,2.839027,0.0,88.983555,0.0,14.938852,0.0,60.654114,33.947076,60.99467,50.067989,33.885928,50.0,27.0,0.0,0.0,0.0,0.0,0.0,0.0,0.0,1
2605,21.030294,0.0,1.898607,0.0,37.874354,24.891515,0.800311,2.839996,0.0,89.093683,0.0,14.868784,0.0,60.824198,33.824935,60.885828,50.037567,33.82546,50.0,27.0,0.0,0.0,0.0,0.0,0.0,0.0,0.0,1
2606,20.819991,0.0,1.895199,0.0,37.983941,25.042119,0.796707,2.83237,0.0,89.221604,0.0,14.899441,0.0,60.977662,33.736819,60.849571,50.027359,33.805317,50.0,27.0,0.0,0.0,0.0,0.0,0.0,0.0,0.0,1
2607,20.611791,0.0,1.90333,0.0,37.882179,25.054114,0.803632,2.848922,0.0,89.834164,0.0,14.926616,0.0,60.986461,33.774856,60.94661,50.054044,33.859228,50.0,27.0,0.0,0.0,0.0,0.0,0.0,0.0,0.0,1
2608,20.405673,0.0,1.89961,0.0,37.983048,24.928831,0.797227,2.849755,0.0,89.045441,0.0,14.874907,0.0,61.009216,33.691849,60.796763,50.012358,33.775979,50.0,27.0,0.0,0.0,0.0,0.0,0.0,0.0,0.0,1
2609,20.201616,0.0,1.898416,0.0,37.790901,24.983323,0.799591,2.847544,0.0,89.40332,0.0,14.881172,0.0,60.983411,33.713767,60.830469,50.021612,33.794705,50.0,27.0,0.0,0.0,0.0,0.0,0.0,0.0,0.0,1
2610,19.9996,0.0,1.909998,0.0,38.081078,24.944447,0.802026,2.854433,0.0,88.713963,0.0,14.893024,0.0,60.556411,33.955328,60.922572,50.046962,33.845873,50.0,27.0,0.0,0.0,0.0,0.0,0.0,0.0,0.0,1
2611,19.799604,0.0,1.902104,0.0,37.963982,24.988882,0.798172,2.846869,0.0,89.341635,0.0,14.891695,0.0,60.515079,33.776391,60.480909,49.924654,33.600505,50.0,27.0,0.0,0.0,0.0,0.0,0.0,0.0,0.0,1
2612,19.601608,0.0,1.897512,0.0,37.880481,25.014428,0.797168,2.84098,0.0,89.54851,0.0,14.857467,0.0,61.070459,33.547179,60.554931,49.945489,33.641628,50.0,27.0,0.0,0.0,0.0,0.0,0.0,0.0,0.0,1
2613,19.405592,0.0,1.897244,0.0,37.93482,25.201936,0.803219,2.846712,0.0,89.309597,0.0,14.908894,0.0,60.757459,33.766123,60.735985,49.995802,33.742214,50.0,27.0,0.0,0.0,0.0,0.0,0.0,0.0,0.0,1
2614,19.211536,0.0,1.897243,0.0,37.909997,24.965103,0.798175,2.870637,0.0,89.101628,0.0,14.923208,0.0,60.750016,33.854471,60.916245,50.045646,33.842358,50.0,27.0,0.0,0.0,0.0,0.0,0.0,0.0,0.0,1
2615,19.019421,0.0,1.899712,0.0,37.985627,24.943951,0.800827,2.851196,0.0,89.04809,0.0,14.815938,0.0,60.637155,33.838271,60.758822,50.001908,33.754901,50.0,27.0,0.0,0.0,0.0,0.0,0.0,0.0,0.0,1
2616,18.829226,0.0,1.895118,0.0,38.098967,25.025904,0.798108,2.854516,0.0,89.494965,0.0,14.88018,0.0,60.934266,33.640249,60.630626,49.966466,33.683681,50.0,27.0,0.0,0.0,0.0,0.0,0.0,0.0,0.0,1
2617,18.640934,0.0,1.899152,0.0,37.882668,24.91145,0.799054,2.840049,0.0,88.67649,0.0,14.877022,0.0,60.801218,33.839854,60.937597,50.051478,33.854221,50.0,27.0,0.0,0.0,0.0,0.0,0.0,0.0,0.0,1
2618,18.454525,0.0,1.887255,0.0,38.046739,24.811087,0.796893,2.847943,0.0,89.073744,0.0,14.848097,0.0,60.575308,33.933043,60.899734,50.040757,33.833185,50.0,27.0,0.0,0.0,0.0,0.0,0.0,0.0,0.0,1
2619,18.26998,0.0,1.901602,0.0,38.189955,25.173556,0.805576,2.841507,0.0,89.105544,0.0,14.799538,0.0,60.605818,33.886394,60.811568,50.016185,33.784205,50.0,27.0,0.0,0.0,0.0,0.0,0.0,0.0,0.0,1
2620,18.08728,0.0,1.89775,0.0,37.762609,24.997388,0.802579,2.851366,0.0,89.107139,0.0,14.844896,0.0,60.833721,33.707951,60.650208,49.971506,33.69456,50.0,27.0,0.0,0.0,0.0,0.0,0.0,0.0,0.0,1
2621,17.906407,0.0,1.902418,0.0,38.088155,24.864661,0.800073,2.850711,0.0,89.188551,0.0,14.873528,0.0,60.905849,33.51583,60.32855,49.882743,33.515861,50.0,27.0,0.0,0.0,0.0,0.0,0.0,0.0,0.0,1
2622,17.727343,0.0,1.901877,0.0,37.976809,24.924535,0.798227,2.852586,0.0,89.506944,0.0,14.932279,0.0,60.95555,33.616242,60.626139,49.965578,33.681188,50.0,27.0,0.0,0.0,0.0,0.0,0.0,0.0,0.0,1
2623,17.550069,0.0,1.906543,0.0,38.160769,24.985911,0.798821,2.848391,0.0,89.034388,0.0,14.889408,0.0,60.695664,33.823308,60.82362,50.020332,33.7909,50.0,27.0,0.0,0.0,0.0,0.0,0.0,0.0,0.0,1
2624,17.374569,0.0,1.898993,0.0,37.813971,25.025803,0.798845,2.846929,0.0,89.142629,0.0,14.853617,0.0,61.029439,33.649022,60.781764,50.008663,33.767647,50.0,27.0,0.0,0.0,0.0,0.0,0.0,0.0,0.0,1
2625,17.200823,0.0,1.895975,0.0,37.894798,24.976658,0.801416,2.844665,0.0,88.626709,0.0,14.867613,0.0,60.566713,33.735335,60.516583,49.935324,33.620324,50.0,27.0,0.0,0.0,0.0,0.0,0.0,0.0,0.0,1
2626,17.028815,0.0,1.89961,0.0,37.924495,24.818522,0.799557,2.851791,0.0,89.31072,0.0,14.813715,0.0,60.69661,33.706731,60.589276,49.955738,33.660709,50.0,27.0,0.0,0.0,0.0,0.0,0.0,0.0,0.0,1
2627,16.858527,0.0,1.899858,0.0,38.187178,25.099713,0.801744,2.843252,0.0,89.338015,0.0,14.800837,0.0,60.580687,33.812364,60.702883,49.987359,33.723824,50.0,27.0,0.0,0.0,0.0,0.0,0.0,0.0,0.0,1
2628,16.689941,0.0,1.8947,0.0,38.194522,25.058651,0.802894,2.863265,0.0,88.839285,0.0,14.838946,0.0,60.73851,33.77764,60.779822,50.008688,33.766568,50.0,27.0,0.0,0.0,0.0,0.0,0.0,0.0,0.0,1
2629,16.523042,0.0,1.899923,0.0,38.025003,24.975583,0.802153,2.85113,0.0,89.068205,0.0,14.833347,0.0,60.699889,33.858366,60.9089,50.044321,33.838278,50.0,27.0,0.0,0.0,0.0,0.0,0.0,0.0,0.0,1
2630,16.357812,0.0,1.897227,0.0,38.048386,24.912036,0.794339,2.84781,0.0,89.147345,0.0,14.865282,0.0,60.686314,33.709409,60.568056,49.949892,33.64892,50.0,27.0,0.0,0.0,0.0,0.0,0.0,0.0,0.0,1
2631,16.194233,0.0,1.900015,0.0,38.037971,24.988506,0.799973,2.845203,0.0,88.986854,0.0,14.839702,0.0,60.461301,33.920475,60.795651,50.013048,33.775362,50.0,27.0,0.0,0.0,0.0,0.0,0.0,0.0,0.0,1
2632,16.032291,0.0,1.897492,0.0,37.952704,24.99732,0.798549,2.843102,0.0,88.777659,0.0,14.917796,0.0,60.930911,33.712619,60.805918,50.015821,33.781066,50.0,27.0,0.0,0.0,0.0,0.0,0.0,0.0,0.0,1
2633,15.871968,0.0,1.90319,0.0,38.062925,24.973484,0.797185,2.854051,0.0,89.417401,0.0,14.912235,0.0,60.891134,33.718384,60.786113,50.010268,33.770063,50.0,27.0,0.0,0.0,0.0,0.0,0.0,0.0,0.0,1
2634,15.713249,0.0,1.908788,0.0,38.021061,24.951351,0.800501,2.858536,0.0,88.825476,0.0,14.853264,0.0,60.771774,33.647572,60.52395,49.937756,33.624417,50.0,27.0,0.0,0.0,0.0,0.0,0.0,0.0,0.0,1
2635,15.556116,0.0,1.90231,0.0,37.983248,25.165552,0.793603,2.850773,0.0,89.37118,0.0,14.863579,0.0,60.539389,33.904856,60.849762,50.028119,33.805423,50.0,27.0,0.0,0.0,0.0,0.0,0.0,0.0,0.0,1
2636,15.400555,0.0,1.903181,0.0,38.122791,24.947997,0.798953,2.837158,0.0,89.298228,0.0,14.941238,0.0,60.582958,33.86163,60.782751,50.009458,33.768195,50.0,27.0,0.0,0.0,0.0,0.0,0.0,0.0,0.0,1
2637,15.246549,0.0,1.895209,0.0,38.196867,25.154371,0.800979,2.847814,0.0,89.864737,0.0,14.897228,0.0,60.600336,33.862878,60.790276,50.01149,33.772375,50.0,27.0,0.0,0.0,0.0,0.0,0.0,0.0,0.0,1
2638,15.094084,0.0,1.902588,0.0,38.02171,25.020863,0.802575,2.846361,0.0,88.996994,0.0,14.913849,0.0,60.79982,33.707504,60.650147,49.972702,33.694526,50.0,27.0,0.0,0.0,0.0,0.0,0.0,0.0,0.0,1
2639,14.943143,0.0,1.897886,0.0,37.907654,24.995137,0.803203,2.848621,0.0,89.265491,0.0,14.861929,0.0,60.815045,33.894386,61.06893,50.088588,33.927183,50.0,27.0,0.0,0.0,0.0,0.0,0.0,0.0,0.0,1
2640,14.793712,0.0,1.89798,0.0,38.253709,25.042884,0.802285,2.857416,0.0,88.555535,0.0,14.868129,0.0,61.008914,33.593073,60.61135,49.961674,33.672972,50.0,27.0,0.0,0.0,0.0,0.0,0.0,0.0,0.0,1
2641,14.645774,0.0,1.905441,0.0,37.68669,24.936491,0.80213,2.853384,0.0,89.695886,0.0,14.887078,0.0,60.773612,33.549188,60.308326,49.87811,33.504626,50.0,27.0,0.0,0.0,0.0,0.0,0.0,0.0,0.0,1
2642,14.499317,0.0,1.90097,0.0,38.01992,25.004498,0.802395,2.838668,0.0,89.312156,0.0,14.807531,0.0,60.797994,33.715986,60.713627,49.99074,33.729793,50.0,27.0,0.0,0.0,0.0,0.0,0.0,0.0,0.0,1
2643,14.354324,0.0,1.901653,0.0,37.916831,25.112038,0.799462,2.859387,0.0,88.989928,0.0,14.932242,0.0,60.392343,34.013525,60.94087,50.053595,33.856039,50.0,27.0,0.0,0.0,0.0,0.0,0.0,0.0,0.0,1
2644,14.21078,0.0,1.897494,0.0,37.985116,24.980783,0.800488,2.835552,0.0,89.178375,0.0,14.827682,0.0,60.428653,33.917663,60.740687,49.997999,33.744826,50.0,27.0,0.0,0.0,0.0,0.0,0.0,0.0,0.0,1
2645,14.068672,0.0,1.898414,0.0,38.019369,25.009384,0.794696,2.849301,0.0,89.133518,0.0,14.797738,0.0,61.03438,33.43376,60.30618,49.877913,33.503434,50.0,27.0,0.0,0.0,0.0,0.0,0.0,0.0,0.0,1
2646,13.927986,0.0,1.901172,0.0,38.054704,24.945122,0.80654,2.848895,0.0,89.362228,0.0,14.877304,0.0,60.934075,33.624941,60.654659,49.974838,33.697033,50.0,27.0,0.0,0.0,0.0,0.0,0.0,0.0,0.0,1
2647,13.788706,0.0,1.896348,0.0,38.143683,25.032651,0.7993,2.841577,0.0,89.510036,0.0,14.82068,0.0,60.667034,33.711239,60.587117,49.956295,33.65951,50.0,27.0,0.0,0.0,0.0,0.0,0.0,0.0,0.0,1
2648,13.650819,0.0,1.891717,0.0,38.238729,24.924385,0.800436,2.860078,0.0,89.012794,0.0,14.964697,0.0,60.348646,33.853059,60.572876,49.952576,33.651598,50.0,27.0,0.0,0.0,0.0,0.0,0.0,0.0,0.0,1
2649,13.514311,0.0,1.907695,0.0,37.779577,25.056327,0.797989,2.848702,0.0,89.120905,0.0,14.86208,0.0,60.549064,33.873386,60.802158,50.016185,33.778976,50.0,27.0,0.0,0.0,0.0,0.0,0.0,0.0,0.0,1
2650,13.379168,0.0,1.898182,0.0,38.023835,24.999292,0.800108,2.861063,0.0,89.423754,0.0,14.957705,0.0,60.626865,33.777621,60.662135,49.977403,33.701186,50.0,27.0,0.0,0.0,0.0,0.0,0.0,0.0,0.0,1
2651,13.245376,0.0,1.906448,0.0,37.985165,25.076082,0.797464,2.849831,0.0,88.915073,0.0,14.876376,0.0,60.885488,33.875412,61.124831,50.105402,33.95824,50.0,27.0,0.0,0.0,0.0,0.0,0.0,0.0,0.0,1
2652,13.112922,0.0,1.901605,0.0,37.972451,24.968445,0.800267,2.850204,0.0,89.469416,0.0,14.86179,0.0,60.865875,33.753123,60.832307,50.024025,33.795726,50.0,27.0,0.0,0.0,0.0,0.0,0.0,0.0,0.0,1
2653,12.981793,0.0,1.904033,0.0,38.188754,25.068634,0.802426,2.837722,0.0,89.593548,0.0,14.809699,0.0,60.675241,33.660038,60.447418,49.917524,33.581899,50.0,27.0,0.0,0.0,0.0,0.0,0.0,0.0,0.0,1
2654,12.851975,0.0,1.900981,0.0,37.868112,24.942922,0.803287,2.841529,0.0,88.737466,0.0,14.864008,0.0,60.926247,33.716649,60.832079,50.024253,33.795599,50.0,27.0,0.0,0.0,0.0,0.0,0.0,0.0,0.0,1
2655,12.723455,0.0,1.896108,0.0,37.92515,25.061143,0.800204,2.866655,0.0,89.260825,0.0,14.873458,0.0,60.609871,33.651294,60.38373,49.900211,33.546517,50.0,27.0,0.0,0.0,0.0,0.0,0.0,0.0,0.0,1
2656,12.596221,0.0,1.904885,0.0,38.085708,25.087875,0.798489,2.850879,0.0,89.126045,0.0,14.871485,0.0,60.484884,33.94399,60.890282,50.040716,33.827935,50.0,27.0,0.0,0.0,0.0,0.0,0.0,0.0,0.0,1
2657,12.470258,0.0,1.899958,0.0,38.040988,24.969135,0.8005,2.850838,0.0,89.57513,0.0,14.849548,0.0,60.803463,33.78947,60.857582,50.031475,33.809768,50.0,27.0,0.0,0.0,0.0,0.0,0.0,0.0,0.0,1
2658,12.345556,0.0,1.900096,0.0,38.032369,24.958424,0.796962,2.831764,0.0,89.836904,0.0,14.904139,0.0,60.946407,33.758638,60.932107,50.051917,33.851171,50.0,27.0,0.0,0.0,0.0,0.0,0.0,0.0,0.0,1
2659,12.2221,0.0,1.895309,0.0,38.051441,24.978904,0.800861,2.836169,0.0,89.385221,0.0,14.893676,0.0,60.602253,33.728395,60.525055,49.939151,33.625031,50.0,27.0,0.0,0.0,0.0,0.0,0.0,0.0,0.0,1
2660,12.099879,0.0,1.904828,0.0,37.937312,25.019813,0.80022,2.856013,0.0,89.320884,0.0,14.763579,0.0,60.895609,33.79489,60.963498,50.060638,33.86861,50.0,27.0,0.0,0.0,0.0,0.0,0.0,0.0,0.0,1
2661,11.978881,0.0,1.902562,0.0,37.812932,25.033167,0.797338,2.851232,0.0,89.409517,0.0,14.900194,0.0,60.585641,33.886865,60.843296,50.027113,33.801831,50.0,27.0,0.0,0.0,0.0,0.0,0.0,0.0,0.0,1
2662,11.859092,0.0,1.902788,0.0,38.012033,25.072116,0.805518,2.866196,0.0,89.482219,0.0,14.826392,0.0,60.858816,33.724227,60.757304,50.00321,33.754058,50.0,27.0,0.0,0.0,0.0,0.0,0.0,0.0,0.0,1
2663,11.740501,0.0,1.893921,0.0,37.94993,25.014053,0.799715,2.84308,0.0,89.58568,0.0,14.840167,0.0,60.669846,33.955313,61.062125,50.087446,33.923403,50.0,27.0,0.0,0.0,0.0,0.0,0.0,0.0,0.0,1
2664,11.623096,0.0,1.892651,0.0,37.969563,25.014138,0.798817,2.834966,0.0,89.237246,0.0,14.892675,0.0,60.778681,33.761684,60.738007,49.997426,33.743337,50.0,27.0,0.0,0.0,0.0,0.0,0.0,0.0,0.0,1
2665,11.506865,0.0,1.904293,0.0,38.07036,24.824023,0.80261,2.856131,0.0,89.42533,0.0,14.845987,0.0,61.11046,33.740683,61.028028,50.077599,33.90446,50.0,27.0,0.0,0.0,0.0,0.0,0.0,0.0,0.0,1
2666,11.391796,0.0,1.90188,0.0,37.927797,25.057497,0.806468,2.847584,0.0,89.205886,0.0,14.834403,0.0,60.790673,33.720702,60.671247,49.9786,33.706248,50.0,27.0,0.0,0.0,0.0,0.0,0.0,0.0,0.0,1
2667,11.277878,0.0,1.891326,0.0,38.122854,25.041433,0.801863,2.847856,0.0,89.046336,0.0,14.85896,0.0,60.805398,33.705772,60.661942,49.976135,33.701079,50.0,27.0,0.0,0.0,0.0,0.0,0.0,0.0,0.0,1
2668,11.165099,0.0,1.89758,0.0,37.808347,24.927477,0.798711,2.866335,0.0,89.284362,0.0,14.890181,0.0,60.849799,33.719362,60.743975,49.998927,33.746653,50.0,27.0,0.0,0.0,0.0,0.0,0.0,0.0,0.0,1
2669,11.053448,0.0,1.902437,0.0,37.876862,25.032536,0.801324,2.837705,0.0,89.37468,0.0,14.811885,0.0,60.700986,33.659668,60.47586,49.924827,33.5977,50.0,27.0,0.0,0.0,0.0,0.0,0.0,0.0,0.0,1
2670,10.942914,0.0,1.897916,0.0,38.145071,25.069412,0.797012,2.849689,0.0,89.258293,0.0,14.822134,0.0,60.612288,33.768664,60.631146,49.968121,33.68397,50.0,27.0,0.0,0.0,0.0,0.0,0.0,0.0,0.0,1
2671,10.833485,0.0,1.907148,0.0,38.168007,24.975287,0.798872,2.849291,0.0,89.202366,0.0,14.850738,0.0,60.717171,33.852101,60.91085,50.045589,33.839361,50.0,27.0,0.0,0.0,0.0,0.0,0.0,0.0,0.0,1
2672,10.72515,0.0,1.896351,0.0,38.0983,25.029309,0.795072,2.84147,0.0,89.216011,0.0,14.81896,0.0,60.482195,33.89437,60.752929,50.001713,33.751627,50.0,27.0,0.0,0.0,0.0,0.0,0.0,0.0,0.0,1
2673,10.617898,0.0,1.908405,0.0,37.941136,25.14633,0.800973,2.860053,0.0,89.380332,0.0,14.823089,0.0,60.859023,33.758546,60.826334,50.021993,33.792408,50.0,27.0,0.0,0.0,0.0,0.0,0.0,0.0,0.0,1
2674,10.511719,0.0,1.905286,0.0,37.95196,24.952914,0.802294,2.848185,0.0,89.198747,0.0,14.902734,0.0,60.874572,33.620627,60.553002,49.946336,33.640557,50.0,27.0,0.0,0.0,0.0,0.0,0.0,0.0,0.0,1
2675,10.406602,0.0,1.900749,0.0,37.947908,24.911098,0.798758,2.848111,0.0,89.045316,0.0,14.941209,0.0,61.038401,33.646264,60.791008,50.012387,33.772782,50.0,27.0,0.0,0.0,0.0,0.0,0.0,0.0,0.0,1
2676,10.302536,0.0,1.898369,0.0,37.903074,25.067095,0.80007,2.855876,0.0,89.364203,0.0,14.830797,0.0,60.969797,33.779285,61.018458,50.075192,33.899143,50.0,27.0,0.0,0.0,0.0,0.0,0.0,0.0,0.0,1
2677,10.199511,0.0,1.899505,0.0,37.871331,24.883676,0.80031,2.849076,0.0,88.729614,0.0,14.878098,0.0,60.389326,33.939966,60.773881,50.007217,33.763267,50.0,27.0,0.0,0.0,0.0,0.0,0.0,0.0,0.0,1
2678,10.097516,0.0,1.891879,0.0,37.851808,25.030011,0.800696,2.839789,0.0,89.494784,0.0,14.823573,0.0,60.577533,33.76218,60.563037,49.948905,33.646132,50.0,27.0,0.0,0.0,0.0,0.0,0.0,0.0,0.0,1
2679,9.996541,0.0,1.896993,0.0,38.064159,25.094225,0.802726,2.858337,0.0,89.452554,0.0,14.884426,0.0,60.681422,33.789869,60.726237,49.994267,33.736798,50.0,27.0,0.0,0.0,0.0,0.0,0.0,0.0,0.0,1
2680,9.896575,0.0,1.900113,0.0,38.009015,24.960836,0.799499,2.852496,0.0,89.014974,0.0,14.824275,0.0,60.973452,33.668703,60.759883,50.003595,33.755491,50.0,27.0,0.0,0.0,0.0,0.0,0.0,0.0,0.0,1
2681,9.797609,0.0,1.89993,0.0,38.010545,24.985556,0.798024,2.842656,0.0,89.257275,0.0,14.742174,0.0,60.786009,33.702687,60.657472,49.975271,33.698595,50.0,27.0,0.0,0.0,0.0,0.0,0.0,0.0,0.0,1
2682,9.699633,0.0,1.899378,0.0,38.049197,24.891351,0.799108,2.861357,0.0,89.244272,0.0,14.877376,0.0,60.697883,33.785089,60.751196,50.001299,33.750664,50.0,27.0,0.0,0.0,0.0,0.0,0.0,0.0,0.0,1
2683,9.602637,0.0,1.89624,0.0,38.044432,24.901148,0.797027,2.850398,0.0,89.510263,0.0,14.836721,0.0,60.724346,33.619644,60.425342,49.911228,33.569634,50.0,27.0,0.0,0.0,0.0,0.0,0.0,0.0,0.0,1
2684,9.506611,0.0,1.895464,0.0,38.000805,25.136009,0.796981,2.848898,0.0,89.177647,0.0,14.834958,0.0,60.908502,33.651746,60.695902,49.986452,33.719946,50.0,27.0,0.0,0.0,0.0,0.0,0.0,0.0,0.0,1
2685,9.411545,0.0,1.892846,0.0,37.829943,24.993549,0.800229,2.860988,0.0,89.128782,0.0,14.883999,0.0,60.785682,33.70541,60.699566,49.987532,33.721981,50.0,27.0,0.0,0.0,0.0,0.0,0.0,0.0,0.0,1
2686,9.317429,0.0,1.898633,0.0,38.023559,24.900816,0.800041,2.853723,0.0,88.686814,0.0,14.817717,0.0,60.727535,33.77434,60.7922,50.013197,33.773445,50.0,27.0,0.0,0.0,0.0,0.0,0.0,0.0,0.0,1
2687,9.224255,0.0,1.893912,0.0,37.982047,25.012722,0.801055,2.844883,0.0,89.373191,0.0,14.937557,0.0,60.871868,33.716411,60.810296,50.018133,33.783498,50.0,27.0,0.0,0.0,0.0,0.0,0.0,0.0,0.0,1
2688,9.132012,0.0,1.91264,0.0,37.895153,24.969246,0.799293,2.85914,0.0,89.199463,0.0,14.784279,0.0,60.706224,33.811238,60.848528,50.02861,33.804738,50.0,27.0,0.0,0.0,0.0,0.0,0.0,0.0,0.0,1
2689,9.040692,0.0,1.898844,0.0,37.809478,25.013598,0.798274,2.869197,0.0,89.173503,0.0,14.892766,0.0,60.845352,33.684513,60.71145,49.99058,33.728583,50.0,27.0,0.0,0.0,0.0,0.0,0.0,0.0,0.0,1
2690,8.950285,0.0,1.89721,0.0,37.951089,25.057591,0.798524,2.840365,0.0,89.293958,0.0,14.879759,0.0,60.670852,33.702987,60.584288,49.95548,33.657938,50.0,27.0,0.0,0.0,0.0,0.0,0.0,0.0,0.0,1
2691,8.860782,0.0,1.905917,0.0,37.959171,25.039481,0.79755,2.859716,0.0,88.927767,0.0,14.902658,0.0,60.543491,33.906446,60.891509,50.040616,33.828616,50.0,27.0,0.0,0.0,0.0,0.0,0.0,0.0,0.0,1
2692,8.772175,0.0,1.895212,0.0,38.010283,25.025154,0.796899,2.84814,0.0,88.995697,0.0,14.860749,0.0,60.765355,33.753008,60.767964,50.006267,33.75998,50.0,27.0,0.0,0.0,0.0,0.0,0.0,0.0,0.0,1
2693,8.684453,0.0,1.907687,0.0,38.102018,25.039501,0.80089,2.848096,0.0,89.632443,0.0,14.81982,0.0,60.614331,33.82455,60.767686,50.006159,33.759825,50.0,27.0,0.0,0.0,0.0,0.0,0.0,0.0,0.0,1
2694,8.597608,0.0,1.910358,0.0,37.989681,24.90697,0.801741,2.854088,0.0,89.070874,0.0,14.896104,0.0,60.831504,33.677797,60.665717,49.977944,33.703176,50.0,27.0,0.0,0.0,0.0,0.0,0.0,0.0,0.0,1
2695,8.511632,0.0,1.89632,0.0,37.98259,25.000348,0.798243,2.858874,0.0,89.379184,0.0,14.887673,0.0,60.789528,33.716317,60.715355,49.991774,33.730753,50.0,27.0,0.0,0.0,0.0,0.0,0.0,0.0,0.0,1
2696,8.426516,0.0,1.897269,0.0,37.972601,25.024454,0.805117,2.842851,0.0,89.152982,0.0,14.92655,0.0,60.633686,33.811483,60.764891,50.005506,33.758273,50.0,27.0,0.0,0.0,0.0,0.0,0.0,0.0,0.0,1
2697,8.342251,0.0,1.906225,0.0,38.030521,24.913253,0.803447,2.833323,0.0,89.457659,0.0,14.839483,0.0,60.790847,33.614034,60.497357,49.931533,33.609643,50.0,27.0,0.0,0.0,0.0,0.0,0.0,0.0,0.0,1
2698,8.258828,0.0,1.894021,0.0,37.814863,25.024892,0.801068,2.835482,0.0,89.35298,0.0,14.868955,0.0,60.977757,33.540105,60.546666,49.945503,33.637036,50.0,27.0,0.0,0.0,0.0,0.0,0.0,0.0,0.0,1
2699,8.17624,0.0,1.893443,0.0,37.97844,24.888292,0.805039,2.849837,0.0,89.018638,0.0,14.874365,0.0,60.734283,33.805591,60.890145,50.04071,33.827858,50.0,27.0,0.0,0.0,0.0,0.0,0.0,0.0,0.0,1
2700,8.094478,0.0,1.889268,0.0,38.002394,25.003259,0.798814,2.849263,0.0,88.919481,0.0,14.914139,0.0,60.968335,33.533411,60.540327,49.943819,33.633515,50.0,27.0,0.0,0.0,0.0,0.0,0.0,0.0,0.0,1
2701,8.013533,0.0,1.898091,0.0,38.076424,24.985461,0.797915,2.845987,0.0,88.640981,0.0,14.855742,0.0,60.818313,33.583463,60.522632,49.939208,33.623685,50.0,27.0,0.0,0.0,0.0,0.0,0.0,0.0,0.0,1
2702,7.933397,0.0,1.899064,0.0,37.947746,24.860784,0.801524,2.845692,0.0,88.88763,0.0,14.847781,0.0,60.608869,33.843475,60.880132,50.038322,33.822296,50.0,27.0,0.0,0.0,0.0,0.0,0.0,0.0,0.0,1
2703,7.854063,0.0,1.899748,0.0,37.870745,24.990174,0.800191,2.855773,0.0,89.389705,0.0,14.898199,0.0,60.265674,33.847029,60.527481,49.94066,33.626378,50.0,27.0,0.0,0.0,0.0,0.0,0.0,0.0,0.0,1
2704,7.775523,0.0,1.900784,0.0,38.165414,24.967177,0.796828,2.851637,0.0,88.806003,0.0,14.881454,0.0,60.722342,33.713551,60.686229,49.984833,33.714572,50.0,27.0,0.0,0.0,0.0,0.0,0.0,0.0,0.0,1
2705,7.697768,0.0,1.895043,0.0,37.966107,24.987419,0.800539,2.852894,0.0,89.194903,0.0,14.924206,0.0,60.641828,33.998042,61.20807,50.129143,34.004483,50.0,27.0,0.0,0.0,0.0,0.0,0.0,0.0,0.0,1
2706,7.62079,0.0,1.908793,0.0,37.884601,25.075704,0.800376,2.86855,0.0,88.949561,0.0,14.843447,0.0,60.603021,33.675947,60.454455,49.920204,33.585809,50.0,27.0,0.0,0.0,0.0,0.0,0.0,0.0,0.0,1
2707,7.544582,0.0,1.888331,0.0,37.992073,25.116211,0.802237,2.852323,0.0,88.950547,0.0,14.806675,0.0,60.795649,33.606078,60.508988,49.935674,33.616104,50.0,27.0,0.0,0.0,0.0,0.0,0.0,0.0,0.0,1
2708,7.469136,0.0,1.894485,0.0,38.051386,24.902385,0.803623,2.859472,0.0,89.160096,0.0,14.949541,0.0,60.400548,34.0668,61.10364,50.100353,33.946467,50.0,27.0,0.0,0.0,0.0,0.0,0.0,0.0,0.0,1
2709,7.394445,0.0,1.899925,0.0,37.979226,24.959375,0.795929,2.833273,0.0,89.091244,0.0,14.914971,0.0,60.776744,33.676761,60.613152,49.964285,33.673973,50.0,27.0,0.0,0.0,0.0,0.0,0.0,0.0,0.0,1
2710,7.3205,0.0,1.902567,0.0,37.92272,25.043747,0.795793,2.855885,0.0,89.282357,0.0,14.952881,0.0,60.951966,33.739977,60.931946,50.052576,33.851081,50.0,27.0,0.0,0.0,0.0,0.0,0.0,0.0,0.0,1
2711,7.247295,0.0,1.893785,0.0,37.866058,24.801208,0.801781,2.845649,0.0,88.665668,0.0,14.965355,0.0,60.712838,33.750238,60.715713,49.992549,33.730951,50.0,27.0,0.0,0.0,0.0,0.0,0.0,0.0,0.0,1
2712,7.174822,0.0,1.8947,0.0,38.133994,24.962655,0.79882,2.84084,0.0,89.180204,0.0,14.876691,0.0,60.808521,33.586596,60.466033,49.923575,33.592241,50.0,27.0,0.0,0.0,0.0,0.0,0.0,0.0,0.0,1
2713,7.103074,0.0,1.898521,0.0,38.045275,25.056042,0.799857,2.850496,0.0,89.123502,0.0,14.903172,0.0,60.962151,33.639528,60.752724,50.003196,33.751513,50.0,27.0,0.0,0.0,0.0,0.0,0.0,0.0,0.0,1
2714,7.032043,0.0,1.898742,0.0,37.838892,25.13253,0.800349,2.857075,0.0,88.941189,0.0,14.835441,0.0,60.751655,33.838079,60.974135,50.064377,33.87452,50.0,27.0,0.0,0.0,0.0,0.0,0.0,0.0,0.0,1
2715,6.961723,0.0,1.897851,0.0,37.77292,25.011816,0.804004,2.838437,0.0,89.023094,0.0,14.753279,0.0,60.76826,33.774992,60.84376,50.028022,33.802089,50.0,27.0,0.0,0.0,0.0,0.0,0.0,0.0,0.0,1
2716,6.892106,0.0,1.902517,0.0,38.054228,24.830725,0.797027,2.863931,0.0,88.752779,0.0,14.873262,0.0,60.740861,33.709729,60.673979,49.980955,33.707766,50.0,27.0,0.0,0.0,0.0,0.0,0.0,0.0,0.0,1
2717,6.823185,0.0,1.902417,0.0,37.98914,25.012637,0.799363,2.84281,0.0,88.820388,0.0,14.86182,0.0,60.749906,33.770411,60.815206,50.020085,33.786225,50.0,27.0,0.0,0.0,0.0,0.0,0.0,0.0,0.0,1
2718,6.754953,0.0,1.894179,0.0,37.973687,24.956592,0.798736,2.852267,0.0,88.921088,0.0,14.898492,0.0,60.649607,33.702109,60.566751,49.951313,33.648195,50.0,27.0,0.0,0.0,0.0,0.0,0.0,0.0,0.0,1
2719,6.687403,0.0,1.890636,0.0,38.090021,25.118318,0.800133,2.854064,0.0,89.324561,0.0,14.810168,0.0,60.715838,33.507933,60.22857,49.858083,33.460317,50.0,27.0,0.0,0.0,0.0,0.0,0.0,0.0,0.0,1
2720,6.620529,0.0,1.90539,0.0,38.046732,24.955697,0.80159,2.844516,0.0,89.393181,0.0,14.79503,0.0,60.817219,33.614604,60.585413,49.957419,33.658563,50.0,27.0,0.0,0.0,0.0,0.0,0.0,0.0,0.0,1
2721,6.554324,0.0,1.900994,0.0,37.750605,25.082972,0.80184,2.839578,0.0,89.092915,0.0,14.869851,0.0,60.572966,33.925073,61.010543,50.075135,33.894746,50.0,27.0,0.0,0.0,0.0,0.0,0.0,0.0,0.0,1
2722,6.488781,0.0,1.899107,0.0,38.17429,25.06076,0.805589,2.8269,0.0,89.149269,0.0,14.816475,0.0,60.798376,33.580493,60.481758,49.928607,33.600977,50.0,27.0,0.0,0.0,0.0,0.0,0.0,0.0,0.0,1
2723,6.423893,0.0,1.910668,0.0,37.982992,25.089681,0.801714,2.841205,0.0,88.925916,0.0,14.816375,0.0,60.533686,33.871615,60.850942,50.031003,33.806079,50.0,27.0,0.0,0.0,0.0,0.0,0.0,0.0,0.0,1
2724,6.359654,0.0,1.907654,0.0,37.939024,24.943025,0.804752,2.8503,0.0,88.599909,0.0,14.776551,0.0,60.628105,33.772034,60.715478,49.993408,33.730821,50.0,27.0,0.0,0.0,0.0,0.0,0.0,0.0,0.0,1
2725,6.296058,0.0,1.902816,0.0,37.95378,25.075173,0.799498,2.855476,0.0,89.178797,0.0,14.862198,0.0,60.805473,33.642823,60.614832,49.965622,33.674907,50.0,27.0,0.0,0.0,0.0,0.0,0.0,0.0,0.0,1
2726,6.233097,0.0,1.887009,0.0,38.22518,25.113026,0.799746,2.848421,0.0,88.723091,0.0,14.865647,0.0,60.784077,33.629181,60.576573,49.955219,33.653652,50.0,27.0,0.0,0.0,0.0,0.0,0.0,0.0,0.0,1
2727,6.170766,0.0,1.896889,0.0,38.210895,24.924468,0.804702,2.849783,0.0,88.819614,0.0,14.897257,0.0,60.612721,33.752884,60.679122,49.983786,33.710624,50.0,27.0,0.0,0.0,0.0,0.0,0.0,0.0,0.0,1
2728,6.109058,0.0,1.904486,0.0,38.122518,25.068263,0.799813,2.850667,0.0,88.838927,0.0,14.783291,0.0,60.553431,33.920116,60.968438,50.063832,33.871354,50.0,27.0,0.0,0.0,0.0,0.0,0.0,0.0,0.0,1
2729,6.047968,0.0,1.889203,0.0,37.975701,25.053941,0.800423,2.850487,0.0,89.129617,0.0,14.890406,0.0,60.808742,33.724701,60.785606,50.01298,33.769781,50.0,27.0,0.0,0.0,0.0,0.0,0.0,0.0,0.0,1
2730,5.987488,0.0,1.89514,0.0,37.994165,24.967541,0.802377,2.841886,0.0,89.424883,0.0,14.859833,0.0,60.779014,33.710755,60.727908,49.996968,33.737726,50.0,27.0,0.0,0.0,0.0,0.0,0.0,0.0,0.0,1
2731,5.927613,0.0,1.901373,0.0,37.858603,25.041436,0.802323,2.865999,0.0,89.095103,0.0,14.816592,0.0,60.703652,33.721142,60.67765,49.983092,33.709806,50.0,27.0,0.0,0.0,0.0,0.0,0.0,0.0,0.0,1
2732,5.868337,0.0,1.906933,0.0,37.924029,24.907018,0.798321,2.844471,0.0,89.461496,0.0,14.851559,0.0,60.699634,33.646198,60.517174,49.938821,33.620652,50.0,27.0,0.0,0.0,0.0,0.0,0.0,0.0,0.0,1
2733,5.809654,0.0,1.912398,0.0,38.006614,24.991954,0.801437,2.846879,0.0,88.546856,0.0,14.875708,0.0,60.64045,33.8084,60.811538,50.020487,33.784188,50.0,27.0,0.0,0.0,0.0,0.0,0.0,0.0,0.0,1
2734,5.751557,0.0,1.895893,0.0,38.045686,25.093008,0.804397,2.839874,0.0,88.563427,0.0,14.807312,0.0,60.624303,33.78835,60.742403,50.001276,33.74578,50.0,27.0,0.0,0.0,0.0,0.0,0.0,0.0,0.0,1
2735,5.694042,0.0,1.902243,0.0,37.89887,24.908,0.80129,2.838642,0.0,88.709553,0.0,14.799545,0.0,60.729219,33.687703,60.627637,49.969549,33.682021,50.0,27.0,0.0,0.0,0.0,0.0,0.0,0.0,0.0,1
2736,5.637101,0.0,1.893598,0.0,38.030552,24.952361,0.798915,2.857966,0.0,89.398049,0.0,14.859427,0.0,60.692234,33.725578,60.676893,49.983315,33.709385,50.0,27.0,0.0,0.0,0.0,0.0,0.0,0.0,0.0,1
2737,5.58073,0.0,1.899359,0.0,38.015858,25.023246,0.798221,2.84288,0.0,89.230354,0.0,14.79911,0.0,60.240187,33.899943,60.593607,49.960378,33.663115,50.0,27.0,0.0,0.0,0.0,0.0,0.0,0.0,0.0,1
2738,5.524923,0.0,1.899645,0.0,37.940245,24.84604,0.802191,2.868452,0.0,89.386268,0.0,14.920616,0.0,60.916031,33.744621,60.919728,50.050713,33.844293,50.0,27.0,0.0,0.0,0.0,0.0,0.0,0.0,0.0,1
2739,5.469674,0.0,1.896485,0.0,37.903689,25.032123,0.800717,2.847095,0.0,89.360196,0.0,14.954704,0.0,61.009596,33.585405,60.677217,49.983432,33.709565,50.0,27.0,0.0,0.0,0.0,0.0,0.0,0.0,0.0,1
2740,5.414977,0.0,1.898909,0.0,37.90061,24.996778,0.800441,2.858264,0.0,89.059127,0.0,14.866636,0.0,60.82149,33.590567,60.520773,49.940274,33.622652,50.0,27.0,0.0,0.0,0.0,0.0,0.0,0.0,0.0,1
2741,5.360827,0.0,1.903859,0.0,38.045629,25.029829,0.800012,2.845024,0.0,89.14867,0.0,14.878167,0.0,61.035622,33.606431,60.787163,50.0142,33.770646,50.0,27.0,0.0,0.0,0.0,0.0,0.0,0.0,0.0,1
2742,5.307219,0.0,1.891685,0.0,37.901261,25.1132,0.800572,2.848697,0.0,89.365112,0.0,14.858087,0.0,60.964674,33.522399,60.554488,49.949819,33.641382,50.0,27.0,0.0,0.0,0.0,0.0,0.0,0.0,0.0,1
2743,5.254147,0.0,1.913931,0.0,37.950866,25.03493,0.802313,2.854405,0.0,89.327409,0.0,14.933258,0.0,60.887399,33.543676,60.547732,49.948202,33.637629,50.0,27.0,0.0,0.0,0.0,0.0,0.0,0.0,0.0,1
2744,5.201605,0.0,1.894151,0.0,37.936705,25.054902,0.800307,2.862861,0.0,88.698211,0.0,14.87296,0.0,60.715938,33.665676,60.654843,49.978064,33.697135,50.0,27.0,0.0,0.0,0.0,0.0,0.0,0.0,0.0,1
2745,5.149589,0.0,1.904652,0.0,37.987805,24.987597,0.801612,2.85451,0.0,88.594419,0.0,14.86654,0.0,60.834296,33.544227,60.520839,49.941135,33.622688,50.0,27.0,0.0,0.0,0.0,0.0,0.0,0.0,0.0,1
2746,5.098093,0.0,1.896431,0.0,37.992221,25.002474,0.799942,2.855246,0.0,88.805643,0.0,14.817372,0.0,60.801272,33.638451,60.706159,49.99265,33.725644,50.0,27.0,0.0,0.0,0.0,0.0,0.0,0.0,0.0,1
2747,5.047112,0.0,1.896945,0.0,37.953394,24.978011,0.795698,2.842466,0.0,88.968374,0.0,14.76442,0.0,60.844685,33.537956,60.543535,49.947738,33.635297,50.0,27.0,0.0,0.0,0.0,0.0,0.0,0.0,0.0,1
2748,4.996641,0.0,1.899564,0.0,37.986184,24.966722,0.797068,2.842804,0.0,89.349258,0.0,14.869446,0.0,60.426388,33.757418,60.606988,49.965536,33.670549,50.0,27.0,0.0,0.0,0.0,0.0,0.0,0.0,0.0,1
2749,4.946675,0.0,1.904217,0.0,37.963221,25.024006,0.800341,2.841582,0.0,88.557381,0.0,14.873568,0.0,60.657224,33.634954,60.568214,49.95499,33.649008,50.0,27.0,0.0,0.0,0.0,0.0,0.0,0.0,0.0,1
2750,4.897208,0.0,1.9079,0.0,38.013715,24.98668,0.79952,2.847634,0.0,89.202639,0.0,14.798838,0.0,60.899493,33.554115,60.645525,49.976583,33.691958,50.0,27.0,0.0,0.0,0.0,0.0,0.0,0.0,0.0,1
2751,4.848236,0.0,1.900199,0.0,37.952591,24.949988,0.80021,2.854153,0.0,88.95183,0.0,14.852262,0.0,60.553966,33.894896,61.034707,50.084268,33.908171,50.0,27.0,0.0,0.0,0.0,0.0,0.0,0.0,0.0,1
2752,4.799754,0.0,1.904343,0.0,38.149111,24.966616,0.8027,2.838025,0.0,89.102134,0.0,14.899881,0.0,60.604448,33.581859,60.394829,49.906989,33.552683,50.0,27.0,0.0,0.0,0.0,0.0,0.0,0.0,0.0,1
2753,4.751756,0.0,1.900777,0.0,38.035055,24.807007,0.805656,2.846909,0.0,89.054996,0.0,14.87534,0.0,60.430964,33.855654,60.811983,50.022751,33.784435,50.0,27.0,0.0,0.0,0.0,0.0,0.0,0.0,0.0,1
2754,4.704238,0.0,1.906292,0.0,37.97387,25.00391,0.795963,2.859265,0.0,88.688533,0.0,14.871255,0.0,60.495389,33.7598,60.650402,49.977978,33.694668,50.0,27.0,0.0,0.0,0.0,0.0,0.0,0.0,0.0,1
2755,4.657196,0.0,1.90434,0.0,38.058184,25.042158,0.800639,2.847776,0.0,89.107218,0.0,14.841728,0.0,60.751482,33.762511,60.902526,50.047773,33.834737,50.0,27.0,0.0,0.0,0.0,0.0,0.0,0.0,0.0,1
2756,4.610624,0.0,1.908377,0.0,38.064403,24.937788,0.798984,2.869227,0.0,89.354101,0.0,14.788944,0.0,60.533701,33.758809,60.667496,49.982574,33.704164,50.0,27.0,0.0,0.0,0.0,0.0,0.0,0.0,0.0,1
2757,4.564518,0.0,1.903271,0.0,37.93373,24.871724,0.801328,2.837387,0.0,88.944707,0.0,14.84249,0.0,60.680499,33.743043,60.772676,50.011732,33.762598,50.0,27.0,0.0,0.0,0.0,0.0,0.0,0.0,0.0,1
2758,4.518873,0.0,1.905183,0.0,37.922794,25.054512,0.803484,2.83714,0.0,89.180673,0.0,14.981312,0.0,60.651511,33.749669,60.751903,50.005932,33.751057,50.0,27.0,0.0,0.0,0.0,0.0,0.0,0.0,0.0,1
2759,4.473684,0.0,1.902599,0.0,37.950268,25.015891,0.802118,2.863501,0.0,88.949854,0.0,14.859755,0.0,60.693466,33.556437,60.379985,49.903106,33.544436,50.0,27.0,0.0,0.0,0.0,0.0,0.0,0.0,0.0,1
2760,4.428947,0.0,1.892504,0.0,37.769469,25.012256,0.804958,2.837481,0.0,89.288414,0.0,14.898488,0.0,61.045144,33.520675,60.67582,49.985356,33.708789,50.0,27.0,0.0,0.0,0.0,0.0,0.0,0.0,0.0,1
2761,4.384658,0.0,1.901787,0.0,37.868103,25.048982,0.795628,2.859076,0.0,88.54282,0.0,14.733373,0.0,60.628649,33.80229,60.876441,50.040879,33.820245,50.0,27.0,0.0,0.0,0.0,0.0,0.0,0.0,0.0,1
2762,4.340811,0.0,1.909924,0.0,38.013655,25.030612,0.798864,2.859995,0.0,89.398723,0.0,14.784543,0.0,60.133643,33.89703,60.565788,49.954813,33.64766,50.0,27.0,0.0,0.0,0.0,0.0,0.0,0.0,0.0,1
2763,4.297403,0.0,1.895069,0.0,38.097213,24.912499,0.801861,2.82824,0.0,88.763544,0.0,14.861529,0.0,60.492079,33.822352,60.739691,50.003104,33.744273,50.0,27.0,0.0,0.0,0.0,0.0,0.0,0.0,0.0,1
2764,4.254429,0.0,1.906475,0.0,37.999278,25.025644,0.797404,2.84402,0.0,89.072098,0.0,14.849108,0.0,60.944487,33.485315,60.465687,49.927355,33.592048,50.0,27.0,0.0,0.0,0.0,0.0,0.0,0.0,0.0,1
2765,4.211885,0.0,1.901322,0.0,38.080486,24.955981,0.800749,2.843839,0.0,89.032964,0.0,14.888924,0.0,60.891907,33.553564,60.586994,49.961245,33.659441,50.0,27.0,0.0,0.0,0.0,0.0,0.0,0.0,0.0,1
2766,4.169766,0.0,1.895417,0.0,37.887736,25.049151,0.803802,2.849423,0.0,88.919905,0.0,14.804996,0.0,60.776177,33.674979,60.746431,50.005505,33.748017,50.0,27.0,0.0,0.0,0.0,0.0,0.0,0.0,0.0,1
2767,4.128068,0.0,1.904701,0.0,37.963194,24.972196,0.799666,2.862794,0.0,88.588862,0.0,14.700328,0.0,60.271656,34.00919,60.948746,50.061397,33.860414,50.0,27.0,0.0,0.0,0.0,0.0,0.0,0.0,0.0,1
2768,4.086787,0.0,1.905415,0.0,37.908719,25.030995,0.802156,2.851743,0.0,88.696764,0.0,14.9366,0.0,60.682245,33.758672,60.78858,50.016823,33.771434,50.0,27.0,0.0,0.0,0.0,0.0,0.0,0.0,0.0,1
2769,4.04592,0.0,1.896972,0.0,38.149687,25.071136,0.801449,2.854062,0.0,89.342657,0.0,14.897418,0.0,60.926808,33.725929,60.95743,50.063408,33.865239,50.0,27.0,0.0,0.0,0.0,0.0,0.0,0.0,0.0,1
2770,4.00546,0.0,1.907277,0.0,38.189116,24.891148,0.800136,2.850673,0.0,89.060484,0.0,14.880072,0.0,60.848091,33.697383,60.816585,50.024164,33.786992,50.0,27.0,0.0,0.0,0.0,0.0,0.0,0.0,0.0,1
2771,3.965406,0.0,1.900569,0.0,37.717405,24.889275,0.799523,2.840128,0.0,88.850103,0.0,14.787734,0.0,60.419462,33.961112,60.946228,50.059876,33.859016,50.0,27.0,0.0,0.0,0.0,0.0,0.0,0.0,0.0,1
2772,3.925752,0.0,1.893782,0.0,37.954555,24.928157,0.795452,2.856072,0.0,89.145247,0.0,14.911238,0.0,60.640738,33.832067,60.862378,50.036403,33.812432,50.0,27.0,0.0,0.0,0.0,0.0,0.0,0.0,0.0,1
2773,3.886494,0.0,1.901753,0.0,38.137083,25.007444,0.797941,2.849593,0.0,89.285535,0.0,14.906023,0.0,61.007811,33.721995,60.983415,50.069676,33.879675,50.0,27.0,0.0,0.0,0.0,0.0,0.0,0.0,0.0,1
2774,3.847629,0.0,1.90109,0.0,38.106543,24.988211,0.800368,2.841124,0.0,88.957289,0.0,14.88105,0.0,60.778678,33.700217,60.709868,49.993722,33.727704,50.0,27.0,0.0,0.0,0.0,0.0,0.0,0.0,0.0,1
2775,3.809153,0.0,1.895402,0.0,37.915557,25.059829,0.803014,2.853456,0.0,89.160163,0.0,14.822055,0.0,60.823225,33.557325,60.457303,49.923945,33.587391,50.0,27.0,0.0,0.0,0.0,0.0,0.0,0.0,0.0,1
2776,3.771061,0.0,1.897941,0.0,38.149338,25.094225,0.801294,2.847085,0.0,88.954391,0.0,14.868382,0.0,60.914317,33.671466,60.812031,50.022369,33.784462,50.0,27.0,0.0,0.0,0.0,0.0,0.0,0.0,0.0,1
2777,3.733351,0.0,1.893404,0.0,37.972635,25.045969,0.799076,2.859216,0.0,89.052705,0.0,14.852452,0.0,61.064548,33.462537,60.527945,49.943737,33.626636,50.0,27.0,0.0,0.0,0.0,0.0,0.0,0.0,0.0,1
2778,3.696017,0.0,1.901084,0.0,37.977707,25.13582,0.800517,2.861973,0.0,89.441213,0.0,14.875067,0.0,60.574806,33.821242,60.828385,50.027057,33.793547,50.0,27.0,0.0,0.0,0.0,0.0,0.0,0.0,0.0,1
2779,3.659057,0.0,1.894268,0.0,38.131467,24.998879,0.797999,2.860273,0.0,89.079427,0.0,14.827909,0.0,60.86556,33.688586,60.823469,50.025564,33.790816,50.0,27.0,0.0,0.0,0.0,0.0,0.0,0.0,0.0,1
2780,3.622467,0.0,1.899753,0.0,38.102123,24.96468,0.80092,2.857473,0.0,89.34217,0.0,14.833451,0.0,60.620271,33.773424,60.759766,50.00783,33.755426,50.0,27.0,0.0,0.0,0.0,0.0,0.0,0.0,0.0,1
2781,3.586242,0.0,1.91308,0.0,37.974745,24.955775,0.799671,2.853428,0.0,89.162337,0.0,14.855217,0.0,60.628159,33.857576,60.936444,50.056624,33.85358,50.0,27.0,0.0,0.0,0.0,0.0,0.0,0.0,0.0,1
2782,3.55038,0.0,1.908058,0.0,37.946838,25.02274,0.802518,2.856482,0.0,89.102083,0.0,14.800542,0.0,60.759636,33.711855,60.741272,50.002397,33.745151,50.0,27.0,0.0,0.0,0.0,0.0,0.0,0.0,0.0,1
2783,3.514876,0.0,1.895711,0.0,37.81774,24.951197,0.792856,2.839204,0.0,89.34769,0.0,14.802769,0.0,60.615659,33.775387,60.732457,49.999949,33.740254,50.0,27.0,0.0,0.0,0.0,0.0,0.0,0.0,0.0,1
2784,3.479727,0.0,1.91169,0.0,38.178905,25.003025,0.801425,2.847297,0.0,88.829166,0.0,14.867636,0.0,60.599402,33.71339,60.578123,49.957292,33.654513,50.0,27.0,0.0,0.0,0.0,0.0,0.0,0.0,0.0,1
2785,3.44493,0.0,1.90479,0.0,37.808302,25.018069,0.800126,2.86473,0.0,89.097145,0.0,14.873493,0.0,60.603909,33.726635,60.611899,49.96684,33.673277,50.0,27.0,0.0,0.0,0.0,0.0,0.0,0.0,0.0,1
2786,3.41048,0.0,1.900075,0.0,38.202121,25.101512,0.79826,2.848774,0.0,89.735141,0.0,14.854861,0.0,60.706822,33.796463,60.861608,50.036024,33.812004,50.0,27.0,0.0,0.0,0.0,0.0,0.0,0.0,0.0,1
2787,3.376376,0.0,1.899308,0.0,38.062859,25.021188,0.799471,2.849422,0.0,88.914936,0.0,14.856701,0.0,60.619527,33.908037,60.999988,50.074092,33.888882,50.0,27.0,0.0,0.0,0.0,0.0,0.0,0.0,0.0,1
2788,3.342612,0.0,1.903276,0.0,38.031181,25.128129,0.800913,2.864079,0.0,89.082242,0.0,14.867684,0.0,60.762569,33.874948,61.049454,50.087396,33.916364,50.0,27.0,0.0,0.0,0.0,0.0,0.0,0.0,0.0,1
2789,3.309186,0.0,1.901914,0.0,38.092477,25.048557,0.802269,2.853757,0.0,89.032677,0.0,14.871344,0.0,60.887267,33.772434,60.939983,50.056704,33.855546,50.0,27.0,0.0,0.0,0.0,0.0,0.0,0.0,0.0,1
2790,3.276094,0.0,1.89813,0.0,38.114906,25.033641,0.801119,2.828414,0.0,89.134948,0.0,14.885077,0.0,60.661652,33.676548,60.508811,49.937247,33.616006,50.0,27.0,0.0,0.0,0.0,0.0,0.0,0.0,0.0,1
2791,3.243333,0.0,1.895082,0.0,37.9974,25.146924,0.796825,2.852897,0.0,89.163194,0.0,14.87238,0.0,61.076374,33.571268,60.711012,49.993447,33.72834,50.0,27.0,0.0,0.0,0.0,0.0,0.0,0.0,0.0,1
2792,3.2109,0.0,1.893494,0.0,37.79387,25.022466,0.7999,2.856263,0.0,89.188461,0.0,14.882695,0.0,60.774,33.660282,60.619238,49.968114,33.677354,50.0,27.0,0.0,0.0,0.0,0.0,0.0,0.0,0.0,1
2793,3.178791,0.0,1.898466,0.0,37.886652,24.885032,0.800804,2.866351,0.0,88.539169,0.0,14.842405,0.0,60.629532,33.809606,60.799423,50.018075,33.777457,50.0,27.0,0.0,0.0,0.0,0.0,0.0,0.0,0.0,1
2794,3.147003,0.0,1.895499,0.0,37.932173,24.968591,0.795648,2.836187,0.0,88.933106,0.0,14.836098,0.0,60.8012,33.777727,60.893227,50.043912,33.829571,50.0,27.0,0.0,0.0,0.0,0.0,0.0,0.0,0.0,1
2795,3.115533,0.0,1.895642,0.0,37.960691,24.988,0.802487,2.843688,0.0,88.958519,0.0,14.815606,0.0,60.975152,33.733405,60.967934,50.064342,33.871075,50.0,27.0,0.0,0.0,0.0,0.0,0.0,0.0,0.0,1
2796,3.084377,0.0,1.902652,0.0,38.06506,24.951257,0.80069,2.854877,0.0,89.007216,0.0,14.815874,0.0,60.52427,33.822339,60.7051,49.991376,33.725056,50.0,27.0,0.0,0.0,0.0,0.0,0.0,0.0,0.0,1
2797,3.053534,0.0,1.904529,0.0,38.026705,25.105929,0.800367,2.827705,0.0,89.561828,0.0,14.822951,0.0,60.663959,33.644328,60.457997,49.92312,33.587776,50.0,27.0,0.0,0.0,0.0,0.0,0.0,0.0,0.0,1
2798,3.022998,0.0,1.910769,0.0,37.835292,24.936844,0.802542,2.845392,0.0,88.425301,0.0,14.894399,0.0,60.755901,33.749067,60.783744,50.013538,33.768747,50.0,27.0,0.0,0.0,0.0,0.0,0.0,0.0,0.0,1
2799,2.992768,0.0,1.900976,0.0,38.148487,24.945871,0.803688,2.852961,0.0,89.047806,0.0,14.849267,0.0,60.671684,33.764242,60.729797,49.99856,33.738776,50.0,27.0,0.0,0.0,0.0,0.0,0.0,0.0,0.0,1
2800,2.962841,0.0,1.889858,0.0,37.970007,25.177874,0.801352,2.851636,0.0,89.30602,0.0,14.778236,0.0,60.439826,33.700824,60.360535,49.896505,33.533631,50.0,27.0,0.0,0.0,0.0,0.0,0.0,0.0,0.0,1
2801,2.933212,0.0,1.89841,0.0,38.085343,25.021452,0.794442,2.851859,0.0,89.016612,0.0,14.844443,0.0,60.422432,33.775763,60.506169,49.937272,33.614538,50.0,27.0,0.0,0.0,0.0,0.0,0.0,0.0,0.0,1
2802,2.90388,0.0,1.905977,0.0,38.125151,24.835147,0.799475,2.845872,0.0,88.683059,0.0,14.82865,0.0,60.841737,33.635729,60.624857,49.970389,33.680476,50.0,27.0,0.0,0.0,0.0,0.0,0.0,0.0,0.0,1
2803,2.874841,0.0,1.892572,0.0,38.092126,24.9665,0.797299,2.828952,0.0,88.811573,0.0,14.817142,0.0,60.727052,33.812821,60.897281,50.045833,33.831823,50.0,27.0,0.0,0.0,0.0,0.0,0.0,0.0,0.0,1
2804,2.846093,0.0,1.905466,0.0,37.866477,25.024494,0.799126,2.848528,0.0,88.66422,0.0,14.850706,0.0,60.95305,33.672849,60.817386,50.023523,33.787437,50.0,27.0,0.0,0.0,0.0,0.0,0.0,0.0,0.0,1
2805,2.817632,0.0,1.904321,0.0,37.809587,24.971622,0.802418,2.848029,0.0,89.025601,0.0,14.77294,0.0,60.980621,33.619741,60.741412,50.002407,33.745229,50.0,27.0,0.0,0.0,0.0,0.0,0.0,0.0,0.0,1
2806,2.789456,0.0,1.901559,0.0,38.081574,25.017261,0.802792,2.853392,0.0,88.993343,0.0,14.862879,0.0,60.791919,33.77218,60.889212,50.043246,33.82734,50.0,27.0,0.0,0.0,0.0,0.0,0.0,0.0,0.0,1
2807,2.761561,0.0,1.8829,0.0,37.852188,25.102466,0.799878,2.854799,0.0,88.841221,0.0,14.786464,0.0,60.697476,33.658557,60.549013,49.949001,33.638341,50.0,27.0,0.0,0.0,0.0,0.0,0.0,0.0,0.0,1
2808,2.733945,0.0,1.898106,0.0,38.114409,24.986485,0.795636,2.831687,0.0,89.346987,0.0,14.877696,0.0,60.451529,33.785328,60.579753,49.957751,33.655418,50.0,27.0,0.0,0.0,0.0,0.0,0.0,0.0,0.0,1
2809,2.706606,0.0,1.906451,0.0,37.925059,25.02103,0.80243,2.861264,0.0,89.032402,0.0,14.910983,0.0,60.641594,33.691321,60.563508,49.953471,33.646393,50.0,27.0,0.0,0.0,0.0,0.0,0.0,0.0,0.0,1
2810,2.67954,0.0,1.895947,0.0,38.147804,24.983631,0.799851,2.851435,0.0,89.897607,0.0,14.779411,0.0,60.4874,33.890269,60.833851,50.028425,33.796584,50.0,27.0,0.0,0.0,0.0,0.0,0.0,0.0,0.0,1
2811,2.652745,0.0,1.898604,0.0,37.898179,25.030168,0.798397,2.851156,0.0,88.964948,0.0,14.85617,0.0,60.425172,33.914335,60.800733,50.01913,33.778185,50.0,27.0,0.0,0.0,0.0,0.0,0.0,0.0,0.0,1
2812,2.626217,0.0,1.898164,0.0,38.009522,25.12063,0.79612,2.857404,0.0,89.246789,0.0,14.829304,0.0,61.100578,33.565238,60.716292,49.995695,33.731273,50.0,27.0,0.0,0.0,0.0,0.0,0.0,0.0,0.0,1
2813,2.599955,0.0,1.909599,0.0,38.142052,25.009352,0.799736,2.858657,0.0,89.693879,0.0,14.860251,0.0,60.449061,33.917519,60.831884,50.027666,33.795491,50.0,27.0,0.0,0.0,0.0,0.0,0.0,0.0,0.0,1
2814,2.573955,0.0,1.893459,0.0,38.181257,24.978407,0.798917,2.851406,0.0,89.305586,0.0,14.840719,0.0,60.641014,34.025473,61.227626,50.13691,34.015348,50.0,27.0,0.0,0.0,0.0,0.0,0.0,0.0,0.0,1
2815,2.548216,0.0,1.894604,0.0,38.030759,24.967505,0.801704,2.857577,0.0,89.598375,0.0,14.940415,0.0,60.87438,33.732295,60.805906,50.019667,33.781059,50.0,27.0,0.0,0.0,0.0,0.0,0.0,0.0,0.0,1
2816,2.522734,0.0,1.896604,0.0,37.931474,24.991449,0.796571,2.852288,0.0,89.487566,0.0,14.888734,0.0,61.351346,33.331107,60.440897,49.918682,33.578276,50.0,27.0,0.0,0.0,0.0,0.0,0.0,0.0,0.0,1
2817,2.497506,0.0,1.897397,0.0,37.923713,24.98076,0.798788,2.853297,0.0,89.001323,0.0,14.918879,0.0,60.822707,33.816736,60.993534,50.071833,33.885296,50.0,27.0,0.0,0.0,0.0,0.0,0.0,0.0,0.0,1
2818,2.472531,0.0,1.902858,0.0,38.145568,24.949104,0.801728,2.850495,0.0,89.294313,0.0,14.772622,0.0,60.617012,33.961747,61.083046,50.096216,33.935025,50.0,27.0,0.0,0.0,0.0,0.0,0.0,0.0,0.0,1
2819,2.447806,0.0,1.890919,0.0,37.982417,25.031848,0.80428,2.857628,0.0,89.09223,0.0,14.92866,0.0,60.661553,33.736896,60.624163,49.968904,33.68009,50.0,27.0,0.0,0.0,0.0,0.0,0.0,0.0,0.0,1
2820,2.423328,0.0,1.904633,0.0,37.767842,24.939158,0.803194,2.844867,0.0,89.023691,0.0,14.88599,0.0,60.534806,33.848074,60.73427,49.999492,33.741261,50.0,27.0,0.0,0.0,0.0,0.0,0.0,0.0,0.0,1
2821,2.399095,0.0,1.894363,0.0,37.986266,25.0872,0.806547,2.835584,0.0,89.241351,0.0,14.910171,0.0,60.915097,33.894856,61.200775,50.128435,34.000431,50.0,27.0,0.0,0.0,0.0,0.0,0.0,0.0,0.0,1
2822,2.375104,0.0,1.89608,0.0,37.95515,25.071672,0.79933,2.848018,0.0,89.061731,0.0,14.897221,0.0,60.607221,33.866177,60.814548,50.021044,33.78586,50.0,27.0,0.0,0.0,0.0,0.0,0.0,0.0,0.0,1
2823,2.351353,0.0,1.89666,0.0,38.006054,25.009398,0.797792,2.832758,0.0,89.129992,0.0,14.847833,0.0,60.97489,33.753173,60.930892,50.053097,33.850496,50.0,27.0,0.0,0.0,0.0,0.0,0.0,0.0,0.0,1
2824,2.327839,0.0,1.894794,0.0,38.010479,24.957845,0.80066,2.858793,0.0,89.287234,0.0,14.876538,0.0,60.776793,33.706459,60.637007,49.971604,33.687226,50.0,27.0,0.0,0.0,0.0,0.0,0.0,0.0,0.0,1
2825,2.304561,0.0,1.893927,0.0,37.983182,24.975079,0.802526,2.858554,0.0,89.051076,0.0,14.891711,0.0,60.811498,33.958477,61.21205,50.130685,34.006695,50.0,27.0,0.0,0.0,0.0,0.0,0.0,0.0,0.0,1
2826,2.281515,0.0,1.902335,0.0,37.899454,25.023834,0.801483,2.858522,0.0,89.473807,0.0,14.890932,0.0,61.057982,33.72277,60.936305,50.05382,33.853503,50.0,27.0,0.0,0.0,0.0,0.0,0.0,0.0,0.0,1
2827,2.2587,0.0,1.900855,0.0,37.855805,25.015465,0.802362,2.85013,0.0,89.099335,0.0,14.867077,0.0,61.05198,33.617868,60.716631,49.992835,33.731462,50.0,27.0,0.0,0.0,0.0,0.0,0.0,0.0,0.0,1
2828,2.236113,0.0,1.90515,0.0,37.780268,25.022772,0.801035,2.850955,0.0,89.219363,0.0,14.858003,0.0,60.827264,33.806574,60.910925,50.046573,33.839403,50.0,27.0,0.0,0.0,0.0,0.0,0.0,0.0,0.0,1
2829,2.213752,0.0,1.904933,0.0,37.885155,25.038966,0.802413,2.856708,0.0,89.031577,0.0,14.786307,0.0,60.727416,33.593007,60.355355,49.892784,33.530753,50.0,27.0,0.0,0.0,0.0,0.0,0.0,0.0,0.0,1
2830,2.191614,0.0,1.899951,0.0,38.185925,24.944862,0.799328,2.851023,0.0,89.16427,0.0,14.866335,0.0,60.512856,33.762294,60.521139,49.939139,33.622855,50.0,27.0,0.0,0.0,0.0,0.0,0.0,0.0,0.0,1
2831,2.169698,0.0,1.889061,0.0,38.060151,24.894202,0.802715,2.831718,0.0,88.904953,0.0,14.862477,0.0,61.222382,33.547406,60.776868,50.010124,33.764926,50.0,27.0,0.0,0.0,0.0,0.0,0.0,0.0,0.0,1
2832,2.148001,0.0,1.891326,0.0,38.098275,24.954216,0.799619,2.848064,0.0,89.362176,0.0,14.89314,0.0,60.717329,33.773759,60.777122,50.010144,33.765068,50.0,27.0,0.0,0.0,0.0,0.0,0.0,0.0,0.0,1
2833,2.126521,0.0,1.912135,0.0,37.978394,25.15846,0.800774,2.837879,0.0,89.377863,0.0,14.811926,0.0,60.815022,33.778404,60.880877,50.038771,33.82271,50.0,27.0,0.0,0.0,0.0,0.0,0.0,0.0,0.0,1
2834,2.105256,0.0,1.89902,0.0,38.049717,25.169579,0.801072,2.857884,0.0,88.792197,0.0,14.887698,0.0,60.711431,33.845495,60.914689,50.047924,33.841494,50.0,27.0,0.0,0.0,0.0,0.0,0.0,0.0,0.0,1
2835,2.084203,0.0,1.903303,0.0,38.254901,24.99543,0.800193,2.853486,0.0,88.840547,0.0,14.815397,0.0,60.507,33.880462,60.771315,50.008057,33.761841,50.0,27.0,0.0,0.0,0.0,0.0,0.0,0.0,0.0,1
2836,2.063361,0.0,1.89918,0.0,38.083517,25.045824,0.796648,2.86047,0.0,89.070903,0.0,14.811559,0.0,60.774788,33.852363,60.96331,50.061084,33.868506,50.0,27.0,0.0,0.0,0.0,0.0,0.0,0.0,0.0,1
2837,2.042728,0.0,1.904059,0.0,37.992724,25.050835,0.801444,2.853056,0.0,89.996238,0.0,14.840634,0.0,60.83569,33.614356,60.510384,49.935593,33.61688,50.0,27.0,0.0,0.0,0.0,0.0,0.0,0.0,0.0,1
2838,2.0223,0.0,1.897183,0.0,38.049656,24.989961,0.801496,2.837182,0.0,89.176945,0.0,14.922236,0.0,60.940287,33.720929,60.860114,50.032578,33.811175,50.0,27.0,0.0,0.0,0.0,0.0,0.0,0.0,0.0,1
2839,2.002077,0.0,1.892649,0.0,38.072296,24.82659,0.799731,2.862095,0.0,89.405157,0.0,14.893693,0.0,60.81803,33.76713,60.840324,50.026946,33.80018,50.0,27.0,0.0,0.0,0.0,0.0,0.0,0.0,0.0,1
2840,1.982057,0.0,1.900095,0.0,38.001822,25.078435,0.79739,2.863689,0.0,88.561748,0.0,14.909478,0.0,60.834936,33.707405,60.729854,49.996278,33.738808,50.0,27.0,0.0,0.0,0.0,0.0,0.0,0.0,0.0,1
2841,1.962236,0.0,1.906828,0.0,37.816282,25.121163,0.799053,2.838658,0.0,89.152695,0.0,14.79835,0.0,60.673574,33.766948,60.700659,49.988227,33.722588,50.0,27.0,0.0,0.0,0.0,0.0,0.0,0.0,0.0,1
2842,1.942614,0.0,1.895148,0.0,38.061584,24.914857,0.795653,2.839112,0.0,89.089495,0.0,14.83568,0.0,60.94785,33.631586,60.687713,49.984707,33.715396,50.0,27.0,0.0,0.0,0.0,0.0,0.0,0.0,0.0,1
2843,1.923188,0.0,1.88987,0.0,38.028081,25.091366,0.801819,2.842453,0.0,89.235953,0.0,14.941413,0.0,60.955856,33.641488,60.732864,49.997263,33.74048,50.0,27.0,0.0,0.0,0.0,0.0,0.0,0.0,0.0,1
2844,1.903956,0.0,1.901554,0.0,38.025586,25.007404,0.804539,2.857924,0.0,89.220895,0.0,14.865122,0.0,60.874939,33.680114,60.747361,50.001284,33.748534,50.0,27.0,0.0,0.0,0.0,0.0,0.0,0.0,0.0,1
2845,1.884916,0.0,1.908714,0.0,37.942971,24.932896,0.801301,2.870741,0.0,88.887555,0.0,14.830222,0.0,60.820228,33.606767,60.545908,49.945596,33.636615,50.0,27.0,0.0,0.0,0.0,0.0,0.0,0.0,0.0,1
2846,1.866067,0.0,1.904995,0.0,37.988918,24.861918,0.805668,2.851326,0.0,89.296251,0.0,14.775823,0.0,60.593137,33.859884,60.869881,50.035412,33.8166,50.0,27.0,0.0,0.0,0.0,0.0,0.0,0.0,0.0,1
2847,1.847406,0.0,1.90129,0.0,37.876383,25.099055,0.798323,2.85553,0.0,89.065036,0.0,14.818645,0.0,60.661422,33.763651,60.717878,49.993223,33.732155,50.0,27.0,0.0,0.0,0.0,0.0,0.0,0.0,0.0,1
2848,1.828932,0.0,1.903254,0.0,38.048666,24.969899,0.803246,2.852448,0.0,88.906746,0.0,14.896027,0.0,60.707072,33.793076,60.822067,50.022054,33.790037,50.0,27.0,0.0,0.0,0.0,0.0,0.0,0.0,0.0,1
2849,1.810643,0.0,1.903755,0.0,38.059655,25.028209,0.800466,2.854143,0.0,89.087264,0.0,14.917746,0.0,60.8207,33.664369,60.657017,49.976325,33.698343,50.0,27.0,0.0,0.0,0.0,0.0,0.0,0.0,0.0,1
2850,1.792537,0.0,1.894409,0.0,37.898095,25.01932,0.801261,2.840319,0.0,89.226782,0.0,14.831578,0.0,61.275774,33.459337,60.689832,49.985513,33.716573,50.0,27.0,0.0,0.0,0.0,0.0,0.0,0.0,0.0,1
2851,1.774611,0.0,1.907863,0.0,37.971483,24.956922,0.800632,2.84676,0.0,89.025447,0.0,14.795096,0.0,60.71123,33.759025,60.794063,50.014394,33.77448,50.0,27.0,0.0,0.0,0.0,0.0,0.0,0.0,0.0,1
2852,1.756865,0.0,1.909319,0.0,38.104538,24.943363,0.797467,2.851452,0.0,89.232068,0.0,14.969583,0.0,60.52348,33.795786,60.678679,49.982431,33.710377,50.0,27.0,0.0,0.0,0.0,0.0,0.0,0.0,0.0,1
2853,1.739296,0.0,1.9027,0.0,37.95433,25.047752,0.800275,2.857431,0.0,89.052269,0.0,14.841654,0.0,60.638617,33.818951,60.832979,50.025166,33.7961,50.0,27.0,0.0,0.0,0.0,0.0,0.0,0.0,0.0,1
2854,1.721903,0.0,1.902011,0.0,38.157509,25.160497,0.800568,2.857032,0.0,89.053945,0.0,14.747194,0.0,60.918832,33.583506,60.604405,49.961864,33.669114,50.0,27.0,0.0,0.0,0.0,0.0,0.0,0.0,0.0,1
2855,1.704684,0.0,1.891585,0.0,38.098206,25.087557,0.798822,2.845612,0.0,88.823976,0.0,14.867355,0.0,60.445168,33.793631,60.593626,49.959074,33.663125,50.0,27.0,0.0,0.0,0.0,0.0,0.0,0.0,0.0,1
2856,1.687638,0.0,1.896597,0.0,38.074175,25.001114,0.798093,2.833922,0.0,89.133254,0.0,14.73166,0.0,60.873898,33.621768,60.650553,49.975012,33.694751,50.0,27.0,0.0,0.0,0.0,0.0,0.0,0.0,0.0,1
2857,1.670761,0.0,1.895979,0.0,37.878672,25.104788,0.800783,2.849989,0.0,89.017118,0.0,14.847753,0.0,60.769268,33.799416,60.934607,50.053648,33.85256,50.0,27.0,0.0,0.0,0.0,0.0,0.0,0.0,0.0,1
2858,1.654054,0.0,1.900265,0.0,38.11055,24.859067,0.801524,2.832879,0.0,89.270948,0.0,14.812417,0.0,60.727305,33.78152,60.844563,50.028493,33.802535,50.0,27.0,0.0,0.0,0.0,0.0,0.0,0.0,0.0,1
2859,1.637513,0.0,1.913825,0.0,37.930359,24.929938,0.799666,2.843498,0.0,89.198956,0.0,14.874959,0.0,60.988621,33.713291,60.954628,50.058773,33.863682,50.0,27.0,0.0,0.0,0.0,0.0,0.0,0.0,0.0,1
2860,1.621138,0.0,1.903045,0.0,37.972148,25.061895,0.800727,2.851222,0.0,89.326971,0.0,14.974062,0.0,60.57832,33.768491,60.66289,49.977845,33.701606,50.0,27.0,0.0,0.0,0.0,0.0,0.0,0.0,0.0,1
2861,1.604927,0.0,1.893889,0.0,37.891974,25.078715,0.803376,2.856617,0.0,89.0359,0.0,14.872432,0.0,61.067828,33.603093,60.798226,50.015362,33.776792,50.0,27.0,0.0,0.0,0.0,0.0,0.0,0.0,0.0,1
2862,1.588877,0.0,1.898734,0.0,38.188424,24.903725,0.802508,2.854905,0.0,89.211031,0.0,14.860931,0.0,61.04766,33.499336,60.576045,49.953876,33.653359,50.0,27.0,0.0,0.0,0.0,0.0,0.0,0.0,0.0,1
2863,1.572988,0.0,1.8829,0.0,37.782804,24.934749,0.800382,2.852488,0.0,88.594566,0.0,14.801596,0.0,60.669369,33.850221,60.967379,50.062268,33.870766,50.0,27.0,0.0,0.0,0.0,0.0,0.0,0.0,0.0,1
2864,1.557259,0.0,1.900918,0.0,37.967845,24.879703,0.798709,2.868017,0.0,89.188094,0.0,14.877841,0.0,60.657774,33.901719,61.045786,50.08363,33.914325,50.0,27.0,0.0,0.0,0.0,0.0,0.0,0.0,0.0,1
2865,1.541686,0.0,1.901988,0.0,37.979395,25.004048,0.800254,2.832899,0.0,89.278496,0.0,14.904676,0.0,60.643717,33.729313,60.64381,49.972109,33.691005,50.0,27.0,0.0,0.0,0.0,0.0,0.0,0.0,0.0,1
2866,1.526269,0.0,1.890056,0.0,37.865269,25.069549,0.796367,2.836039,0.0,89.299611,0.0,14.82797,0.0,60.817578,33.738884,60.837855,50.025881,33.798809,50.0,27.0,0.0,0.0,0.0,0.0,0.0,0.0,0.0,1
2867,1.511006,0.0,1.906061,0.0,38.11561,24.928801,0.796213,2.851813,0.0,89.195735,0.0,14.849102,0.0,60.796661,33.700043,60.73374,49.996976,33.740967,50.0,27.0,0.0,0.0,0.0,0.0,0.0,0.0,0.0,1
2868,1.495896,0.0,1.906267,0.0,38.025673,25.022925,0.801087,2.847295,0.0,88.987127,0.0,14.828243,0.0,61.080272,33.445076,60.483462,49.927815,33.601923,50.0,27.0,0.0,0.0,0.0,0.0,0.0,0.0,0.0,1
2869,1.480937,0.0,1.892308,0.0,38.249196,24.90641,0.798905,2.851892,0.0,88.543476,0.0,14.774556,0.0,60.295595,33.865448,60.622808,49.966689,33.679338,50.0,27.0,0.0,0.0,0.0,0.0,0.0,0.0,0.0,1
2870,1.466128,0.0,1.892414,0.0,38.129414,24.942273,0.795903,2.854544,0.0,89.017963,0.0,14.78951,0.0,60.771723,33.64334,60.609975,49.963307,33.672208,50.0,27.0,0.0,0.0,0.0,0.0,0.0,0.0,0.0,1
2871,1.451467,0.0,1.905865,0.0,37.951841,24.897297,0.797839,2.846375,0.0,89.133683,0.0,14.83206,0.0,60.445904,33.95017,60.941485,50.055118,33.85638,50.0,27.0,0.0,0.0,0.0,0.0,0.0,0.0,0.0,1
2872,1.436952,0.0,1.90347,0.0,37.927193,24.918511,0.80457,2.862043,0.0,89.182883,0.0,14.800239,0.0,60.768241,33.707453,60.720868,49.993866,33.733816,50.0,27.0,0.0,0.0,0.0,0.0,0.0,0.0,0.0,1
2873,1.422583,0.0,1.902486,0.0,37.932161,24.951499,0.799058,2.849134,0.0,88.962332,0.0,14.815256,0.0,60.623442,33.835364,60.848841,50.029268,33.804912,50.0,27.0,0.0,0.0,0.0,0.0,0.0,0.0,0.0,1
2874,1.408357,0.0,1.900224,0.0,38.017126,25.133738,0.802354,2.847479,0.0,88.902477,0.0,14.861587,0.0,60.640886,33.886745,60.96058,50.060006,33.866989,50.0,27.0,0.0,0.0,0.0,0.0,0.0,0.0,0.0,1
2875,1.394273,0.0,1.903491,0.0,38.009825,24.952278,0.798452,2.860788,0.0,89.03732,0.0,14.828176,0.0,60.777372,33.740872,60.769383,50.006862,33.760769,50.0,27.0,0.0,0.0,0.0,0.0,0.0,0.0,0.0,1
2876,1.38033,0.0,1.906153,0.0,38.064436,24.849319,0.804284,2.843545,0.0,88.758205,0.0,14.863176,0.0,61.019306,33.610602,60.73703,49.997885,33.742794,50.0,27.0,0.0,0.0,0.0,0.0,0.0,0.0,0.0,1
2877,1.366527,0.0,1.89384,0.0,38.037509,25.034348,0.80078,2.848482,0.0,89.039098,0.0,14.880902,0.0,60.789062,33.768267,60.857002,50.031056,33.809446,50.0,27.0,0.0,0.0,0.0,0.0,0.0,0.0,0.0,1
2878,1.352862,0.0,1.911041,0.0,38.257864,24.896616,0.79719,2.858178,0.0,89.268595,0.0,14.847943,0.0,60.88834,33.726866,60.864704,50.03303,33.813725,50.0,27.0,0.0,0.0,0.0,0.0,0.0,0.0,0.0,1
2879,1.339333,0.0,1.902349,0.0,37.936244,25.032768,0.799949,2.851664,0.0,89.19688,0.0,14.840354,0.0,60.297052,34.008148,60.868222,50.033838,33.815679,50.0,27.0,0.0,0.0,0.0,0.0,0.0,0.0,0.0,1
2880,1.32594,0.0,1.904398,0.0,37.982195,24.939177,0.799214,2.854528,0.0,88.766818,0.0,14.777186,0.0,60.579919,33.898082,60.88322,50.037815,33.824011,50.0,27.0,0.0,0.0,0.0,0.0,0.0,0.0,0.0,1
2881,1.312681,0.0,1.903577,0.0,38.084359,25.081367,0.795401,2.843219,0.0,89.000875,0.0,14.840552,0.0,60.817541,33.730244,60.747854,50.000212,33.748808,50.0,27.0,0.0,0.0,0.0,0.0,0.0,0.0,0.0,1
2882,1.299554,0.0,1.904091,0.0,37.774959,25.08093,0.796537,2.84696,0.0,89.040685,0.0,14.824042,0.0,60.70711,33.787898,60.76339,50.004505,33.757439,50.0,27.0,0.0,0.0,0.0,0.0,0.0,0.0,0.0,1
2883,1.286558,0.0,1.890311,0.0,38.049201,25.147562,0.80117,2.839167,0.0,89.383243,0.0,14.927677,0.0,61.054463,33.728319,60.981552,50.064782,33.87864,50.0,27.0,0.0,0.0,0.0,0.0,0.0,0.0,0.0,1
2884,1.273693,0.0,1.894492,0.0,38.113568,24.917292,0.798004,2.837373,0.0,89.586875,0.0,14.78452,0.0,60.807548,33.847162,60.989878,50.066761,33.883266,50.0,27.0,0.0,0.0,0.0,0.0,0.0,0.0,0.0,1
2885,1.260956,0.0,1.889778,0.0,38.101761,24.941345,0.803204,2.869886,0.0,89.115342,0.0,14.792264,0.0,60.744102,33.711356,60.628571,49.966565,33.68254,50.0,27.0,0.0,0.0,0.0,0.0,0.0,0.0,0.0,1
2886,1.248346,0.0,1.901375,0.0,38.194453,25.017068,0.801137,2.85516,0.0,88.825578,0.0,14.96482,0.0,60.68726,33.774278,60.711677,49.989701,33.728709,50.0,27.0,0.0,0.0,0.0,0.0,0.0,0.0,0.0,1
2887,1.235863,0.0,1.895427,0.0,38.002438,25.002527,0.801726,2.839877,0.0,89.263053,0.0,14.822849,0.0,61.175574,33.541661,60.707787,49.988678,33.726549,50.0,27.0,0.0,0.0,0.0,0.0,0.0,0.0,0.0,1
2888,1.223504,0.0,1.905335,0.0,38.104935,24.929743,0.799965,2.841424,0.0,89.275584,0.0,14.880679,0.0,60.851925,33.891351,61.151002,50.111237,33.972779,50.0,27.0,0.0,0.0,0.0,0.0,0.0,0.0,0.0,1
2889,1.211269,0.0,1.90561,0.0,38.064593,25.023648,0.802448,2.87151,0.0,89.291722,0.0,14.819972,0.0,60.514077,33.982396,60.98651,50.065218,33.881394,50.0,27.0,0.0,0.0,0.0,0.0,0.0,0.0,0.0,1
2890,1.199156,0.0,1.901451,0.0,38.231696,25.082007,0.80219,2.856374,0.0,89.441091,0.0,14.946117,0.0,60.534505,33.855603,60.709957,49.988456,33.727754,50.0,27.0,0.0,0.0,0.0,0.0,0.0,0.0,0.0,1
2891,1.187165,0.0,1.901638,0.0,38.077908,25.003447,0.802777,2.847934,0.0,89.352623,0.0,14.872999,0.0,61.187343,33.585928,60.782985,50.008698,33.768325,50.0,27.0,0.0,0.0,0.0,0.0,0.0,0.0,0.0,1
2892,1.175293,0.0,1.895141,0.0,38.03658,24.953986,0.798763,2.856528,0.0,88.94586,0.0,14.872256,0.0,60.705874,33.81539,60.810809,50.016345,33.783783,50.0,27.0,0.0,0.0,0.0,0.0,0.0,0.0,0.0,1
2893,1.16354,0.0,1.909734,0.0,37.993925,24.935284,0.797692,2.846723,0.0,89.372478,0.0,14.864756,0.0,60.69406,33.867507,60.902369,50.04157,33.834649,50.0,27.0,0.0,0.0,0.0,0.0,0.0,0.0,0.0,1
2894,1.151905,0.0,1.889021,0.0,38.129646,24.952473,0.801831,2.841437,0.0,88.788406,0.0,14.883065,0.0,60.596087,33.886219,60.830849,50.021596,33.794916,50.0,27.0,0.0,0.0,0.0,0.0,0.0,0.0,0.0,1
2895,1.140386,0.0,1.901254,0.0,38.031507,24.997481,0.800156,2.854036,0.0,89.052281,0.0,14.810547,0.0,61.024913,33.544589,60.524377,49.936781,33.624654,50.0,27.0,0.0,0.0,0.0,0.0,0.0,0.0,0.0,1
2896,1.128982,0.0,1.888322,0.0,38.171643,25.009277,0.800148,2.853258,0.0,89.150012,0.0,14.817263,0.0,61.172525,33.686348,61.002294,50.06919,33.890163,50.0,27.0,0.0,0.0,0.0,0.0,0.0,0.0,0.0,1
2897,1.117692,0.0,1.896253,0.0,37.999929,24.973913,0.799028,2.84447,0.0,89.013699,0.0,14.872335,0.0,60.761732,33.833922,60.913429,50.044283,33.840794,50.0,27.0,0.0,0.0,0.0,0.0,0.0,0.0,0.0,1
2898,1.106515,0.0,1.900378,0.0,37.930552,24.942903,0.803077,2.858266,0.0,89.343056,0.0,14.878615,0.0,60.939961,33.682171,60.762079,50.002231,33.756711,50.0,27.0,0.0,0.0,0.0,0.0,0.0,0.0,0.0,1
2899,1.09545,0.0,1.905464,0.0,37.732645,25.008947,0.798232,2.86511,0.0,89.408601,0.0,14.844575,0.0,60.772304,33.872726,61.007491,50.07005,33.89305,50.0,27.0,0.0,0.0,0.0,0.0,0.0,0.0,0.0,1
2900,1.084495,0.0,1.897969,0.0,38.050173,24.947246,0.796336,2.852101,0.0,89.077766,0.0,14.835858,0.0,60.455641,33.88194,60.695565,49.983487,33.719758,50.0,27.0,0.0,0.0,0.0,0.0,0.0,0.0,0.0,1
2901,1.073651,0.0,1.899387,0.0,38.050708,24.861462,0.797119,2.839357,0.0,89.455055,0.0,14.89388,0.0,61.069059,33.56947,60.634872,49.966794,33.68604,50.0,27.0,0.0,0.0,0.0,0.0,0.0,0.0,0.0,1
2902,1.062914,0.0,1.897873,0.0,37.873905,24.961202,0.806104,2.843697,0.0,89.47262,0.0,14.848349,0.0,60.75315,33.706287,60.634697,49.966911,33.685943,50.0,27.0,0.0,0.0,0.0,0.0,0.0,0.0,0.0,1
2903,1.052285,0.0,1.900654,0.0,37.821471,24.989717,0.800096,2.86479,0.0,89.438285,0.0,14.804092,0.0,61.092994,33.529412,60.608849,49.959931,33.671583,50.0,27.0,0.0,0.0,0.0,0.0,0.0,0.0,0.0,1
2904,1.041762,0.0,1.911611,0.0,37.716783,25.088906,0.797746,2.840542,0.0,89.471665,0.0,14.845084,0.0,60.596951,33.845044,60.808852,50.01541,33.782695,50.0,27.0,0.0,0.0,0.0,0.0,0.0,0.0,0.0,1
2905,1.031344,0.0,1.893679,0.0,37.994985,25.087301,0.795221,2.850339,0.0,89.057301,0.0,14.914183,0.0,60.673615,33.750783,60.67344,49.977906,33.707467,50.0,27.0,0.0,0.0,0.0,0.0,0.0,0.0,0.0,1
2906,1.021031,0.0,1.90423,0.0,38.010844,25.019217,0.800389,2.86593,0.0,89.310182,0.0,14.822064,0.0,60.992522,33.462248,60.383729,49.897941,33.546516,50.0,27.0,0.0,0.0,0.0,0.0,0.0,0.0,0.0,1
2907,1.010821,0.0,1.906058,0.0,38.171873,24.989364,0.797642,2.846063,0.0,88.680848,0.0,14.889126,0.0,60.826186,33.72368,60.806901,50.015412,33.781612,50.0,27.0,0.0,0.0,0.0,0.0,0.0,0.0,0.0,1
2908,1.000712,0.0,1.905213,0.0,38.027232,24.939943,0.798651,2.839029,0.0,88.790886,0.0,14.859953,0.0,60.803722,33.680645,60.694864,49.984369,33.719369,50.0,27.0,0.0,0.0,0.0,0.0,0.0,0.0,0.0,1
2909,0.990705,0.0,1.899893,0.0,37.826954,25.054929,0.802349,2.850326,0.0,88.733629,0.0,14.842012,0.0,60.511161,33.864313,60.796532,50.012547,33.775851,50.0,27.0,0.0,0.0,0.0,0.0,0.0,0.0,0.0,1
2910,0.980798,0.0,1.911336,0.0,38.210083,25.035299,0.801319,2.837484,0.0,88.950389,0.0,14.803298,0.0,60.841689,33.640321,60.636742,49.968319,33.687079,50.0,27.0,0.0,0.0,0.0,0.0,0.0,0.0,0.0,1
2911,0.97099,0.0,1.902825,0.0,37.969237,25.05659,0.799463,2.863076,0.0,89.308181,0.0,14.743764,0.0,60.896005,33.62119,60.663511,49.975876,33.701951,50.0,27.0,0.0,0.0,0.0,0.0,0.0,0.0,0.0,1
2912,0.96128,0.0,1.893786,0.0,38.174832,24.913258,0.795094,2.86495,0.0,88.994422,0.0,14.759511,0.0,60.690784,33.732954,60.708574,49.988451,33.726986,50.0,27.0,0.0,0.0,0.0,0.0,0.0,0.0,0.0,1
2913,0.951668,0.0,1.906621,0.0,38.050382,24.993446,0.802313,2.846583,0.0,89.285086,0.0,14.813541,0.0,60.785047,33.685289,60.701182,49.986466,33.722879,50.0,27.0,0.0,0.0,0.0,0.0,0.0,0.0,0.0,1
2914,0.942151,0.0,1.898233,0.0,37.874501,25.099205,0.799044,2.848062,0.0,88.89881,0.0,14.767489,0.0,60.570982,33.728566,60.583646,49.954046,33.657581,50.0,27.0,0.0,0.0,0.0,0.0,0.0,0.0,0.0,1
2915,0.932729,0.0,1.902356,0.0,37.810447,24.981939,0.79791,2.842614,0.0,88.808635,0.0,14.861787,0.0,60.777808,33.642451,60.60803,49.961015,33.671128,50.0,27.0,0.0,0.0,0.0,0.0,0.0,0.0,0.0,1
2916,0.923402,0.0,1.892883,0.0,37.989557,25.063511,0.799912,2.858192,0.0,88.628605,0.0,14.825618,0.0,60.494802,33.861388,60.797455,50.013565,33.776364,50.0,27.0,0.0,0.0,0.0,0.0,0.0,0.0,0.0,1
2917,0.914168,0.0,1.904395,0.0,37.881545,25.004496,0.801438,2.850433,0.0,89.286919,0.0,14.830159,0.0,60.611773,33.575669,60.292822,49.874019,33.496012,50.0,27.0,0.0,0.0,0.0,0.0,0.0,0.0,0.0,1
2918,0.905026,0.0,1.905214,0.0,38.064595,25.017791,0.802495,2.85823,0.0,88.867015,0.0,14.81636,0.0,60.673876,33.687758,60.611297,49.962671,33.672943,50.0,27.0,0.0,0.0,0.0,0.0,0.0,0.0,0.0,1
2919,0.895976,0.0,1.892256,0.0,37.9552,24.888338,0.800271,2.854309,0.0,89.199155,0.0,14.856054,0.0,60.536316,33.774097,60.659771,49.976255,33.699873,50.0,27.0,0.0,0.0,0.0,0.0,0.0,0.0,0.0,1
2920,0.887016,0.0,1.893208,0.0,38.014779,24.981456,0.802618,2.851342,0.0,88.583032,0.0,14.777062,0.0,60.809131,33.541028,60.43324,49.91376,33.574022,50.0,27.0,0.0,0.0,0.0,0.0,0.0,0.0,0.0,1
2921,0.878146,0.0,1.903169,0.0,38.018901,24.919275,0.804022,2.851169,0.0,89.185231,0.0,14.811886,0.0,60.666905,33.70909,60.669014,49.979356,33.705008,50.0,27.0,0.0,0.0,0.0,0.0,0.0,0.0,0.0,1
2922,0.869365,0.0,1.891386,0.0,38.155764,25.051209,0.798252,2.853047,0.0,89.331417,0.0,14.766739,0.0,60.592021,34.024784,61.259914,50.142781,34.033286,50.0,27.0,0.0,0.0,0.0,0.0,0.0,0.0,0.0,1
2923,0.860671,0.0,1.896587,0.0,37.969805,24.921705,0.79405,2.853843,0.0,89.233758,0.0,14.798091,0.0,60.738191,33.753437,60.791969,50.012733,33.773316,50.0,27.0,0.0,0.0,0.0,0.0,0.0,0.0,0.0,1
2924,0.852064,0.0,1.894116,0.0,37.729527,24.978984,0.802579,2.855454,0.0,89.06019,0.0,14.859896,0.0,60.643281,33.882381,60.965688,50.060685,33.869826,50.0,27.0,0.0,0.0,0.0,0.0,0.0,0.0,0.0,1
2925,0.843544,0.0,1.904875,0.0,37.947299,25.014515,0.799441,2.854175,0.0,89.534027,0.0,14.903357,0.0,60.602686,33.867435,60.873418,50.03488,33.818565,50.0,27.0,0.0,0.0,0.0,0.0,0.0,0.0,0.0,1
2926,0.835108,0.0,1.902503,0.0,38.117398,24.996231,0.800856,2.837614,0.0,89.289917,0.0,14.846559,0.0,60.618121,33.934448,61.013287,50.073365,33.89627,50.0,27.0,0.0,0.0,0.0,0.0,0.0,0.0,0.0,1
2927,0.826757,0.0,1.905854,0.0,38.284839,24.859711,0.793921,2.858737,0.0,89.245662,0.0,14.908474,0.0,60.938987,33.691589,60.797174,50.013268,33.776208,50.0,27.0,0.0,0.0,0.0,0.0,0.0,0.0,0.0,1
2928,0.81849,0.0,1.901048,0.0,38.158436,25.040795,0.800281,2.863537,0.0,89.339695,0.0,14.94087,0.0,60.770611,33.800712,60.867843,50.032734,33.815468,50.0,27.0,0.0,0.0,0.0,0.0,0.0,0.0,0.0,1
2929,0.810305,0.0,1.904436,0.0,38.120588,24.853436,0.800623,2.860332,0.0,89.581325,0.0,14.845866,0.0,60.536163,33.745502,60.510858,49.933902,33.617143,50.0,27.0,0.0,0.0,0.0,0.0,0.0,0.0,0.0,1
2930,0.802202,0.0,1.900524,0.0,37.884776,24.95123,0.798559,2.855665,0.0,88.777601,0.0,14.934295,0.0,60.566012,33.871653,60.808388,50.016467,33.782438,50.0,27.0,0.0,0.0,0.0,0.0,0.0,0.0,0.0,1
2931,0.79418,0.0,1.891129,0.0,38.076212,24.867554,0.798568,2.843705,0.0,88.849533,0.0,14.856187,0.0,61.002524,33.493897,60.432923,49.912609,33.573846,50.0,27.0,0.0,0.0,0.0,0.0,0.0,0.0,0.0,1
2932,0.786238,0.0,1.898001,0.0,37.942917,25.057775,0.803965,2.841507,0.0,89.10367,0.0,14.919841,0.0,60.768754,33.696279,60.661653,49.976263,33.700918,50.0,27.0,0.0,0.0,0.0,0.0,0.0,0.0,0.0,1
2933,0.778376,0.0,1.908281,0.0,37.953529,24.935186,0.798376,2.864351,0.0,89.400764,0.0,14.734102,0.0,60.716427,33.801879,60.83877,50.025336,33.799317,50.0,27.0,0.0,0.0,0.0,0.0,0.0,0.0,0.0,1
2934,0.770592,0.0,1.904505,0.0,38.114073,25.044227,0.801221,2.868779,0.0,89.054629,0.0,14.943259,0.0,60.712665,33.766148,60.751991,50.001224,33.751106,50.0,27.0,0.0,0.0,0.0,0.0,0.0,0.0,0.0,1
2935,0.762886,0.0,1.899325,0.0,37.884593,25.032667,0.799946,2.851975,0.0,88.798126,0.0,14.87162,0.0,60.854106,33.793587,60.948853,50.05563,33.860474,50.0,27.0,0.0,0.0,0.0,0.0,0.0,0.0,0.0,1
2936,0.755257,0.0,1.888901,0.0,38.083656,24.997713,0.801307,2.844304,0.0,89.103318,0.0,14.895458,0.0,60.585385,33.739141,60.559364,49.9477,33.644091,50.0,27.0,0.0,0.0,0.0,0.0,0.0,0.0,0.0,1
2937,0.747704,0.0,1.912179,0.0,38.152198,24.917131,0.799897,2.855034,0.0,88.978547,0.0,14.869739,0.0,60.623659,33.84529,60.823173,50.020876,33.790651,50.0,27.0,0.0,0.0,0.0,0.0,0.0,0.0,0.0,1
2938,0.740227,0.0,1.888156,0.0,38.069121,25.135389,0.798832,2.854002,0.0,88.909682,0.0,14.902262,0.0,60.866901,33.726902,60.804221,50.015534,33.780123,50.0,27.0,0.0,0.0,0.0,0.0,0.0,0.0,0.0,1
2939,0.732825,0.0,1.900526,0.0,38.148883,25.119557,0.797505,2.8553,0.0,88.774168,0.0,14.821366,0.0,60.797532,33.699404,60.680765,49.981334,33.711536,50.0,27.0,0.0,0.0,0.0,0.0,0.0,0.0,0.0,1
2940,0.725497,0.0,1.904708,0.0,38.107542,24.916979,0.797065,2.864869,0.0,89.43918,0.0,14.85475,0.0,60.840415,33.734384,60.804732,50.015691,33.780406,50.0,27.0,0.0,0.0,0.0,0.0,0.0,0.0,0.0,1
2941,0.718242,0.0,1.902852,0.0,37.9931,25.210089,0.805783,2.849011,0.0,89.423354,0.0,14.878866,0.0,60.768844,33.712606,60.689454,49.98375,33.716363,50.0,27.0,0.0,0.0,0.0,0.0,0.0,0.0,0.0,1
2942,0.711059,0.0,1.896615,0.0,38.165594,25.090179,0.799705,2.854323,0.0,89.341164,0.0,14.831773,0.0,60.812485,33.683357,60.67636,49.980212,33.709089,50.0,27.0,0.0,0.0,0.0,0.0,0.0,0.0,0.0,1
2943,0.703949,0.0,1.894605,0.0,38.063893,24.979838,0.797128,2.831906,0.0,89.027219,0.0,14.857453,0.0,61.000956,33.645066,60.792567,50.01243,33.773648,50.0,27.0,0.0,0.0,0.0,0.0,0.0,0.0,0.0,1
2944,0.696909,0.0,1.892002,0.0,37.967515,25.08301,0.798922,2.848966,0.0,89.737689,0.0,14.845479,0.0,60.725888,33.867857,61.000473,50.069832,33.889152,50.0,27.0,0.0,0.0,0.0,0.0,0.0,0.0,0.0,1
2945,0.68994,0.0,1.903471,0.0,37.950464,25.108806,0.801809,2.846369,0.0,88.78789,0.0,14.832579,0.0,60.885853,33.703884,60.797396,50.013355,33.776331,50.0,27.0,0.0,0.0,0.0,0.0,0.0,0.0,0.0,1
2946,0.683041,0.0,1.903368,0.0,38.165078,25.089676,0.803086,2.838456,0.0,88.611058,0.0,14.766209,0.0,60.636168,33.706847,60.55949,49.947533,33.644161,50.0,27.0,0.0,0.0,0.0,0.0,0.0,0.0,0.0,1
2947,0.67621,0.0,1.899603,0.0,38.044898,25.08233,0.801823,2.854754,0.0,89.601215,0.0,14.881278,0.0,60.509842,33.778983,60.590118,49.956259,33.661177,50.0,27.0,0.0,0.0,0.0,0.0,0.0,0.0,0.0,1
2948,0.669448,0.0,1.898515,0.0,37.872985,24.946041,0.803064,2.850465,0.0,89.15955,0.0,14.845283,0.0,60.554345,33.767335,60.605034,49.960599,33.669463,50.0,27.0,0.0,0.0,0.0,0.0,0.0,0.0,0.0,1
2949,0.662754,0.0,1.904906,0.0,37.928192,25.040193,0.80194,2.837765,0.0,89.503749,0.0,14.98846,0.0,60.985203,33.591686,60.662213,49.976599,33.70123,50.0,27.0,0.0,0.0,0.0,0.0,0.0,0.0,0.0,1
2950,0.656126,0.0,1.90064,0.0,38.244606,24.961429,0.801117,2.853887,0.0,89.020714,0.0,14.751108,0.0,60.667793,33.762175,60.724617,49.993964,33.735898,50.0,27.0,0.0,0.0,0.0,0.0,0.0,0.0,0.0,1
2951,0.649565,0.0,1.905808,0.0,37.970839,25.023614,0.802413,2.859224,0.0,89.058447,0.0,14.821274,0.0,60.646643,33.802636,60.785264,50.010756,33.769591,50.0,27.0,0.0,0.0,0.0,0.0,0.0,0.0,0.0,1
2952,0.643069,0.0,1.897164,0.0,37.992544,25.046068,0.797591,2.852791,0.0,89.341551,0.0,14.811746,0.0,60.520567,33.848194,60.746621,50.000022,33.748123,50.0,27.0,0.0,0.0,0.0,0.0,0.0,0.0,0.0,1
2953,0.636639,0.0,1.894069,0.0,38.000805,24.823888,0.799697,2.842045,0.0,88.881172,0.0,14.828203,0.0,60.850674,33.692635,60.734468,49.996663,33.741371,50.0,27.0,0.0,0.0,0.0,0.0,0.0,0.0,0.0,1
2954,0.630272,0.0,1.909659,0.0,37.781553,25.069201,0.801945,2.843821,0.0,89.161614,0.0,14.748381,0.0,60.522741,33.866232,60.779978,50.009259,33.766655,50.0,27.0,0.0,0.0,0.0,0.0,0.0,0.0,0.0,1
2955,0.62397,0.0,1.903561,0.0,38.042733,25.025104,0.800122,2.8488,0.0,89.421042,0.0,14.900147,0.0,60.663352,33.79742,60.759363,50.003515,33.755202,50.0,27.0,0.0,0.0,0.0,0.0,0.0,0.0,0.0,1
2956,0.61773,0.0,1.895538,0.0,37.92737,24.931989,0.799911,2.846284,0.0,89.508129,0.0,14.830533,0.0,60.769291,33.65625,60.56152,49.948814,33.645289,50.0,27.0,0.0,0.0,0.0,0.0,0.0,0.0,0.0,1
2957,0.611553,0.0,1.90208,0.0,37.925013,25.093884,0.80119,2.865481,0.0,89.320345,0.0,14.852882,0.0,60.567927,33.864706,60.812853,50.018536,33.784919,50.0,27.0,0.0,0.0,0.0,0.0,0.0,0.0,0.0,1
2958,0.605437,0.0,1.899178,0.0,37.795385,25.047515,0.802254,2.838455,0.0,89.241775,0.0,14.86933,0.0,60.813633,33.671554,60.635822,49.969513,33.686568,50.0,27.0,0.0,0.0,0.0,0.0,0.0,0.0,0.0,1
2959,0.599383,0.0,1.899009,0.0,37.941244,25.061836,0.797068,2.850296,0.0,89.531037,0.0,14.847837,0.0,60.280129,34.014767,60.837397,50.02538,33.798554,50.0,27.0,0.0,0.0,0.0,0.0,0.0,0.0,0.0,1
2960,0.593389,0.0,1.896774,0.0,37.976368,24.8859,0.797393,2.842099,0.0,89.029403,0.0,14.870279,0.0,60.527952,33.843301,60.688703,49.984155,33.715946,50.0,27.0,0.0,0.0,0.0,0.0,0.0,0.0,0.0,1
2961,0.587455,0.0,1.896055,0.0,38.125607,25.085468,0.794236,2.830233,0.0,89.00818,0.0,14.948905,0.0,61.070843,33.660438,60.835822,50.024897,33.797679,50.0,27.0,0.0,0.0,0.0,0.0,0.0,0.0,0.0,1
2962,0.58158,0.0,1.90963,0.0,37.77898,24.988336,0.800028,2.85822,0.0,89.385092,0.0,14.849066,0.0,60.605495,33.801683,60.683101,49.982561,33.712834,50.0,27.0,0.0,0.0,0.0,0.0,0.0,0.0,0.0,1
2963,0.575765,0.0,1.903979,0.0,38.106302,25.117004,0.803818,2.84678,0.0,89.144885,0.0,14.892968,0.0,60.999684,33.525565,60.490002,49.929277,33.605557,50.0,27.0,0.0,0.0,0.0,0.0,0.0,0.0,0.0,1
2964,0.570007,0.0,1.903328,0.0,37.919611,25.107092,0.800851,2.847439,0.0,89.092221,0.0,14.845991,0.0,61.005411,33.575996,60.633963,49.969418,33.685535,50.0,27.0,0.0,0.0,0.0,0.0,0.0,0.0,0.0,1
2965,0.564307,0.0,1.910959,0.0,38.009625,24.973125,0.8072,2.837289,0.0,88.890067,0.0,14.897643,0.0,60.892899,33.736558,60.883352,50.038501,33.824084,50.0,27.0,0.0,0.0,0.0,0.0,0.0,0.0,0.0,1
2966,0.558664,0.0,1.901153,0.0,37.969376,24.992147,0.801324,2.855797,0.0,89.102674,0.0,14.930768,0.0,60.470114,33.775556,60.543425,49.944355,33.635236,50.0,27.0,0.0,0.0,0.0,0.0,0.0,0.0,0.0,1
2967,0.553077,0.0,1.899002,0.0,37.830445,24.936409,0.79956,2.845989,0.0,88.962619,0.0,14.805294,0.0,60.922951,33.61076,60.644064,49.972448,33.691147,50.0,27.0,0.0,0.0,0.0,0.0,0.0,0.0,0.0,1
2968,0.547546,0.0,1.896245,0.0,37.798602,24.823229,0.800943,2.848099,0.0,89.228784,0.0,14.949043,0.0,60.522136,33.874402,60.816798,50.020328,33.78711,50.0,27.0,0.0,0.0,0.0,0.0,0.0,0.0,0.0,1
2969,0.542071,0.0,1.898757,0.0,37.961327,25.074607,0.79826,2.850739,0.0,89.232773,0.0,14.871281,0.0,60.748234,33.727056,60.713672,49.991723,33.729818,50.0,27.0,0.0,0.0,0.0,0.0,0.0,0.0,0.0,1
2970,0.53665,0.0,1.90301,0.0,38.113022,24.981836,0.799546,2.865081,0.0,88.987364,0.0,14.886839,0.0,60.686568,33.846318,60.905735,50.04485,33.836519,50.0,27.0,0.0,0.0,0.0,0.0,0.0,0.0,0.0,1
2971,0.531284,0.0,1.894488,0.0,37.874178,25.008972,0.806921,2.86418,0.0,89.185981,0.0,14.938334,0.0,60.659927,33.739258,60.639568,49.971059,33.688649,50.0,27.0,0.0,0.0,0.0,0.0,0.0,0.0,0.0,1
2972,0.525971,0.0,1.906203,0.0,38.038707,25.003373,0.798982,2.856706,0.0,89.087545,0.0,14.876734,0.0,60.623184,33.903486,60.950515,50.057147,33.861397,50.0,27.0,0.0,0.0,0.0,0.0,0.0,0.0,0.0,1
2973,0.520711,0.0,1.890433,0.0,38.001914,25.015784,0.800009,2.844156,0.0,89.050405,0.0,14.97349,0.0,60.960722,33.575999,60.576801,49.95357,33.653778,50.0,27.0,0.0,0.0,0.0,0.0,0.0,0.0,0.0,1
2974,0.515504,0.0,1.907346,0.0,38.003605,24.977442,0.798899,2.84424,0.0,89.672733,0.0,14.883644,0.0,60.898945,33.634957,60.663383,49.977732,33.70188,50.0,27.0,0.0,0.0,0.0,0.0,0.0,0.0,0.0,1
2975,0.510349,0.0,1.892424,0.0,38.048686,25.044925,0.800649,2.843472,0.0,89.289559,0.0,14.814954,0.0,60.877263,33.617741,60.62011,49.965882,33.677839,50.0,27.0,0.0,0.0,0.0,0.0,0.0,0.0,0.0,1
2976,0.505246,0.0,1.894072,0.0,37.996368,25.029347,0.801666,2.858682,0.0,88.866416,0.0,14.91161,0.0,60.80787,33.670197,60.677437,49.981897,33.709687,50.0,27.0,0.0,0.0,0.0,0.0,0.0,0.0,0.0,1
2977,0.500193,0.0,1.895904,0.0,38.294136,24.919951,0.80013,2.852963,0.0,89.220429,0.0,14.858738,0.0,60.678717,33.843885,60.922809,50.049807,33.846005,50.0,27.0,0.0,0.0,0.0,0.0,0.0,0.0,0.0,1
2978,0.495191,0.0,1.901014,0.0,37.889493,24.967433,0.797814,2.843335,0.0,88.592695,0.0,14.849222,0.0,60.409733,33.962675,60.889142,50.040254,33.827301,50.0,27.0,0.0,0.0,0.0,0.0,0.0,0.0,0.0,1
2979,0.490239,0.0,1.903506,0.0,38.167629,24.903267,0.800775,2.848021,0.0,89.477437,0.0,14.856985,0.0,60.669635,33.685539,60.534499,49.942032,33.630277,50.0,27.0,0.0,0.0,0.0,0.0,0.0,0.0,0.0,1
2980,0.485337,0.0,1.906232,0.0,37.929528,24.798198,0.802571,2.842592,0.0,88.978829,0.0,14.891337,0.0,60.897645,33.765788,60.94023,50.054462,33.855684,50.0,27.0,0.0,0.0,0.0,0.0,0.0,0.0,0.0,1
2981,0.480484,0.0,1.891153,0.0,37.992135,25.067383,0.798182,2.856996,0.0,89.456074,0.0,14.9148,0.0,60.95386,33.648724,60.74685,50.000742,33.74825,50.0,27.0,0.0,0.0,0.0,0.0,0.0,0.0,0.0,1
2982,0.475679,0.0,1.911211,0.0,37.80359,25.045135,0.798004,2.842142,0.0,89.298774,0.0,14.910906,0.0,60.744586,33.809931,60.890561,50.04046,33.82809,50.0,27.0,0.0,0.0,0.0,0.0,0.0,0.0,0.0,1
2983,0.470922,0.0,1.905069,0.0,37.961444,25.040227,0.798155,2.852359,0.0,89.468709,0.0,14.872902,0.0,60.494261,33.835916,60.685924,49.983697,33.714402,50.0,27.0,0.0,0.0,0.0,0.0,0.0,0.0,0.0,1
2984,0.466213,0.0,1.9044,0.0,38.066914,24.813203,0.801758,2.851515,0.0,88.959151,0.0,14.821124,0.0,60.782657,33.730335,60.739631,49.998623,33.74424,50.0,27.0,0.0,0.0,0.0,0.0,0.0,0.0,0.0,1
2985,0.461551,0.0,1.897369,0.0,37.941261,25.077168,0.801193,2.847125,0.0,89.409077,0.0,14.854619,0.0,61.014091,33.655131,60.815122,50.019495,33.786179,50.0,27.0,0.0,0.0,0.0,0.0,0.0,0.0,0.0,1
2986,0.456935,0.0,1.901182,0.0,37.988356,25.01961,0.797981,2.861035,0.0,89.126427,0.0,14.934819,0.0,60.528566,33.953352,60.971091,50.062507,33.872829,50.0,27.0,0.0,0.0,0.0,0.0,0.0,0.0,0.0,1
2987,0.452366,0.0,1.893403,0.0,37.977905,24.981155,0.799082,2.838006,0.0,89.463541,0.0,14.803244,0.0,60.56547,33.77053,60.594696,49.958162,33.66372,50.0,27.0,0.0,0.0,0.0,0.0,0.0,0.0,0.0,1
2988,0.447842,0.0,1.904213,0.0,37.835024,25.040988,0.798453,2.851762,0.0,89.609477,0.0,14.779345,0.0,60.532895,33.919378,60.874273,50.035644,33.81904,50.0,27.0,0.0,0.0,0.0,0.0,0.0,0.0,0.0,1
2989,0.443364,0.0,1.898979,0.0,37.986458,25.006274,0.804728,2.850304,0.0,88.958963,0.0,14.890515,0.0,60.482818,33.893806,60.74892,50.00082,33.7494,50.0,27.0,0.0,0.0,0.0,0.0,0.0,0.0,0.0,1
2990,0.43893,0.0,1.89473,0.0,37.885094,25.029627,0.79896,2.853779,0.0,89.513032,0.0,14.868979,0.0,60.714848,33.798512,60.763306,50.004792,33.757392,50.0,27.0,0.0,0.0,0.0,0.0,0.0,0.0,0.0,1
2991,0.434541,0.0,1.890361,0.0,38.025008,25.008129,0.798561,2.856962,0.0,89.204218,0.0,14.937434,0.0,60.954888,33.710244,60.814128,50.018815,33.785626,50.0,27.0,0.0,0.0,0.0,0.0,0.0,0.0,0.0,1
2992,0.430195,0.0,1.898678,0.0,37.969496,24.994889,0.798547,2.858185,0.0,89.087286,0.0,14.912441,0.0,61.050781,33.626272,60.74169,49.9987,33.745384,50.0,27.0,0.0,0.0,0.0,0.0,0.0,0.0,0.0,1
2993,0.425893,0.0,1.903731,0.0,37.904521,24.990274,0.799609,2.840874,0.0,89.352593,0.0,14.866278,0.0,60.816485,33.777203,60.845083,50.027284,33.802824,50.0,27.0,0.0,0.0,0.0,0.0,0.0,0.0,0.0,1
2994,0.421634,0.0,1.912499,0.0,38.11409,25.046622,0.798449,2.844274,0.0,89.491393,0.0,14.862097,0.0,60.936618,33.574826,60.536538,49.941868,33.63141,50.0,27.0,0.0,0.0,0.0,0.0,0.0,0.0,0.0,1
2995,0.417418,0.0,1.91276,0.0,38.066954,25.00107,0.794573,2.850471,0.0,88.899275,0.0,14.846487,0.0,60.719178,33.827429,60.876938,50.036242,33.820521,50.0,27.0,0.0,0.0,0.0,0.0,0.0,0.0,0.0,1
2996,0.413244,0.0,1.90705,0.0,37.936448,24.984551,0.799092,2.847573,0.0,89.129669,0.0,14.859703,0.0,60.439975,34.121349,61.207862,50.127528,34.004368,50.0,27.0,0.0,0.0,0.0,0.0,0.0,0.0,0.0,1
2997,0.409111,0.0,1.907985,0.0,37.957098,25.006702,0.796833,2.864195,0.0,89.320312,0.0,14.867283,0.0,60.963278,33.662218,60.714693,49.990583,33.730385,50.0,27.0,0.0,0.0,0.0,0.0,0.0,0.0,0.0,1
2998,0.40502,0.0,1.89398,0.0,37.787307,24.807974,0.803702,2.847852,0.0,89.295309,0.0,14.868987,0.0,60.912929,33.731913,60.826893,50.021642,33.792718,50.0,27.0,0.0,0.0,0.0,0.0,0.0,0.0,0.0,1
2999,0.40097,0.0,1.893672,0.0,37.987284,25.15993,0.80681,2.852422,0.0,89.216438,0.0,14.850097,0.0,60.703279,33.939176,61.059815,50.085913,33.92212,50.0,27.0,0.0,0.0,0.0,0.0,0.0,0.0,0.0,1
3000,0.39696,0.0,1.88951,0.0,37.906793,25.069582,0.796645,2.838698,0.0,89.026651,0.0,14.878096,0.0,61.174538,33.631826,60.860475,50.030389,33.811375,50.0,27.0,0.0,0.0,0.0,0.0,0.0,0.0,0.0,1
3001,0.392991,0.0,1.896276,0.0,38.061319,24.960318,0.797453,2.865463,0.0,89.469783,0.0,14.910855,0.0,61.097485,33.698987,60.944719,50.053522,33.858177,50.0,27.0,0.0,0.0,0.0,0.0,0.0,0.0,0.0,1
3002,0.389061,0.0,1.908736,0.0,37.793853,24.940745,0.798643,2.843155,0.0,88.689493,0.0,14.913933,0.0,60.492166,33.755541,60.468241,49.92156,33.593467,50.0,27.0,0.0,0.0,0.0,0.0,0.0,0.0,0.0,1
3003,0.38517,0.0,1.897605,0.0,37.883657,25.060532,0.794963,2.857402,0.0,89.667788,0.0,14.895731,0.0,60.897786,33.686555,60.72984,49.994255,33.7388,50.0,27.0,0.0,0.0,0.0,0.0,0.0,0.0,0.0,1
3004,0.381319,0.0,1.904411,0.0,37.863843,25.00457,0.801758,2.838493,0.0,89.583647,0.0,14.907665,0.0,60.578658,33.975681,61.031083,50.077545,33.906157,50.0,27.0,0.0,0.0,0.0,0.0,0.0,0.0,0.0,1
3005,0.377505,0.0,1.899756,0.0,38.200753,24.945909,0.79811,2.860854,0.0,89.126517,0.0,14.86014,0.0,60.737377,33.764273,60.715585,49.989957,33.730881,50.0,27.0,0.0,0.0,0.0,0.0,0.0,0.0,0.0,1
3006,0.37373,0.0,1.901211,0.0,37.800903,25.06495,0.799623,2.848853,0.0,89.380098,0.0,14.900542,0.0,60.727698,33.803718,60.790474,50.010706,33.772486,50.0,27.0,0.0,0.0,0.0,0.0,0.0,0.0,0.0,1
3007,0.369993,0.0,1.915217,0.0,38.002596,25.059827,0.79817,2.858194,0.0,89.130867,0.0,14.894243,0.0,60.952174,33.501407,60.373339,49.895359,33.540744,50.0,27.0,0.0,0.0,0.0,0.0,0.0,0.0,0.0,1
3008,0.366293,0.0,1.898937,0.0,38.135864,24.995689,0.800659,2.845707,0.0,89.13574,0.0,14.896922,0.0,60.655594,33.719238,60.572424,49.950906,33.651347,50.0,27.0,0.0,0.0,0.0,0.0,0.0,0.0,0.0,1
3009,0.36263,0.0,1.896928,0.0,38.080351,25.025184,0.801282,2.851606,0.0,88.73585,0.0,14.844585,0.0,60.996548,33.50858,60.474218,49.924006,33.596788,50.0,27.0,0.0,0.0,0.0,0.0,0.0,0.0,0.0,1
3010,0.359004,0.0,1.905334,0.0,38.157346,24.991414,0.800838,2.843739,0.0,89.006551,0.0,14.849206,0.0,60.739423,33.86993,61.011962,50.073014,33.895535,50.0,27.0,0.0,0.0,0.0,0.0,0.0,0.0,0.0,1
3011,0.355414,0.0,1.900412,0.0,37.934192,24.855715,0.801721,2.864478,0.0,89.113374,0.0,14.771506,0.0,60.688315,33.717738,60.622791,49.965086,33.679328,50.0,27.0,0.0,0.0,0.0,0.0,0.0,0.0,0.0,1
3012,0.35186,0.0,1.902739,0.0,38.022564,25.047522,0.801807,2.850338,0.0,88.922165,0.0,14.91688,0.0,60.652938,33.854402,60.879784,50.036291,33.822102,50.0,27.0,0.0,0.0,0.0,0.0,0.0,0.0,0.0,1
3013,0.348341,0.0,1.899852,0.0,38.199094,24.929481,0.799198,2.847534,0.0,89.576821,0.0,14.863366,0.0,60.672036,33.689618,60.537114,49.941398,33.63173,50.0,27.0,0.0,0.0,0.0,0.0,0.0,0.0,0.0,1
3014,0.344858,0.0,1.900089,0.0,37.832354,24.992474,0.801248,2.858514,0.0,89.297084,0.0,14.788935,0.0,60.598053,33.799048,60.702391,49.987372,33.723551,50.0,27.0,0.0,0.0,0.0,0.0,0.0,0.0,0.0,1
3015,0.341409,0.0,1.896884,0.0,38.137747,24.943553,0.797432,2.843216,0.0,88.746789,0.0,14.893793,0.0,60.818143,33.666834,60.637071,49.96938,33.687261,50.0,27.0,0.0,0.0,0.0,0.0,0.0,0.0,0.0,1
3016,0.337995,0.0,1.901654,0.0,38.021032,24.918,0.798652,2.848775,0.0,89.38317,0.0,14.833567,0.0,60.643429,33.643797,60.425082,49.91094,33.56949,50.0,27.0,0.0,0.0,0.0,0.0,0.0,0.0,0.0,1
3017,0.334615,0.0,1.906895,0.0,38.126427,24.953451,0.80337,2.852134,0.0,89.346183,0.0,14.820153,0.0,60.662224,33.910765,61.020658,50.075998,33.900366,50.0,27.0,0.0,0.0,0.0,0.0,0.0,0.0,0.0,1
3018,0.331269,0.0,1.891553,0.0,37.80022,24.897044,0.798885,2.86198,0.0,88.582133,0.0,14.859728,0.0,60.768093,33.80268,60.876134,50.035673,33.820074,50.0,27.0,0.0,0.0,0.0,0.0,0.0,0.0,0.0,1
3019,0.327956,0.0,1.897856,0.0,38.143644,25.018644,0.801746,2.858782,0.0,89.00311,0.0,14.870748,0.0,60.615963,33.89672,60.915617,50.046409,33.842009,50.0,27.0,0.0,0.0,0.0,0.0,0.0,0.0,0.0,1
3020,0.324677,0.0,1.908912,0.0,38.023786,25.072715,0.801511,2.852487,0.0,88.734717,0.0,14.773844,0.0,60.541663,33.925913,60.884166,50.037485,33.824537,50.0,27.0,0.0,0.0,0.0,0.0,0.0,0.0,0.0,1
3021,0.32143,0.0,1.90451,0.0,38.004234,24.976589,0.803809,2.85466,0.0,89.597297,0.0,14.813279,0.0,60.768968,33.818899,60.864332,50.031817,33.813518,50.0,27.0,0.0,0.0,0.0,0.0,0.0,0.0,0.0,1
3022,0.318216,0.0,1.907985,0.0,38.109998,25.061504,0.800945,2.848615,0.0,89.368021,0.0,14.799925,0.0,61.020783,33.558552,60.561017,49.947823,33.645009,50.0,27.0,0.0,0.0,0.0,0.0,0.0,0.0,0.0,1
3023,0.315033,0.0,1.900594,0.0,37.955456,24.975701,0.803198,2.845832,0.0,88.82114,0.0,14.899079,0.0,60.581483,33.855521,60.776872,50.007744,33.764929,50.0,27.0,0.0,0.0,0.0,0.0,0.0,0.0,0.0,1
3024,0.311883,0.0,1.902356,0.0,38.247802,25.046676,0.800312,2.843302,0.0,89.366053,0.0,14.840525,0.0,60.814291,33.706803,60.683768,49.981972,33.713204,50.0,27.0,0.0,0.0,0.0,0.0,0.0,0.0,0.0,1
3025,0.308764,0.0,1.902589,0.0,38.300877,24.979496,0.797952,2.851713,0.0,88.905386,0.0,14.866387,0.0,61.130852,33.667288,60.925134,50.048774,33.847296,50.0,27.0,0.0,0.0,0.0,0.0,0.0,0.0,0.0,1
3026,0.305677,0.0,1.898512,0.0,37.943503,24.927226,0.798597,2.845901,0.0,89.051272,0.0,14.841059,0.0,60.861516,33.835592,61.023672,50.075767,33.90204,50.0,27.0,0.0,0.0,0.0,0.0,0.0,0.0,0.0,1
3027,0.30262,0.0,1.904168,0.0,37.739632,25.072026,0.804184,2.848573,0.0,89.265584,0.0,14.88863,0.0,60.674943,33.707225,60.556189,49.94618,33.642327,50.0,27.0,0.0,0.0,0.0,0.0,0.0,0.0,0.0,1
3028,0.299594,0.0,1.906193,0.0,37.936217,24.986118,0.798149,2.835572,0.0,88.979644,0.0,14.889353,0.0,60.86564,33.731841,60.806234,50.015559,33.781241,50.0,27.0,0.0,0.0,0.0,0.0,0.0,0.0,0.0,1
3029,0.296598,0.0,1.900908,0.0,37.74308,24.960516,0.802693,2.860535,0.0,89.23025,0.0,14.90658,0.0,60.641011,33.754891,60.633938,49.96786,33.685521,50.0,27.0,0.0,0.0,0.0,0.0,0.0,0.0,0.0,1
3030,0.293632,0.0,1.894922,0.0,38.150958,25.018853,0.800836,2.851117,0.0,89.030587,0.0,14.835382,0.0,60.685086,33.74495,60.657485,49.974528,33.698603,50.0,27.0,0.0,0.0,0.0,0.0,0.0,0.0,0.0,1
3031,0.290695,0.0,1.892506,0.0,38.128726,24.975663,0.79861,2.848109,0.0,89.376989,0.0,14.907472,0.0,60.753225,33.777937,60.796931,50.013197,33.776073,50.0,27.0,0.0,0.0,0.0,0.0,0.0,0.0,0.0,1
3032,0.287788,0.0,1.897703,0.0,37.980697,24.954941,0.797415,2.864546,0.0,89.208024,0.0,14.90407,0.0,60.615136,33.673081,60.43493,49.913076,33.574961,50.0,27.0,0.0,0.0,0.0,0.0,0.0,0.0,0.0,1
3033,0.284911,0.0,1.900314,0.0,38.116029,25.064738,0.79973,2.849204,0.0,89.332663,0.0,14.910582,0.0,60.829462,33.754599,60.832472,50.023387,33.795818,50.0,27.0,0.0,0.0,0.0,0.0,0.0,0.0,0.0,1
3034,0.282062,0.0,1.908124,0.0,37.805764,25.03726,0.799088,2.854092,0.0,89.119434,0.0,14.817628,0.0,60.950837,33.704357,60.84768,50.027474,33.804266,50.0,27.0,0.0,0.0,0.0,0.0,0.0,0.0,0.0,1
3035,0.279241,0.0,1.899229,0.0,37.905469,25.084921,0.799056,2.852938,0.0,89.480079,0.0,14.878295,0.0,60.64143,33.770614,60.68448,49.98223,33.7136,50.0,27.0,0.0,0.0,0.0,0.0,0.0,0.0,0.0,1
3036,0.276448,0.0,1.897059,0.0,38.226737,25.025272,0.800653,2.852244,0.0,89.007544,0.0,14.879591,0.0,61.056908,33.558307,60.649433,49.972632,33.69413,50.0,27.0,0.0,0.0,0.0,0.0,0.0,0.0,0.0,1
3037,0.273684,0.0,1.900616,0.0,37.950176,24.964727,0.795954,2.84709,0.0,89.104455,0.0,14.916023,0.0,60.586929,33.905108,60.936453,50.052099,33.853585,50.0,27.0,0.0,0.0,0.0,0.0,0.0,0.0,0.0,1
3038,0.270947,0.0,1.899078,0.0,38.014659,25.031421,0.795236,2.843715,0.0,88.622155,0.0,14.850905,0.0,60.45829,33.793418,60.550374,49.945129,33.639097,50.0,27.0,0.0,0.0,0.0,0.0,0.0,0.0,0.0,1
3039,0.268238,0.0,1.902617,0.0,38.155831,25.035557,0.802711,2.844298,0.0,89.27767,0.0,14.834543,0.0,61.09348,33.600941,60.773801,50.007156,33.763223,50.0,27.0,0.0,0.0,0.0,0.0,0.0,0.0,0.0,1
3040,0.265555,0.0,1.908646,0.0,38.055219,24.972528,0.802777,2.854514,0.0,89.198291,0.0,14.879026,0.0,60.685344,33.828458,60.865565,50.032484,33.814203,50.0,27.0,0.0,0.0,0.0,0.0,0.0,0.0,0.0,1
3041,0.2629,0.0,1.895306,0.0,38.216232,24.955991,0.800362,2.861146,0.0,89.172377,0.0,14.853208,0.0,60.997002,33.540485,60.558516,49.947455,33.64362,50.0,27.0,0.0,0.0,0.0,0.0,0.0,0.0,0.0,1
3042,0.260271,0.0,1.901239,0.0,37.843954,25.147716,0.800462,2.861001,0.0,89.430461,0.0,14.875592,0.0,60.681551,33.978209,61.193794,50.123305,33.996552,50.0,27.0,0.0,0.0,0.0,0.0,0.0,0.0,0.0,1
3043,0.257668,0.0,1.895562,0.0,37.852731,25.104643,0.799672,2.848518,0.0,89.371822,0.0,14.892057,0.0,60.582577,33.585326,60.234068,49.857427,33.463371,50.0,27.0,0.0,0.0,0.0,0.0,0.0,0.0,0.0,1
3044,0.255091,0.0,1.907733,0.0,38.092844,24.904481,0.798462,2.840874,0.0,89.318511,0.0,14.869769,0.0,60.887918,33.861026,61.142746,50.109291,33.968192,50.0,27.0,0.0,0.0,0.0,0.0,0.0,0.0,0.0,1
3045,0.25254,0.0,1.90933,0.0,37.893906,25.182851,0.79897,2.844436,0.0,89.131607,0.0,14.870943,0.0,60.901527,33.674751,60.747504,49.999504,33.748613,50.0,27.0,0.0,0.0,0.0,0.0,0.0,0.0,0.0,1
3046,0.250015,0.0,1.897552,0.0,38.07717,25.007132,0.801228,2.848588,0.0,89.330703,0.0,14.819473,0.0,60.846322,33.846842,61.06493,50.087242,33.924961,50.0,27.0,0.0,0.0,0.0,0.0,0.0,0.0,0.0,1
3047,0.247515,0.0,1.906359,0.0,38.004343,25.123725,0.802071,2.856637,0.0,89.055263,0.0,14.84787,0.0,60.557028,33.982199,61.04749,50.081988,33.915272,50.0,27.0,0.0,0.0,0.0,0.0,0.0,0.0,0.0,1
3048,0.24504,0.0,1.906723,0.0,37.972566,24.965692,0.802457,2.843583,0.0,89.17347,0.0,14.764167,0.0,60.726548,33.779807,60.759436,50.001963,33.755242,50.0,27.0,0.0,0.0,0.0,0.0,0.0,0.0,0.0,1
3049,0.242589,0.0,1.893922,0.0,38.101402,24.917001,0.799685,2.856215,0.0,89.329698,0.0,14.920052,0.0,60.905039,33.667901,60.69982,49.985475,33.722122,50.0,27.0,0.0,0.0,0.0,0.0,0.0,0.0,0.0,1
3050,0.240163,0.0,1.899621,0.0,38.180502,24.90893,0.79449,2.846722,0.0,89.337083,0.0,14.899519,0.0,60.957296,33.659464,60.747106,49.998617,33.748392,50.0,27.0,0.0,0.0,0.0,0.0,0.0,0.0,0.0,1
3051,0.237762,0.0,1.902675,0.0,37.911678,25.062737,0.801863,2.858461,0.0,88.925223,0.0,14.80705,0.0,60.733065,33.889145,61.020495,50.074188,33.900275,50.0,27.0,0.0,0.0,0.0,0.0,0.0,0.0,0.0,1
3052,0.235384,0.0,1.899569,0.0,38.047221,25.104303,0.798427,2.856746,0.0,89.264958,0.0,14.909773,0.0,60.573506,33.790584,60.635071,49.967289,33.68615,50.0,27.0,0.0,0.0,0.0,0.0,0.0,0.0,0.0,1
3053,0.23303,0.0,1.901304,0.0,37.902694,24.929279,0.803908,2.848446,0.0,89.283538,0.0,14.87835,0.0,60.59225,33.913721,60.909707,50.04336,33.838726,50.0,27.0,0.0,0.0,0.0,0.0,0.0,0.0,0.0,1
3054,0.2307,0.0,1.909144,0.0,38.27942,24.92197,0.802366,2.841557,0.0,88.980559,0.0,14.836895,0.0,60.871917,33.763347,60.852339,50.027288,33.806855,50.0,27.0,0.0,0.0,0.0,0.0,0.0,0.0,0.0,1
3055,0.228393,0.0,1.895607,0.0,38.019041,24.975108,0.803737,2.85244,0.0,88.793303,0.0,14.863164,0.0,60.659714,33.866334,60.858599,50.028882,33.810333,50.0,27.0,0.0,0.0,0.0,0.0,0.0,0.0,0.0,1
3056,0.226109,0.0,1.890781,0.0,37.923068,25.021165,0.800261,2.849915,0.0,89.232673,0.0,14.915762,0.0,60.673531,33.811106,60.743489,49.996923,33.746383,50.0,27.0,0.0,0.0,0.0,0.0,0.0,0.0,0.0,1
3057,0.223848,0.0,1.887762,0.0,38.195882,24.995369,0.797139,2.844407,0.0,89.164238,0.0,14.946374,0.0,60.886286,33.743463,60.809187,50.015097,33.782882,50.0,27.0,0.0,0.0,0.0,0.0,0.0,0.0,0.0,1
3058,0.22161,0.0,1.912968,0.0,38.039055,24.973392,0.805103,2.851036,0.0,89.4509,0.0,14.904721,0.0,60.924525,33.801516,60.974699,50.060768,33.874833,50.0,27.0,0.0,0.0,0.0,0.0,0.0,0.0,0.0,1
3059,0.219393,0.0,1.906819,0.0,38.120207,24.99923,0.800516,2.844517,0.0,89.267658,0.0,14.947141,0.0,60.667154,33.851238,60.819076,50.017453,33.788375,50.0,27.0,0.0,0.0,0.0,0.0,0.0,0.0,0.0,1
3060,0.2172,0.0,1.898671,0.0,37.905359,25.001001,0.80043,2.860485,0.0,89.001972,0.0,14.848134,0.0,60.598946,33.929581,60.906628,50.041565,33.837015,50.0,27.0,0.0,0.0,0.0,0.0,0.0,0.0,0.0,1
3061,0.215028,0.0,1.891816,0.0,38.10779,24.943523,0.798191,2.851955,0.0,89.261176,0.0,14.862189,0.0,60.727787,33.815305,60.775188,50.005028,33.763993,50.0,27.0,0.0,0.0,0.0,0.0,0.0,0.0,0.0,1
3062,0.212877,0.0,1.894876,0.0,38.126126,25.087777,0.79951,2.85208,0.0,89.586658,0.0,14.871013,0.0,61.325316,33.573653,60.860018,50.02845,33.811121,50.0,27.0,0.0,0.0,0.0,0.0,0.0,0.0,0.0,1
3063,0.210748,0.0,1.887716,0.0,38.141347,24.968498,0.799591,2.8432,0.0,89.471784,0.0,14.984469,0.0,60.869907,33.819217,60.951678,50.053643,33.862043,50.0,27.0,0.0,0.0,0.0,0.0,0.0,0.0,0.0,1
3064,0.208641,0.0,1.901718,0.0,37.823787,24.831574,0.800623,2.852447,0.0,89.412379,0.0,14.823661,0.0,60.681432,33.771538,60.657518,49.972072,33.698621,50.0,27.0,0.0,0.0,0.0,0.0,0.0,0.0,0.0,1
3065,0.206555,0.0,1.897711,0.0,37.89549,25.022321,0.798095,2.856454,0.0,88.894428,0.0,14.825336,0.0,60.76012,33.832708,60.866732,50.030036,33.814851,50.0,27.0,0.0,0.0,0.0,0.0,0.0,0.0,0.0,1
3066,0.204489,0.0,1.903705,0.0,37.940923,24.932673,0.804292,2.864897,0.0,88.706393,0.0,14.831115,0.0,60.65615,33.782233,60.649628,49.96988,33.694238,50.0,27.0,0.0,0.0,0.0,0.0,0.0,0.0,0.0,1
3067,0.202444,0.0,1.891308,0.0,37.948032,25.147147,0.800246,2.846261,0.0,89.169907,0.0,14.851951,0.0,60.986453,33.669634,60.742825,49.99579,33.746014,50.0,27.0,0.0,0.0,0.0,0.0,0.0,0.0,0.0,1
3068,0.20042,0.0,1.897329,0.0,37.744859,25.192976,0.798268,2.848149,0.0,88.96772,0.0,14.88628,0.0,60.821713,33.66656,60.586827,49.952693,33.659348,50.0,27.0,0.0,0.0,0.0,0.0,0.0,0.0,0.0,1
3069,0.198416,0.0,1.900088,0.0,38.007349,24.993521,0.799779,2.851631,0.0,88.860154,0.0,14.926382,0.0,61.164065,33.636117,60.879645,50.033862,33.822025,50.0,27.0,0.0,0.0,0.0,0.0,0.0,0.0,0.0,1
3070,0.196431,0.0,1.893191,0.0,38.156328,25.070797,0.798298,2.844607,0.0,89.305506,0.0,14.816992,0.0,60.664218,33.888793,60.930563,50.047767,33.850313,50.0,27.0,0.0,0.0,0.0,0.0,0.0,0.0,0.0,1
3071,0.194467,0.0,1.898363,0.0,38.019084,25.029905,0.801564,2.851307,0.0,88.935533,0.0,14.883722,0.0,60.720291,33.880379,60.95224,50.053521,33.862355,50.0,27.0,0.0,0.0,0.0,0.0,0.0,0.0,0.0,1
3072,0.192522,0.0,1.895276,0.0,38.084154,25.109696,0.794292,2.854651,0.0,88.948559,0.0,14.906677,0.0,60.847695,33.818174,60.933935,50.048195,33.852186,50.0,27.0,0.0,0.0,0.0,0.0,0.0,0.0,0.0,1
3073,0.190597,0.0,1.901758,0.0,38.024115,25.095304,0.802517,2.850622,0.0,89.709823,0.0,14.770883,0.0,60.774784,33.736471,60.68329,49.978678,33.712939,50.0,27.0,0.0,0.0,0.0,0.0,0.0,0.0,0.0,1
3074,0.188691,0.0,1.90312,0.0,37.907287,25.02961,0.800092,2.845097,0.0,89.810073,0.0,14.779308,0.0,60.947102,33.616233,60.607699,49.957892,33.670944,50.0,27.0,0.0,0.0,0.0,0.0,0.0,0.0,0.0,1
3075,0.186804,0.0,1.905785,0.0,37.890492,25.044228,0.803406,2.86617,0.0,89.688461,0.0,14.988842,0.0,60.700531,33.813595,60.798653,50.01088,33.777029,50.0,27.0,0.0,0.0,0.0,0.0,0.0,0.0,0.0,1
3076,0.184936,0.0,1.905843,0.0,38.150287,24.972166,0.799258,2.850275,0.0,89.108164,0.0,14.852572,0.0,60.861773,33.810397,60.947016,50.051833,33.859453,50.0,27.0,0.0,0.0,0.0,0.0,0.0,0.0,0.0,1
3077,0.183087,0.0,1.903964,0.0,38.092362,24.942569,0.800885,2.848804,0.0,89.370271,0.0,14.751476,0.0,60.761358,33.802291,60.824175,50.017622,33.791208,50.0,27.0,0.0,0.0,0.0,0.0,0.0,0.0,0.0,1
3078,0.181256,0.0,1.889137,0.0,38.03805,24.952162,0.801453,2.850533,0.0,89.049801,0.0,14.905982,0.0,60.793709,33.813407,60.876046,50.031871,33.820025,50.0,27.0,0.0,0.0,0.0,0.0,0.0,0.0,0.0,1
3079,0.179443,0.0,1.908843,0.0,38.09938,25.092074,0.798614,2.867101,0.0,88.916264,0.0,14.90909,0.0,61.068631,33.536101,60.560881,49.944602,33.644934,50.0,27.0,0.0,0.0,0.0,0.0,0.0,0.0,0.0,1
3080,0.177649,0.0,1.89877,0.0,37.879391,25.048468,0.803846,2.853061,0.0,89.40187,0.0,14.942552,0.0,60.833254,33.803753,60.921817,50.044639,33.845454,50.0,27.0,0.0,0.0,0.0,0.0,0.0,0.0,0.0,1
3081,0.175873,0.0,1.900393,0.0,37.874157,25.025688,0.798045,2.852087,0.0,89.08695,0.0,14.887071,0.0,60.620773,33.862116,60.82691,50.018185,33.792728,50.0,27.0,0.0,0.0,0.0,0.0,0.0,0.0,0.0,1
3082,0.174114,0.0,1.895196,0.0,38.119763,25.06011,0.8032,2.85274,0.0,89.241404,0.0,14.887753,0.0,60.386432,33.977095,60.82222,50.016798,33.790122,50.0,27.0,0.0,0.0,0.0,0.0,0.0,0.0,0.0,1
3083,0.172373,0.0,1.90647,0.0,38.136907,24.906368,0.797807,2.848168,0.0,89.181542,0.0,14.749354,0.0,60.799287,33.782086,60.796489,50.009603,33.775827,50.0,27.0,0.0,0.0,0.0,0.0,0.0,0.0,0.0,1
3084,0.170649,0.0,1.907475,0.0,37.824304,24.959318,0.798414,2.847822,0.0,89.19716,0.0,14.819481,0.0,60.655514,33.789257,60.668018,49.974046,33.704455,50.0,27.0,0.0,0.0,0.0,0.0,0.0,0.0,0.0,1
3085,0.168942,0.0,1.902128,0.0,37.887813,25.040603,0.80199,2.837945,0.0,89.263571,0.0,14.909131,0.0,61.046942,33.500816,60.450234,49.913981,33.583464,50.0,27.0,0.0,0.0,0.0,0.0,0.0,0.0,0.0,1
3086,0.167253,0.0,1.898195,0.0,37.920317,25.055533,0.797808,2.846384,0.0,89.24055,0.0,14.925244,0.0,60.736858,33.727843,60.656329,49.971372,33.69796,50.0,27.0,0.0,0.0,0.0,0.0,0.0,0.0,0.0,1
3087,0.16558,0.0,1.905289,0.0,38.043948,25.077675,0.800101,2.842808,0.0,89.665158,0.0,14.878605,0.0,60.894124,33.636441,60.625829,49.963085,33.681016,50.0,27.0,0.0,0.0,0.0,0.0,0.0,0.0,0.0,1
3088,0.163925,0.0,1.901373,0.0,38.110823,24.963308,0.801865,2.867081,0.0,89.577282,0.0,14.845861,0.0,60.666459,33.751027,60.656636,49.971783,33.698131,50.0,27.0,0.0,0.0,0.0,0.0,0.0,0.0,0.0,1
3089,0.162285,0.0,1.889527,0.0,37.90054,25.016912,0.805099,2.854826,0.0,89.431437,0.0,14.802136,0.0,60.674211,33.852045,60.878087,50.033132,33.82116,50.0,27.0,0.0,0.0,0.0,0.0,0.0,0.0,0.0,1
3090,0.160663,0.0,1.907289,0.0,38.121656,24.996479,0.800276,2.836963,0.0,89.236959,0.0,14.88118,0.0,60.719472,33.914322,61.04197,50.078264,33.912206,50.0,27.0,0.0,0.0,0.0,0.0,0.0,0.0,0.0,1
3091,0.159056,0.0,1.903914,0.0,38.114421,25.052018,0.80323,2.860618,0.0,89.455041,0.0,14.827588,0.0,60.985857,33.554135,60.528431,49.935934,33.626906,50.0,27.0,0.0,0.0,0.0,0.0,0.0,0.0,0.0,1
3092,0.157465,0.0,1.900662,0.0,38.099366,25.16812,0.799251,2.849604,0.0,89.008353,0.0,14.834722,0.0,60.614727,33.905591,60.927242,50.046483,33.848468,50.0,27.0,0.0,0.0,0.0,0.0,0.0,0.0,0.0,1
3093,0.155891,0.0,1.905011,0.0,37.929886,24.868036,0.801787,2.849794,0.0,89.131129,0.0,14.809573,0.0,60.644227,33.784185,60.681119,49.978224,33.711733,50.0,27.0,0.0,0.0,0.0,0.0,0.0,0.0,0.0,1
3094,0.154332,0.0,1.893834,0.0,37.969942,24.988154,0.802901,2.848467,0.0,88.758958,0.0,14.859912,0.0,60.675494,33.787461,60.716991,49.988247,33.731662,50.0,27.0,0.0,0.0,0.0,0.0,0.0,0.0,0.0,1
3095,0.152789,0.0,1.895723,0.0,38.00599,25.02992,0.801472,2.853529,0.0,89.065196,0.0,14.905736,0.0,60.708327,33.872192,60.92596,50.046064,33.847756,50.0,27.0,0.0,0.0,0.0,0.0,0.0,0.0,0.0,1
3096,0.151261,0.0,1.897751,0.0,37.965013,24.971316,0.80172,2.84444,0.0,89.167457,0.0,14.850227,0.0,60.573325,33.927516,60.894055,50.037016,33.83003,50.0,27.0,0.0,0.0,0.0,0.0,0.0,0.0,0.0,1
3097,0.149748,0.0,1.902579,0.0,38.17018,24.929573,0.796645,2.86693,0.0,89.070332,0.0,14.893442,0.0,60.522149,33.982559,60.93894,50.049238,33.854967,50.0,27.0,0.0,0.0,0.0,0.0,0.0,0.0,0.0,1
3098,0.148251,0.0,1.899021,0.0,38.092556,25.100507,0.798757,2.857368,0.0,89.198487,0.0,14.918912,0.0,61.275311,33.454081,60.551294,49.94185,33.639608,50.0,27.0,0.0,0.0,0.0,0.0,0.0,0.0,0.0,1
3099,0.146768,0.0,1.892094,0.0,38.006803,24.885411,0.796989,2.850075,0.0,89.294593,0.0,14.829951,0.0,60.613404,33.71636,60.487882,49.924612,33.604379,50.0,27.0,0.0,0.0,0.0,0.0,0.0,0.0,0.0,1
3100,0.1453,0.0,1.899425,0.0,38.061502,24.956403,0.797329,2.845017,0.0,89.24684,0.0,14.846492,0.0,60.997701,33.758331,60.968558,50.057844,33.871421,50.0,27.0,0.0,0.0,0.0,0.0,0.0,0.0,0.0,1
3101,0.143847,0.0,1.894714,0.0,38.027438,24.885373,0.797498,2.837155,0.0,89.014621,0.0,14.794725,0.0,60.980377,33.671271,60.769413,50.002513,33.760785,50.0,27.0,0.0,0.0,0.0,0.0,0.0,0.0,0.0,1
3102,0.142409,0.0,1.890112,0.0,37.991464,24.985506,0.800057,2.852089,0.0,89.177818,0.0,14.908267,0.0,60.999607,33.576497,60.601915,49.956205,33.66773,50.0,27.0,0.0,0.0,0.0,0.0,0.0,0.0,0.0,1
3103,0.140985,0.0,1.890026,0.0,38.179548,24.982947,0.799985,2.851678,0.0,89.409317,0.0,14.850167,0.0,60.761812,33.694805,60.63853,49.966543,33.688072,50.0,27.0,0.0,0.0,0.0,0.0,0.0,0.0,0.0,1
3104,0.139575,0.0,1.905058,0.0,38.071845,24.927535,0.796566,2.857387,0.0,89.318908,0.0,14.872946,0.0,60.711845,33.724942,60.659839,49.9726,33.699911,50.0,27.0,0.0,0.0,0.0,0.0,0.0,0.0,0.0,1
3105,0.138179,0.0,1.898229,0.0,37.845147,24.897425,0.799105,2.848152,0.0,89.219901,0.0,14.798784,0.0,60.956117,33.747431,60.954799,50.054262,33.863777,50.0,27.0,0.0,0.0,0.0,0.0,0.0,0.0,0.0,1
3106,0.136797,0.0,1.890636,0.0,37.97826,24.892328,0.798817,2.843417,0.0,89.475554,0.0,14.853305,0.0,60.408639,33.929351,60.791141,50.008757,33.772856,50.0,27.0,0.0,0.0,0.0,0.0,0.0,0.0,0.0,1
3107,0.135429,0.0,1.898864,0.0,37.994504,24.964632,0.80422,2.843247,0.0,89.266779,0.0,14.846669,0.0,60.66619,33.960521,61.090533,50.091464,33.939185,50.0,27.0,0.0,0.0,0.0,0.0,0.0,0.0,0.0,1
3108,0.134075,0.0,1.905289,0.0,37.973026,24.946021,0.80244,2.848074,0.0,89.167877,0.0,14.79479,0.0,60.514908,33.895503,60.775584,50.003959,33.764213,50.0,27.0,0.0,0.0,0.0,0.0,0.0,0.0,0.0,1
3109,0.132734,0.0,1.905302,0.0,38.036362,24.975407,0.799527,2.848522,0.0,89.193187,0.0,14.852242,0.0,61.239322,33.476728,60.600352,49.955505,33.666862,50.0,27.0,0.0,0.0,0.0,0.0,0.0,0.0,0.0,1
3110,0.131407,0.0,1.894796,0.0,38.067539,24.967909,0.801421,2.848324,0.0,88.976221,0.0,14.905773,0.0,61.010833,33.765065,61.020009,50.071718,33.900005,50.0,27.0,0.0,0.0,0.0,0.0,0.0,0.0,0.0,1
3111,0.130093,0.0,1.897275,0.0,38.12926,24.959481,0.799703,2.847848,0.0,89.226343,0.0,14.8076,0.0,60.658734,33.760464,60.657633,49.971202,33.698685,50.0,27.0,0.0,0.0,0.0,0.0,0.0,0.0,0.0,1
3112,0.128792,0.0,1.898886,0.0,38.008931,24.956198,0.801614,2.842855,0.0,89.632652,0.0,14.872865,0.0,60.612743,33.859251,60.820089,50.016248,33.788938,50.0,27.0,0.0,0.0,0.0,0.0,0.0,0.0,0.0,1
3113,0.127504,0.0,1.912708,0.0,37.9821,24.93401,0.798448,2.848766,0.0,88.93524,0.0,14.806466,0.0,60.826632,33.669056,60.619825,49.960815,33.677681,50.0,27.0,0.0,0.0,0.0,0.0,0.0,0.0,0.0,1
3114,0.126229,0.0,1.895511,0.0,38.217921,24.934497,0.801175,2.846457,0.0,88.776821,0.0,14.852312,0.0,60.424416,33.942723,60.807801,50.012966,33.782112,50.0,27.0,0.0,0.0,0.0,0.0,0.0,0.0,0.0,1
3115,0.124967,0.0,1.903419,0.0,38.072391,24.989448,0.802727,2.833339,0.0,89.274538,0.0,14.824737,0.0,60.598811,34.009428,61.098942,50.093371,33.943856,50.0,27.0,0.0,0.0,0.0,0.0,0.0,0.0,0.0,1
3116,0.123717,0.0,1.902863,0.0,38.065236,24.866041,0.802315,2.8605,0.0,88.862818,0.0,14.809144,0.0,60.620221,33.80041,60.648195,49.968322,33.693441,50.0,27.0,0.0,0.0,0.0,0.0,0.0,0.0,0.0,1
3117,0.12248,0.0,1.903678,0.0,37.911768,24.88122,0.800783,2.859467,0.0,89.306018,0.0,14.866874,0.0,60.687663,33.852746,60.824284,50.01715,33.791269,50.0,27.0,0.0,0.0,0.0,0.0,0.0,0.0,0.0,1
3118,0.121255,0.0,1.901135,0.0,37.912417,24.941725,0.802579,2.832981,0.0,89.050416,0.0,14.795129,0.0,60.895997,33.937288,61.202412,50.121578,34.00134,50.0,27.0,0.0,0.0,0.0,0.0,0.0,0.0,0.0,1
3119,0.120043,0.0,1.904326,0.0,37.988331,25.059042,0.802334,2.837379,0.0,89.553904,0.0,14.885137,0.0,60.754963,33.732565,60.610389,49.95734,33.672438,50.0,27.0,0.0,0.0,0.0,0.0,0.0,0.0,0.0,1
3120,0.118842,0.0,1.904077,0.0,38.036219,25.062282,0.80294,2.852828,0.0,89.455646,0.0,14.886319,0.0,60.728025,33.807345,60.750226,49.996203,33.750125,50.0,27.0,0.0,0.0,0.0,0.0,0.0,0.0,0.0,1
3121,0.117654,0.0,1.906364,0.0,38.009306,24.954076,0.799469,2.842358,0.0,89.732444,0.0,14.920756,0.0,60.711554,33.835873,60.792542,50.007918,33.773635,50.0,27.0,0.0,0.0,0.0,0.0,0.0,0.0,0.0,1
3122,0.116477,0.0,1.899982,0.0,38.067821,25.041358,0.802063,2.858548,0.0,89.1479,0.0,14.870116,0.0,60.747374,33.853017,60.859464,50.026375,33.810814,50.0,27.0,0.0,0.0,0.0,0.0,0.0,0.0,0.0,1
3123,0.115312,0.0,1.912712,0.0,37.935437,25.004031,0.801487,2.857179,0.0,89.524323,0.0,14.938653,0.0,61.096172,33.656453,60.786631,50.006113,33.770351,50.0,27.0,0.0,0.0,0.0,0.0,0.0,0.0,0.0,1
3124,0.114159,0.0,1.903543,0.0,37.982089,24.948082,0.800266,2.853019,0.0,89.614141,0.0,14.898339,0.0,60.78507,33.787445,60.771185,50.001814,33.76177,50.0,27.0,0.0,0.0,0.0,0.0,0.0,0.0,0.0,1
3125,0.113018,0.0,1.893521,0.0,37.901382,25.126074,0.797502,2.846988,0.0,88.972544,0.0,14.894712,0.0,60.925979,33.782933,60.903446,50.038361,33.835248,50.0,27.0,0.0,0.0,0.0,0.0,0.0,0.0,0.0,1
3126,0.111888,0.0,1.895177,0.0,37.908367,24.952383,0.799895,2.856976,0.0,89.235697,0.0,14.84412,0.0,60.571314,34.010423,61.03005,50.073163,33.905583,50.0,27.0,0.0,0.0,0.0,0.0,0.0,0.0,0.0,1
3127,0.110769,0.0,1.901988,0.0,38.082417,24.988302,0.798744,2.847448,0.0,88.488805,0.0,14.861707,0.0,60.786522,33.729597,60.62422,49.960629,33.680122,50.0,27.0,0.0,0.0,0.0,0.0,0.0,0.0,0.0,1
3128,0.109661,0.0,1.901202,0.0,38.001969,24.947409,0.800529,2.856559,0.0,89.732083,0.0,14.884043,0.0,61.181879,33.554787,60.66098,49.970985,33.700544,50.0,27.0,0.0,0.0,0.0,0.0,0.0,0.0,0.0,1
3129,0.108564,0.0,1.897272,0.0,37.796503,25.060035,0.79763,2.846577,0.0,89.454407,0.0,14.936406,0.0,60.883303,33.769665,60.848219,50.022882,33.804566,50.0,27.0,0.0,0.0,0.0,0.0,0.0,0.0,0.0,1
3130,0.107479,0.0,1.898751,0.0,38.103349,25.019732,0.800167,2.865501,0.0,89.038429,0.0,14.884672,0.0,60.900034,33.617661,60.546509,49.939377,33.63695,50.0,27.0,0.0,0.0,0.0,0.0,0.0,0.0,0.0,1
3131,0.106404,0.0,1.902486,0.0,38.138187,25.069574,0.801953,2.857537,0.0,89.360181,0.0,14.894744,0.0,60.822606,33.83647,60.952728,50.051955,33.862627,50.0,27.0,0.0,0.0,0.0,0.0,0.0,0.0,0.0,1
3132,0.10534,0.0,1.900141,0.0,37.892921,24.996929,0.798056,2.848452,0.0,89.101193,0.0,14.922099,0.0,60.915095,33.574335,60.484142,49.922182,33.602301,50.0,27.0,0.0,0.0,0.0,0.0,0.0,0.0,0.0,1
3133,0.104286,0.0,1.900082,0.0,38.048433,24.972401,0.800937,2.839504,0.0,89.260401,0.0,14.8806,0.0,60.590608,33.880329,60.832045,50.018728,33.795581,50.0,27.0,0.0,0.0,0.0,0.0,0.0,0.0,0.0,1
3134,0.103244,0.0,1.896199,0.0,38.076563,24.975549,0.802238,2.861898,0.0,88.697312,0.0,14.903487,0.0,60.792589,33.718725,60.678053,49.976072,33.710029,50.0,27.0,0.0,0.0,0.0,0.0,0.0,0.0,0.0,1
3135,0.102211,0.0,1.899427,0.0,38.041796,24.972401,0.800425,2.85841,0.0,89.16047,0.0,14.790267,0.0,60.982286,33.714668,60.866351,50.028236,33.81464,50.0,27.0,0.0,0.0,0.0,0.0,0.0,0.0,0.0,1
3136,0.101189,0.0,1.899145,0.0,38.169828,25.16325,0.800054,2.847566,0.0,89.521335,0.0,14.827684,0.0,61.058037,33.68677,60.890502,50.03477,33.828057,50.0,27.0,0.0,0.0,0.0,0.0,0.0,0.0,0.0,1
3137,0.100177,0.0,1.908067,0.0,38.010999,25.093012,0.800119,2.849763,0.0,89.744281,0.0,14.856206,0.0,60.832269,33.800606,60.915328,50.041459,33.841849,50.0,27.0,0.0,0.0,0.0,0.0,0.0,0.0,0.0,1
3138,0.099175,0.0,1.907136,0.0,38.075715,25.15609,0.800403,2.843199,0.0,89.146396,0.0,14.879241,0.0,60.410443,33.849058,60.590512,49.951475,33.661395,50.0,27.0,0.0,0.0,0.0,0.0,0.0,0.0,0.0,1
3139,0.098184,0.0,1.900832,0.0,38.067633,24.876414,0.803903,2.839983,0.0,89.403232,0.0,14.814351,0.0,60.815116,33.755684,60.786971,50.006017,33.770539,50.0,27.0,0.0,0.0,0.0,0.0,0.0,0.0,0.0,1
3140,0.097202,0.0,1.900254,0.0,37.802167,24.981015,0.804038,2.844836,0.0,88.986534,0.0,14.874194,0.0,60.526987,33.91593,60.838619,50.020262,33.799233,50.0,27.0,0.0,0.0,0.0,0.0,0.0,0.0,0.0,1
3141,0.09623,0.0,1.90672,0.0,38.049331,24.992995,0.799189,2.845544,0.0,89.641971,0.0,14.808497,0.0,60.537456,33.647896,60.264227,49.861402,33.480126,50.0,27.0,0.0,0.0,0.0,0.0,0.0,0.0,0.0,1
3142,0.095268,0.0,1.902288,0.0,37.978026,24.988902,0.80211,2.857322,0.0,89.521994,0.0,14.920359,0.0,60.681857,33.771811,60.687088,49.978969,33.715049,50.0,27.0,0.0,0.0,0.0,0.0,0.0,0.0,0.0,1
3143,0.094315,0.0,1.906202,0.0,38.02553,24.877721,0.797732,2.850747,0.0,88.830902,0.0,14.844208,0.0,60.355467,33.980375,60.800311,50.010368,33.777951,50.0,27.0,0.0,0.0,0.0,0.0,0.0,0.0,0.0,1
3144,0.093372,0.0,1.899488,0.0,37.946673,25.07822,0.798828,2.847465,0.0,89.042962,0.0,14.84113,0.0,60.645477,33.814499,60.712624,49.98608,33.729235,50.0,27.0,0.0,0.0,0.0,0.0,0.0,0.0,0.0,1
3145,0.092438,0.0,1.897683,0.0,37.96047,24.981676,0.801488,2.855169,0.0,89.365033,0.0,14.850032,0.0,60.886644,33.783945,60.885143,50.033833,33.82508,50.0,27.0,0.0,0.0,0.0,0.0,0.0,0.0,0.0,1
3146,0.091514,0.0,1.896381,0.0,37.878488,24.945589,0.805635,2.848305,0.0,89.207076,0.0,14.888125,0.0,60.897369,33.834088,61.001733,50.065889,33.889852,50.0,27.0,0.0,0.0,0.0,0.0,0.0,0.0,0.0,1
3147,0.090598,0.0,1.89855,0.0,38.107426,25.09205,0.801293,2.861398,0.0,89.469923,0.0,14.922979,0.0,60.967991,33.773181,60.937357,50.047768,33.854087,50.0,27.0,0.0,0.0,0.0,0.0,0.0,0.0,0.0,1
3148,0.089692,0.0,1.890556,0.0,38.030814,24.982742,0.802257,2.837845,0.0,89.304975,0.0,14.827674,0.0,60.930856,33.712185,60.773474,50.002234,33.763041,50.0,27.0,0.0,0.0,0.0,0.0,0.0,0.0,0.0,1
3149,0.088796,0.0,1.904034,0.0,37.972984,25.005149,0.802628,2.849575,0.0,89.111945,0.0,14.865625,0.0,60.726034,33.805978,60.776331,50.003012,33.764628,50.0,27.0,0.0,0.0,0.0,0.0,0.0,0.0,0.0,1
3150,0.087908,0.0,1.905653,0.0,37.812971,24.978398,0.801378,2.846076,0.0,89.212722,0.0,14.861693,0.0,60.454059,33.930835,60.764583,49.99975,33.758102,50.0,27.0,0.0,0.0,0.0,0.0,0.0,0.0,0.0,1
3151,0.087029,0.0,1.894444,0.0,37.869211,25.010532,0.794337,2.85712,0.0,89.451644,0.0,14.855998,0.0,60.991329,33.551609,60.482517,49.92179,33.601398,50.0,27.0,0.0,0.0,0.0,0.0,0.0,0.0,0.0,1
3152,0.086158,0.0,1.905843,0.0,37.965453,25.087806,0.79916,2.846572,0.0,89.912329,0.0,14.861365,0.0,60.842208,33.662085,60.598233,49.954162,33.665685,50.0,27.0,0.0,0.0,0.0,0.0,0.0,0.0,0.0,1
3153,0.085297,0.0,1.905276,0.0,37.897957,24.932058,0.798712,2.851445,0.0,89.082832,0.0,14.885112,0.0,60.655731,33.703915,60.515238,49.931451,33.619577,50.0,27.0,0.0,0.0,0.0,0.0,0.0,0.0,0.0,1
3154,0.084444,0.0,1.900252,0.0,37.806856,25.029629,0.79733,2.859848,0.0,89.575518,0.0,14.921448,0.0,60.697196,33.81724,60.804528,50.01175,33.780294,50.0,27.0,0.0,0.0,0.0,0.0,0.0,0.0,0.0,1
3155,0.083599,0.0,1.912136,0.0,37.98932,25.030695,0.803179,2.859112,0.0,88.742976,0.0,14.884752,0.0,60.78191,33.858074,60.968669,50.05706,33.871483,50.0,27.0,0.0,0.0,0.0,0.0,0.0,0.0,0.0,1
3156,0.082763,0.0,1.902802,0.0,37.952419,25.046685,0.799096,2.852124,0.0,89.752101,0.0,14.866891,0.0,60.483462,33.769442,60.471589,49.919385,33.595327,50.0,27.0,0.0,0.0,0.0,0.0,0.0,0.0,0.0,1
3157,0.081936,0.0,1.904319,0.0,38.012522,25.111378,0.801508,2.85606,0.0,89.65654,0.0,14.921435,0.0,60.430828,33.922172,60.741863,49.994489,33.745479,50.0,27.0,0.0,0.0,0.0,0.0,0.0,0.0,0.0,1
3158,0.081116,0.0,1.895797,0.0,37.977745,24.976128,0.803096,2.84827,0.0,88.957932,0.0,14.958414,0.0,60.823813,33.767018,60.788131,50.007304,33.771184,50.0,27.0,0.0,0.0,0.0,0.0,0.0,0.0,0.0,1
3159,0.080305,0.0,1.901614,0.0,38.124575,25.055143,0.800036,2.859482,0.0,88.504691,0.0,14.825858,0.0,61.154482,33.455464,60.463845,49.917637,33.591025,50.0,27.0,0.0,0.0,0.0,0.0,0.0,0.0,0.0,1
3160,0.079502,0.0,1.894921,0.0,38.103856,24.923754,0.799657,2.861371,0.0,89.228575,0.0,14.87072,0.0,60.945391,33.620973,60.647039,49.968681,33.6928,50.0,27.0,0.0,0.0,0.0,0.0,0.0,0.0,0.0,1
3161,0.078707,0.0,1.893341,0.0,37.831648,24.984021,0.800325,2.85754,0.0,89.160336,0.0,14.886544,0.0,60.80897,33.597502,60.479757,49.9226,33.599865,50.0,27.0,0.0,0.0,0.0,0.0,0.0,0.0,0.0,1
3162,0.07792,0.0,1.896741,0.0,37.912204,25.192246,0.798433,2.849875,0.0,89.09106,0.0,14.872512,0.0,60.492182,33.778514,60.565367,49.946648,33.647426,50.0,27.0,0.0,0.0,0.0,0.0,0.0,0.0,0.0,1
3163,0.077141,0.0,1.897436,0.0,37.944494,25.132122,0.800794,2.86774,0.0,89.388854,0.0,14.803768,0.0,60.525748,33.947418,60.95064,50.053401,33.861467,50.0,27.0,0.0,0.0,0.0,0.0,0.0,0.0,0.0,1
3164,0.076369,0.0,1.902545,0.0,38.110577,24.938147,0.803901,2.85034,0.0,89.020263,0.0,14.865753,0.0,60.525527,33.783826,60.578787,49.950357,33.654882,50.0,27.0,0.0,0.0,0.0,0.0,0.0,0.0,0.0,1
3165,0.075606,0.0,1.899439,0.0,38.00363,24.930457,0.801994,2.86823,0.0,89.180591,0.0,14.922409,0.0,60.814672,33.809428,60.918608,50.044529,33.843671,50.0,27.0,0.0,0.0,0.0,0.0,0.0,0.0,0.0,1
3166,0.07485,0.0,1.9017,0.0,38.012814,24.922657,0.799185,2.853863,0.0,89.001565,0.0,14.83217,0.0,60.385412,33.911815,60.698823,49.98356,33.721568,50.0,27.0,0.0,0.0,0.0,0.0,0.0,0.0,0.0,1
3167,0.074101,0.0,1.903807,0.0,37.719824,24.949508,0.800523,2.843753,0.0,89.530261,0.0,14.856588,0.0,60.914801,33.59239,60.534837,49.938316,33.630465,50.0,27.0,0.0,0.0,0.0,0.0,0.0,0.0,0.0,1
3168,0.07336,0.0,1.900105,0.0,38.052106,24.903043,0.800541,2.855619,0.0,89.326465,0.0,14.866347,0.0,60.684562,33.837955,60.846334,50.02472,33.803519,50.0,27.0,0.0,0.0,0.0,0.0,0.0,0.0,0.0,1
3169,0.072626,0.0,1.889843,0.0,38.01553,25.016116,0.800057,2.858714,0.0,88.931768,0.0,14.991702,0.0,60.68222,33.700176,60.543254,49.940827,33.635141,50.0,27.0,0.0,0.0,0.0,0.0,0.0,0.0,0.0,1
3170,0.0719,0.0,1.895364,0.0,37.884132,24.983142,0.801692,2.85844,0.0,89.314094,0.0,14.833084,0.0,60.903209,33.608748,60.580072,49.951298,33.655596,50.0,27.0,0.0,0.0,0.0,0.0,0.0,0.0,0.0,1
3171,0.071181,0.0,1.912277,0.0,37.781787,25.144603,0.79959,2.850826,0.0,89.126804,0.0,14.844647,0.0,60.563671,33.778144,60.618052,49.962037,33.676695,50.0,27.0,0.0,0.0,0.0,0.0,0.0,0.0,0.0,1
3172,0.070469,0.0,1.90131,0.0,38.01934,24.921651,0.803986,2.845158,0.0,89.3222,0.0,14.854819,0.0,60.87293,33.559393,60.462482,49.919227,33.590268,50.0,27.0,0.0,0.0,0.0,0.0,0.0,0.0,0.0,1
3173,0.069765,0.0,1.909719,0.0,37.724331,24.925064,0.800423,2.854647,0.0,88.68457,0.0,14.916689,0.0,60.379797,34.023883,60.974787,50.061228,33.874882,50.0,27.0,0.0,0.0,0.0,0.0,0.0,0.0,0.0,1
3174,0.069067,0.0,1.901874,0.0,37.90113,25.081142,0.799969,2.848237,0.0,88.883088,0.0,14.832245,0.0,60.896391,33.742991,60.861687,50.029663,33.812049,50.0,27.0,0.0,0.0,0.0,0.0,0.0,0.0,0.0,1
3175,0.068376,0.0,1.891593,0.0,38.159542,24.886238,0.797625,2.844426,0.0,88.999151,0.0,14.896846,0.0,60.307179,33.798987,60.39276,49.899906,33.551534,50.0,27.0,0.0,0.0,0.0,0.0,0.0,0.0,0.0,1
3176,0.067693,0.0,1.892519,0.0,38.120718,25.047646,0.798281,2.848407,0.0,89.387319,0.0,14.915535,0.0,61.159993,33.620297,60.863302,50.03046,33.812946,50.0,27.0,0.0,0.0,0.0,0.0,0.0,0.0,0.0,1
3177,0.067016,0.0,1.90087,0.0,37.90377,24.910758,0.795735,2.855929,0.0,89.337823,0.0,14.889643,0.0,60.686247,33.795374,60.777401,50.006566,33.765223,50.0,27.0,0.0,0.0,0.0,0.0,0.0,0.0,0.0,1
3178,0.066346,0.0,1.907552,0.0,37.861063,24.908188,0.796356,2.864746,0.0,89.452296,0.0,14.916696,0.0,60.648024,33.719378,60.573179,49.950087,33.651766,50.0,27.0,0.0,0.0,0.0,0.0,0.0,0.0,0.0,1
3179,0.065682,0.0,1.894278,0.0,38.183762,24.891709,0.797187,2.84961,0.0,89.309126,0.0,14.826069,0.0,60.958264,33.649114,60.739883,49.996411,33.744379,50.0,27.0,0.0,0.0,0.0,0.0,0.0,0.0,0.0,1
3180,0.065025,0.0,1.899343,0.0,37.658,25.085848,0.797023,2.854232,0.0,89.133752,0.0,14.892514,0.0,60.917256,33.676175,60.769605,50.004644,33.760892,50.0,27.0,0.0,0.0,0.0,0.0,0.0,0.0,0.0,1
3181,0.064375,0.0,1.900385,0.0,38.223863,24.852462,0.799084,2.855408,0.0,89.708217,0.0,14.866527,0.0,60.343101,33.885025,60.645221,49.970242,33.69179,50.0,27.0,0.0,0.0,0.0,0.0,0.0,0.0,0.0,1
3182,0.063731,0.0,1.900904,0.0,38.026746,24.934997,0.800966,2.856187,0.0,88.816937,0.0,14.933867,0.0,60.578029,33.795954,60.673382,49.978174,33.707434,50.0,27.0,0.0,0.0,0.0,0.0,0.0,0.0,0.0,1
3183,0.063094,0.0,1.890961,0.0,37.824275,25.125498,0.801164,2.854407,0.0,88.546451,0.0,14.941191,0.0,60.892067,33.657351,60.689095,49.982625,33.716164,50.0,27.0,0.0,0.0,0.0,0.0,0.0,0.0,0.0,1
3184,0.062463,0.0,1.899021,0.0,37.90588,25.053355,0.803359,2.842228,0.0,89.055789,0.0,14.842255,0.0,61.018599,33.581729,60.668799,49.977102,33.704888,50.0,27.0,0.0,0.0,0.0,0.0,0.0,0.0,0.0,1
3185,0.061838,0.0,1.899134,0.0,38.019295,25.088738,0.796246,2.862797,0.0,88.932704,0.0,14.782489,0.0,60.750808,33.77366,60.827723,50.021142,33.79318,50.0,27.0,0.0,0.0,0.0,0.0,0.0,0.0,0.0,1
3186,0.06122,0.0,1.905881,0.0,37.980987,25.117002,0.794391,2.841015,0.0,88.589206,0.0,14.863813,0.0,60.525267,33.905339,60.875136,50.034141,33.81952,50.0,27.0,0.0,0.0,0.0,0.0,0.0,0.0,0.0,1
3187,0.060608,0.0,1.895598,0.0,37.983544,25.032599,0.804532,2.846248,0.0,88.96553,0.0,14.844104,0.0,60.55235,33.780272,60.616539,49.962496,33.675855,50.0,27.0,0.0,0.0,0.0,0.0,0.0,0.0,0.0,1
3188,0.060002,0.0,1.903954,0.0,38.077614,25.003709,0.799787,2.848643,0.0,89.199078,0.0,14.888251,0.0,60.613039,33.877062,60.877383,50.034779,33.820768,50.0,27.0,0.0,0.0,0.0,0.0,0.0,0.0,0.0,1
3189,0.059402,0.0,1.910134,0.0,38.044031,25.020673,0.799306,2.859711,0.0,88.86474,0.0,14.912411,0.0,60.862349,33.711911,60.761805,50.002661,33.756558,50.0,27.0,0.0,0.0,0.0,0.0,0.0,0.0,0.0,1
3190,0.058808,0.0,1.902248,0.0,37.932049,24.841887,0.800413,2.854167,0.0,89.307478,0.0,14.947163,0.0,61.028747,33.743271,61.000638,50.06866,33.889243,50.0,27.0,0.0,0.0,0.0,0.0,0.0,0.0,0.0,1
3191,0.05822,0.0,1.902002,0.0,38.167028,25.003449,0.798859,2.854497,0.0,89.710924,0.0,14.89077,0.0,60.838757,33.675491,60.669432,49.976775,33.70524,50.0,27.0,0.0,0.0,0.0,0.0,0.0,0.0,0.0,1
3192,0.057637,0.0,1.900922,0.0,37.95581,25.060345,0.797809,2.851948,0.0,89.015733,0.0,14.919893,0.0,60.478888,33.808572,60.600863,49.957938,33.667146,50.0,27.0,0.0,0.0,0.0,0.0,0.0,0.0,0.0,1
3193,0.057061,0.0,1.897702,0.0,37.988284,24.844926,0.797326,2.848662,0.0,89.377088,0.0,14.889209,0.0,60.563224,33.768937,60.593971,49.956242,33.663317,50.0,27.0,0.0,0.0,0.0,0.0,0.0,0.0,0.0,1
3194,0.05649,0.0,1.906778,0.0,37.949195,25.05452,0.799058,2.850751,0.0,88.804683,0.0,14.897005,0.0,60.616517,33.790435,60.690689,49.983192,33.717049,50.0,27.0,0.0,0.0,0.0,0.0,0.0,0.0,0.0,1
3195,0.055926,0.0,1.90118,0.0,37.836977,24.870561,0.793693,2.841144,0.0,89.158875,0.0,14.807791,0.0,60.725012,33.805765,60.826885,50.02092,33.792714,50.0,27.0,0.0,0.0,0.0,0.0,0.0,0.0,0.0,1
3196,0.055366,0.0,1.906054,0.0,38.178048,25.109567,0.801068,2.853756,0.0,89.332,0.0,14.794528,0.0,61.257969,33.464346,60.633295,49.967308,33.685164,50.0,27.0,0.0,0.0,0.0,0.0,0.0,0.0,0.0,1
3197,0.054813,0.0,1.90165,0.0,37.918875,24.913288,0.805513,2.857652,0.0,89.476005,0.0,14.909606,0.0,60.50012,33.623698,60.250621,49.861702,33.472567,50.0,27.0,0.0,0.0,0.0,0.0,0.0,0.0,0.0,1
3198,0.054264,0.0,1.893636,0.0,37.90689,24.937945,0.803648,2.852494,0.0,89.518824,0.0,14.87095,0.0,60.777944,33.550207,60.389019,49.900642,33.549455,50.0,27.0,0.0,0.0,0.0,0.0,0.0,0.0,0.0,1
3199,0.053722,0.0,1.893906,0.0,37.950544,25.036721,0.798727,2.848487,0.0,88.883418,0.0,14.811711,0.0,60.732355,33.866396,61.034697,50.079599,33.908165,50.0,27.0,0.0,0.0,0.0,0.0,0.0,0.0,0.0,1
3200,0.053185,0.0,1.90486,0.0,37.957164,25.029412,0.801594,2.844248,0.0,89.110208,0.0,14.810707,0.0,60.649797,33.863869,60.927913,50.049689,33.84884,50.0,27.0,0.0,0.0,0.0,0.0,0.0,0.0,0.0,1
3201,0.052653,0.0,1.892073,0.0,37.973609,24.911846,0.797699,2.847634,0.0,89.419429,0.0,14.807351,0.0,60.678488,33.759494,60.719056,49.991714,33.732809,50.0,27.0,0.0,0.0,0.0,0.0,0.0,0.0,0.0,1
3202,0.052126,0.0,1.900285,0.0,38.044362,24.936469,0.801423,2.853531,0.0,88.79026,0.0,14.835748,0.0,60.851102,33.579608,60.509688,49.933887,33.616493,50.0,27.0,0.0,0.0,0.0,0.0,0.0,0.0,0.0,1
3203,0.051605,0.0,1.891901,0.0,38.092699,24.968695,0.803156,2.8625,0.0,89.047538,0.0,14.891565,0.0,60.58934,33.933272,61.015274,50.073958,33.897375,50.0,27.0,0.0,0.0,0.0,0.0,0.0,0.0,0.0,1
3204,0.051089,0.0,1.892234,0.0,37.755767,25.090542,0.803087,2.85349,0.0,88.995717,0.0,14.811652,0.0,60.966608,33.635369,60.737532,49.996823,33.743073,50.0,27.0,0.0,0.0,0.0,0.0,0.0,0.0,0.0,1
3205,0.050578,0.0,1.896435,0.0,38.128533,25.051047,0.801995,2.846127,0.0,89.005293,0.0,14.878486,0.0,60.850457,33.548389,60.452225,49.917981,33.584569,50.0,27.0,0.0,0.0,0.0,0.0,0.0,0.0,0.0,1
3206,0.050072,0.0,1.900917,0.0,38.037938,24.970251,0.798481,2.848514,0.0,89.0626,0.0,14.877116,0.0,60.614661,33.711386,60.585139,49.955126,33.65841,50.0,27.0,0.0,0.0,0.0,0.0,0.0,0.0,0.0,1
3207,0.049572,0.0,1.902411,0.0,38.092688,25.179835,0.799784,2.850863,0.0,88.979054,0.0,14.885074,0.0,60.984228,33.711577,60.956956,50.058118,33.864975,50.0,27.0,0.0,0.0,0.0,0.0,0.0,0.0,0.0,1
3208,0.049076,0.0,1.898494,0.0,38.006702,25.049206,0.797273,2.85519,0.0,88.741762,0.0,14.878362,0.0,60.741859,33.5156,60.302901,49.877051,33.501612,50.0,27.0,0.0,0.0,0.0,0.0,0.0,0.0,0.0,1
3209,0.048585,0.0,1.90277,0.0,37.991473,25.036656,0.799208,2.851631,0.0,88.999991,0.0,14.86118,0.0,60.852692,33.603024,60.62558,49.96685,33.680878,50.0,27.0,0.0,0.0,0.0,0.0,0.0,0.0,0.0,1
3210,0.048099,0.0,1.903412,0.0,37.989105,24.86343,0.802783,2.855657,0.0,88.859373,0.0,14.725542,0.0,60.604606,33.855649,60.924568,50.049654,33.846982,50.0,27.0,0.0,0.0,0.0,0.0,0.0,0.0,0.0,1
3211,0.047618,0.0,1.892657,0.0,37.70994,24.957612,0.80184,2.863049,0.0,88.560896,0.0,14.816049,0.0,60.044129,34.1655,60.997686,50.069616,33.887603,50.0,27.0,0.0,0.0,0.0,0.0,0.0,0.0,0.0,1
3212,0.047142,0.0,1.903738,0.0,37.964797,25.189421,0.801685,2.85209,0.0,88.853971,0.0,14.892894,0.0,60.592747,33.807555,60.731667,49.995743,33.739815,50.0,27.0,0.0,0.0,0.0,0.0,0.0,0.0,0.0,1
3213,0.046671,0.0,1.890548,0.0,37.997752,24.994291,0.801652,2.845231,0.0,89.814049,0.0,14.867097,0.0,61.022557,33.622031,60.761454,50.003997,33.756363,50.0,27.0,0.0,0.0,0.0,0.0,0.0,0.0,0.0,1
3214,0.046204,0.0,1.895757,0.0,37.906048,25.111539,0.802355,2.844999,0.0,88.943077,0.0,14.898764,0.0,60.79962,33.768904,60.864647,50.0325,33.813693,50.0,27.0,0.0,0.0,0.0,0.0,0.0,0.0,0.0,1
3215,0.045742,0.0,1.898605,0.0,38.003184,25.042245,0.803076,2.862534,0.0,88.84183,0.0,14.829928,0.0,60.898703,33.603975,60.611769,49.962444,33.673205,50.0,27.0,0.0,0.0,0.0,0.0,0.0,0.0,0.0,1
3216,0.045284,0.0,1.903432,0.0,38.054989,25.042589,0.795693,2.842667,0.0,89.231571,0.0,14.840913,0.0,60.684601,33.860557,60.956826,50.058003,33.864903,50.0,27.0,0.0,0.0,0.0,0.0,0.0,0.0,0.0,1
3217,0.044832,0.0,1.901194,0.0,38.020139,25.022661,0.80174,2.856739,0.0,88.973011,0.0,14.844268,0.0,60.848862,33.78493,60.944547,50.05432,33.858082,50.0,27.0,0.0,0.0,0.0,0.0,0.0,0.0,0.0,1
3218,0.044383,0.0,1.902833,0.0,38.287393,25.089986,0.802037,2.849866,0.0,88.549415,0.0,14.910524,0.0,60.863364,33.647945,60.664118,49.97654,33.702288,50.0,27.0,0.0,0.0,0.0,0.0,0.0,0.0,0.0,1
3219,0.043939,0.0,1.891167,0.0,37.95214,25.043142,0.795801,2.847304,0.0,89.142146,0.0,14.850203,0.0,60.667033,33.794818,60.790049,50.011464,33.772249,50.0,27.0,0.0,0.0,0.0,0.0,0.0,0.0,0.0,1
3220,0.0435,0.0,1.900724,0.0,37.961233,24.811169,0.799299,2.840385,0.0,88.837715,0.0,14.919155,0.0,60.454513,34.015036,61.034362,50.078934,33.907979,50.0,27.0,0.0,0.0,0.0,0.0,0.0,0.0,0.0,1
3221,0.043065,0.0,1.909779,0.0,37.96619,25.094469,0.803548,2.857738,0.0,89.509813,0.0,14.926028,0.0,60.745849,33.774137,60.781313,50.0086,33.767396,50.0,27.0,0.0,0.0,0.0,0.0,0.0,0.0,0.0,1
3222,0.042634,0.0,1.902365,0.0,37.983084,25.016147,0.797704,2.850954,0.0,89.049336,0.0,14.895721,0.0,60.759866,33.699698,60.636092,49.968419,33.686718,50.0,27.0,0.0,0.0,0.0,0.0,0.0,0.0,0.0,1
3223,0.042208,0.0,1.896414,0.0,38.053225,24.955293,0.800963,2.846997,0.0,89.184361,0.0,14.863534,0.0,60.811974,33.663761,60.620133,49.964165,33.677851,50.0,27.0,0.0,0.0,0.0,0.0,0.0,0.0,0.0,1
3224,0.041786,0.0,1.901379,0.0,38.000162,25.03718,0.800222,2.846396,0.0,89.323999,0.0,14.896649,0.0,60.760453,33.768397,60.801318,50.014422,33.77851,50.0,27.0,0.0,0.0,0.0,0.0,0.0,0.0,0.0,1
3225,0.041368,0.0,1.900446,0.0,38.069569,24.934966,0.799145,2.862551,0.0,88.946493,0.0,14.851113,0.0,60.708538,33.745182,60.69788,49.98576,33.721044,50.0,27.0,0.0,0.0,0.0,0.0,0.0,0.0,0.0,1
3226,0.040954,0.0,1.890448,0.0,38.137511,25.012231,0.795016,2.843969,0.0,89.044058,0.0,14.863281,0.0,60.695927,33.76404,60.725714,49.993524,33.736508,50.0,27.0,0.0,0.0,0.0,0.0,0.0,0.0,0.0,1
3227,0.040545,0.0,1.905778,0.0,38.111376,24.842192,0.797487,2.840807,0.0,89.344125,0.0,14.83048,0.0,60.811904,33.685877,60.674953,49.979526,33.708307,50.0,27.0,0.0,0.0,0.0,0.0,0.0,0.0,0.0,1
3228,0.040139,0.0,1.903974,0.0,38.203572,24.982466,0.798069,2.861122,0.0,88.865361,0.0,14.791916,0.0,60.499266,33.82208,60.65818,49.974992,33.698989,50.0,27.0,0.0,0.0,0.0,0.0,0.0,0.0,0.0,1
3229,0.039738,0.0,1.904417,0.0,37.869649,24.996843,0.799919,2.84576,0.0,89.365405,0.0,14.877697,0.0,60.737428,33.838891,60.92187,50.047999,33.845483,50.0,27.0,0.0,0.0,0.0,0.0,0.0,0.0,0.0,1
3230,0.039341,0.0,1.897366,0.0,38.016875,25.034932,0.800486,2.846053,0.0,88.873531,0.0,14.864891,0.0,61.043238,33.510708,60.52389,49.937761,33.624383,50.0,27.0,0.0,0.0,0.0,0.0,0.0,0.0,0.0,1
3231,0.038947,0.0,1.896449,0.0,38.046939,25.020162,0.804116,2.84699,0.0,89.501069,0.0,14.918402,0.0,60.449131,33.660072,60.277307,49.869916,33.487393,50.0,27.0,0.0,0.0,0.0,0.0,0.0,0.0,0.0,1
3232,0.038558,0.0,1.909247,0.0,37.786803,24.952546,0.797643,2.852714,0.0,88.932226,0.0,14.802593,0.0,60.840321,33.704529,60.773013,50.007574,33.762785,50.0,27.0,0.0,0.0,0.0,0.0,0.0,0.0,0.0,1
3233,0.038172,0.0,1.89968,0.0,37.917781,25.083692,0.80127,2.847238,0.0,88.780744,0.0,14.852823,0.0,60.722202,33.624469,60.490224,49.929375,33.60568,50.0,27.0,0.0,0.0,0.0,0.0,0.0,0.0,0.0,1
3234,0.037791,0.0,1.896471,0.0,37.873894,25.078128,0.799602,2.867486,0.0,88.84327,0.0,14.842996,0.0,60.484547,33.755433,60.543319,49.944401,33.635177,50.0,27.0,0.0,0.0,0.0,0.0,0.0,0.0,0.0,1
3235,0.037413,0.0,1.901956,0.0,38.00705,24.981775,0.799621,2.850667,0.0,89.366062,0.0,14.846051,0.0,60.534846,33.826942,60.740784,49.999256,33.74488,50.0,27.0,0.0,0.0,0.0,0.0,0.0,0.0,0.0,1
3236,0.037038,0.0,1.892266,0.0,38.135676,25.118876,0.799764,2.856082,0.0,89.23712,0.0,14.83069,0.0,60.601537,33.737562,60.606069,49.962025,33.670038,50.0,27.0,0.0,0.0,0.0,0.0,0.0,0.0,0.0,1
3237,0.036668,0.0,1.912038,0.0,37.823693,24.978673,0.803292,2.863839,0.0,89.079894,0.0,14.902376,0.0,60.786953,33.62963,60.563533,49.950457,33.646407,50.0,27.0,0.0,0.0,0.0,0.0,0.0,0.0,0.0,1
3238,0.036301,0.0,1.904225,0.0,37.904329,24.966143,0.800979,2.86482,0.0,89.077887,0.0,14.855458,0.0,60.528679,33.981552,61.061558,50.088356,33.923088,50.0,27.0,0.0,0.0,0.0,0.0,0.0,0.0,0.0,1
3239,0.035938,0.0,1.901262,0.0,38.08667,25.078892,0.802442,2.84005,0.0,89.491869,0.0,14.860731,0.0,60.665139,33.985649,61.173355,50.118817,33.985197,50.0,27.0,0.0,0.0,0.0,0.0,0.0,0.0,0.0,1
3240,0.035579,0.0,1.897269,0.0,37.82219,24.961851,0.797058,2.858045,0.0,89.400324,0.0,14.838852,0.0,60.626354,33.789738,60.689557,49.984506,33.716421,50.0,27.0,0.0,0.0,0.0,0.0,0.0,0.0,0.0,1
3241,0.035223,0.0,1.899186,0.0,37.918375,24.962339,0.797728,2.847495,0.0,89.26043,0.0,14.824867,0.0,60.737509,33.58483,60.364533,49.894748,33.535852,50.0,27.0,0.0,0.0,0.0,0.0,0.0,0.0,0.0,1
3242,0.034871,0.0,1.8928,0.0,38.098182,25.039858,0.802023,2.836517,0.0,89.111429,0.0,14.877353,0.0,60.956266,33.69339,60.835596,50.025471,33.797554,50.0,27.0,0.0,0.0,0.0,0.0,0.0,0.0,0.0,1
3243,0.034522,0.0,1.903847,0.0,38.041517,24.945463,0.799963,2.850543,0.0,89.179264,0.0,14.865712,0.0,61.259737,33.478342,60.69299,49.985929,33.718328,50.0,27.0,0.0,0.0,0.0,0.0,0.0,0.0,0.0,1
3244,0.034177,0.0,1.906642,0.0,37.882464,25.051435,0.803246,2.847619,0.0,89.100061,0.0,14.83187,0.0,60.931626,33.633898,60.728429,49.995794,33.738016,50.0,27.0,0.0,0.0,0.0,0.0,0.0,0.0,0.0,1
3245,0.033835,0.0,1.898647,0.0,38.180571,24.888093,0.796698,2.860024,0.0,88.920974,0.0,14.82729,0.0,60.633365,33.68058,60.541336,49.944103,33.634076,50.0,27.0,0.0,0.0,0.0,0.0,0.0,0.0,0.0,1
3246,0.033497,0.0,1.902542,0.0,37.905462,25.024075,0.798757,2.861856,0.0,89.261095,0.0,14.823042,0.0,60.481197,33.745537,60.531938,49.941784,33.628854,50.0,27.0,0.0,0.0,0.0,0.0,0.0,0.0,0.0,1
3247,0.033162,0.0,1.903615,0.0,38.074993,24.936001,0.801047,2.843032,0.0,88.960211,0.0,14.815846,0.0,60.604986,33.829737,60.830167,50.024502,33.794537,50.0,27.0,0.0,0.0,0.0,0.0,0.0,0.0,0.0,1
3248,0.03283,0.0,1.902838,0.0,37.987698,25.074474,0.803315,2.851141,0.0,88.614122,0.0,14.826835,0.0,60.829658,33.577234,60.508141,49.935374,33.615634,50.0,27.0,0.0,0.0,0.0,0.0,0.0,0.0,0.0,1
3249,0.032502,0.0,1.912769,0.0,38.008388,25.009496,0.800966,2.852941,0.0,88.974642,0.0,14.854478,0.0,60.531486,33.912492,60.937247,50.054299,33.854026,50.0,27.0,0.0,0.0,0.0,0.0,0.0,0.0,0.0,1
3250,0.032177,0.0,1.901038,0.0,38.05306,24.953639,0.804092,2.840348,0.0,88.859938,0.0,14.8844,0.0,60.488684,33.707964,60.43766,49.915945,33.576478,50.0,27.0,0.0,0.0,0.0,0.0,0.0,0.0,0.0,1
3251,0.031855,0.0,1.906202,0.0,38.087803,25.042108,0.799983,2.845805,0.0,89.393629,0.0,14.783917,0.0,60.619911,33.714007,60.584823,49.957038,33.658235,50.0,27.0,0.0,0.0,0.0,0.0,0.0,0.0,0.0,1
3252,0.031537,0.0,1.914006,0.0,38.198042,24.955437,0.800168,2.847644,0.0,89.371476,0.0,14.882903,0.0,60.534588,33.901575,60.897344,50.043631,33.831858,50.0,27.0,0.0,0.0,0.0,0.0,0.0,0.0,0.0,1
3253,0.031221,0.0,1.90276,0.0,38.08885,24.99269,0.79867,2.842539,0.0,88.890123,0.0,14.828135,0.0,60.670294,33.887106,60.979857,50.066221,33.877699,50.0,27.0,0.0,0.0,0.0,0.0,0.0,0.0,0.0,1
3254,0.030909,0.0,1.905182,0.0,37.903886,25.05663,0.799333,2.850232,0.0,89.061639,0.0,14.875573,0.0,60.562637,33.904597,60.889748,50.040985,33.827638,50.0,27.0,0.0,0.0,0.0,0.0,0.0,0.0,0.0,1
3255,0.0306,0.0,1.886922,0.0,38.211683,24.963006,0.800349,2.8528,0.0,88.913961,0.0,14.898521,0.0,60.963203,33.726647,60.894506,50.042096,33.830281,50.0,27.0,0.0,0.0,0.0,0.0,0.0,0.0,0.0,1
3256,0.030294,0.0,1.901186,0.0,37.959406,24.884208,0.801991,2.845551,0.0,88.915551,0.0,14.900435,0.0,60.83489,33.67674,60.665213,49.978511,33.702896,50.0,27.0,0.0,0.0,0.0,0.0,0.0,0.0,0.0,1
3257,0.029991,0.0,1.903304,0.0,37.948976,24.953872,0.801364,2.858772,0.0,89.253926,0.0,14.83225,0.0,60.813814,33.754082,60.817885,50.020816,33.787714,50.0,27.0,0.0,0.0,0.0,0.0,0.0,0.0,0.0,1
3258,0.029691,0.0,1.903638,0.0,37.860699,24.776089,0.806938,2.862051,0.0,89.271367,0.0,14.855957,0.0,60.774341,33.6967,60.657117,49.976277,33.698399,50.0,27.0,0.0,0.0,0.0,0.0,0.0,0.0,0.0,1
3259,0.029394,0.0,1.893978,0.0,38.151962,24.966168,0.796876,2.847934,0.0,88.852276,0.0,14.874449,0.0,60.792851,33.750863,60.797205,50.015115,33.776225,50.0,27.0,0.0,0.0,0.0,0.0,0.0,0.0,0.0,1
3260,0.0291,0.0,1.903987,0.0,38.103972,24.901042,0.801986,2.846442,0.0,89.223856,0.0,14.865626,0.0,60.829693,33.690653,60.706768,49.990043,33.725982,50.0,27.0,0.0,0.0,0.0,0.0,0.0,0.0,0.0,1
3261,0.028809,0.0,1.905583,0.0,37.732124,25.034204,0.800066,2.847858,0.0,89.25087,0.0,14.862633,0.0,60.663659,33.673491,60.512218,49.93632,33.617899,50.0,27.0,0.0,0.0,0.0,0.0,0.0,0.0,0.0,1
3262,0.028521,0.0,1.901373,0.0,38.09816,24.965209,0.797583,2.851284,0.0,89.239165,0.0,14.823613,0.0,60.383777,33.837813,60.588417,49.957698,33.660232,50.0,27.0,0.0,0.0,0.0,0.0,0.0,0.0,0.0,1
3263,0.028236,0.0,1.888553,0.0,37.945782,24.974543,0.80088,2.840936,0.0,89.238203,0.0,14.833735,0.0,60.637833,33.82847,60.809975,50.019146,33.78332,50.0,27.0,0.0,0.0,0.0,0.0,0.0,0.0,0.0,1
3264,0.027954,0.0,1.90605,0.0,37.930902,25.009558,0.798946,2.848066,0.0,89.250055,0.0,14.806306,0.0,60.605883,33.70165,60.499756,49.933308,33.610976,50.0,27.0,0.0,0.0,0.0,0.0,0.0,0.0,0.0,1
3265,0.027674,0.0,1.910936,0.0,38.131461,24.955972,0.796936,2.848467,0.0,88.693162,0.0,14.819698,0.0,60.626164,33.837511,60.813251,50.020288,33.785139,50.0,27.0,0.0,0.0,0.0,0.0,0.0,0.0,0.0,1
3266,0.027397,0.0,1.903526,0.0,38.077118,24.960366,0.800173,2.849034,0.0,89.032645,0.0,14.889839,0.0,60.529675,33.970586,60.985773,50.067871,33.880985,50.0,27.0,0.0,0.0,0.0,0.0,0.0,0.0,0.0,1
3267,0.027123,0.0,1.893758,0.0,38.043461,25.017091,0.799781,2.851387,0.0,89.086082,0.0,14.894594,0.0,60.660979,33.885557,60.909215,50.046373,33.838453,50.0,27.0,0.0,0.0,0.0,0.0,0.0,0.0,0.0,1
3268,0.026852,0.0,1.894763,0.0,37.809894,24.976702,0.801574,2.848837,0.0,89.052613,0.0,14.860534,0.0,60.564436,33.964851,60.964416,50.0614,33.86912,50.0,27.0,0.0,0.0,0.0,0.0,0.0,0.0,0.0,1
3269,0.026584,0.0,1.902426,0.0,37.975994,24.829754,0.805547,2.855449,0.0,89.805066,0.0,14.922785,0.0,60.719564,33.851368,60.855167,50.030899,33.808426,50.0,27.0,0.0,0.0,0.0,0.0,0.0,0.0,0.0,1
3270,0.026318,0.0,1.901546,0.0,37.994842,24.954721,0.806046,2.845401,0.0,89.053278,0.0,14.901844,0.0,60.794585,33.723698,60.65241,49.974704,33.695783,50.0,27.0,0.0,0.0,0.0,0.0,0.0,0.0,0.0,1
3271,0.026055,0.0,1.892045,0.0,38.03464,24.904036,0.799186,2.861367,0.0,89.430808,0.0,14.861971,0.0,61.109633,33.601638,60.718874,49.9932,33.732708,50.0,27.0,0.0,0.0,0.0,0.0,0.0,0.0,0.0,1
3272,0.025794,0.0,1.899767,0.0,38.048474,25.091052,0.7992,2.842204,0.0,88.918017,0.0,14.850157,0.0,60.885119,33.958361,61.271245,50.145907,34.039581,50.0,27.0,0.0,0.0,0.0,0.0,0.0,0.0,0.0,1
3273,0.025536,0.0,1.895051,0.0,37.833673,24.916664,0.799023,2.849647,0.0,89.947454,0.0,14.886246,0.0,60.879916,33.622461,60.533369,49.941235,33.62965,50.0,27.0,0.0,0.0,0.0,0.0,0.0,0.0,0.0,1
3274,0.025281,0.0,1.913131,0.0,37.913318,25.08519,0.80256,2.864987,0.0,89.251607,0.0,14.862924,0.0,61.032388,33.835868,61.157656,50.114078,33.976476,50.0,27.0,0.0,0.0,0.0,0.0,0.0,0.0,0.0,1
3275,0.025028,0.0,1.89153,0.0,37.986421,25.065468,0.797033,2.856783,0.0,89.287369,0.0,14.931601,0.0,60.862838,33.677067,60.645306,49.971899,33.691837,50.0,27.0,0.0,0.0,0.0,0.0,0.0,0.0,0.0,1
3276,0.024778,0.0,1.897857,0.0,37.846567,24.978034,0.799831,2.846497,0.0,89.241972,0.0,14.966228,0.0,60.777712,33.849113,60.936686,50.052575,33.853714,50.0,27.0,0.0,0.0,0.0,0.0,0.0,0.0,0.0,1
3277,0.02453,0.0,1.908479,0.0,37.870246,24.945095,0.802092,2.847031,0.0,89.145914,0.0,14.853421,0.0,60.994374,33.641013,60.704451,49.988124,33.724695,50.0,27.0,0.0,0.0,0.0,0.0,0.0,0.0,0.0,1
3278,0.024285,0.0,1.8848,0.0,37.909957,25.118874,0.796603,2.840634,0.0,88.966066,0.0,14.946544,0.0,61.019124,33.689872,60.850383,50.028518,33.805768,50.0,27.0,0.0,0.0,0.0,0.0,0.0,0.0,0.0,1
3279,0.024042,0.0,1.89372,0.0,38.175061,24.932725,0.802986,2.858594,0.0,89.092368,0.0,14.88122,0.0,60.905745,33.648573,60.660435,49.975876,33.700242,50.0,27.0,0.0,0.0,0.0,0.0,0.0,0.0,0.0,1
3280,0.023801,0.0,1.901292,0.0,38.034197,24.899846,0.800729,2.846371,0.0,89.363098,0.0,14.861936,0.0,60.474725,33.871327,60.714618,49.990972,33.730343,50.0,27.0,0.0,0.0,0.0,0.0,0.0,0.0,0.0,1
3281,0.023563,0.0,1.902365,0.0,38.087604,24.994751,0.796856,2.837963,0.0,89.001088,0.0,14.933601,0.0,60.727538,33.83394,60.873576,50.034952,33.818653,50.0,27.0,0.0,0.0,0.0,0.0,0.0,0.0,0.0,1
3282,0.023328,0.0,1.91218,0.0,37.841261,24.822878,0.799433,2.856286,0.0,89.317316,0.0,14.830865,0.0,60.841894,33.619291,60.52603,49.938718,33.625572,50.0,27.0,0.0,0.0,0.0,0.0,0.0,0.0,0.0,1
3283,0.023094,0.0,1.896349,0.0,37.991663,24.994383,0.799894,2.850774,0.0,89.48201,0.0,14.84191,0.0,60.445339,33.759368,60.44469,49.916541,33.580383,50.0,27.0,0.0,0.0,0.0,0.0,0.0,0.0,0.0,1
3284,0.022863,0.0,1.896516,0.0,38.055482,25.006527,0.800261,2.851388,0.0,89.432854,0.0,14.881724,0.0,60.638259,33.813899,60.752676,50.002082,33.751487,50.0,27.0,0.0,0.0,0.0,0.0,0.0,0.0,0.0,1
3285,0.022635,0.0,1.896979,0.0,37.970955,25.065436,0.797877,2.85713,0.0,89.051345,0.0,14.806859,0.0,60.940249,33.756779,60.927028,50.050262,33.848349,50.0,27.0,0.0,0.0,0.0,0.0,0.0,0.0,0.0,1
3286,0.022409,0.0,1.90346,0.0,37.943682,24.983305,0.800642,2.835498,0.0,88.639854,0.0,14.838202,0.0,60.929549,33.640317,60.671494,49.979383,33.706385,50.0,27.0,0.0,0.0,0.0,0.0,0.0,0.0,0.0,1
3287,0.022184,0.0,1.90157,0.0,38.147354,25.093643,0.805412,2.860984,0.0,89.896109,0.0,14.827585,0.0,60.697282,33.808384,60.809871,50.017732,33.783261,50.0,27.0,0.0,0.0,0.0,0.0,0.0,0.0,0.0,1
3288,0.021963,0.0,1.904112,0.0,38.005209,25.014584,0.802274,2.852756,0.0,88.820214,0.0,14.861976,0.0,60.608129,33.857772,60.817859,50.019852,33.787699,50.0,27.0,0.0,0.0,0.0,0.0,0.0,0.0,0.0,1
3289,0.021743,0.0,1.904235,0.0,37.914705,24.954521,0.795438,2.832583,0.0,88.663069,0.0,14.919848,0.0,60.748821,33.622744,60.449679,49.91799,33.583155,50.0,27.0,0.0,0.0,0.0,0.0,0.0,0.0,0.0,1
3290,0.021526,0.0,1.895843,0.0,37.884818,24.953054,0.799887,2.849767,0.0,89.017419,0.0,14.902118,0.0,60.694585,33.745398,60.672864,49.980085,33.707147,50.0,27.0,0.0,0.0,0.0,0.0,0.0,0.0,0.0,1
3291,0.02131,0.0,1.897453,0.0,38.127669,25.021367,0.798095,2.855561,0.0,89.232657,0.0,14.869119,0.0,61.005759,33.528115,60.527065,49.939886,33.626147,50.0,27.0,0.0,0.0,0.0,0.0,0.0,0.0,0.0,1
3292,0.021097,0.0,1.896159,0.0,38.032061,25.014443,0.798906,2.842807,0.0,89.620828,0.0,14.871645,0.0,60.709996,33.765384,60.761709,50.00504,33.756505,50.0,27.0,0.0,0.0,0.0,0.0,0.0,0.0,0.0,1
3293,0.020886,0.0,1.891108,0.0,37.788908,25.066987,0.794412,2.859857,0.0,89.066199,0.0,14.830687,0.0,60.642167,33.873489,60.91868,50.048401,33.843711,50.0,27.0,0.0,0.0,0.0,0.0,0.0,0.0,0.0,1
3294,0.020677,0.0,1.905646,0.0,37.946774,24.986643,0.80153,2.845153,0.0,89.158207,0.0,14.888646,0.0,60.633835,33.798557,60.735007,49.997394,33.74167,50.0,27.0,0.0,0.0,0.0,0.0,0.0,0.0,0.0,1
3295,0.020471,0.0,1.896814,0.0,38.103934,25.036781,0.801638,2.849438,0.0,89.517161,0.0,14.886061,0.0,60.585399,33.899757,60.893717,50.041273,33.829843,50.0,27.0,0.0,0.0,0.0,0.0,0.0,0.0,0.0,1
3296,0.020266,0.0,1.902152,0.0,38.136046,24.969414,0.8022,2.849223,0.0,88.592073,0.0,14.86994,0.0,60.964523,33.639346,60.704267,49.988705,33.724593,50.0,27.0,0.0,0.0,0.0,0.0,0.0,0.0,0.0,1
3297,0.020063,0.0,1.902476,0.0,38.013602,25.022693,0.799001,2.849205,0.0,88.90918,0.0,14.864383,0.0,60.779557,33.726527,60.719465,49.992962,33.733036,50.0,27.0,0.0,0.0,0.0,0.0,0.0,0.0,0.0,1
3298,0.019863,0.0,1.894885,0.0,38.085841,25.037457,0.802097,2.852418,0.0,88.693419,0.0,14.768508,0.0,60.746356,33.72301,60.6826,49.982808,33.712555,50.0,27.0,0.0,0.0,0.0,0.0,0.0,0.0,0.0,1
3299,0.019664,0.0,1.894142,0.0,37.808098,24.976948,0.800463,2.856298,0.0,88.706009,0.0,14.880538,0.0,61.108185,33.500921,60.579946,49.95452,33.655526,50.0,27.0,0.0,0.0,0.0,0.0,0.0,0.0,0.0,1
3300,0.019467,0.0,1.904139,0.0,38.141835,25.026225,0.800748,2.842069,0.0,89.262214,0.0,14.907932,0.0,60.90214,33.602104,60.620349,49.965913,33.677972,50.0,27.0,0.0,0.0,0.0,0.0,0.0,0.0,0.0,1
3301,0.019273,0.0,1.901307,0.0,37.964956,25.000025,0.800558,2.849379,0.0,88.922045,0.0,14.854412,0.0,60.617433,33.74413,60.652839,49.975063,33.696022,50.0,27.0,0.0,0.0,0.0,0.0,0.0,0.0,0.0,1
3302,0.01908,0.0,1.900814,0.0,37.997659,24.869325,0.796568,2.854171,0.0,89.297808,0.0,14.835323,0.0,60.306883,33.846987,60.55704,49.948709,33.6428,50.0,27.0,0.0,0.0,0.0,0.0,0.0,0.0,0.0,1
3303,0.018889,0.0,1.910277,0.0,37.962243,24.92288,0.795602,2.846197,0.0,89.336601,0.0,14.780248,0.0,60.230055,34.132801,61.067467,50.090044,33.92637,50.0,27.0,0.0,0.0,0.0,0.0,0.0,0.0,0.0,1
3304,0.0187,0.0,1.89906,0.0,38.191776,25.091193,0.79962,2.848522,0.0,88.891941,0.0,14.817509,0.0,60.452919,33.953487,60.859752,50.032184,33.810973,50.0,27.0,0.0,0.0,0.0,0.0,0.0,0.0,0.0,1
3305,0.018513,0.0,1.90636,0.0,38.132272,24.909156,0.797811,2.846463,0.0,89.238874,0.0,14.893632,0.0,60.731602,33.872085,60.941299,50.054563,33.856277,50.0,27.0,0.0,0.0,0.0,0.0,0.0,0.0,0.0,1
3306,0.018328,0.0,1.903828,0.0,37.972817,25.090846,0.794378,2.84241,0.0,89.057831,0.0,14.906411,0.0,61.067898,33.615693,60.723664,49.994139,33.735369,50.0,27.0,0.0,0.0,0.0,0.0,0.0,0.0,0.0,1
3307,0.018145,0.0,1.899611,0.0,37.951791,24.916018,0.800838,2.857568,0.0,89.279041,0.0,14.872599,0.0,60.711224,33.834241,60.849504,50.028949,33.80528,50.0,27.0,0.0,0.0,0.0,0.0,0.0,0.0,0.0,1
3308,0.017963,0.0,1.892966,0.0,38.091279,25.149133,0.799807,2.853779,0.0,88.761264,0.0,14.840327,0.0,60.836798,33.846734,60.992787,50.068408,33.884882,50.0,27.0,0.0,0.0,0.0,0.0,0.0,0.0,0.0,1
3309,0.017784,0.0,1.904554,0.0,38.145038,25.059887,0.804238,2.85328,0.0,89.202847,0.0,14.837585,0.0,60.690662,33.754507,60.64236,49.971211,33.6902,50.0,27.0,0.0,0.0,0.0,0.0,0.0,0.0,0.0,1
3310,0.017606,0.0,1.8995,0.0,38.163757,25.165313,0.801659,2.837309,0.0,89.206328,0.0,14.883803,0.0,60.931319,33.763039,60.904033,50.04368,33.835574,50.0,27.0,0.0,0.0,0.0,0.0,0.0,0.0,0.0,1
3311,0.01743,0.0,1.89944,0.0,38.024589,25.018733,0.800408,2.853496,0.0,89.528296,0.0,14.887026,0.0,60.974085,33.585233,60.573444,49.952089,33.651914,50.0,27.0,0.0,0.0,0.0,0.0,0.0,0.0,0.0,1
3312,0.017256,0.0,1.900319,0.0,37.795664,24.91481,0.800951,2.849854,0.0,89.399608,0.0,14.869618,0.0,60.867055,33.739133,60.816088,50.019393,33.786716,50.0,27.0,0.0,0.0,0.0,0.0,0.0,0.0,0.0,1
3313,0.017083,0.0,1.894835,0.0,38.104279,25.024438,0.795068,2.853954,0.0,89.254545,0.0,14.886821,0.0,60.711581,33.808919,60.811006,50.017892,33.783892,50.0,27.0,0.0,0.0,0.0,0.0,0.0,0.0,0.0,1
3314,0.016912,0.0,1.909215,0.0,38.045085,25.132057,0.797045,2.841368,0.0,89.143137,0.0,14.884151,0.0,60.627879,33.796068,60.693981,49.985458,33.718878,50.0,27.0,0.0,0.0,0.0,0.0,0.0,0.0,0.0,1
3315,0.016743,0.0,1.910225,0.0,37.996179,24.898959,0.797151,2.838771,0.0,88.782261,0.0,14.878816,0.0,60.851564,33.839742,61.005659,50.071677,33.892033,50.0,27.0,0.0,0.0,0.0,0.0,0.0,0.0,0.0,1
3316,0.016576,0.0,1.900259,0.0,38.074739,25.118087,0.796962,2.861589,0.0,88.920938,0.0,14.905774,0.0,60.651161,33.785544,60.681301,49.981669,33.711834,50.0,27.0,0.0,0.0,0.0,0.0,0.0,0.0,0.0,1
3317,0.01641,0.0,1.89827,0.0,37.707879,24.933066,0.80184,2.847246,0.0,88.724182,0.0,14.881847,0.0,61.003084,33.786034,61.032375,50.078796,33.906875,50.0,27.0,0.0,0.0,0.0,0.0,0.0,0.0,0.0,1
3318,0.016246,0.0,1.908254,0.0,38.090619,24.937203,0.799589,2.837664,0.0,89.453778,0.0,14.859337,0.0,60.815296,33.696897,60.654732,49.974025,33.697073,50.0,27.0,0.0,0.0,0.0,0.0,0.0,0.0,0.0,1
3319,0.016083,0.0,1.905151,0.0,37.988155,25.028356,0.7928,2.84063,0.0,89.879787,0.0,14.888046,0.0,61.019667,33.598562,60.661714,49.976084,33.700952,50.0,27.0,0.0,0.0,0.0,0.0,0.0,0.0,0.0,1
3320,0.015922,0.0,1.892377,0.0,37.696808,25.021952,0.800206,2.840771,0.0,89.095698,0.0,14.835533,0.0,60.966042,33.735921,60.920203,50.047648,33.844557,50.0,27.0,0.0,0.0,0.0,0.0,0.0,0.0,0.0,1
3321,0.015763,0.0,1.898807,0.0,38.011005,25.020872,0.804467,2.850648,0.0,88.99866,0.0,14.972292,0.0,60.780092,33.711723,60.686075,49.982699,33.714486,50.0,27.0,0.0,0.0,0.0,0.0,0.0,0.0,0.0,1
3322,0.015606,0.0,1.899516,0.0,37.98856,25.046654,0.797901,2.831386,0.0,89.269277,0.0,14.988264,0.0,60.715403,33.849469,60.91782,50.046838,33.843233,50.0,27.0,0.0,0.0,0.0,0.0,0.0,0.0,0.0,1
3323,0.01545,0.0,1.903098,0.0,37.859643,25.046369,0.795874,2.852904,0.0,89.794508,0.0,14.807494,0.0,60.856196,33.782942,60.905631,50.043236,33.836462,50.0,27.0,0.0,0.0,0.0,0.0,0.0,0.0,0.0,1
3324,0.015295,0.0,1.901126,0.0,37.79725,24.988479,0.801459,2.852113,0.0,89.427865,0.0,14.846355,0.0,60.84213,33.828509,60.984594,50.064846,33.88033,50.0,27.0,0.0,0.0,0.0,0.0,0.0,0.0,0.0,1
3325,0.015142,0.0,1.895897,0.0,37.888239,25.035628,0.801746,2.863864,0.0,88.797729,0.0,14.908429,0.0,60.766476,33.768364,60.773167,50.006086,33.762871,50.0,27.0,0.0,0.0,0.0,0.0,0.0,0.0,0.0,1
3326,0.014991,0.0,1.904618,0.0,38.217001,25.047854,0.802203,2.839011,0.0,89.534818,0.0,14.858271,0.0,60.909074,33.788611,60.958055,50.057158,33.865586,50.0,27.0,0.0,0.0,0.0,0.0,0.0,0.0,0.0,1
3327,0.014841,0.0,1.903058,0.0,37.868999,24.946773,0.799855,2.842887,0.0,89.395495,0.0,14.880254,0.0,61.083843,33.491153,60.502312,49.930908,33.612396,50.0,27.0,0.0,0.0,0.0,0.0,0.0,0.0,0.0,1
3328,0.014692,0.0,1.90189,0.0,38.004979,25.107182,0.79871,2.839324,0.0,89.19852,0.0,14.944885,0.0,60.81741,33.718569,60.75193,50.000245,33.751072,50.0,27.0,0.0,0.0,0.0,0.0,0.0,0.0,0.0,1
3329,0.014545,0.0,1.903781,0.0,37.811938,24.936485,0.800851,2.853503,0.0,89.264229,0.0,14.901948,0.0,60.510533,33.750229,60.515928,49.935014,33.61996,50.0,27.0,0.0,0.0,0.0,0.0,0.0,0.0,0.0,1
3330,0.0144,0.0,1.901639,0.0,38.054841,25.134728,0.802121,2.838398,0.0,89.389827,0.0,14.882397,0.0,60.70589,33.733398,60.675445,49.979427,33.708581,50.0,27.0,0.0,0.0,0.0,0.0,0.0,0.0,0.0,1
3331,0.014256,0.0,1.902433,0.0,37.897708,25.060198,0.798128,2.856216,0.0,88.962744,0.0,14.85293,0.0,60.94016,33.632495,60.698777,49.985978,33.721543,50.0,27.0,0.0,0.0,0.0,0.0,0.0,0.0,0.0,1
3332,0.014113,0.0,1.901743,0.0,37.807803,25.046461,0.797241,2.855568,0.0,89.135532,0.0,14.850464,0.0,60.357235,33.941127,60.781959,50.009039,33.767755,50.0,27.0,0.0,0.0,0.0,0.0,0.0,0.0,0.0,1
3333,0.013972,0.0,1.895528,0.0,37.957379,25.124406,0.799298,2.849493,0.0,88.979788,0.0,14.935035,0.0,60.612687,33.733307,60.572494,49.951099,33.651386,50.0,27.0,0.0,0.0,0.0,0.0,0.0,0.0,0.0,1
3334,0.013833,0.0,1.905765,0.0,38.103959,25.001787,0.798484,2.848561,0.0,88.872185,0.0,14.784001,0.0,61.269193,33.548274,60.84121,50.025614,33.800672,50.0,27.0,0.0,0.0,0.0,0.0,0.0,0.0,0.0,1
3335,0.013694,0.0,1.901951,0.0,38.122007,24.88747,0.802633,2.853447,0.0,89.160041,0.0,14.873083,0.0,60.703126,33.586682,60.382908,49.898814,33.54606,50.0,27.0,0.0,0.0,0.0,0.0,0.0,0.0,0.0,1
3336,0.013557,0.0,1.901655,0.0,37.986409,25.058274,0.79837,2.863487,0.0,89.575153,0.0,14.833859,0.0,61.123743,33.69152,61.044681,50.082229,33.913712,50.0,27.0,0.0,0.0,0.0,0.0,0.0,0.0,0.0,1
3337,0.013422,0.0,1.912599,0.0,37.898101,25.060621,0.803495,2.863073,0.0,88.688648,0.0,14.861519,0.0,60.544585,33.782458,60.662287,49.976128,33.701271,50.0,27.0,0.0,0.0,0.0,0.0,0.0,0.0,0.0,1
3338,0.013287,0.0,1.903743,0.0,37.898677,25.065759,0.798373,2.859205,0.0,88.943829,0.0,14.856586,0.0,60.622251,33.748974,60.661966,49.976158,33.701092,50.0,27.0,0.0,0.0,0.0,0.0,0.0,0.0,0.0,1
3339,0.013155,0.0,1.90135,0.0,37.914106,25.005563,0.80052,2.842122,0.0,89.030289,0.0,14.824594,0.0,60.737243,33.620344,60.503146,49.932379,33.612859,50.0,27.0,0.0,0.0,0.0,0.0,0.0,0.0,0.0,1
3340,0.013023,0.0,1.901348,0.0,38.109467,25.020921,0.801357,2.85611,0.0,89.115901,0.0,14.868979,0.0,60.77419,33.621363,60.556875,49.947566,33.642708,50.0,27.0,0.0,0.0,0.0,0.0,0.0,0.0,0.0,1
3341,0.012893,0.0,1.91241,0.0,37.96447,25.05052,0.798201,2.847364,0.0,88.948407,0.0,14.796636,0.0,60.684485,33.603902,60.443921,49.916607,33.579956,50.0,27.0,0.0,0.0,0.0,0.0,0.0,0.0,0.0,1
3342,0.012764,0.0,1.897115,0.0,38.064374,25.08968,0.803685,2.8416,0.0,88.75915,0.0,14.800612,0.0,60.634741,33.723172,60.660797,49.976965,33.700443,50.0,27.0,0.0,0.0,0.0,0.0,0.0,0.0,0.0,1
3343,0.012636,0.0,1.894734,0.0,37.982739,24.942837,0.804193,2.852886,0.0,88.946315,0.0,14.804526,0.0,60.708939,33.682247,60.647039,49.973277,33.692799,50.0,27.0,0.0,0.0,0.0,0.0,0.0,0.0,0.0,1
3344,0.01251,0.0,1.904099,0.0,37.947945,24.956968,0.80022,2.865988,0.0,89.361015,0.0,14.811423,0.0,60.647617,33.773786,60.782677,50.0109,33.768154,50.0,27.0,0.0,0.0,0.0,0.0,0.0,0.0,0.0,1
3345,0.012385,0.0,1.911147,0.0,37.998423,25.01756,0.79587,2.859267,0.0,89.019099,0.0,14.831106,0.0,60.688127,33.690701,60.639489,49.971269,33.688605,50.0,27.0,0.0,0.0,0.0,0.0,0.0,0.0,0.0,1
3346,0.012261,0.0,1.890786,0.0,37.707802,24.974243,0.798897,2.855489,0.0,89.478112,0.0,14.894628,0.0,60.778294,33.574682,60.487968,49.929532,33.604427,50.0,27.0,0.0,0.0,0.0,0.0,0.0,0.0,0.0,1
3347,0.012138,0.0,1.896002,0.0,38.040624,24.971627,0.799627,2.850193,0.0,89.405259,0.0,14.861494,0.0,60.626193,33.846794,60.927998,50.051506,33.848888,50.0,27.0,0.0,0.0,0.0,0.0,0.0,0.0,0.0,1
3348,0.012017,0.0,1.896438,0.0,37.995474,24.893926,0.79959,2.864258,0.0,89.075356,0.0,14.852181,0.0,60.972286,33.688212,60.920719,50.049237,33.844844,50.0,27.0,0.0,0.0,0.0,0.0,0.0,0.0,0.0,1
3349,0.011897,0.0,1.900991,0.0,38.078517,25.09685,0.799753,2.86321,0.0,88.915477,0.0,14.861815,0.0,60.510564,33.74569,60.583462,49.955776,33.657479,50.0,27.0,0.0,0.0,0.0,0.0,0.0,0.0,0.0,1
3350,0.011778,0.0,1.896333,0.0,37.876442,25.008437,0.801107,2.848239,0.0,88.794864,0.0,14.883521,0.0,60.73158,33.755242,60.820071,50.021394,33.788928,50.0,27.0,0.0,0.0,0.0,0.0,0.0,0.0,0.0,1
3351,0.01166,0.0,1.892304,0.0,38.03204,24.821729,0.798693,2.841919,0.0,88.6426,0.0,14.831549,0.0,60.41241,33.950054,60.906303,50.045121,33.836835,50.0,27.0,0.0,0.0,0.0,0.0,0.0,0.0,0.0,1
3352,0.011543,0.0,1.90124,0.0,37.968166,25.199411,0.799426,2.857513,0.0,89.280432,0.0,14.899335,0.0,60.992912,33.47729,60.458698,49.921181,33.588166,50.0,27.0,0.0,0.0,0.0,0.0,0.0,0.0,0.0,1
3353,0.011428,0.0,1.900167,0.0,37.818929,24.892984,0.799484,2.851965,0.0,89.500715,0.0,14.866539,0.0,61.019329,33.596783,60.770561,50.007771,33.761423,50.0,27.0,0.0,0.0,0.0,0.0,0.0,0.0,0.0,1
3354,0.011314,0.0,1.898196,0.0,38.1239,25.064735,0.799069,2.844474,0.0,89.067221,0.0,14.810937,0.0,60.530564,33.710516,60.537248,49.943245,33.631805,50.0,27.0,0.0,0.0,0.0,0.0,0.0,0.0,0.0,1
3355,0.011201,0.0,1.897237,0.0,37.925991,25.008135,0.798559,2.850722,0.0,88.547665,0.0,14.935361,0.0,60.635232,33.755737,60.736888,49.998707,33.742716,50.0,27.0,0.0,0.0,0.0,0.0,0.0,0.0,0.0,1
3356,0.011089,0.0,1.904645,0.0,38.075456,24.891812,0.797483,2.85193,0.0,89.303497,0.0,14.868519,0.0,60.965605,33.529866,60.58446,49.956583,33.658033,50.0,27.0,0.0,0.0,0.0,0.0,0.0,0.0,0.0,1
3357,0.010978,0.0,1.909502,0.0,38.086752,25.048126,0.799855,2.850225,0.0,89.176199,0.0,14.888644,0.0,60.701406,33.703643,60.710642,49.991675,33.728135,50.0,27.0,0.0,0.0,0.0,0.0,0.0,0.0,0.0,1
3358,0.010868,0.0,1.901091,0.0,38.180643,24.899538,0.800411,2.850478,0.0,88.592887,0.0,14.89636,0.0,60.515435,33.835614,60.802471,50.017098,33.77915,50.0,27.0,0.0,0.0,0.0,0.0,0.0,0.0,0.0,1
3359,0.010759,0.0,1.896097,0.0,38.054457,24.984338,0.799062,2.855582,0.0,89.123711,0.0,14.843222,0.0,60.797412,33.732361,60.848709,50.029793,33.804838,50.0,27.0,0.0,0.0,0.0,0.0,0.0,0.0,0.0,1
3360,0.010652,0.0,1.90123,0.0,37.861432,24.931777,0.799409,2.846508,0.0,88.470867,0.0,14.859019,0.0,60.778783,33.678817,60.713931,49.992393,33.729962,50.0,27.0,0.0,0.0,0.0,0.0,0.0,0.0,0.0,1
3361,0.010545,0.0,1.909081,0.0,38.132572,24.872777,0.801778,2.855161,0.0,89.192876,0.0,14.83025,0.0,60.652793,33.644045,60.518646,49.938454,33.62147,50.0,27.0,0.0,0.0,0.0,0.0,0.0,0.0,0.0,1
3362,0.01044,0.0,1.900272,0.0,37.904699,25.039548,0.803193,2.869191,0.0,89.235132,0.0,14.910892,0.0,60.524149,33.796753,60.720505,49.994554,33.733614,50.0,27.0,0.0,0.0,0.0,0.0,0.0,0.0,0.0,1
3363,0.010335,0.0,1.907748,0.0,37.97355,24.829784,0.796111,2.830814,0.0,89.16286,0.0,14.820065,0.0,60.379884,33.96136,60.911185,50.047284,33.839547,50.0,27.0,0.0,0.0,0.0,0.0,0.0,0.0,0.0,1
3364,0.010232,0.0,1.8829,0.0,37.846851,25.018242,0.804286,2.847083,0.0,89.392383,0.0,14.806699,0.0,60.716544,33.71288,60.690502,49.986053,33.716945,50.0,27.0,0.0,0.0,0.0,0.0,0.0,0.0,0.0,1
3365,0.01013,0.0,1.898446,0.0,38.044093,25.209971,0.801984,2.860945,0.0,88.891834,0.0,14.87441,0.0,60.473934,33.790662,60.613591,49.964864,33.674217,50.0,27.0,0.0,0.0,0.0,0.0,0.0,0.0,0.0,1
3366,0.010028,0.0,1.906035,0.0,38.091257,24.873677,0.800693,2.845074,0.0,89.064388,0.0,14.865107,0.0,60.832246,33.571217,60.500283,49.933721,33.611268,50.0,27.0,0.0,0.0,0.0,0.0,0.0,0.0,0.0,1
3367,0.009928,0.0,1.897082,0.0,37.963344,25.014973,0.800864,2.858422,0.0,89.242731,0.0,14.915765,0.0,60.582995,33.853775,60.867799,50.035631,33.815444,50.0,27.0,0.0,0.0,0.0,0.0,0.0,0.0,0.0,1
3368,0.009829,0.0,1.898702,0.0,38.095842,24.926995,0.801072,2.841183,0.0,88.754438,0.0,14.795175,0.0,60.779338,33.725354,60.775454,50.00993,33.764141,50.0,27.0,0.0,0.0,0.0,0.0,0.0,0.0,0.0,1
3369,0.00973,0.0,1.896253,0.0,38.058198,24.990087,0.798672,2.848812,0.0,89.104348,0.0,14.770759,0.0,60.570532,33.754348,60.62805,49.969139,33.68225,50.0,27.0,0.0,0.0,0.0,0.0,0.0,0.0,0.0,1
3370,0.009633,0.0,1.897254,0.0,38.010736,24.983394,0.798888,2.855701,0.0,89.26215,0.0,14.894212,0.0,60.727403,33.579332,60.412152,49.909619,33.562307,50.0,27.0,0.0,0.0,0.0,0.0,0.0,0.0,0.0,1
3371,0.009537,0.0,1.899627,0.0,38.080919,24.991776,0.796964,2.859635,0.0,89.381548,0.0,14.813818,0.0,60.714034,33.620276,60.504852,49.93569,33.613807,50.0,27.0,0.0,0.0,0.0,0.0,0.0,0.0,0.0,1
3372,0.009441,0.0,1.895859,0.0,38.145078,25.105026,0.80155,2.855305,0.0,89.222766,0.0,14.821139,0.0,60.692784,33.767452,60.807125,50.019557,33.781736,50.0,27.0,0.0,0.0,0.0,0.0,0.0,0.0,0.0,1
3373,0.009347,0.0,1.899785,0.0,37.944608,24.985811,0.800846,2.85222,0.0,88.795552,0.0,14.787238,0.0,60.855818,33.629636,60.672307,49.982197,33.706837,50.0,27.0,0.0,0.0,0.0,0.0,0.0,0.0,0.0,1
3374,0.009254,0.0,1.906494,0.0,38.233758,24.98552,0.799881,2.847133,0.0,89.281103,0.0,14.822436,0.0,60.738902,33.713609,60.743992,50.002099,33.746662,50.0,27.0,0.0,0.0,0.0,0.0,0.0,0.0,0.0,1
3375,0.009161,0.0,1.902869,0.0,37.994454,25.199565,0.798204,2.851696,0.0,89.312104,0.0,14.821233,0.0,60.791838,33.625594,60.610954,49.965317,33.672752,50.0,27.0,0.0,0.0,0.0,0.0,0.0,0.0,0.0,1
3376,0.009069,0.0,1.892448,0.0,38.025302,24.893904,0.798925,2.854036,0.0,89.02846,0.0,14.802675,0.0,60.695527,33.824831,60.946212,50.058154,33.859007,50.0,27.0,0.0,0.0,0.0,0.0,0.0,0.0,0.0,1
3377,0.008979,0.0,1.906971,0.0,37.932882,24.949496,0.797559,2.842177,0.0,89.37628,0.0,14.860974,0.0,60.796351,33.756369,60.886956,50.041486,33.826087,50.0,27.0,0.0,0.0,0.0,0.0,0.0,0.0,0.0,1
3378,0.008889,0.0,1.887276,0.0,37.985117,24.997412,0.803447,2.854412,0.0,89.020831,0.0,14.845491,0.0,60.594601,33.941505,61.070064,50.09189,33.927814,50.0,27.0,0.0,0.0,0.0,0.0,0.0,0.0,0.0,1
3379,0.0088,0.0,1.914933,0.0,38.028228,25.010528,0.797355,2.848173,0.0,89.886728,0.0,14.845968,0.0,60.504139,33.860478,60.77897,50.010976,33.766095,50.0,27.0,0.0,0.0,0.0,0.0,0.0,0.0,0.0,1
3380,0.008712,0.0,1.905713,0.0,38.052944,25.090996,0.799852,2.85915,0.0,89.199524,0.0,14.848497,0.0,60.34995,34.003626,60.909557,50.047015,33.838643,50.0,27.0,0.0,0.0,0.0,0.0,0.0,0.0,0.0,1
3381,0.008625,0.0,1.894927,0.0,38.068732,24.97099,0.797733,2.860471,0.0,88.796284,0.0,14.828176,0.0,60.57566,33.809463,60.69073,49.986298,33.717072,50.0,27.0,0.0,0.0,0.0,0.0,0.0,0.0,0.0,1
3382,0.008539,0.0,1.903944,0.0,38.073648,24.996262,0.794033,2.853871,0.0,89.207235,0.0,14.856472,0.0,60.492148,33.898002,60.786788,50.012917,33.770438,50.0,27.0,0.0,0.0,0.0,0.0,0.0,0.0,0.0,1
3383,0.008453,0.0,1.904976,0.0,37.92818,25.00553,0.802961,2.859902,0.0,89.063496,0.0,14.873372,0.0,60.507231,33.857261,60.697518,49.988178,33.720843,50.0,27.0,0.0,0.0,0.0,0.0,0.0,0.0,0.0,1
3384,0.008369,0.0,1.901107,0.0,38.027241,24.964669,0.798298,2.850161,0.0,89.619211,0.0,14.841033,0.0,60.834698,33.542456,60.34905,49.891922,33.52725,50.0,27.0,0.0,0.0,0.0,0.0,0.0,0.0,0.0,1
3385,0.008285,0.0,1.903472,0.0,37.908883,25.002801,0.806122,2.857768,0.0,89.484055,0.0,14.95768,0.0,60.799444,33.731026,60.741914,50.001046,33.745508,50.0,27.0,0.0,0.0,0.0,0.0,0.0,0.0,0.0,1
3386,0.008202,0.0,1.905125,0.0,37.969744,24.95193,0.801345,2.853671,0.0,89.435588,0.0,14.765201,0.0,60.778011,33.648771,60.55057,49.948154,33.639206,50.0,27.0,0.0,0.0,0.0,0.0,0.0,0.0,0.0,1
3387,0.00812,0.0,1.898612,0.0,38.010829,25.020469,0.799282,2.857279,0.0,89.017138,0.0,14.878444,0.0,60.932265,33.766112,60.966555,50.063388,33.870308,50.0,27.0,0.0,0.0,0.0,0.0,0.0,0.0,0.0,1
3388,0.008039,0.0,1.899198,0.0,38.028149,24.994036,0.80236,2.850039,0.0,89.008854,0.0,14.921409,0.0,60.413303,33.794714,60.505782,49.935717,33.614323,50.0,27.0,0.0,0.0,0.0,0.0,0.0,0.0,0.0,1
3389,0.007959,0.0,1.896963,0.0,38.076745,24.937951,0.798859,2.852357,0.0,89.182864,0.0,14.893656,0.0,60.775792,33.640081,60.536311,49.944475,33.631284,50.0,27.0,0.0,0.0,0.0,0.0,0.0,0.0,0.0,1
3390,0.007879,0.0,1.891888,0.0,38.039754,24.985874,0.800729,2.834168,0.0,89.20079,0.0,14.963449,0.0,60.801146,33.663095,60.625179,49.969314,33.680655,50.0,27.0,0.0,0.0,0.0,0.0,0.0,0.0,0.0,1
3391,0.0078,0.0,1.906818,0.0,37.848044,24.970294,0.801548,2.857934,0.0,88.937152,0.0,14.839211,0.0,60.527343,33.809018,60.67018,49.981905,33.705655,50.0,27.0,0.0,0.0,0.0,0.0,0.0,0.0,0.0,1
3392,0.007722,0.0,1.90121,0.0,38.007328,24.983661,0.800533,2.848514,0.0,89.479679,0.0,14.894593,0.0,60.763988,33.765931,60.807011,50.019814,33.781673,50.0,27.0,0.0,0.0,0.0,0.0,0.0,0.0,0.0,1
3393,0.007645,0.0,1.903019,0.0,38.051465,24.93424,0.798728,2.849591,0.0,89.489419,0.0,14.889859,0.0,60.859909,33.690401,60.740921,50.001449,33.744956,50.0,27.0,0.0,0.0,0.0,0.0,0.0,0.0,0.0,1
3394,0.007569,0.0,1.896579,0.0,38.036471,25.091101,0.798542,2.846046,0.0,89.078701,0.0,14.862249,0.0,60.879795,33.67585,60.737552,50.00051,33.743084,50.0,27.0,0.0,0.0,0.0,0.0,0.0,0.0,0.0,1
3395,0.007493,0.0,1.900272,0.0,37.947514,24.925992,0.797524,2.848587,0.0,89.425927,0.0,14.845278,0.0,60.879245,33.693804,60.783762,50.01328,33.768756,50.0,27.0,0.0,0.0,0.0,0.0,0.0,0.0,0.0,1
3396,0.007418,0.0,1.90178,0.0,38.058572,24.927647,0.798531,2.850655,0.0,89.108039,0.0,14.867338,0.0,60.559371,33.915617,60.937743,50.055774,33.854302,50.0,27.0,0.0,0.0,0.0,0.0,0.0,0.0,0.0,1
3397,0.007344,0.0,1.90049,0.0,38.037917,25.004325,0.794709,2.843949,0.0,89.182748,0.0,14.870266,0.0,60.608296,33.903231,60.936893,50.055261,33.853829,50.0,27.0,0.0,0.0,0.0,0.0,0.0,0.0,0.0,1
3398,0.00727,0.0,1.903915,0.0,38.069385,24.977729,0.798708,2.863817,0.0,89.213344,0.0,14.880316,0.0,60.716756,33.578883,60.340644,49.890186,33.52258,50.0,27.0,0.0,0.0,0.0,0.0,0.0,0.0,0.0,1
3399,0.007198,0.0,1.884237,0.0,37.807022,24.913337,0.801476,2.859187,0.0,88.863865,0.0,14.889253,0.0,60.671765,33.784686,60.753277,50.004782,33.751821,50.0,27.0,0.0,0.0,0.0,0.0,0.0,0.0,0.0,1
3400,0.007126,0.0,1.905129,0.0,37.917875,24.982344,0.804552,2.851743,0.0,89.206261,0.0,14.867786,0.0,60.623969,33.789464,60.710465,49.992925,33.728036,50.0,27.0,0.0,0.0,0.0,0.0,0.0,0.0,0.0,1
3401,0.007054,0.0,1.898462,0.0,37.823877,24.857306,0.804179,2.848962,0.0,89.277061,0.0,14.888176,0.0,60.846494,33.730457,60.803114,50.018568,33.779508,50.0,27.0,0.0,0.0,0.0,0.0,0.0,0.0,0.0,1
3402,0.006984,0.0,1.90188,0.0,37.804084,24.989816,0.804524,2.858756,0.0,89.106155,0.0,14.803289,0.0,60.865097,33.63352,60.619954,49.967851,33.677752,50.0,27.0,0.0,0.0,0.0,0.0,0.0,0.0,0.0,1
3403,0.006914,0.0,1.898506,0.0,37.943922,25.051657,0.797527,2.847802,0.0,89.010907,0.0,14.899691,0.0,60.885757,33.629669,60.647812,49.975711,33.693229,50.0,27.0,0.0,0.0,0.0,0.0,0.0,0.0,0.0,1
3404,0.006845,0.0,1.902228,0.0,38.067244,24.927257,0.802662,2.849222,0.0,88.673634,0.0,14.773799,0.0,60.583427,33.967835,61.073673,50.093538,33.929818,50.0,27.0,0.0,0.0,0.0,0.0,0.0,0.0,0.0,1
3405,0.006776,0.0,1.904256,0.0,38.003794,25.114495,0.796249,2.841326,0.0,89.026613,0.0,14.94227,0.0,60.780195,33.799093,60.88386,50.040609,33.824366,50.0,27.0,0.0,0.0,0.0,0.0,0.0,0.0,0.0,1
3406,0.006709,0.0,1.905236,0.0,38.167339,24.874914,0.79956,2.841937,0.0,89.401987,0.0,14.841206,0.0,60.709563,33.89903,61.017552,50.077359,33.89864,50.0,27.0,0.0,0.0,0.0,0.0,0.0,0.0,0.0,1
3407,0.006642,0.0,1.902551,0.0,37.971115,25.05425,0.796617,2.84815,0.0,89.551635,0.0,14.852275,0.0,60.893623,33.591196,60.533025,49.943053,33.629459,50.0,27.0,0.0,0.0,0.0,0.0,0.0,0.0,0.0,1
3408,0.006575,0.0,1.895434,0.0,37.892716,24.918265,0.800282,2.832962,0.0,89.387486,0.0,14.873095,0.0,60.789101,33.821362,60.936548,50.054868,33.853638,50.0,27.0,0.0,0.0,0.0,0.0,0.0,0.0,0.0,1
3409,0.006509,0.0,1.902663,0.0,37.961541,25.059096,0.800549,2.843105,0.0,89.195938,0.0,14.815461,0.0,60.810972,33.635872,60.557937,49.949949,33.643298,50.0,27.0,0.0,0.0,0.0,0.0,0.0,0.0,0.0,1
3410,0.006444,0.0,1.905468,0.0,38.012169,25.119577,0.801655,2.836459,0.0,88.898745,0.0,14.83522,0.0,60.479367,33.86928,60.734491,49.998997,33.741384,50.0,27.0,0.0,0.0,0.0,0.0,0.0,0.0,0.0,1
3411,0.00638,0.0,1.901175,0.0,38.071402,24.981232,0.795734,2.855667,0.0,89.140704,0.0,14.888618,0.0,60.726333,33.694701,60.597259,49.961071,33.665144,50.0,27.0,0.0,0.0,0.0,0.0,0.0,0.0,0.0,1
3412,0.006316,0.0,1.902698,0.0,37.935097,25.043981,0.799933,2.860052,0.0,89.592949,0.0,14.915649,0.0,61.040625,33.664281,60.855451,50.032628,33.808584,50.0,27.0,0.0,0.0,0.0,0.0,0.0,0.0,0.0,1
3413,0.006253,0.0,1.901713,0.0,37.700981,25.12032,0.799404,2.846772,0.0,89.293332,0.0,14.802773,0.0,60.680103,33.777122,60.744525,50.001806,33.746958,50.0,27.0,0.0,0.0,0.0,0.0,0.0,0.0,0.0,1
3414,0.00619,0.0,1.897906,0.0,37.761503,25.013376,0.800314,2.837825,0.0,89.102702,0.0,14.808537,0.0,60.955937,33.617436,60.679495,49.983823,33.710831,50.0,27.0,0.0,0.0,0.0,0.0,0.0,0.0,0.0,1
3415,0.006128,0.0,1.90116,0.0,38.089195,25.058756,0.802275,2.861704,0.0,88.61608,0.0,14.851073,0.0,61.228877,33.427507,60.569082,49.953386,33.64949,50.0,27.0,0.0,0.0,0.0,0.0,0.0,0.0,0.0,1
3416,0.006067,0.0,1.895969,0.0,37.84574,25.059483,0.79788,2.866113,0.0,88.849703,0.0,14.826148,0.0,60.780468,33.671659,60.676918,49.983423,33.709399,50.0,27.0,0.0,0.0,0.0,0.0,0.0,0.0,0.0,1
3417,0.006007,0.0,1.891664,0.0,37.974642,25.012492,0.7991,2.848705,0.0,89.484082,0.0,14.837449,0.0,60.461999,34.007124,61.072543,50.092855,33.929191,50.0,27.0,0.0,0.0,0.0,0.0,0.0,0.0,0.0,1
3418,0.005946,0.0,1.898691,0.0,37.99859,25.054923,0.803354,2.857328,0.0,89.608118,0.0,14.798561,0.0,60.326377,33.962781,60.805227,50.018508,33.780682,50.0,27.0,0.0,0.0,0.0,0.0,0.0,0.0,0.0,1
3419,0.005887,0.0,1.905041,0.0,37.826789,25.030362,0.799209,2.840157,0.0,89.710324,0.0,14.898901,0.0,60.648232,33.852821,60.865206,50.034994,33.814003,50.0,27.0,0.0,0.0,0.0,0.0,0.0,0.0,0.0,1
3420,0.005828,0.0,1.897631,0.0,37.980119,24.938605,0.803919,2.842831,0.0,89.812761,0.0,14.860824,0.0,60.903593,33.587067,60.546431,49.946712,33.636906,50.0,27.0,0.0,0.0,0.0,0.0,0.0,0.0,0.0,1
3421,0.00577,0.0,1.910195,0.0,37.91188,24.98604,0.796081,2.865688,0.0,88.83273,0.0,14.853547,0.0,60.790618,33.79058,60.885064,50.040573,33.825036,50.0,27.0,0.0,0.0,0.0,0.0,0.0,0.0,0.0,1
3422,0.005712,0.0,1.901595,0.0,37.977429,25.045628,0.797467,2.850822,0.0,89.117188,0.0,14.787582,0.0,60.909664,33.61074,60.618856,49.966793,33.677142,50.0,27.0,0.0,0.0,0.0,0.0,0.0,0.0,0.0,1
3423,0.005655,0.0,1.899634,0.0,37.934858,25.02433,0.800598,2.825187,0.0,89.280182,0.0,14.84098,0.0,60.333854,33.930868,60.736492,49.999472,33.742496,50.0,27.0,0.0,0.0,0.0,0.0,0.0,0.0,0.0,1
3424,0.005598,0.0,1.906338,0.0,37.751805,24.978297,0.802871,2.848016,0.0,89.289283,0.0,14.800168,0.0,60.88776,33.601909,60.571335,49.953826,33.650742,50.0,27.0,0.0,0.0,0.0,0.0,0.0,0.0,0.0,1
3425,0.005542,0.0,1.895511,0.0,37.951465,24.959158,0.800363,2.853179,0.0,89.833572,0.0,14.885871,0.0,60.810581,33.753673,60.83406,50.026672,33.7967,50.0,27.0,0.0,0.0,0.0,0.0,0.0,0.0,0.0,1
3426,0.005487,0.0,1.897556,0.0,37.883712,25.060432,0.795391,2.851148,0.0,89.35034,0.0,14.803309,0.0,60.878449,33.586836,60.54854,49.947623,33.638078,50.0,27.0,0.0,0.0,0.0,0.0,0.0,0.0,0.0,1
3427,0.005432,0.0,1.894714,0.0,38.157643,24.976894,0.801487,2.845457,0.0,89.460706,0.0,14.84694,0.0,60.714872,33.812305,60.88118,50.039824,33.822878,50.0,27.0,0.0,0.0,0.0,0.0,0.0,0.0,0.0,1
3428,0.005378,0.0,1.890962,0.0,38.116963,24.91109,0.795585,2.849022,0.0,88.929886,0.0,14.911994,0.0,60.53398,33.961037,61.003626,50.073469,33.890903,50.0,27.0,0.0,0.0,0.0,0.0,0.0,0.0,0.0,1
3429,0.005324,0.0,1.899523,0.0,37.966175,24.99137,0.800907,2.854199,0.0,89.145768,0.0,14.793194,0.0,60.597548,33.82162,60.743757,50.001277,33.746532,50.0,27.0,0.0,0.0,0.0,0.0,0.0,0.0,0.0,1
3430,0.005271,0.0,1.900888,0.0,37.995648,25.06032,0.80127,2.856934,0.0,89.2549,0.0,14.950135,0.0,60.932349,33.548634,60.493592,49.932126,33.607551,50.0,27.0,0.0,0.0,0.0,0.0,0.0,0.0,0.0,1
3431,0.005218,0.0,1.898812,0.0,38.150678,25.00689,0.79817,2.84684,0.0,90.00567,0.0,14.900716,0.0,61.114133,33.574717,60.757817,50.005494,33.754343,50.0,27.0,0.0,0.0,0.0,0.0,0.0,0.0,0.0,1
3432,0.005166,0.0,1.899545,0.0,38.15272,25.006721,0.803454,2.855584,0.0,89.321507,0.0,14.835008,0.0,61.056262,33.445025,60.448646,49.920013,33.582581,50.0,27.0,0.0,0.0,0.0,0.0,0.0,0.0,0.0,1
3433,0.005114,0.0,1.899311,0.0,38.201476,25.022635,0.804934,2.846524,0.0,89.36798,0.0,14.871225,0.0,60.472439,33.927036,60.91954,50.050564,33.844189,50.0,27.0,0.0,0.0,0.0,0.0,0.0,0.0,0.0,1
3434,0.005063,0.0,1.902712,0.0,38.019888,24.94635,0.798679,2.849389,0.0,89.110739,0.0,14.790921,0.0,60.467032,33.853644,60.731379,49.998306,33.739655,50.0,27.0,0.0,0.0,0.0,0.0,0.0,0.0,0.0,1
3435,0.005013,0.0,1.900976,0.0,37.94558,25.1236,0.801416,2.837622,0.0,89.41443,0.0,14.849609,0.0,60.507565,33.749181,60.535038,49.944046,33.630577,50.0,27.0,0.0,0.0,0.0,0.0,0.0,0.0,0.0,1
3436,0.004962,0.0,1.892603,0.0,38.12683,24.80703,0.794963,2.862605,0.0,89.093862,0.0,14.897399,0.0,60.946133,33.744246,60.961479,50.062191,33.867489,50.0,27.0,0.0,0.0,0.0,0.0,0.0,0.0,0.0,1
3437,0.004913,0.0,1.910191,0.0,37.979025,24.88676,0.7973,2.844449,0.0,89.338428,0.0,14.860968,0.0,61.003353,33.561816,60.632926,49.971071,33.684959,50.0,27.0,0.0,0.0,0.0,0.0,0.0,0.0,0.0,1
3438,0.004864,0.0,1.892502,0.0,38.022448,25.046757,0.800026,2.841905,0.0,89.066056,0.0,14.821305,0.0,60.839874,33.722179,60.830865,50.025925,33.794925,50.0,27.0,0.0,0.0,0.0,0.0,0.0,0.0,0.0,1
3439,0.004815,0.0,1.894722,0.0,38.086255,25.0496,0.798779,2.851805,0.0,89.367159,0.0,14.87921,0.0,60.621871,33.840976,60.864013,50.034958,33.813341,50.0,27.0,0.0,0.0,0.0,0.0,0.0,0.0,0.0,1
3440,0.004767,0.0,1.902751,0.0,37.787564,25.113647,0.797315,2.857473,0.0,89.119925,0.0,14.873405,0.0,60.786241,33.787341,60.900113,50.044762,33.833396,50.0,27.0,0.0,0.0,0.0,0.0,0.0,0.0,0.0,1
3441,0.004719,0.0,1.901629,0.0,37.966984,25.073882,0.800064,2.866237,0.0,89.306284,0.0,14.865529,0.0,60.470061,33.875013,60.761748,50.006295,33.756527,50.0,27.0,0.0,0.0,0.0,0.0,0.0,0.0,0.0,1
3442,0.004672,0.0,1.897012,0.0,37.795036,25.12216,0.803848,2.855294,0.0,88.753403,0.0,14.91488,0.0,60.468844,33.841101,60.670768,49.981118,33.705982,50.0,27.0,0.0,0.0,0.0,0.0,0.0,0.0,0.0,1
3443,0.004625,0.0,1.896483,0.0,37.836373,25.138502,0.799828,2.84515,0.0,89.409398,0.0,14.871063,0.0,60.774378,33.582356,60.417892,49.911318,33.565496,50.0,27.0,0.0,0.0,0.0,0.0,0.0,0.0,0.0,1
3444,0.004579,0.0,1.895757,0.0,38.162724,24.980663,0.800881,2.854128,0.0,88.960083,0.0,14.862178,0.0,60.642355,33.734168,60.628379,49.969937,33.682433,50.0,27.0,0.0,0.0,0.0,0.0,0.0,0.0,0.0,1
3445,0.004533,0.0,1.909617,0.0,37.969495,24.953416,0.798435,2.844942,0.0,89.047023,0.0,14.886713,0.0,60.616691,33.726284,60.586957,49.958637,33.65942,50.0,27.0,0.0,0.0,0.0,0.0,0.0,0.0,0.0,1
3446,0.004488,0.0,1.886959,0.0,38.092984,25.036165,0.794988,2.874251,0.0,89.184618,0.0,14.858318,0.0,60.571248,33.905268,60.920916,50.051148,33.844953,50.0,27.0,0.0,0.0,0.0,0.0,0.0,0.0,0.0,1
3447,0.004443,0.0,1.896343,0.0,38.071484,25.038064,0.804328,2.862509,0.0,89.280259,0.0,14.833516,0.0,60.612154,33.895007,60.918325,50.050177,33.843514,50.0,27.0,0.0,0.0,0.0,0.0,0.0,0.0,0.0,1
3448,0.004399,0.0,1.895442,0.0,37.986711,25.005531,0.798753,2.852853,0.0,89.284694,0.0,14.804012,0.0,60.875233,33.71078,60.773664,50.009944,33.763147,50.0,27.0,0.0,0.0,0.0,0.0,0.0,0.0,0.0,1
3449,0.004355,0.0,1.901902,0.0,38.053607,24.913433,0.801349,2.856284,0.0,89.511793,0.0,14.847047,0.0,60.891297,33.625912,60.617058,49.966609,33.676143,50.0,27.0,0.0,0.0,0.0,0.0,0.0,0.0,0.0,1
3450,0.004311,0.0,1.899525,0.0,37.938796,24.818513,0.796131,2.840415,0.0,89.518993,0.0,14.834132,0.0,60.314003,33.907675,60.651247,49.976225,33.695137,50.0,27.0,0.0,0.0,0.0,0.0,0.0,0.0,0.0,1
3451,0.004268,0.0,1.905434,0.0,38.079489,25.005034,0.800359,2.841969,0.0,89.272653,0.0,14.859734,0.0,60.808417,33.814768,60.928608,50.053005,33.849227,50.0,27.0,0.0,0.0,0.0,0.0,0.0,0.0,0.0,1
3452,0.004225,0.0,1.903989,0.0,37.941231,24.967166,0.801921,2.848187,0.0,88.635703,0.0,14.834702,0.0,60.699489,33.772312,60.722612,49.995805,33.734785,50.0,27.0,0.0,0.0,0.0,0.0,0.0,0.0,0.0,1
3453,0.004183,0.0,1.913351,0.0,37.971425,25.01993,0.798687,2.841434,0.0,89.24657,0.0,14.864518,0.0,61.080983,33.644817,60.833727,50.026537,33.796515,50.0,27.0,0.0,0.0,0.0,0.0,0.0,0.0,0.0,1
3454,0.004141,0.0,1.898549,0.0,38.014725,24.928855,0.798021,2.84855,0.0,89.357334,0.0,14.841811,0.0,60.815696,33.728697,60.760828,50.006256,33.756016,50.0,27.0,0.0,0.0,0.0,0.0,0.0,0.0,0.0,1
3455,0.0041,0.0,1.887095,0.0,37.882187,24.867778,0.800725,2.853188,0.0,89.226391,0.0,14.863254,0.0,60.653783,33.789764,60.731155,49.998024,33.739531,50.0,27.0,0.0,0.0,0.0,0.0,0.0,0.0,0.0,1
3456,0.004059,0.0,1.903104,0.0,38.018665,24.914986,0.800676,2.832144,0.0,89.431137,0.0,14.756143,0.0,60.983847,33.526693,60.50147,49.93455,33.611928,50.0,27.0,0.0,0.0,0.0,0.0,0.0,0.0,0.0,1
3457,0.004018,0.0,1.888974,0.0,38.020723,25.055138,0.798679,2.869364,0.0,89.742447,0.0,14.836982,0.0,60.471494,33.969944,60.954248,50.060021,33.863471,50.0,27.0,0.0,0.0,0.0,0.0,0.0,0.0,0.0,1
3458,0.003978,0.0,1.901736,0.0,37.976346,24.989573,0.800781,2.847745,0.0,88.969196,0.0,14.863458,0.0,60.509785,33.818177,60.642232,49.973483,33.690129,50.0,27.0,0.0,0.0,0.0,0.0,0.0,0.0,0.0,1
3459,0.003938,0.0,1.909605,0.0,38.187289,24.905933,0.800276,2.861206,0.0,88.813242,0.0,14.88606,0.0,60.809972,33.845931,60.992686,50.070479,33.884825,50.0,27.0,0.0,0.0,0.0,0.0,0.0,0.0,0.0,1
3460,0.003899,0.0,1.898428,0.0,38.194514,24.968089,0.798623,2.850212,0.0,88.806373,0.0,14.827063,0.0,60.821468,33.820142,60.938362,50.055113,33.854646,50.0,27.0,0.0,0.0,0.0,0.0,0.0,0.0,0.0,1
3461,0.00386,0.0,1.908022,0.0,37.968797,25.029041,0.796265,2.856579,0.0,89.505194,0.0,14.829725,0.0,60.907372,33.69905,60.761533,50.005964,33.756407,50.0,27.0,0.0,0.0,0.0,0.0,0.0,0.0,0.0,1
3462,0.003821,0.0,1.897208,0.0,37.734844,24.999553,0.802486,2.836855,0.0,89.146577,0.0,14.870132,0.0,60.860797,33.567216,60.445985,49.918718,33.581103,50.0,27.0,0.0,0.0,0.0,0.0,0.0,0.0,0.0,1
3463,0.003783,0.0,1.909902,0.0,37.953544,24.951662,0.801574,2.85752,0.0,89.114303,0.0,14.782942,0.0,60.707275,33.726857,60.655131,49.97693,33.697295,50.0,27.0,0.0,0.0,0.0,0.0,0.0,0.0,0.0,1
3464,0.003745,0.0,1.897569,0.0,37.868424,25.015015,0.80021,2.83162,0.0,89.215924,0.0,14.83779,0.0,60.610874,33.790569,60.696382,49.988446,33.720212,50.0,27.0,0.0,0.0,0.0,0.0,0.0,0.0,0.0,1
3465,0.003708,0.0,1.910028,0.0,38.042246,25.006,0.803514,2.850587,0.0,88.823943,0.0,14.928988,0.0,60.751992,33.764597,60.777371,50.010889,33.765206,50.0,27.0,0.0,0.0,0.0,0.0,0.0,0.0,0.0,1
3466,0.003671,0.0,1.897207,0.0,38.059954,25.12702,0.800595,2.847856,0.0,89.202956,0.0,14.878472,0.0,61.055898,33.608654,60.750748,50.003476,33.750416,50.0,27.0,0.0,0.0,0.0,0.0,0.0,0.0,0.0,1
3467,0.003634,0.0,1.901796,0.0,37.99624,25.014181,0.803968,2.840426,0.0,88.917253,0.0,14.852992,0.0,61.046187,33.453123,60.432037,49.915368,33.573354,50.0,27.0,0.0,0.0,0.0,0.0,0.0,0.0,0.0,1
3468,0.003598,0.0,1.902308,0.0,37.896234,25.067755,0.800794,2.854919,0.0,89.175232,0.0,14.879345,0.0,60.592565,33.762872,60.670176,49.98161,33.705653,50.0,27.0,0.0,0.0,0.0,0.0,0.0,0.0,0.0,1
3469,0.003562,0.0,1.89338,0.0,38.09555,25.001528,0.800841,2.848936,0.0,89.008079,0.0,14.881187,0.0,60.764036,33.573241,60.436794,49.917195,33.575996,50.0,27.0,0.0,0.0,0.0,0.0,0.0,0.0,0.0,1
3470,0.003526,0.0,1.902183,0.0,37.869145,24.944373,0.804936,2.850168,0.0,89.053463,0.0,14.832401,0.0,60.580006,33.744929,60.635369,49.972493,33.686316,50.0,27.0,0.0,0.0,0.0,0.0,0.0,0.0,0.0,1
3471,0.003491,0.0,1.907409,0.0,38.273556,24.906278,0.800976,2.855442,0.0,88.903127,0.0,14.857745,0.0,60.495916,33.894881,60.864124,50.035857,33.813402,50.0,27.0,0.0,0.0,0.0,0.0,0.0,0.0,0.0,1
3472,0.003456,0.0,1.901828,0.0,38.065318,25.030286,0.797646,2.825176,0.0,89.050369,0.0,14.799064,0.0,60.52071,33.86484,60.802539,50.018656,33.779188,50.0,27.0,0.0,0.0,0.0,0.0,0.0,0.0,0.0,1
3473,0.003421,0.0,1.900058,0.0,38.097824,25.002298,0.804073,2.842005,0.0,89.386446,0.0,14.859067,0.0,60.647926,33.652465,60.464161,49.925037,33.5912,50.0,27.0,0.0,0.0,0.0,0.0,0.0,0.0,0.0,1
3474,0.003387,0.0,1.900865,0.0,38.043678,25.159803,0.802024,2.858164,0.0,89.350938,0.0,14.837535,0.0,60.512331,33.804265,60.660256,49.97961,33.700142,50.0,27.0,0.0,0.0,0.0,0.0,0.0,0.0,0.0,1
3475,0.003353,0.0,1.897848,0.0,38.042951,25.137803,0.800279,2.860592,0.0,88.825802,0.0,14.819928,0.0,60.440013,33.819066,60.609912,49.965797,33.672173,50.0,27.0,0.0,0.0,0.0,0.0,0.0,0.0,0.0,1
3476,0.00332,0.0,1.903707,0.0,37.928845,25.052901,0.797991,2.85053,0.0,89.067646,0.0,14.829644,0.0,60.462435,33.993718,60.990123,50.071056,33.883402,50.0,27.0,0.0,0.0,0.0,0.0,0.0,0.0,0.0,1
3477,0.003287,0.0,1.902107,0.0,38.018814,24.816079,0.800783,2.827937,0.0,89.373935,0.0,14.849101,0.0,60.810541,33.675377,60.633748,49.972201,33.685415,50.0,27.0,0.0,0.0,0.0,0.0,0.0,0.0,0.0,1
3478,0.003254,0.0,1.902182,0.0,38.00331,25.019225,0.796208,2.845692,0.0,89.104452,0.0,14.823787,0.0,60.514697,33.962559,60.954728,50.061057,33.863738,50.0,27.0,0.0,0.0,0.0,0.0,0.0,0.0,0.0,1
3479,0.003221,0.0,1.897266,0.0,38.097614,25.142995,0.800212,2.856439,0.0,89.406163,0.0,14.83926,0.0,60.759349,33.842562,60.91876,50.050812,33.843755,50.0,27.0,0.0,0.0,0.0,0.0,0.0,0.0,0.0,1
3480,0.003189,0.0,1.900048,0.0,37.924919,24.969638,0.799904,2.856969,0.0,89.135288,0.0,14.967465,0.0,61.194501,33.741646,61.131078,50.109243,33.96171,50.0,27.0,0.0,0.0,0.0,0.0,0.0,0.0,0.0,1
3481,0.003157,0.0,1.896685,0.0,37.958107,24.995357,0.803,2.853543,0.0,89.406882,0.0,14.887821,0.0,60.937754,33.580125,60.537587,49.944661,33.631993,50.0,27.0,0.0,0.0,0.0,0.0,0.0,0.0,0.0,1
3482,0.003125,0.0,1.902571,0.0,38.010167,24.975433,0.801582,2.84752,0.0,88.91295,0.0,14.902643,0.0,61.057036,33.535123,60.586952,49.958581,33.659418,50.0,27.0,0.0,0.0,0.0,0.0,0.0,0.0,0.0,1
3483,0.003094,0.0,1.902096,0.0,37.883492,24.966556,0.80178,2.831031,0.0,89.394933,0.0,14.933143,0.0,60.74459,33.695946,60.643124,49.974313,33.690624,50.0,27.0,0.0,0.0,0.0,0.0,0.0,0.0,0.0,1
3484,0.003063,0.0,1.907989,0.0,38.029195,25.117308,0.801156,2.852267,0.0,89.444708,0.0,14.937062,0.0,60.740725,33.835507,60.939987,50.056492,33.855548,50.0,27.0,0.0,0.0,0.0,0.0,0.0,0.0,0.0,1
3485,0.003033,0.0,1.905281,0.0,38.091171,25.000871,0.801089,2.845902,0.0,88.711375,0.0,14.782579,0.0,60.793346,33.673458,60.638331,49.972835,33.687962,50.0,27.0,0.0,0.0,0.0,0.0,0.0,0.0,0.0,1
3486,0.003002,0.0,1.904586,0.0,37.85462,25.101005,0.802673,2.848655,0.0,89.494259,0.0,14.855258,0.0,60.782183,33.734291,60.765177,50.00803,33.758432,50.0,27.0,0.0,0.0,0.0,0.0,0.0,0.0,0.0,1
3487,0.002972,0.0,1.908288,0.0,37.888497,25.129733,0.801801,2.839372,0.0,88.86187,0.0,14.854888,0.0,60.635779,33.749173,60.651226,49.976494,33.695125,50.0,27.0,0.0,0.0,0.0,0.0,0.0,0.0,0.0,1
3488,0.002943,0.0,1.899454,0.0,37.956989,24.937594,0.802096,2.851701,0.0,88.996079,0.0,14.858187,0.0,60.65908,33.731479,60.636239,49.972468,33.686799,50.0,27.0,0.0,0.0,0.0,0.0,0.0,0.0,0.0,1
3489,0.002913,0.0,1.895599,0.0,37.846188,24.96813,0.802283,2.848366,0.0,89.089728,0.0,14.846716,0.0,60.908331,33.665072,60.74684,50.003175,33.748244,50.0,27.0,0.0,0.0,0.0,0.0,0.0,0.0,0.0,1
3490,0.002884,0.0,1.901899,0.0,38.142329,25.000168,0.798733,2.841284,0.0,89.047613,0.0,14.85559,0.0,60.224176,34.098635,60.987325,50.069628,33.881847,50.0,27.0,0.0,0.0,0.0,0.0,0.0,0.0,0.0,1
3491,0.002855,0.0,1.912756,0.0,38.109129,25.021308,0.796095,2.85295,0.0,89.266637,0.0,14.846321,0.0,60.710679,33.884369,60.974166,50.065645,33.874537,50.0,27.0,0.0,0.0,0.0,0.0,0.0,0.0,0.0,1
3492,0.002827,0.0,1.90004,0.0,37.830685,24.854905,0.799645,2.862363,0.0,89.218435,0.0,14.866178,0.0,60.466592,33.901461,60.749663,50.003267,33.749813,50.0,27.0,0.0,0.0,0.0,0.0,0.0,0.0,0.0,1
3493,0.002798,0.0,1.9087,0.0,38.146653,24.972757,0.802781,2.838361,0.0,89.289804,0.0,14.917937,0.0,60.905319,33.696511,60.738381,50.000132,33.743545,50.0,27.0,0.0,0.0,0.0,0.0,0.0,0.0,0.0,1
3494,0.00277,0.0,1.902159,0.0,38.102387,24.979335,0.799734,2.852036,0.0,89.424384,0.0,14.771416,0.0,60.825468,33.652162,60.575416,49.955089,33.653009,50.0,27.0,0.0,0.0,0.0,0.0,0.0,0.0,0.0,1
3495,0.002743,0.0,1.901233,0.0,37.936542,25.096987,0.796714,2.849442,0.0,89.439582,0.0,14.881129,0.0,60.93197,33.598892,60.58518,49.958011,33.658433,50.0,27.0,0.0,0.0,0.0,0.0,0.0,0.0,0.0,1
3496,0.002715,0.0,1.901685,0.0,37.923057,24.953533,0.799519,2.852516,0.0,88.839875,0.0,14.933317,0.0,61.008952,33.797647,61.103084,50.101366,33.946158,50.0,27.0,0.0,0.0,0.0,0.0,0.0,0.0,0.0,1
3497,0.002688,0.0,1.910996,0.0,37.958067,24.989474,0.801159,2.857962,0.0,88.928551,0.0,14.900915,0.0,60.67168,33.821029,60.809251,50.019648,33.782917,50.0,27.0,0.0,0.0,0.0,0.0,0.0,0.0,0.0,1
3498,0.002661,0.0,1.903801,0.0,38.046341,25.071007,0.799676,2.853784,0.0,89.183009,0.0,14.844997,0.0,60.943908,33.570715,60.544874,49.946477,33.636041,50.0,27.0,0.0,0.0,0.0,0.0,0.0,0.0,0.0,1
3499,0.002635,0.0,1.897338,0.0,37.988849,24.952407,0.796878,2.864343,0.0,89.492794,0.0,14.877567,0.0,60.757971,33.682925,60.62057,49.967665,33.678094,50.0,27.0,0.0,0.0,0.0,0.0,0.0,0.0,0.0,1
3500,0.002608,0.0,1.902758,0.0,37.951402,24.978628,0.797195,2.851831,0.0,89.510746,0.0,14.867415,0.0,61.133384,33.568536,60.763282,50.007271,33.757379,50.0,27.0,0.0,0.0,0.0,0.0,0.0,0.0,0.0,1
3501,0.002582,0.0,1.899646,0.0,37.908489,25.018929,0.798305,2.847856,0.0,89.245116,0.0,14.836756,0.0,60.888058,33.564044,60.531611,49.943202,33.628673,50.0,27.0,0.0,0.0,0.0,0.0,0.0,0.0,0.0,1
3502,0.002556,0.0,1.891089,0.0,37.956046,25.028988,0.802303,2.852583,0.0,88.940586,0.0,14.751127,0.0,60.617349,33.79649,60.773496,50.010341,33.763053,50.0,27.0,0.0,0.0,0.0,0.0,0.0,0.0,0.0,1
3503,0.002531,0.0,1.900668,0.0,37.958692,24.99211,0.795896,2.852487,0.0,88.861451,0.0,14.835484,0.0,60.436414,33.763082,60.512333,49.938105,33.617963,50.0,27.0,0.0,0.0,0.0,0.0,0.0,0.0,0.0,1
3504,0.002505,0.0,1.894001,0.0,37.949483,24.930821,0.800111,2.859101,0.0,88.963942,0.0,14.837091,0.0,60.498968,33.804119,60.656704,49.978317,33.698169,50.0,27.0,0.0,0.0,0.0,0.0,0.0,0.0,0.0,1
3505,0.00248,0.0,1.891536,0.0,38.093856,24.88787,0.797859,2.852079,0.0,89.38322,0.0,14.848626,0.0,60.792054,33.752115,60.830235,50.026388,33.794575,50.0,27.0,0.0,0.0,0.0,0.0,0.0,0.0,0.0,1
3506,0.002456,0.0,1.90661,0.0,37.967323,24.980769,0.797764,2.84568,0.0,89.219713,0.0,14.793371,0.0,60.663184,33.745643,60.685327,49.986204,33.714071,50.0,27.0,0.0,0.0,0.0,0.0,0.0,0.0,0.0,1
3507,0.002431,0.0,1.904879,0.0,37.803299,25.010127,0.801821,2.832611,0.0,88.775807,0.0,14.866538,0.0,60.689989,33.73326,60.684629,49.98608,33.713683,50.0,27.0,0.0,0.0,0.0,0.0,0.0,0.0,0.0,1
3508,0.002407,0.0,1.911119,0.0,37.973699,24.905527,0.795866,2.846089,0.0,88.821048,0.0,14.888541,0.0,60.778808,33.715997,60.737368,50.000726,33.742982,50.0,27.0,0.0,0.0,0.0,0.0,0.0,0.0,0.0,1
3509,0.002383,0.0,1.900652,0.0,37.924401,24.924607,0.800511,2.85258,0.0,88.546745,0.0,14.767121,0.0,60.772539,33.783099,60.875232,50.038828,33.819574,50.0,27.0,0.0,0.0,0.0,0.0,0.0,0.0,0.0,1
3510,0.002359,0.0,1.901601,0.0,37.905692,24.914527,0.799179,2.839441,0.0,88.639495,0.0,14.913627,0.0,60.584251,33.82155,60.761634,50.007236,33.756463,50.0,27.0,0.0,0.0,0.0,0.0,0.0,0.0,0.0,1
3511,0.002335,0.0,1.897623,0.0,38.120909,24.897579,0.800838,2.856796,0.0,88.862912,0.0,14.75642,0.0,60.705923,33.799589,60.825896,50.024962,33.792164,50.0,27.0,0.0,0.0,0.0,0.0,0.0,0.0,0.0,1
3512,0.002312,0.0,1.892395,0.0,37.969622,25.033853,0.799638,2.844378,0.0,88.839334,0.0,14.800189,0.0,60.944989,33.558593,60.549111,49.948336,33.638395,50.0,27.0,0.0,0.0,0.0,0.0,0.0,0.0,0.0,1
3513,0.002289,0.0,1.898607,0.0,37.917986,25.000891,0.803938,2.861171,0.0,88.977015,0.0,14.849953,0.0,60.760769,33.681005,60.647848,49.975883,33.693249,50.0,27.0,0.0,0.0,0.0,0.0,0.0,0.0,0.0,1
3514,0.002266,0.0,1.898188,0.0,37.937546,24.99655,0.800927,2.844324,0.0,88.791286,0.0,14.903899,0.0,60.71275,33.633676,60.50705,49.937087,33.615028,50.0,27.0,0.0,0.0,0.0,0.0,0.0,0.0,0.0,1
3515,0.002243,0.0,1.893567,0.0,38.15845,24.97482,0.800873,2.84717,0.0,89.109093,0.0,14.828274,0.0,60.543484,33.84017,60.786214,50.01456,33.770119,50.0,27.0,0.0,0.0,0.0,0.0,0.0,0.0,0.0,1
3516,0.002221,0.0,1.893247,0.0,37.826238,24.916902,0.800611,2.846435,0.0,88.570308,0.0,14.797422,0.0,60.617024,33.803946,60.768173,50.009501,33.760096,50.0,27.0,0.0,0.0,0.0,0.0,0.0,0.0,0.0,1
3517,0.002199,0.0,1.901181,0.0,38.079875,25.08134,0.801255,2.847777,0.0,88.878053,0.0,14.869548,0.0,60.875267,33.480764,60.335258,49.889798,33.519588,50.0,27.0,0.0,0.0,0.0,0.0,0.0,0.0,0.0,1
3518,0.002177,0.0,1.898163,0.0,38.10262,24.989714,0.797382,2.861723,0.0,88.709903,0.0,14.827382,0.0,60.838551,33.564556,60.50904,49.938379,33.616134,50.0,27.0,0.0,0.0,0.0,0.0,0.0,0.0,0.0,1
3519,0.002155,0.0,1.899479,0.0,37.875941,25.123077,0.80246,2.832497,0.0,89.203977,0.0,14.883801,0.0,60.874657,33.541979,60.518118,49.941195,33.621177,50.0,27.0,0.0,0.0,0.0,0.0,0.0,0.0,0.0,1
3520,0.002133,0.0,1.885505,0.0,37.881723,25.113288,0.800748,2.852236,0.0,89.138521,0.0,14.878442,0.0,60.708176,33.884468,61.096358,50.10131,33.942421,50.0,27.0,0.0,0.0,0.0,0.0,0.0,0.0,0.0,1
3521,0.002112,0.0,1.895438,0.0,38.06734,24.882649,0.800011,2.851943,0.0,89.172898,0.0,14.825744,0.0,60.443917,33.944489,60.934445,50.056054,33.852469,50.0,27.0,0.0,0.0,0.0,0.0,0.0,0.0,0.0,1
3522,0.002091,0.0,1.909401,0.0,38.023744,24.841661,0.797486,2.845182,0.0,89.098429,0.0,14.852903,0.0,60.611316,33.797036,60.760152,50.007601,33.75564,50.0,27.0,0.0,0.0,0.0,0.0,0.0,0.0,0.0,1
3523,0.00207,0.0,1.894247,0.0,38.080318,24.848289,0.794386,2.850253,0.0,88.906614,0.0,14.916536,0.0,60.932571,33.510858,60.468449,49.926938,33.593583,50.0,27.0,0.0,0.0,0.0,0.0,0.0,0.0,0.0,1
3524,0.002049,0.0,1.907918,0.0,37.959968,25.08867,0.803044,2.849654,0.0,88.986022,0.0,14.803095,0.0,60.914249,33.678648,60.833066,50.02808,33.796148,50.0,27.0,0.0,0.0,0.0,0.0,0.0,0.0,0.0,1
3525,0.002029,0.0,1.906835,0.0,37.881179,25.066858,0.802901,2.873986,0.0,89.209359,0.0,14.916845,0.0,60.793024,33.77104,60.911805,50.049704,33.839891,50.0,27.0,0.0,0.0,0.0,0.0,0.0,0.0,0.0,1
3526,0.002008,0.0,1.909908,0.0,37.881397,25.006315,0.802413,2.844626,0.0,89.093916,0.0,14.78932,0.0,60.398867,33.949728,60.887143,50.04264,33.826191,50.0,27.0,0.0,0.0,0.0,0.0,0.0,0.0,0.0,1
3527,0.001988,0.0,1.897027,0.0,37.958,25.043389,0.799781,2.853771,0.0,89.285504,0.0,14.730654,0.0,60.864085,33.633793,60.655418,49.97838,33.697455,50.0,27.0,0.0,0.0,0.0,0.0,0.0,0.0,0.0,1
3528,0.001968,0.0,1.899047,0.0,37.88388,24.938002,0.802802,2.842729,0.0,89.133655,0.0,14.880285,0.0,60.997275,33.657986,60.852683,50.033011,33.807046,50.0,27.0,0.0,0.0,0.0,0.0,0.0,0.0,0.0,1
3529,0.001949,0.0,1.908492,0.0,38.209442,25.04023,0.800502,2.843972,0.0,89.503823,0.0,14.852586,0.0,60.530983,33.846027,60.792076,50.016095,33.773376,50.0,27.0,0.0,0.0,0.0,0.0,0.0,0.0,0.0,1
3530,0.001929,0.0,1.894754,0.0,38.093644,25.007115,0.799411,2.850875,0.0,88.916008,0.0,14.853417,0.0,60.959401,33.699864,60.895864,50.044701,33.831035,50.0,27.0,0.0,0.0,0.0,0.0,0.0,0.0,0.0,1
3531,0.00191,0.0,1.900778,0.0,38.000448,25.129342,0.79661,2.85215,0.0,89.501647,0.0,14.840291,0.0,60.846696,33.720058,60.829726,50.026199,33.794292,50.0,27.0,0.0,0.0,0.0,0.0,0.0,0.0,0.0,1
3532,0.001891,0.0,1.897494,0.0,37.92062,24.941736,0.801481,2.850343,0.0,89.193162,0.0,14.878033,0.0,60.494634,33.751201,60.544417,49.94721,33.635787,50.0,27.0,0.0,0.0,0.0,0.0,0.0,0.0,0.0,1
3533,0.001872,0.0,1.897156,0.0,38.136911,25.04267,0.801312,2.846095,0.0,89.31109,0.0,14.922615,0.0,60.568337,33.877295,60.880987,50.040499,33.822771,50.0,27.0,0.0,0.0,0.0,0.0,0.0,0.0,0.0,1
3534,0.001853,0.0,1.886362,0.0,38.012096,25.049162,0.799754,2.853842,0.0,88.867446,0.0,14.895628,0.0,60.704324,33.878302,60.999558,50.073071,33.888643,50.0,27.0,0.0,0.0,0.0,0.0,0.0,0.0,0.0,1
3535,0.001835,0.0,1.894627,0.0,37.780085,25.076391,0.800658,2.839264,0.0,88.837836,0.0,14.761591,0.0,60.419556,34.001635,60.956495,50.060804,33.864719,50.0,27.0,0.0,0.0,0.0,0.0,0.0,0.0,0.0,1
3536,0.001816,0.0,1.895806,0.0,37.959248,25.058794,0.798514,2.845504,0.0,89.356811,0.0,14.857487,0.0,60.974749,33.679892,60.799451,50.017096,33.777473,50.0,27.0,0.0,0.0,0.0,0.0,0.0,0.0,0.0,1
3537,0.001798,0.0,1.898613,0.0,38.013095,25.087979,0.798484,2.861991,0.0,89.005356,0.0,14.905349,0.0,61.042014,33.612117,60.73471,49.999116,33.741505,50.0,27.0,0.0,0.0,0.0,0.0,0.0,0.0,0.0,1
3538,0.00178,0.0,1.903404,0.0,37.846504,24.912054,0.797954,2.856425,0.0,89.673156,0.0,14.874095,0.0,61.109767,33.54879,60.688089,49.986235,33.715605,50.0,27.0,0.0,0.0,0.0,0.0,0.0,0.0,0.0,1
3539,0.001762,0.0,1.906193,0.0,38.10224,25.042051,0.802592,2.855486,0.0,89.652237,0.0,14.92906,0.0,61.012481,33.694294,60.924082,50.051531,33.846712,50.0,27.0,0.0,0.0,0.0,0.0,0.0,0.0,0.0,1
3540,0.001745,0.0,1.907131,0.0,38.108979,24.93172,0.799278,2.848379,0.0,89.295463,0.0,14.870284,0.0,60.494444,33.702969,60.429867,49.914676,33.572149,50.0,27.0,0.0,0.0,0.0,0.0,0.0,0.0,0.0,1
3541,0.001727,0.0,1.892898,0.0,38.125109,25.019722,0.800955,2.843504,0.0,88.953698,0.0,14.862126,0.0,60.758464,33.711596,60.71612,49.994219,33.731178,50.0,27.0,0.0,0.0,0.0,0.0,0.0,0.0,0.0,1
3542,0.00171,0.0,1.899065,0.0,38.033718,25.079353,0.802177,2.856673,0.0,89.196887,0.0,14.850488,0.0,60.446029,33.772956,60.535764,49.944398,33.63098,50.0,27.0,0.0,0.0,0.0,0.0,0.0,0.0,0.0,1
3543,0.001693,0.0,1.901991,0.0,37.877861,24.871773,0.796525,2.850348,0.0,89.41371,0.0,14.797261,0.0,60.439364,33.938179,60.872007,50.037611,33.817782,50.0,27.0,0.0,0.0,0.0,0.0,0.0,0.0,0.0,1
3544,0.001676,0.0,1.896928,0.0,38.045843,25.160342,0.802712,2.862339,0.0,88.930794,0.0,14.814904,0.0,60.662126,33.682865,60.529177,49.942667,33.62732,50.0,27.0,0.0,0.0,0.0,0.0,0.0,0.0,0.0,1
3545,0.001659,0.0,1.901051,0.0,38.051761,24.996445,0.798582,2.863372,0.0,88.914899,0.0,14.868886,0.0,60.798622,33.869767,61.068228,50.091944,33.926793,50.0,27.0,0.0,0.0,0.0,0.0,0.0,0.0,0.0,1
3546,0.001643,0.0,1.910382,0.0,38.21822,24.883819,0.798306,2.869186,0.0,89.04625,0.0,14.765821,0.0,60.660568,33.950671,61.083981,50.095841,33.935545,50.0,27.0,0.0,0.0,0.0,0.0,0.0,0.0,0.0,1
3547,0.001626,0.0,1.906893,0.0,38.111183,24.945376,0.798753,2.836449,0.0,89.194389,0.0,14.778697,0.0,60.907855,33.704117,60.784729,50.012652,33.769294,50.0,27.0,0.0,0.0,0.0,0.0,0.0,0.0,0.0,1
3548,0.00161,0.0,1.902523,0.0,38.038643,24.900838,0.797301,2.866887,0.0,89.617071,0.0,14.77708,0.0,61.231225,33.431207,60.540126,49.944982,33.633404,50.0,27.0,0.0,0.0,0.0,0.0,0.0,0.0,0.0,1
3549,0.001594,0.0,1.904502,0.0,38.140347,24.997307,0.79863,2.837242,0.0,89.827588,0.0,14.879636,0.0,60.832538,33.693871,60.73869,50.000138,33.743717,50.0,27.0,0.0,0.0,0.0,0.0,0.0,0.0,0.0,1
3550,0.001578,0.0,1.8897,0.0,37.912159,24.980805,0.796483,2.862046,0.0,89.012067,0.0,14.845436,0.0,60.925499,33.737097,60.928695,50.052654,33.849275,50.0,27.0,0.0,0.0,0.0,0.0,0.0,0.0,0.0,1
3551,0.001562,0.0,1.90569,0.0,38.155928,24.929091,0.805163,2.85299,0.0,89.054042,0.0,14.787981,0.0,60.812241,33.482556,60.278315,49.872629,33.487953,50.0,27.0,0.0,0.0,0.0,0.0,0.0,0.0,0.0,1
3552,0.001547,0.0,1.899717,0.0,38.071962,24.960584,0.796915,2.845525,0.0,89.097074,0.0,14.8741,0.0,60.636458,33.785402,60.774719,50.010467,33.763733,50.0,27.0,0.0,0.0,0.0,0.0,0.0,0.0,0.0,1
3553,0.001531,0.0,1.89976,0.0,38.052465,24.949401,0.798848,2.841061,0.0,88.916935,0.0,14.844609,0.0,61.054551,33.613963,60.82254,50.023632,33.7903,50.0,27.0,0.0,0.0,0.0,0.0,0.0,0.0,0.0,1
3554,0.001516,0.0,1.911128,0.0,38.142238,24.987611,0.798678,2.852614,0.0,89.322406,0.0,14.858184,0.0,60.752145,33.805104,60.937824,50.055379,33.854347,50.0,27.0,0.0,0.0,0.0,0.0,0.0,0.0,0.0,1
3555,0.001501,0.0,1.90394,0.0,37.886524,25.010485,0.798673,2.848187,0.0,89.19535,0.0,14.908108,0.0,60.99246,33.570672,60.672029,49.981639,33.706683,50.0,27.0,0.0,0.0,0.0,0.0,0.0,0.0,0.0,1
3556,0.001486,0.0,1.898063,0.0,37.977059,25.040262,0.796473,2.846114,0.0,88.762073,0.0,14.783349,0.0,60.537813,33.770653,60.659245,49.978196,33.69958,50.0,27.0,0.0,0.0,0.0,0.0,0.0,0.0,0.0,1
3557,0.001471,0.0,1.907975,0.0,37.950286,24.96824,0.798438,2.854091,0.0,88.945691,0.0,14.878605,0.0,60.671748,33.781791,60.809082,50.019719,33.782824,50.0,27.0,0.0,0.0,0.0,0.0,0.0,0.0,0.0,1
3558,0.001456,0.0,1.902441,0.0,37.993942,24.825179,0.795886,2.843101,0.0,88.711363,0.0,14.916771,0.0,60.307739,33.944281,60.779244,50.011374,33.766247,50.0,27.0,0.0,0.0,0.0,0.0,0.0,0.0,0.0,1
3559,0.001442,0.0,1.905292,0.0,38.171713,24.994424,0.796932,2.864527,0.0,88.926846,0.0,14.806723,0.0,60.496307,33.877387,60.797238,50.016291,33.776243,50.0,27.0,0.0,0.0,0.0,0.0,0.0,0.0,0.0,1
3560,0.001427,0.0,1.901956,0.0,37.993297,25.005884,0.801743,2.845249,0.0,89.156955,0.0,14.834745,0.0,61.03632,33.572542,60.67541,49.982537,33.708561,50.0,27.0,0.0,0.0,0.0,0.0,0.0,0.0,0.0,1
3561,0.001413,0.0,1.896965,0.0,37.917286,24.984179,0.80262,2.834606,0.0,89.100109,0.0,14.899988,0.0,61.051757,33.629494,60.833536,50.02633,33.796409,50.0,27.0,0.0,0.0,0.0,0.0,0.0,0.0,0.0,1
3562,0.001399,0.0,1.89449,0.0,37.900356,25.09888,0.797812,2.853613,0.0,89.016052,0.0,14.823142,0.0,60.818129,33.736895,60.840097,50.028012,33.800054,50.0,27.0,0.0,0.0,0.0,0.0,0.0,0.0,0.0,1
3563,0.001385,0.0,1.903363,0.0,37.949002,24.91525,0.802454,2.847508,0.0,89.206481,0.0,14.836089,0.0,60.894584,33.791967,61.031347,50.080733,33.906304,50.0,27.0,0.0,0.0,0.0,0.0,0.0,0.0,0.0,1
3564,0.001371,0.0,1.908799,0.0,37.949027,25.054486,0.800723,2.840089,0.0,89.437704,0.0,14.824488,0.0,60.912096,33.766918,60.987474,50.068205,33.88193,50.0,27.0,0.0,0.0,0.0,0.0,0.0,0.0,0.0,1
3565,0.001357,0.0,1.894248,0.0,37.931146,24.818274,0.798085,2.857647,0.0,89.453369,0.0,14.87949,0.0,60.816366,33.643487,60.62667,49.968141,33.681483,50.0,27.0,0.0,0.0,0.0,0.0,0.0,0.0,0.0,1
3566,0.001344,0.0,1.902297,0.0,37.691498,24.981919,0.801807,2.852602,0.0,89.347525,0.0,14.850491,0.0,60.402412,33.863415,60.688481,49.985384,33.715823,50.0,27.0,0.0,0.0,0.0,0.0,0.0,0.0,0.0,1
3567,0.00133,0.0,1.901342,0.0,37.972538,25.042624,0.802553,2.863456,0.0,88.313862,0.0,14.818713,0.0,60.735754,33.724505,60.710931,49.991662,33.728295,50.0,27.0,0.0,0.0,0.0,0.0,0.0,0.0,0.0,1
3568,0.001317,0.0,1.897458,0.0,37.762465,24.895444,0.796914,2.870941,0.0,89.450338,0.0,14.875169,0.0,60.82436,33.684877,60.717498,49.993519,33.731944,50.0,27.0,0.0,0.0,0.0,0.0,0.0,0.0,0.0,1
3569,0.001304,0.0,1.904852,0.0,37.865786,24.816621,0.797263,2.853646,0.0,88.942767,0.0,14.870106,0.0,60.814948,33.560334,60.452057,49.920184,33.584476,50.0,27.0,0.0,0.0,0.0,0.0,0.0,0.0,0.0,1
3570,0.001291,0.0,1.895486,0.0,37.747366,25.048348,0.802126,2.864859,0.0,88.90314,0.0,14.854611,0.0,60.860074,33.685467,60.783818,50.012278,33.768788,50.0,27.0,0.0,0.0,0.0,0.0,0.0,0.0,0.0,1
3571,0.001278,0.0,1.904448,0.0,38.175154,25.065062,0.800427,2.848599,0.0,89.049689,0.0,14.815247,0.0,60.533587,33.723372,60.542051,49.945394,33.634473,50.0,27.0,0.0,0.0,0.0,0.0,0.0,0.0,0.0,1
3572,0.001265,0.0,1.899576,0.0,37.928809,24.97613,0.80053,2.854101,0.0,89.073267,0.0,14.859797,0.0,60.64129,33.745841,60.696621,49.988388,33.720345,50.0,27.0,0.0,0.0,0.0,0.0,0.0,0.0,0.0,1
3573,0.001252,0.0,1.907167,0.0,37.992669,24.998703,0.797161,2.848118,0.0,89.270193,0.0,14.832693,0.0,60.725025,33.690024,60.659159,49.978091,33.699533,50.0,27.0,0.0,0.0,0.0,0.0,0.0,0.0,0.0,1
3574,0.00124,0.0,1.899156,0.0,37.87746,24.984044,0.799552,2.842517,0.0,89.334371,0.0,14.80384,0.0,60.419625,33.788982,60.566615,49.952622,33.648119,50.0,27.0,0.0,0.0,0.0,0.0,0.0,0.0,0.0,1
3575,0.001227,0.0,1.898203,0.0,37.97399,24.993855,0.799984,2.85146,0.0,89.309722,0.0,14.871064,0.0,60.606609,34.021784,61.235478,50.137728,34.01971,50.0,27.0,0.0,0.0,0.0,0.0,0.0,0.0,0.0,1
3576,0.001215,0.0,1.896504,0.0,38.159792,25.007166,0.799745,2.847574,0.0,89.403849,0.0,14.903203,0.0,60.793795,33.592461,60.477757,49.927612,33.598754,50.0,27.0,0.0,0.0,0.0,0.0,0.0,0.0,0.0,1
3577,0.001203,0.0,1.902251,0.0,37.749973,25.067053,0.800327,2.845656,0.0,89.380095,0.0,14.878224,0.0,60.7466,33.770823,60.826548,50.024377,33.792527,50.0,27.0,0.0,0.0,0.0,0.0,0.0,0.0,0.0,1
3578,0.001191,0.0,1.901606,0.0,37.962456,25.023038,0.799363,2.862283,0.0,88.549543,0.0,14.820725,0.0,60.495121,33.898756,60.83993,50.027954,33.799961,50.0,27.0,0.0,0.0,0.0,0.0,0.0,0.0,0.0,1
3579,0.001179,0.0,1.900486,0.0,37.962395,24.92108,0.798072,2.836195,0.0,89.36972,0.0,14.881665,0.0,60.720512,33.729262,60.686244,49.985337,33.71458,50.0,27.0,0.0,0.0,0.0,0.0,0.0,0.0,0.0,1
3580,0.001167,0.0,1.900579,0.0,38.002796,24.925715,0.802162,2.864883,0.0,89.2264,0.0,14.858044,0.0,60.972123,33.794548,61.07771,50.093609,33.932061,50.0,27.0,0.0,0.0,0.0,0.0,0.0,0.0,0.0,1
3581,0.001156,0.0,1.898321,0.0,37.85719,24.931785,0.800832,2.849021,0.0,89.317609,0.0,14.865317,0.0,60.698147,33.647929,60.48786,49.930112,33.604366,50.0,27.0,0.0,0.0,0.0,0.0,0.0,0.0,0.0,1
3582,0.001144,0.0,1.901176,0.0,38.057503,24.980517,0.799476,2.849105,0.0,89.041645,0.0,14.907928,0.0,60.532508,34.01885,61.117774,50.104565,33.954319,50.0,27.0,0.0,0.0,0.0,0.0,0.0,0.0,0.0,1
3583,0.001133,0.0,1.891496,0.0,37.927627,25.019526,0.800773,2.862254,0.0,89.440321,0.0,14.819146,0.0,61.111083,33.615626,60.809222,50.018762,33.782901,50.0,27.0,0.0,0.0,0.0,0.0,0.0,0.0,0.0,1
3584,0.001121,0.0,1.902209,0.0,38.080114,25.016453,0.79504,2.844587,0.0,89.666797,0.0,14.783067,0.0,60.787587,33.788897,60.870085,50.035491,33.816714,50.0,27.0,0.0,0.0,0.0,0.0,0.0,0.0,0.0,1
3585,0.00111,0.0,1.896219,0.0,38.181908,25.026036,0.798978,2.842579,0.0,89.197177,0.0,14.791554,0.0,60.84139,33.74117,60.818057,50.020934,33.787809,50.0,27.0,0.0,0.0,0.0,0.0,0.0,0.0,0.0,1
3586,0.001099,0.0,1.886225,0.0,37.991278,24.984809,0.795854,2.84618,0.0,89.146984,0.0,14.847282,0.0,60.521779,34.008778,61.064389,50.088915,33.924661,50.0,27.0,0.0,0.0,0.0,0.0,0.0,0.0,0.0,1
3587,0.001088,0.0,1.895608,0.0,38.100694,24.924218,0.8022,2.843356,0.0,89.05083,0.0,14.864367,0.0,60.574362,33.848884,60.745782,50.000411,33.747657,50.0,27.0,0.0,0.0,0.0,0.0,0.0,0.0,0.0,1
3588,0.001077,0.0,1.890862,0.0,38.099649,25.069904,0.802918,2.845899,0.0,89.477922,0.0,14.839871,0.0,60.795169,33.943128,61.154673,50.113425,33.974818,50.0,27.0,0.0,0.0,0.0,0.0,0.0,0.0,0.0,1
3589,0.001066,0.0,1.908888,0.0,37.795695,24.938458,0.803659,2.838776,0.0,89.396933,0.0,14.919048,0.0,60.753793,33.753673,60.691196,49.984758,33.717331,50.0,27.0,0.0,0.0,0.0,0.0,0.0,0.0,0.0,1
3590,0.001056,0.0,1.893753,0.0,37.867345,25.047448,0.800204,2.84988,0.0,89.624422,0.0,14.882738,0.0,60.724528,33.83027,60.827414,50.022484,33.793008,50.0,27.0,0.0,0.0,0.0,0.0,0.0,0.0,0.0,1
3591,0.001045,0.0,1.901163,0.0,38.059626,25.123456,0.804164,2.849264,0.0,88.929172,0.0,14.905694,0.0,60.833785,33.749112,60.759049,50.003476,33.755027,50.0,27.0,0.0,0.0,0.0,0.0,0.0,0.0,0.0,1
3592,0.001035,0.0,1.895013,0.0,38.019977,25.103126,0.800465,2.842137,0.0,89.253078,0.0,14.913388,0.0,60.940287,33.576647,60.50643,49.933636,33.614683,50.0,27.0,0.0,0.0,0.0,0.0,0.0,0.0,0.0,1
3593,0.001024,0.0,1.907604,0.0,37.909205,24.951956,0.7974,2.860272,0.0,89.604131,0.0,14.935979,0.0,60.862714,33.668364,60.649438,49.973493,33.694132,50.0,27.0,0.0,0.0,0.0,0.0,0.0,0.0,0.0,1
3594,0.001014,0.0,1.89354,0.0,37.985321,24.887261,0.794923,2.842629,0.0,89.415552,0.0,14.81905,0.0,60.674661,33.868183,60.896207,50.04183,33.831226,50.0,27.0,0.0,0.0,0.0,0.0,0.0,0.0,0.0,1
3595,0.001004,0.0,1.902255,0.0,37.990054,25.051473,0.796965,2.85466,0.0,89.027188,0.0,14.873183,0.0,60.882772,33.785262,60.91556,50.046972,33.841978,50.0,27.0,0.0,0.0,0.0,0.0,0.0,0.0,0.0,1
3596,0.000994,0.0,1.887932,0.0,37.861678,24.943725,0.802159,2.846534,0.0,89.548714,0.0,14.861995,0.0,60.986039,33.649339,60.730065,49.995468,33.738925,50.0,27.0,0.0,0.0,0.0,0.0,0.0,0.0,0.0,1
3597,0.000984,0.0,1.896396,0.0,38.173647,25.023594,0.802729,2.838519,0.0,89.253391,0.0,14.925947,0.0,60.910783,33.747964,60.878844,50.036612,33.82158,50.0,27.0,0.0,0.0,0.0,0.0,0.0,0.0,0.0,1
3598,0.000974,0.0,1.903518,0.0,38.178924,25.025784,0.799548,2.865349,0.0,89.022648,0.0,14.860579,0.0,60.555968,33.94936,60.950847,50.056331,33.861581,50.0,27.0,0.0,0.0,0.0,0.0,0.0,0.0,0.0,1
3599,0.000964,0.0,1.906661,0.0,38.144319,24.960766,0.802237,2.872963,0.0,89.372493,0.0,14.832561,0.0,60.94196,33.772809,60.939745,50.052982,33.855414,50.0,27.0,0.0,0.0,0.0,0.0,0.0,0.0,0.0,1
3600,0.000955,0.0,1.909448,0.0,37.914377,24.97098,0.803984,2.859049,0.0,88.831205,0.0,14.84317,0.0,61.086943,33.810636,61.164658,50.114884,33.980366,50.0,27.0,0.0,0.0,0.0,0.0,0.0,0.0,0.0,1
3601,0.000945,0.0,1.896617,0.0,37.916279,24.914661,0.79988,2.853059,0.0,89.178162,0.0,14.813956,0.0,60.922599,33.728494,60.82219,50.019656,33.790105,50.0,27.0,0.0,0.0,0.0,0.0,0.0,0.0,0.0,1
3602,0.000936,0.0,1.89658,0.0,38.107057,24.997515,0.7978,2.854646,0.0,89.565165,0.0,14.818702,0.0,60.938239,33.573207,60.516547,49.93508,33.620304,50.0,27.0,0.0,0.0,0.0,0.0,0.0,0.0,0.0,1
3603,0.000926,0.0,1.896363,0.0,38.074351,25.037388,0.79872,2.856896,0.0,89.094141,0.0,14.870105,0.0,61.075802,33.632446,60.805423,50.015247,33.780791,50.0,27.0,0.0,0.0,0.0,0.0,0.0,0.0,0.0,1
3604,0.000917,0.0,1.90102,0.0,38.016471,25.027458,0.797514,2.852054,0.0,88.90073,0.0,14.796223,0.0,60.618795,33.867056,60.860195,50.030309,33.811219,50.0,27.0,0.0,0.0,0.0,0.0,0.0,0.0,0.0,1
3605,0.000908,0.0,1.900323,0.0,38.08215,24.938196,0.802833,2.851903,0.0,89.254255,0.0,14.87635,0.0,60.603926,34.044755,61.205071,50.125481,34.002817,50.0,27.0,0.0,0.0,0.0,0.0,0.0,0.0,0.0,1
3606,0.000899,0.0,1.897794,0.0,38.012923,24.883666,0.79975,2.8373,0.0,89.031207,0.0,14.810585,0.0,60.736442,34.040839,61.291755,50.148816,34.050975,50.0,27.0,0.0,0.0,0.0,0.0,0.0,0.0,0.0,1
3607,0.00089,0.0,1.892444,0.0,37.95083,24.969283,0.801566,2.853875,0.0,89.493913,0.0,14.782972,0.0,61.092146,33.691936,60.876785,50.03338,33.820436,50.0,27.0,0.0,0.0,0.0,0.0,0.0,0.0,0.0,1
3608,0.000881,0.0,1.896287,0.0,38.017858,24.997352,0.799339,2.85183,0.0,88.970936,0.0,14.925347,0.0,60.873224,33.824027,60.949953,50.053437,33.861085,50.0,27.0,0.0,0.0,0.0,0.0,0.0,0.0,0.0,1
3609,0.000872,0.0,1.903769,0.0,37.807607,25.050697,0.794115,2.841756,0.0,88.708596,0.0,14.89358,0.0,60.928278,33.554276,60.431206,49.909791,33.572892,50.0,27.0,0.0,0.0,0.0,0.0,0.0,0.0,0.0,1
3610,0.000863,0.0,1.901583,0.0,38.078372,25.056776,0.805651,2.851163,0.0,89.28717,0.0,14.91506,0.0,60.68696,33.687586,60.502156,49.92985,33.612309,50.0,27.0,0.0,0.0,0.0,0.0,0.0,0.0,0.0,1
3611,0.000855,0.0,1.897965,0.0,37.988752,25.04016,0.801846,2.853044,0.0,89.301581,0.0,14.92127,0.0,60.94173,33.695494,60.785156,50.008419,33.769531,50.0,27.0,0.0,0.0,0.0,0.0,0.0,0.0,0.0,1
3612,0.000846,0.0,1.897534,0.0,37.895552,24.904418,0.796527,2.850068,0.0,89.275354,0.0,14.909964,0.0,60.616866,33.823419,60.73992,49.995874,33.7444,50.0,27.0,0.0,0.0,0.0,0.0,0.0,0.0,0.0,1
3613,0.000838,0.0,1.893111,0.0,38.055659,25.118036,0.799727,2.849537,0.0,88.916848,0.0,14.933563,0.0,60.52267,33.86342,60.722411,49.991055,33.734673,50.0,27.0,0.0,0.0,0.0,0.0,0.0,0.0,0.0,1
3614,0.000829,0.0,1.906981,0.0,37.972635,24.931705,0.797997,2.849899,0.0,89.439054,0.0,14.806389,0.0,60.914875,33.793608,60.954872,50.055351,33.863818,50.0,27.0,0.0,0.0,0.0,0.0,0.0,0.0,0.0,1
3615,0.000821,0.0,1.909071,0.0,38.106153,25.045017,0.79792,2.839211,0.0,89.061937,0.0,14.870556,0.0,61.039724,33.636592,60.746015,49.997349,33.747786,50.0,27.0,0.0,0.0,0.0,0.0,0.0,0.0,0.0,1
3616,0.000813,0.0,1.893674,0.0,38.157164,24.970892,0.800709,2.860926,0.0,89.154114,0.0,14.876556,0.0,61.192891,33.463638,60.552714,49.943934,33.640397,50.0,27.0,0.0,0.0,0.0,0.0,0.0,0.0,0.0,1
3617,0.000805,0.0,1.895417,0.0,37.827777,24.961536,0.802604,2.853803,0.0,89.461611,0.0,14.832137,0.0,60.448424,33.690817,60.327464,49.881955,33.515258,50.0,27.0,0.0,0.0,0.0,0.0,0.0,0.0,0.0,1
3618,0.000797,0.0,1.892579,0.0,38.001915,24.891466,0.798493,2.844039,0.0,88.713516,0.0,14.888678,0.0,60.511504,33.894397,60.827532,50.020759,33.793073,50.0,27.0,0.0,0.0,0.0,0.0,0.0,0.0,0.0,1
3619,0.000789,0.0,1.890254,0.0,37.981288,24.865731,0.799675,2.840793,0.0,89.105123,0.0,14.911411,0.0,60.765844,33.696743,60.645193,49.970258,33.691774,50.0,27.0,0.0,0.0,0.0,0.0,0.0,0.0,0.0,1
3620,0.000781,0.0,1.897005,0.0,37.841751,24.98988,0.796783,2.844481,0.0,89.201133,0.0,14.875025,0.0,60.759282,33.787104,60.836777,50.023359,33.798209,50.0,27.0,0.0,0.0,0.0,0.0,0.0,0.0,0.0,1
3621,0.000773,0.0,1.89278,0.0,38.135451,25.047079,0.801323,2.859707,0.0,88.994879,0.0,14.895169,0.0,60.675406,33.718577,60.603508,49.958768,33.668616,50.0,27.0,0.0,0.0,0.0,0.0,0.0,0.0,0.0,1
3622,0.000765,0.0,1.90771,0.0,37.777645,24.983958,0.800986,2.858024,0.0,89.113442,0.0,14.866731,0.0,60.529488,33.883759,60.810514,50.016189,33.783619,50.0,27.0,0.0,0.0,0.0,0.0,0.0,0.0,0.0,1
3623,0.000758,0.0,1.896096,0.0,38.026928,24.967335,0.799536,2.843409,0.0,89.339977,0.0,14.894746,0.0,60.762364,33.68521,60.607011,49.959861,33.670562,50.0,27.0,0.0,0.0,0.0,0.0,0.0,0.0,0.0,1
3624,0.00075,0.0,1.902941,0.0,37.761331,24.961933,0.802355,2.857478,0.0,89.326181,0.0,14.806103,0.0,60.683481,33.871028,60.929799,50.049278,33.849888,50.0,27.0,0.0,0.0,0.0,0.0,0.0,0.0,0.0,1
3625,0.000743,0.0,1.899197,0.0,37.915786,25.027882,0.802329,2.847447,0.0,88.581866,0.0,14.890309,0.0,60.717154,33.905999,61.021844,50.074474,33.901025,50.0,27.0,0.0,0.0,0.0,0.0,0.0,0.0,0.0,1
3626,0.000735,0.0,1.893049,0.0,38.135059,24.977743,0.801147,2.862748,0.0,89.291158,0.0,14.827846,0.0,60.519068,33.818258,60.619634,49.962934,33.677574,50.0,27.0,0.0,0.0,0.0,0.0,0.0,0.0,0.0,1
3627,0.000728,0.0,1.89819,0.0,38.205466,24.949306,0.80193,2.856785,0.0,89.143569,0.0,14.878555,0.0,60.948421,33.766975,60.934528,50.050154,33.852516,50.0,27.0,0.0,0.0,0.0,0.0,0.0,0.0,0.0,1
3628,0.000721,0.0,1.897578,0.0,38.082547,25.032663,0.796816,2.853857,0.0,89.248279,0.0,14.913375,0.0,60.469947,33.913833,60.7667,50.003517,33.759278,50.0,27.0,0.0,0.0,0.0,0.0,0.0,0.0,0.0,1
3629,0.000713,0.0,1.898666,0.0,38.072459,24.973895,0.80294,2.846023,0.0,89.164726,0.0,14.897439,0.0,61.098431,33.58581,60.684714,49.980839,33.71373,50.0,27.0,0.0,0.0,0.0,0.0,0.0,0.0,0.0,1
3630,0.000706,0.0,1.905031,0.0,38.011029,24.956238,0.800985,2.850214,0.0,89.582315,0.0,14.840467,0.0,60.754656,33.832826,60.887846,50.037079,33.826581,50.0,27.0,0.0,0.0,0.0,0.0,0.0,0.0,0.0,1
3631,0.000699,0.0,1.904849,0.0,37.807184,24.989207,0.797144,2.848025,0.0,88.952896,0.0,14.889566,0.0,60.740403,33.800772,60.797656,50.011967,33.776476,50.0,27.0,0.0,0.0,0.0,0.0,0.0,0.0,0.0,1
3632,0.000692,0.0,1.890307,0.0,37.906213,24.933494,0.799966,2.839039,0.0,89.516575,0.0,14.890057,0.0,61.016753,33.522375,60.483182,49.924988,33.601768,50.0,27.0,0.0,0.0,0.0,0.0,0.0,0.0,0.0,1
3633,0.000685,0.0,1.900813,0.0,37.985221,25.063726,0.802311,2.851959,0.0,89.090617,0.0,14.869548,0.0,60.628973,33.912358,60.951372,50.054767,33.861873,50.0,27.0,0.0,0.0,0.0,0.0,0.0,0.0,0.0,1
3634,0.000678,0.0,1.89343,0.0,37.830929,24.879623,0.802124,2.830442,0.0,88.981342,0.0,14.90068,0.0,60.762525,33.84281,60.91807,50.04529,33.843372,50.0,27.0,0.0,0.0,0.0,0.0,0.0,0.0,0.0,1
3635,0.000672,0.0,1.895734,0.0,38.154942,25.020527,0.798567,2.8546,0.0,89.000925,0.0,14.903667,0.0,60.692172,33.920668,61.002227,50.068325,33.890126,50.0,27.0,0.0,0.0,0.0,0.0,0.0,0.0,0.0,1
3636,0.000665,0.0,1.897856,0.0,37.949888,25.055875,0.798638,2.863238,0.0,88.586306,0.0,14.813832,0.0,60.65606,33.844792,60.786687,50.008411,33.770381,50.0,27.0,0.0,0.0,0.0,0.0,0.0,0.0,0.0,1
3637,0.000658,0.0,1.889466,0.0,37.970328,24.910757,0.795973,2.843266,0.0,89.599004,0.0,14.9915,0.0,61.207899,33.576521,60.764478,50.002231,33.758043,50.0,27.0,0.0,0.0,0.0,0.0,0.0,0.0,0.0,1
3638,0.000652,0.0,1.909031,0.0,38.125522,25.004072,0.796332,2.850331,0.0,89.020609,0.0,14.813451,0.0,61.222822,33.668417,61.000957,50.067582,33.889421,50.0,27.0,0.0,0.0,0.0,0.0,0.0,0.0,0.0,1
3639,0.000645,0.0,1.895624,0.0,37.960007,24.870703,0.797063,2.855823,0.0,89.355494,0.0,14.810579,0.0,60.978225,33.69307,60.822229,50.017845,33.790127,50.0,27.0,0.0,0.0,0.0,0.0,0.0,0.0,0.0,1
3640,0.000639,0.0,1.900119,0.0,38.131196,24.982969,0.801088,2.854048,0.0,89.137969,0.0,14.925611,0.0,60.966845,33.610951,60.647379,49.969429,33.692988,50.0,27.0,0.0,0.0,0.0,0.0,0.0,0.0,0.0,1
3641,0.000632,0.0,1.898926,0.0,38.107353,25.080498,0.801964,2.857751,0.0,89.045129,0.0,14.877395,0.0,60.516281,34.001394,61.040371,50.078202,33.911317,50.0,27.0,0.0,0.0,0.0,0.0,0.0,0.0,0.0,1
3642,0.000626,0.0,1.895708,0.0,37.947772,24.969131,0.799872,2.853915,0.0,89.254297,0.0,14.910412,0.0,60.952559,33.693168,60.79373,50.009643,33.774295,50.0,27.0,0.0,0.0,0.0,0.0,0.0,0.0,0.0,1
3643,0.00062,0.0,1.892542,0.0,38.096353,25.148974,0.801707,2.863644,0.0,88.933234,0.0,14.844521,0.0,60.723225,33.814888,60.831076,50.019917,33.795042,50.0,27.0,0.0,0.0,0.0,0.0,0.0,0.0,0.0,1
3644,0.000613,0.0,1.890362,0.0,38.108173,25.073488,0.80091,2.867648,0.0,89.391229,0.0,14.81967,0.0,60.777384,33.909993,61.079106,50.088372,33.932837,50.0,27.0,0.0,0.0,0.0,0.0,0.0,0.0,0.0,1
3645,0.000607,0.0,1.902723,0.0,38.285436,25.014682,0.800757,2.851819,0.0,89.471139,0.0,14.784906,0.0,60.577105,33.89083,60.819549,50.016192,33.788638,50.0,27.0,0.0,0.0,0.0,0.0,0.0,0.0,0.0,1
3646,0.000601,0.0,1.898434,0.0,37.658,24.995711,0.801716,2.850311,0.0,89.654419,0.0,14.864461,0.0,60.703043,33.778928,60.694289,49.98149,33.71905,50.0,27.0,0.0,0.0,0.0,0.0,0.0,0.0,0.0,1
3647,0.000595,0.0,1.898169,0.0,38.087451,25.009631,0.802912,2.856172,0.0,89.303759,0.0,14.860892,0.0,61.004484,33.603818,60.626905,49.962958,33.681614,50.0,27.0,0.0,0.0,0.0,0.0,0.0,0.0,0.0,1
3648,0.000589,0.0,1.901278,0.0,38.162656,25.082987,0.801657,2.84762,0.0,89.509282,0.0,14.869791,0.0,60.74448,33.805419,60.815753,50.015339,33.786529,50.0,27.0,0.0,0.0,0.0,0.0,0.0,0.0,0.0,1
3649,0.000583,0.0,1.902171,0.0,38.188152,25.024781,0.795182,2.855267,0.0,88.867536,0.0,14.856361,0.0,60.499986,34.024107,61.028098,50.073954,33.904499,50.0,27.0,0.0,0.0,0.0,0.0,0.0,0.0,0.0,1
3650,0.000578,0.0,1.912158,0.0,37.961235,24.936956,0.793749,2.860126,0.0,89.10708,0.0,14.849213,0.0,60.646709,33.967342,61.022075,50.071921,33.901153,50.0,27.0,0.0,0.0,0.0,0.0,0.0,0.0,0.0,1
3651,0.000572,0.0,1.898561,0.0,37.991679,24.784412,0.800557,2.851325,0.0,89.662404,0.0,14.88501,0.0,61.037368,33.628423,60.674369,49.975459,33.707983,50.0,27.0,0.0,0.0,0.0,0.0,0.0,0.0,0.0,1
3652,0.000566,0.0,1.888874,0.0,37.994572,24.923063,0.801057,2.85376,0.0,89.48835,0.0,14.86142,0.0,60.812642,33.784029,60.80056,50.01046,33.778089,50.0,27.0,0.0,0.0,0.0,0.0,0.0,0.0,0.0,1
3653,0.00056,0.0,1.898369,0.0,37.991218,24.990551,0.802122,2.849704,0.0,89.118447,0.0,14.826559,0.0,60.933176,33.656853,60.653586,49.969785,33.696437,50.0,27.0,0.0,0.0,0.0,0.0,0.0,0.0,0.0,1
3654,0.000555,0.0,1.901874,0.0,38.040205,25.121039,0.801778,2.84226,0.0,89.172186,0.0,14.782026,0.0,60.74898,33.667051,60.508378,49.9298,33.615766,50.0,27.0,0.0,0.0,0.0,0.0,0.0,0.0,0.0,1
3655,0.000549,0.0,1.906972,0.0,38.159054,25.039683,0.799641,2.854335,0.0,89.215392,0.0,14.89216,0.0,60.902373,33.919356,61.209015,50.123802,34.005008,50.0,27.0,0.0,0.0,0.0,0.0,0.0,0.0,0.0,1
3656,0.000544,0.0,1.892965,0.0,38.144154,24.922804,0.793918,2.849801,0.0,89.537362,0.0,14.801491,0.0,60.70029,33.792082,60.719298,49.987831,33.732943,50.0,27.0,0.0,0.0,0.0,0.0,0.0,0.0,0.0,1
3657,0.000538,0.0,1.899264,0.0,38.019575,24.940088,0.806403,2.834934,0.0,89.709069,0.0,14.912255,0.0,61.012538,33.722956,60.884545,50.033565,33.824747,50.0,27.0,0.0,0.0,0.0,0.0,0.0,0.0,0.0,1
3658,0.000533,0.0,1.89622,0.0,38.07583,24.951673,0.800608,2.845935,0.0,88.991624,0.0,14.792831,0.0,61.042135,33.820766,61.128458,50.100814,33.960254,50.0,27.0,0.0,0.0,0.0,0.0,0.0,0.0,0.0,1
3659,0.000528,0.0,1.90801,0.0,38.202495,25.013229,0.802817,2.830626,0.0,89.243167,0.0,14.839215,0.0,60.58885,33.771415,60.565678,49.944763,33.647599,50.0,27.0,0.0,0.0,0.0,0.0,0.0,0.0,0.0,1
3660,0.000522,0.0,1.898675,0.0,38.081097,25.013805,0.7986,2.850821,0.0,89.543868,0.0,14.855945,0.0,61.15738,33.703844,60.993125,50.063182,33.88507,50.0,27.0,0.0,0.0,0.0,0.0,0.0,0.0,0.0,1
3661,0.000517,0.0,1.898989,0.0,37.982776,24.842045,0.802511,2.835117,0.0,89.439118,0.0,14.916053,0.0,61.050983,33.592018,60.661111,49.9711,33.700617,50.0,27.0,0.0,0.0,0.0,0.0,0.0,0.0,0.0,1
3662,0.000512,0.0,1.895341,0.0,37.912975,25.028862,0.798932,2.86661,0.0,89.28927,0.0,14.8018,0.0,60.873454,33.530316,60.377797,49.892937,33.54322,50.0,27.0,0.0,0.0,0.0,0.0,0.0,0.0,0.0,1
3663,0.000507,0.0,1.907385,0.0,38.174761,24.978704,0.801387,2.857471,0.0,89.354146,0.0,14.907858,0.0,60.314934,33.987446,60.814513,50.014177,33.78584,50.0,27.0,0.0,0.0,0.0,0.0,0.0,0.0,0.0,1
3664,0.000502,0.0,1.905779,0.0,38.167597,24.924975,0.797917,2.842196,0.0,88.851357,0.0,14.832104,0.0,60.691255,33.837762,60.843872,50.022221,33.802151,50.0,27.0,0.0,0.0,0.0,0.0,0.0,0.0,0.0,1
3665,0.000497,0.0,1.901355,0.0,38.078522,24.945328,0.79648,2.853871,0.0,89.445252,0.0,14.82752,0.0,60.737995,33.857563,60.92284,50.043937,33.846022,50.0,27.0,0.0,0.0,0.0,0.0,0.0,0.0,0.0,1
3666,0.000492,0.0,1.896333,0.0,37.908785,24.954419,0.798457,2.856456,0.0,89.148985,0.0,14.900595,0.0,60.76745,33.91732,61.066793,50.083506,33.925996,50.0,27.0,0.0,0.0,0.0,0.0,0.0,0.0,0.0,1
3667,0.000487,0.0,1.893159,0.0,37.976246,25.10893,0.794896,2.852413,0.0,88.951685,0.0,14.861326,0.0,60.41152,33.912773,60.682563,49.976891,33.712535,50.0,27.0,0.0,0.0,0.0,0.0,0.0,0.0,0.0,1
3668,0.000482,0.0,1.896604,0.0,38.060186,25.066982,0.802979,2.849986,0.0,89.004852,0.0,14.899108,0.0,60.99494,33.666084,60.728683,49.989753,33.738157,50.0,27.0,0.0,0.0,0.0,0.0,0.0,0.0,0.0,1
3669,0.000477,0.0,1.902548,0.0,37.8341,25.09062,0.799867,2.848071,0.0,89.135453,0.0,14.903912,0.0,60.714853,33.813355,60.775885,50.002851,33.764381,50.0,27.0,0.0,0.0,0.0,0.0,0.0,0.0,0.0,1
3670,0.000472,0.0,1.90033,0.0,38.021663,25.023635,0.799591,2.854519,0.0,89.524625,0.0,14.823113,0.0,61.084612,33.643446,60.783427,50.004921,33.768571,50.0,27.0,0.0,0.0,0.0,0.0,0.0,0.0,0.0,1
3671,0.000468,0.0,1.897659,0.0,37.951484,25.044058,0.797919,2.849399,0.0,89.708461,0.0,14.776541,0.0,60.835204,33.828554,60.943307,50.049087,33.857393,50.0,27.0,0.0,0.0,0.0,0.0,0.0,0.0,0.0,1
3672,0.000463,0.0,1.905685,0.0,38.077002,24.975791,0.801201,2.859524,0.0,89.198278,0.0,14.880595,0.0,60.607798,34.049664,61.175548,50.113033,33.986416,50.0,27.0,0.0,0.0,0.0,0.0,0.0,0.0,0.0,1
3673,0.000458,0.0,1.896185,0.0,38.066082,25.160774,0.803149,2.851924,0.0,89.138079,0.0,14.843521,0.0,60.615212,33.887575,60.805571,50.010211,33.780873,50.0,27.0,0.0,0.0,0.0,0.0,0.0,0.0,0.0,1
3674,0.000454,0.0,1.893667,0.0,38.00434,25.107372,0.800832,2.840856,0.0,89.483519,0.0,14.888178,0.0,60.787946,33.876282,60.942586,50.04803,33.856992,50.0,27.0,0.0,0.0,0.0,0.0,0.0,0.0,0.0,1
3675,0.000449,0.0,1.897098,0.0,37.794877,25.080858,0.801884,2.84428,0.0,89.10168,0.0,14.917389,0.0,61.02412,33.60995,60.607302,49.95512,33.670723,50.0,27.0,0.0,0.0,0.0,0.0,0.0,0.0,0.0,1
3676,0.000445,0.0,1.897349,0.0,37.925762,24.958011,0.799701,2.853058,0.0,89.443484,0.0,14.967649,0.0,61.101663,33.834596,61.184759,50.11495,33.991533,50.0,27.0,0.0,0.0,0.0,0.0,0.0,0.0,0.0,1
3677,0.00044,0.0,1.891152,0.0,38.067752,24.901973,0.803578,2.845958,0.0,89.106152,0.0,14.856434,0.0,60.750526,33.782642,60.718836,49.985599,33.732687,50.0,27.0,0.0,0.0,0.0,0.0,0.0,0.0,0.0,1
3678,0.000436,0.0,1.899348,0.0,38.038828,25.030406,0.801748,2.856788,0.0,89.805311,0.0,14.872658,0.0,60.963408,33.840541,61.05583,50.078815,33.919906,50.0,27.0,0.0,0.0,0.0,0.0,0.0,0.0,0.0,1
3679,0.000432,0.0,1.90796,0.0,37.980185,25.135066,0.797608,2.851676,0.0,89.129093,0.0,14.882921,0.0,60.949578,33.660563,60.656582,49.968072,33.698101,50.0,27.0,0.0,0.0,0.0,0.0,0.0,0.0,0.0,1
3680,0.000427,0.0,1.913192,0.0,38.172798,25.016403,0.797382,2.865408,0.0,88.888766,0.0,14.849102,0.0,60.941645,33.840987,61.047543,50.076291,33.915302,50.0,27.0,0.0,0.0,0.0,0.0,0.0,0.0,0.0,1
3681,0.000423,0.0,1.902843,0.0,38.18573,25.000776,0.799569,2.843192,0.0,88.820033,0.0,14.799417,0.0,61.162974,33.730081,61.028311,50.070596,33.904617,50.0,27.0,0.0,0.0,0.0,0.0,0.0,0.0,0.0,1
3682,0.000419,0.0,1.892313,0.0,38.250376,24.952679,0.799537,2.838738,0.0,89.33871,0.0,14.870563,0.0,60.948628,33.773236,60.913412,50.038487,33.840784,50.0,27.0,0.0,0.0,0.0,0.0,0.0,0.0,0.0,1
3683,0.000415,0.0,1.897619,0.0,37.969705,25.219005,0.801536,2.839352,0.0,88.914645,0.0,14.895678,0.0,60.733636,33.815618,60.790022,50.004191,33.772234,50.0,27.0,0.0,0.0,0.0,0.0,0.0,0.0,0.0,1
3684,0.00041,0.0,1.893646,0.0,38.152565,25.041937,0.802228,2.844453,0.0,88.969374,0.0,14.956918,0.0,60.776986,33.729286,60.64774,49.964844,33.693189,50.0,27.0,0.0,0.0,0.0,0.0,0.0,0.0,0.0,1
3685,0.000406,0.0,1.902173,0.0,37.985778,25.053266,0.801227,2.846264,0.0,89.319872,0.0,14.900476,0.0,60.683662,33.913286,60.95062,50.048733,33.861455,50.0,27.0,0.0,0.0,0.0,0.0,0.0,0.0,0.0,1
3686,0.000402,0.0,1.900528,0.0,38.113099,25.190204,0.800658,2.84671,0.0,89.348947,0.0,14.879942,0.0,61.069875,33.883074,61.256419,50.133013,34.031344,50.0,27.0,0.0,0.0,0.0,0.0,0.0,0.0,0.0,1
3687,0.000398,0.0,1.899763,0.0,38.141756,25.08972,0.805054,2.850406,0.0,89.490768,0.0,14.857423,0.0,60.974463,33.668999,60.697784,49.977946,33.720991,50.0,27.0,0.0,0.0,0.0,0.0,0.0,0.0,0.0,1
3688,0.000394,0.0,1.902655,0.0,37.88581,24.950071,0.797718,2.842521,0.0,89.169172,0.0,14.843259,0.0,60.88646,33.831109,60.969025,50.053026,33.87168,50.0,27.0,0.0,0.0,0.0,0.0,0.0,0.0,0.0,1
3689,0.00039,0.0,1.896484,0.0,37.935461,25.001647,0.799225,2.855124,0.0,89.106184,0.0,14.85543,0.0,60.622004,33.83533,60.70831,49.980702,33.726839,50.0,27.0,0.0,0.0,0.0,0.0,0.0,0.0,0.0,1
3690,0.000386,0.0,1.894639,0.0,37.901615,25.098273,0.80223,2.847821,0.0,89.589953,0.0,14.739317,0.0,60.895925,33.810094,60.923606,50.040305,33.846448,50.0,27.0,0.0,0.0,0.0,0.0,0.0,0.0,0.0,1
3691,0.000383,0.0,1.89271,0.0,37.934909,24.97904,0.801442,2.842508,0.0,89.469637,0.0,14.899737,0.0,61.169744,33.468771,60.475717,49.91631,33.597621,50.0,27.0,0.0,0.0,0.0,0.0,0.0,0.0,0.0,1
3692,0.000379,0.0,1.893372,0.0,38.035739,24.949039,0.800813,2.849194,0.0,88.620364,0.0,14.88957,0.0,61.154397,33.583237,60.745197,49.991209,33.747332,50.0,27.0,0.0,0.0,0.0,0.0,0.0,0.0,0.0,1
3693,0.000375,0.0,1.901667,0.0,38.14224,24.910583,0.804332,2.863605,0.0,88.689954,0.0,14.857397,0.0,60.366413,33.814309,60.470207,49.915247,33.594559,50.0,27.0,0.0,0.0,0.0,0.0,0.0,0.0,0.0,1
3694,0.000371,0.0,1.898363,0.0,38.03655,25.047375,0.799984,2.853386,0.0,89.342852,0.0,14.831821,0.0,60.902366,33.653552,60.660576,49.968285,33.70032,50.0,27.0,0.0,0.0,0.0,0.0,0.0,0.0,0.0,1
3695,0.000367,0.0,1.895556,0.0,38.098112,24.885991,0.802689,2.846625,0.0,89.339997,0.0,14.854171,0.0,60.880934,33.7729,60.906005,50.036279,33.83667,50.0,27.0,0.0,0.0,0.0,0.0,0.0,0.0,0.0,1
3696,0.000364,0.0,1.89316,0.0,38.185716,25.014227,0.800932,2.863535,0.0,89.249864,0.0,14.864584,0.0,60.940443,33.634115,60.671197,49.971198,33.706221,50.0,27.0,0.0,0.0,0.0,0.0,0.0,0.0,0.0,1
3697,0.00036,0.0,1.900702,0.0,37.945253,25.014329,0.798947,2.851355,0.0,89.710385,0.0,14.965623,0.0,60.587812,33.800012,60.685333,49.975249,33.714074,50.0,27.0,0.0,0.0,0.0,0.0,0.0,0.0,0.0,1
3698,0.000357,0.0,1.897919,0.0,37.953627,24.839235,0.801069,2.832164,0.0,89.045034,0.0,14.883807,0.0,60.43839,33.826441,60.585565,49.947796,33.658647,50.0,27.0,0.0,0.0,0.0,0.0,0.0,0.0,0.0,1
3699,0.000353,0.0,1.905079,0.0,38.2623,25.07305,0.801056,2.849648,0.0,89.579357,0.0,14.816063,0.0,60.494694,33.904795,60.79795,50.006758,33.776639,50.0,27.0,0.0,0.0,0.0,0.0,0.0,0.0,0.0,1
3700,0.000349,0.0,1.894574,0.0,37.963945,25.146773,0.795792,2.843785,0.0,88.890666,0.0,14.836752,0.0,60.942261,33.776891,60.956766,50.050621,33.86487,50.0,27.0,0.0,0.0,0.0,0.0,0.0,0.0,0.0,1
3701,0.000346,0.0,1.898313,0.0,37.913935,25.061853,0.799901,2.859778,0.0,89.674719,0.0,14.891257,0.0,61.070487,33.46934,60.435343,49.90625,33.575191,50.0,27.0,0.0,0.0,0.0,0.0,0.0,0.0,0.0,1
3702,0.000342,0.0,1.899401,0.0,37.85744,24.963987,0.803405,2.854044,0.0,88.874631,0.0,14.840625,0.0,60.683416,33.892554,60.980686,50.057447,33.878159,50.0,27.0,0.0,0.0,0.0,0.0,0.0,0.0,0.0,1
3703,0.000339,0.0,1.897424,0.0,37.830252,25.003454,0.799413,2.869291,0.0,89.417626,0.0,14.896681,0.0,60.593358,33.846358,60.774604,50.000201,33.763669,50.0,27.0,0.0,0.0,0.0,0.0,0.0,0.0,0.0,1
3704,0.000336,0.0,1.900766,0.0,37.859216,24.963692,0.797211,2.852783,0.0,89.096903,0.0,14.85006,0.0,60.777731,33.806381,60.863323,50.024722,33.812957,50.0,27.0,0.0,0.0,0.0,0.0,0.0,0.0,0.0,1
3705,0.000332,0.0,1.900919,0.0,37.961707,25.038928,0.801682,2.849902,0.0,89.327927,0.0,14.821645,0.0,60.739572,33.791061,60.7875,50.003641,33.770833,50.0,27.0,0.0,0.0,0.0,0.0,0.0,0.0,0.0,1
3706,0.000329,0.0,1.891032,0.0,38.046894,25.030397,0.79738,2.835744,0.0,89.122914,0.0,14.913816,0.0,60.721392,34.01531,61.239349,50.128512,34.02186,50.0,27.0,0.0,0.0,0.0,0.0,0.0,0.0,0.0,1
3707,0.000326,0.0,1.897158,0.0,38.072304,25.096867,0.799605,2.851048,0.0,89.333959,0.0,14.831758,0.0,60.849144,33.75605,60.787851,50.003081,33.771028,50.0,27.0,0.0,0.0,0.0,0.0,0.0,0.0,0.0,1
3708,0.000322,0.0,1.896925,0.0,38.011382,24.775,0.796771,2.844387,0.0,88.945229,0.0,14.862804,0.0,60.88313,33.673341,60.651204,49.965297,33.695114,50.0,27.0,0.0,0.0,0.0,0.0,0.0,0.0,0.0,1
3709,0.000319,0.0,1.914296,0.0,37.977532,25.078424,0.79809,2.848865,0.0,89.595858,0.0,14.885578,0.0,60.420803,33.886787,60.65361,49.966134,33.69645,50.0,27.0,0.0,0.0,0.0,0.0,0.0,0.0,0.0,1
3710,0.000316,0.0,1.904783,0.0,38.157005,25.045747,0.806785,2.855231,0.0,89.413963,0.0,14.863577,0.0,60.827565,33.722894,60.70011,49.979155,33.722283,50.0,27.0,0.0,0.0,0.0,0.0,0.0,0.0,0.0,1
3711,0.000313,0.0,1.901831,0.0,38.010518,25.004386,0.802216,2.860565,0.0,89.164858,0.0,14.812089,0.0,60.951069,33.703939,60.791596,50.004545,33.773109,50.0,27.0,0.0,0.0,0.0,0.0,0.0,0.0,0.0,1
3712,0.00031,0.0,1.892805,0.0,38.116717,25.031591,0.803642,2.852092,0.0,89.395444,0.0,14.944544,0.0,60.873531,33.688166,60.690755,49.976651,33.717086,50.0,27.0,0.0,0.0,0.0,0.0,0.0,0.0,0.0,1
3713,0.000307,0.0,1.898024,0.0,37.941596,24.939008,0.803177,2.85113,0.0,88.590343,0.0,14.860999,0.0,60.584512,33.894651,60.848713,50.020426,33.804841,50.0,27.0,0.0,0.0,0.0,0.0,0.0,0.0,0.0,1
3714,0.000304,0.0,1.901493,0.0,38.133282,24.87304,0.801957,2.838545,0.0,89.031821,0.0,14.902325,0.0,60.90351,33.565834,60.4576,49.912222,33.587556,50.0,27.0,0.0,0.0,0.0,0.0,0.0,0.0,0.0,1
3715,0.000301,0.0,1.897812,0.0,37.926168,25.092076,0.799431,2.837372,0.0,89.346151,0.0,14.832941,0.0,60.673686,33.795047,60.739141,49.990476,33.743967,50.0,27.0,0.0,0.0,0.0,0.0,0.0,0.0,0.0,1
3716,0.000298,0.0,1.892339,0.0,37.931947,25.086931,0.802441,2.853866,0.0,88.822547,0.0,14.771939,0.0,60.923326,33.651932,60.682808,49.974953,33.712671,50.0,27.0,0.0,0.0,0.0,0.0,0.0,0.0,0.0,1
3717,0.000295,0.0,1.904518,0.0,38.007886,25.076717,0.799628,2.849355,0.0,89.855036,0.0,14.872306,0.0,60.50557,33.8619,60.722984,49.986182,33.734991,50.0,27.0,0.0,0.0,0.0,0.0,0.0,0.0,0.0,1
3718,0.000292,0.0,1.897501,0.0,38.108932,24.944274,0.806137,2.861365,0.0,88.720233,0.0,14.820025,0.0,61.098888,33.536766,60.616885,49.956925,33.676047,50.0,27.0,0.0,0.0,0.0,0.0,0.0,0.0,0.0,1
3719,0.000289,0.0,1.89605,0.0,37.998587,24.876812,0.798853,2.859866,0.0,89.035809,0.0,14.83839,0.0,60.730878,33.832469,60.902748,50.036151,33.83486,50.0,27.0,0.0,0.0,0.0,0.0,0.0,0.0,0.0,1
3720,0.000286,0.0,1.902373,0.0,38.073386,25.047869,0.800515,2.837596,0.0,88.940234,0.0,14.867777,0.0,60.640459,33.821978,60.77946,50.001895,33.766366,50.0,27.0,0.0,0.0,0.0,0.0,0.0,0.0,0.0,1
3721,0.000283,0.0,1.904422,0.0,38.064653,25.053902,0.797643,2.846765,0.0,89.325095,0.0,14.875321,0.0,60.97552,33.613832,60.666775,49.97074,33.703764,50.0,27.0,0.0,0.0,0.0,0.0,0.0,0.0,0.0,1
3722,0.00028,0.0,1.89208,0.0,37.971313,25.050015,0.801201,2.850524,0.0,88.613391,0.0,14.83561,0.0,60.878913,33.945004,61.288029,50.142597,34.048905,50.0,27.0,0.0,0.0,0.0,0.0,0.0,0.0,0.0,1
3723,0.000277,0.0,1.899842,0.0,37.975665,25.013296,0.800405,2.854276,0.0,89.293788,0.0,14.890554,0.0,60.344469,33.847022,60.521334,49.929977,33.622963,50.0,27.0,0.0,0.0,0.0,0.0,0.0,0.0,0.0,1
3724,0.000275,0.0,1.900162,0.0,37.870817,24.894587,0.797788,2.84367,0.0,89.104716,0.0,14.814777,0.0,60.718334,33.866435,60.925096,50.041923,33.847276,50.0,27.0,0.0,0.0,0.0,0.0,0.0,0.0,0.0,1
3725,0.000272,0.0,1.896799,0.0,37.926037,24.936591,0.801519,2.859897,0.0,89.547312,0.0,14.871437,0.0,60.775914,33.753044,60.730568,49.987948,33.739204,50.0,27.0,0.0,0.0,0.0,0.0,0.0,0.0,0.0,1
3726,0.000269,0.0,1.896309,0.0,38.067534,25.132517,0.800395,2.863606,0.0,88.928932,0.0,14.882426,0.0,60.447788,33.935713,60.790596,50.004599,33.772553,50.0,27.0,0.0,0.0,0.0,0.0,0.0,0.0,0.0,1
3727,0.000266,0.0,1.898337,0.0,37.879878,25.027584,0.806872,2.845944,0.0,88.787685,0.0,14.870864,0.0,60.866449,33.774129,60.846988,50.020163,33.803882,50.0,27.0,0.0,0.0,0.0,0.0,0.0,0.0,0.0,1
3728,0.000264,0.0,1.902654,0.0,37.897174,25.041087,0.798243,2.85173,0.0,89.216108,0.0,14.918177,0.0,60.552185,33.948704,60.902185,50.035319,33.834547,50.0,27.0,0.0,0.0,0.0,0.0,0.0,0.0,0.0,1
3729,0.000261,0.0,1.911088,0.0,37.983289,25.03653,0.794319,2.849294,0.0,89.882861,0.0,14.86245,0.0,60.867368,33.719952,60.712968,49.982845,33.729427,50.0,27.0,0.0,0.0,0.0,0.0,0.0,0.0,0.0,1
3730,0.000258,0.0,1.902872,0.0,37.997098,25.010863,0.799009,2.858924,0.0,89.573713,0.0,14.815779,0.0,60.993617,33.648023,60.697143,49.978556,33.720635,50.0,27.0,0.0,0.0,0.0,0.0,0.0,0.0,0.0,1
3731,0.000256,0.0,1.895837,0.0,38.101387,24.972738,0.79668,2.852067,0.0,89.274114,0.0,14.921617,0.0,60.833401,33.585075,60.422675,49.902801,33.568153,50.0,27.0,0.0,0.0,0.0,0.0,0.0,0.0,0.0,1
3732,0.000253,0.0,1.90592,0.0,38.045131,25.033496,0.800934,2.862922,0.0,89.354605,0.0,14.871241,0.0,60.931447,33.748683,60.891503,50.032866,33.828613,50.0,27.0,0.0,0.0,0.0,0.0,0.0,0.0,0.0,1
3733,0.000251,0.0,1.90357,0.0,37.926588,25.00021,0.801771,2.835465,0.0,89.046915,0.0,14.816662,0.0,60.999061,33.592254,60.631645,49.960879,33.684247,50.0,27.0,0.0,0.0,0.0,0.0,0.0,0.0,0.0,1
3734,0.000248,0.0,1.899359,0.0,37.873826,25.006276,0.801131,2.842801,0.0,89.422563,0.0,14.821882,0.0,60.927015,33.570176,60.535993,49.934636,33.631107,50.0,27.0,0.0,0.0,0.0,0.0,0.0,0.0,0.0,1
3735,0.000246,0.0,1.905781,0.0,37.933553,25.023325,0.800134,2.853394,0.0,88.949706,0.0,14.879397,0.0,60.719821,33.647496,60.516335,49.929528,33.620186,50.0,27.0,0.0,0.0,0.0,0.0,0.0,0.0,0.0,1
3736,0.000243,0.0,1.904721,0.0,37.979062,24.998406,0.801906,2.849354,0.0,89.386045,0.0,14.804733,0.0,60.781775,33.717673,60.739035,49.991432,33.743908,50.0,27.0,0.0,0.0,0.0,0.0,0.0,0.0,0.0,1
3737,0.000241,0.0,1.899949,0.0,37.998292,24.957237,0.801669,2.839753,0.0,88.581545,0.0,14.875928,0.0,61.032076,33.463007,60.454822,49.912919,33.586012,50.0,27.0,0.0,0.0,0.0,0.0,0.0,0.0,0.0,1
3738,0.000239,0.0,1.894744,0.0,38.105351,25.034041,0.799016,2.846404,0.0,88.976732,0.0,14.842418,0.0,60.737102,33.813409,60.935055,50.046087,33.852809,50.0,27.0,0.0,0.0,0.0,0.0,0.0,0.0,0.0,1
3739,0.000236,0.0,1.898139,0.0,37.923663,25.02859,0.801942,2.854404,0.0,88.790142,0.0,14.817681,0.0,60.90784,33.635351,60.71783,49.985817,33.732128,50.0,27.0,0.0,0.0,0.0,0.0,0.0,0.0,0.0,1
3740,0.000234,0.0,1.904332,0.0,38.0183,25.041555,0.802456,2.857124,0.0,88.273434,0.0,14.83491,0.0,60.967092,33.787439,61.109768,50.094218,33.949871,50.0,27.0,0.0,0.0,0.0,0.0,0.0,0.0,0.0,1
3741,0.000231,0.0,1.905862,0.0,38.125552,24.978469,0.802121,2.85352,0.0,89.267219,0.0,14.820506,0.0,60.812519,33.619217,60.591434,49.950484,33.661908,50.0,27.0,0.0,0.0,0.0,0.0,0.0,0.0,0.0,1
3742,0.000229,0.0,1.907925,0.0,38.042932,25.132622,0.794622,2.854979,0.0,89.114913,0.0,14.831054,0.0,60.611548,33.863122,60.918769,50.041204,33.843761,50.0,27.0,0.0,0.0,0.0,0.0,0.0,0.0,0.0,1
3743,0.000227,0.0,1.901948,0.0,38.052659,25.043136,0.799787,2.856265,0.0,89.264085,0.0,14.760731,0.0,60.724563,33.836834,60.957131,50.051602,33.865073,50.0,27.0,0.0,0.0,0.0,0.0,0.0,0.0,0.0,1
3744,0.000225,0.0,1.905984,0.0,38.011176,25.074016,0.801458,2.859568,0.0,89.193513,0.0,14.912015,0.0,60.82725,33.77461,60.914028,50.039432,33.841127,50.0,27.0,0.0,0.0,0.0,0.0,0.0,0.0,0.0,1
3745,0.000222,0.0,1.892946,0.0,37.812809,25.025335,0.797663,2.853152,0.0,89.272115,0.0,14.850541,0.0,61.058859,33.501436,60.563987,49.942486,33.64666,50.0,27.0,0.0,0.0,0.0,0.0,0.0,0.0,0.0,1
3746,0.00022,0.0,1.891014,0.0,37.931596,24.875261,0.797272,2.853245,0.0,89.224151,0.0,14.900276,0.0,60.820718,33.662205,60.695898,49.979232,33.719943,50.0,27.0,0.0,0.0,0.0,0.0,0.0,0.0,0.0,1
3747,0.000218,0.0,1.905622,0.0,37.839846,24.840912,0.802705,2.840398,0.0,88.893792,0.0,14.867809,0.0,60.715757,33.77838,60.843795,50.020213,33.802109,50.0,27.0,0.0,0.0,0.0,0.0,0.0,0.0,0.0,1
3748,0.000216,0.0,1.902736,0.0,37.884507,25.065739,0.801646,2.845063,0.0,89.001878,0.0,14.820003,0.0,60.581182,33.8886,60.933714,50.044966,33.852063,50.0,27.0,0.0,0.0,0.0,0.0,0.0,0.0,0.0,1
3749,0.000214,0.0,1.909416,0.0,37.986991,24.974056,0.799873,2.839179,0.0,88.872684,0.0,14.817368,0.0,60.929903,33.622474,60.699042,49.97988,33.72169,50.0,27.0,0.0,0.0,0.0,0.0,0.0,0.0,0.0,1
3750,0.000211,0.0,1.891999,0.0,38.106401,24.922284,0.798284,2.849111,0.0,88.495461,0.0,14.841258,0.0,60.835761,33.742667,60.872861,50.028023,33.818256,50.0,27.0,0.0,0.0,0.0,0.0,0.0,0.0,0.0,1
3751,0.000209,0.0,1.900477,0.0,37.896139,24.91392,0.800822,2.850747,0.0,88.962528,0.0,14.826455,0.0,60.820877,33.507668,60.359957,49.886119,33.533309,50.0,27.0,0.0,0.0,0.0,0.0,0.0,0.0,0.0,1
3752,0.000207,0.0,1.90363,0.0,37.839506,25.117542,0.802394,2.836628,0.0,89.220289,0.0,14.856465,0.0,61.076628,33.814809,61.292392,50.144407,34.051329,50.0,27.0,0.0,0.0,0.0,0.0,0.0,0.0,0.0,1
3753,0.000205,0.0,1.902926,0.0,37.95584,24.987775,0.802527,2.845926,0.0,88.864235,0.0,14.855509,0.0,60.744954,33.612446,60.520372,49.930305,33.622429,50.0,27.0,0.0,0.0,0.0,0.0,0.0,0.0,0.0,1
3754,0.000203,0.0,1.899834,0.0,38.024338,24.944283,0.800294,2.837916,0.0,89.142757,0.0,14.887328,0.0,60.622392,33.7504,60.702844,49.981086,33.723802,50.0,27.0,0.0,0.0,0.0,0.0,0.0,0.0,0.0,1
3755,0.000201,0.0,1.905872,0.0,38.046596,25.02466,0.797507,2.852433,0.0,89.054483,0.0,14.853626,0.0,60.586996,33.854579,60.882172,50.030746,33.823429,50.0,27.0,0.0,0.0,0.0,0.0,0.0,0.0,0.0,1
3756,0.000199,0.0,1.907479,0.0,37.977284,25.091495,0.80188,2.833613,0.0,89.112505,0.0,14.86847,0.0,60.492627,33.909713,60.885651,50.031555,33.825362,50.0,27.0,0.0,0.0,0.0,0.0,0.0,0.0,0.0,1
3757,0.000197,0.0,1.895208,0.0,37.865865,25.086179,0.799955,2.857466,0.0,89.220871,0.0,14.805382,0.0,60.838642,33.594796,60.542825,49.936642,33.634903,50.0,27.0,0.0,0.0,0.0,0.0,0.0,0.0,0.0,1
3758,0.000195,0.0,1.900337,0.0,37.857358,24.963767,0.797459,2.856088,0.0,89.487707,0.0,14.878327,0.0,61.001234,33.758655,61.069546,50.08254,33.927525,50.0,27.0,0.0,0.0,0.0,0.0,0.0,0.0,0.0,1
3759,0.000193,0.0,1.905265,0.0,37.908133,24.943748,0.797881,2.842168,0.0,89.02685,0.0,14.839624,0.0,60.487008,33.8561,60.7566,49.995633,33.753667,50.0,27.0,0.0,0.0,0.0,0.0,0.0,0.0,0.0,1
3760,0.000191,0.0,1.902768,0.0,37.898331,25.033557,0.798824,2.852592,0.0,89.165126,0.0,14.888489,0.0,60.90977,33.576959,60.573697,49.945101,33.652054,50.0,27.0,0.0,0.0,0.0,0.0,0.0,0.0,0.0,1
3761,0.000189,0.0,1.892328,0.0,38.079089,25.05982,0.802575,2.851404,0.0,88.834885,0.0,14.750031,0.0,60.51664,33.949631,60.987677,50.059797,33.882043,50.0,27.0,0.0,0.0,0.0,0.0,0.0,0.0,0.0,1
3762,0.000187,0.0,1.906329,0.0,38.151971,24.912621,0.802194,2.856251,0.0,89.28557,0.0,14.897564,0.0,60.796799,33.709139,60.731109,49.988585,33.739505,50.0,27.0,0.0,0.0,0.0,0.0,0.0,0.0,0.0,1
3763,0.000186,0.0,1.902342,0.0,37.923281,24.891573,0.798184,2.86242,0.0,89.448711,0.0,14.835467,0.0,60.745058,33.679197,60.620314,49.958018,33.677952,50.0,27.0,0.0,0.0,0.0,0.0,0.0,0.0,0.0,1
3764,0.000184,0.0,1.904143,0.0,37.999585,25.045731,0.801884,2.838318,0.0,89.219345,0.0,14.789432,0.0,60.648162,33.924854,61.049397,50.076824,33.916332,50.0,27.0,0.0,0.0,0.0,0.0,0.0,0.0,0.0,1
3765,0.000182,0.0,1.903907,0.0,37.829573,24.924298,0.802986,2.851973,0.0,89.208934,0.0,14.811586,0.0,60.663103,33.725323,60.618377,49.957309,33.676876,50.0,27.0,0.0,0.0,0.0,0.0,0.0,0.0,0.0,1
3766,0.00018,0.0,1.892254,0.0,37.888978,25.039579,0.801171,2.851861,0.0,89.251292,0.0,14.942461,0.0,60.81846,33.630945,60.57745,49.94621,33.654139,50.0,27.0,0.0,0.0,0.0,0.0,0.0,0.0,0.0,1
3767,0.000178,0.0,1.885864,0.0,38.042272,25.050045,0.800528,2.851156,0.0,89.459782,0.0,14.798309,0.0,60.744229,33.78267,60.838328,50.018583,33.799071,50.0,27.0,0.0,0.0,0.0,0.0,0.0,0.0,0.0,1
3768,0.000176,0.0,1.89764,0.0,38.011711,25.098528,0.797264,2.859896,0.0,89.277278,0.0,14.821279,0.0,60.838313,33.607541,60.557117,49.940765,33.642843,50.0,27.0,0.0,0.0,0.0,0.0,0.0,0.0,0.0,1
3769,0.000175,0.0,1.896329,0.0,38.040787,25.003301,0.801707,2.853537,0.0,89.013494,0.0,14.84158,0.0,61.004321,33.500191,60.514257,49.929213,33.619032,50.0,27.0,0.0,0.0,0.0,0.0,0.0,0.0,0.0,1
3770,0.000173,0.0,1.907815,0.0,37.996299,25.133049,0.799565,2.858493,0.0,89.096799,0.0,14.784744,0.0,60.735027,33.774079,60.853327,50.023283,33.807404,50.0,27.0,0.0,0.0,0.0,0.0,0.0,0.0,0.0,1
3771,0.000171,0.0,1.903788,0.0,38.09894,24.994826,0.800508,2.852982,0.0,89.336139,0.0,14.80218,0.0,60.716719,33.753377,60.783955,50.003993,33.768864,50.0,27.0,0.0,0.0,0.0,0.0,0.0,0.0,0.0,1
3772,0.000169,0.0,1.892187,0.0,37.996167,25.012059,0.801157,2.851486,0.0,88.894753,0.0,14.868577,0.0,60.720666,33.648368,60.562196,49.94268,33.645664,50.0,27.0,0.0,0.0,0.0,0.0,0.0,0.0,0.0,1
3773,0.000168,0.0,1.901057,0.0,38.082329,25.124177,0.797225,2.840241,0.0,89.252903,0.0,14.865142,0.0,60.546802,33.854091,60.832183,50.017589,33.795657,50.0,27.0,0.0,0.0,0.0,0.0,0.0,0.0,0.0,1
3774,0.000166,0.0,1.900479,0.0,38.039234,25.030472,0.797453,2.849155,0.0,88.973574,0.0,14.924227,0.0,60.76115,33.580817,60.452259,49.912492,33.584589,50.0,27.0,0.0,0.0,0.0,0.0,0.0,0.0,0.0,1
3775,0.000164,0.0,1.900923,0.0,37.988607,25.077157,0.80168,2.848085,0.0,89.314844,0.0,14.810692,0.0,60.823553,33.661609,60.704388,49.982614,33.72466,50.0,27.0,0.0,0.0,0.0,0.0,0.0,0.0,0.0,1
3776,0.000163,0.0,1.908795,0.0,38.149945,24.982188,0.800981,2.864005,0.0,88.966815,0.0,14.841971,0.0,60.715574,33.655294,60.590537,49.951233,33.661409,50.0,27.0,0.0,0.0,0.0,0.0,0.0,0.0,0.0,1
3777,0.000161,0.0,1.895201,0.0,38.026515,24.993554,0.80047,2.862368,0.0,88.462658,0.0,14.89865,0.0,60.862895,33.620337,60.671933,49.973973,33.70663,50.0,27.0,0.0,0.0,0.0,0.0,0.0,0.0,0.0,1
3778,0.00016,0.0,1.894229,0.0,37.882975,25.05316,0.797759,2.847076,0.0,89.07395,0.0,14.811223,0.0,60.455012,33.843915,60.747596,49.995015,33.748664,50.0,27.0,0.0,0.0,0.0,0.0,0.0,0.0,0.0,1
3779,0.000158,0.0,1.904653,0.0,37.902816,25.063425,0.801955,2.871693,0.0,89.481097,0.0,14.816095,0.0,60.593584,33.808134,60.792405,50.007425,33.773558,50.0,27.0,0.0,0.0,0.0,0.0,0.0,0.0,0.0,1
3780,0.000156,0.0,1.90018,0.0,38.059106,24.798961,0.801305,2.844941,0.0,89.099217,0.0,14.863479,0.0,60.305647,33.902798,60.691725,49.979561,33.717625,50.0,27.0,0.0,0.0,0.0,0.0,0.0,0.0,0.0,1
3781,0.000155,0.0,1.893573,0.0,37.755195,25.025765,0.803573,2.843102,0.0,89.498426,0.0,14.852221,0.0,60.874565,33.620143,60.640287,49.965445,33.689048,50.0,27.0,0.0,0.0,0.0,0.0,0.0,0.0,0.0,1
3782,0.000153,0.0,1.896149,0.0,38.094273,24.994396,0.800039,2.874636,0.0,89.314515,0.0,14.839732,0.0,60.638241,33.727338,60.64472,49.966842,33.691511,50.0,27.0,0.0,0.0,0.0,0.0,0.0,0.0,0.0,1
3783,0.000152,0.0,1.894972,0.0,38.201879,24.901295,0.797627,2.861619,0.0,89.490206,0.0,14.826279,0.0,60.790174,33.801138,60.95192,50.051916,33.862178,50.0,27.0,0.0,0.0,0.0,0.0,0.0,0.0,0.0,1
3784,0.00015,0.0,1.900074,0.0,37.94996,25.000002,0.79898,2.849904,0.0,89.168198,0.0,14.850795,0.0,60.997565,33.70035,60.936603,50.047424,33.853668,50.0,27.0,0.0,0.0,0.0,0.0,0.0,0.0,0.0,1
3785,0.000149,0.0,1.89961,0.0,38.011976,24.965877,0.803,2.841352,0.0,89.03284,0.0,14.924004,0.0,60.845047,33.637747,60.655841,49.969587,33.697689,50.0,27.0,0.0,0.0,0.0,0.0,0.0,0.0,0.0,1
3786,0.000147,0.0,1.900323,0.0,37.989298,24.907083,0.799838,2.860029,0.0,88.820702,0.0,14.798199,0.0,60.490375,33.885293,60.835162,50.019302,33.797312,50.0,27.0,0.0,0.0,0.0,0.0,0.0,0.0,0.0,1
3787,0.000146,0.0,1.901871,0.0,38.080458,25.006353,0.801171,2.844029,0.0,89.417954,0.0,14.851127,0.0,61.106603,33.595187,60.817899,50.014435,33.787722,50.0,27.0,0.0,0.0,0.0,0.0,0.0,0.0,0.0,1
3788,0.000144,0.0,1.904281,0.0,38.076379,25.026427,0.804497,2.862666,0.0,88.655173,0.0,14.743142,0.0,60.966377,33.547892,60.595954,49.953018,33.664419,50.0,27.0,0.0,0.0,0.0,0.0,0.0,0.0,0.0,1
3789,0.000143,0.0,1.898765,0.0,38.006732,25.032904,0.798531,2.843058,0.0,88.989822,0.0,14.832358,0.0,60.376028,33.824588,60.612412,49.957801,33.673562,50.0,27.0,0.0,0.0,0.0,0.0,0.0,0.0,0.0,1
3790,0.000141,0.0,1.896793,0.0,37.832726,25.043281,0.80453,2.859454,0.0,88.950306,0.0,14.888807,0.0,60.842779,33.660377,60.718005,49.987196,33.732225,50.0,27.0,0.0,0.0,0.0,0.0,0.0,0.0,0.0,1
3791,0.00014,0.0,1.90118,0.0,37.916993,25.046726,0.796053,2.844325,0.0,89.065214,0.0,14.908461,0.0,60.847821,33.627089,60.660629,49.971401,33.70035,50.0,27.0,0.0,0.0,0.0,0.0,0.0,0.0,0.0,1
3792,0.000139,0.0,1.904212,0.0,38.051498,25.030093,0.801528,2.830639,0.0,89.389754,0.0,14.845037,0.0,60.651447,33.85158,60.949491,50.051384,33.860828,50.0,27.0,0.0,0.0,0.0,0.0,0.0,0.0,0.0,1
3793,0.000137,0.0,1.895152,0.0,37.878475,25.04253,0.80032,2.843896,0.0,89.214027,0.0,14.834028,0.0,60.362774,33.945818,60.840973,50.021134,33.800541,50.0,27.0,0.0,0.0,0.0,0.0,0.0,0.0,0.0,1
3794,0.000136,0.0,1.900261,0.0,37.918028,24.993724,0.802764,2.830434,0.0,89.246718,0.0,14.750357,0.0,60.965555,33.62495,60.737036,49.992301,33.742798,50.0,27.0,0.0,0.0,0.0,0.0,0.0,0.0,0.0,1
3795,0.000135,0.0,1.900635,0.0,38.050252,24.981607,0.800966,2.857417,0.0,89.363374,0.0,14.885674,0.0,61.013936,33.607105,60.762058,49.999255,33.756699,50.0,27.0,0.0,0.0,0.0,0.0,0.0,0.0,0.0,1
3796,0.000133,0.0,1.904247,0.0,38.082635,24.976477,0.797872,2.857046,0.0,89.178561,0.0,14.865023,0.0,60.750947,33.719266,60.751401,49.996314,33.750778,50.0,27.0,0.0,0.0,0.0,0.0,0.0,0.0,0.0,1
3797,0.000132,0.0,1.891893,0.0,38.126625,25.022754,0.801802,2.844545,0.0,89.049736,0.0,14.847302,0.0,60.797124,33.707892,60.773557,50.002456,33.763087,50.0,27.0,0.0,0.0,0.0,0.0,0.0,0.0,0.0,1
3798,0.000131,0.0,1.899129,0.0,37.895865,24.93938,0.803288,2.856481,0.0,88.724354,0.0,14.878544,0.0,60.505569,33.836448,60.754649,49.997217,33.752583,50.0,27.0,0.0,0.0,0.0,0.0,0.0,0.0,0.0,1
3799,0.000129,0.0,1.898436,0.0,38.063344,25.03976,0.797316,2.864492,0.0,88.87939,0.0,14.869383,0.0,60.633944,33.848658,60.89321,50.035529,33.829561,50.0,27.0,0.0,0.0,0.0,0.0,0.0,0.0,0.0,1
3800,0.000128,0.0,1.904625,0.0,38.013353,24.979748,0.802725,2.844861,0.0,89.010803,0.0,14.891442,0.0,60.937026,33.662273,60.786932,50.005977,33.770518,50.0,27.0,0.0,0.0,0.0,0.0,0.0,0.0,0.0,1
3801,0.000127,0.0,1.89331,0.0,37.955932,24.999028,0.804562,2.833392,0.0,88.657531,0.0,14.865283,0.0,60.572539,33.908905,60.952067,50.05159,33.862259,50.0,27.0,0.0,0.0,0.0,0.0,0.0,0.0,0.0,1
3802,0.000125,0.0,1.883939,0.0,38.054406,24.921454,0.798372,2.849171,0.0,89.561537,0.0,14.872489,0.0,60.617264,33.838799,60.825191,50.016266,33.791773,50.0,27.0,0.0,0.0,0.0,0.0,0.0,0.0,0.0,1
3803,0.000124,0.0,1.899326,0.0,38.118529,24.898152,0.797632,2.864557,0.0,89.5376,0.0,14.887518,0.0,60.694059,33.717961,60.634097,49.963367,33.685609,50.0,27.0,0.0,0.0,0.0,0.0,0.0,0.0,0.0,1
3804,0.000123,0.0,1.913319,0.0,37.965751,25.103104,0.798212,2.860638,0.0,89.237155,0.0,14.837173,0.0,60.676301,33.838175,60.873663,50.029765,33.818702,50.0,27.0,0.0,0.0,0.0,0.0,0.0,0.0,0.0,1
3805,0.000122,0.0,1.90077,0.0,38.116559,25.031508,0.801265,2.856952,0.0,89.175662,0.0,14.841847,0.0,60.864647,33.678295,60.712428,49.985052,33.729127,50.0,27.0,0.0,0.0,0.0,0.0,0.0,0.0,0.0,1
3806,0.00012,0.0,1.905281,0.0,37.945131,24.954968,0.796096,2.845568,0.0,89.172683,0.0,14.906746,0.0,60.674698,33.662449,60.498568,49.926016,33.610315,50.0,27.0,0.0,0.0,0.0,0.0,0.0,0.0,0.0,1
3807,0.000119,0.0,1.907666,0.0,37.793581,24.854303,0.799699,2.843153,0.0,89.181534,0.0,14.901181,0.0,60.980162,33.722008,60.940673,50.04858,33.855929,50.0,27.0,0.0,0.0,0.0,0.0,0.0,0.0,0.0,1
3808,0.000118,0.0,1.907908,0.0,38.011282,25.198033,0.79766,2.851008,0.0,88.980509,0.0,14.809112,0.0,60.763568,33.529874,60.321264,49.877136,33.511813,50.0,27.0,0.0,0.0,0.0,0.0,0.0,0.0,0.0,1
3809,0.000117,0.0,1.905602,0.0,37.897483,25.103404,0.796226,2.864953,0.0,89.209651,0.0,14.948422,0.0,60.823341,33.680524,60.726457,49.989741,33.736921,50.0,27.0,0.0,0.0,0.0,0.0,0.0,0.0,0.0,1
3810,0.000116,0.0,1.906008,0.0,37.891482,25.048516,0.797568,2.84766,0.0,89.334393,0.0,14.7786,0.0,60.668066,33.831693,60.89611,50.036684,33.831172,50.0,27.0,0.0,0.0,0.0,0.0,0.0,0.0,0.0,1
3811,0.000115,0.0,1.8829,0.0,38.124329,24.992063,0.8001,2.844546,0.0,89.055718,0.0,14.814338,0.0,60.644075,33.875433,60.950131,50.051432,33.861184,50.0,27.0,0.0,0.0,0.0,0.0,0.0,0.0,0.0,1
3812,0.000113,0.0,1.904924,0.0,38.041108,25.058073,0.797863,2.854148,0.0,89.23578,0.0,14.881625,0.0,60.703327,33.730177,60.683855,49.977579,33.713253,50.0,27.0,0.0,0.0,0.0,0.0,0.0,0.0,0.0,1
3813,0.000112,0.0,1.890426,0.0,38.244418,25.075084,0.800736,2.841938,0.0,88.619518,0.0,14.814564,0.0,60.853645,33.713014,60.799187,50.009568,33.777326,50.0,27.0,0.0,0.0,0.0,0.0,0.0,0.0,0.0,1
3814,0.000111,0.0,1.897737,0.0,38.025835,25.001572,0.800879,2.850247,0.0,89.601584,0.0,14.883827,0.0,60.846859,33.606923,60.572019,49.946732,33.651122,50.0,27.0,0.0,0.0,0.0,0.0,0.0,0.0,0.0,1
3815,0.00011,0.0,1.900521,0.0,38.070519,24.979042,0.803033,2.848405,0.0,89.054057,0.0,14.81796,0.0,60.830756,33.714944,60.80095,50.010272,33.778305,50.0,27.0,0.0,0.0,0.0,0.0,0.0,0.0,0.0,1
3816,0.000109,0.0,1.899438,0.0,37.995516,24.980609,0.797456,2.849261,0.0,89.073274,0.0,14.848951,0.0,60.577457,33.995583,61.141486,50.104344,33.967492,50.0,27.0,0.0,0.0,0.0,0.0,0.0,0.0,0.0,1
3817,0.000108,0.0,1.902845,0.0,37.940661,24.917246,0.80085,2.850473,0.0,88.931133,0.0,14.831546,0.0,60.628908,33.87844,60.910587,50.040006,33.839215,50.0,27.0,0.0,0.0,0.0,0.0,0.0,0.0,0.0,1
3818,0.000107,0.0,1.900886,0.0,37.905654,25.107398,0.798127,2.846878,0.0,89.243969,0.0,14.807164,0.0,60.768693,33.789453,60.845059,50.021695,33.802811,50.0,27.0,0.0,0.0,0.0,0.0,0.0,0.0,0.0,1
3819,0.000106,0.0,1.894471,0.0,38.011803,25.117018,0.795995,2.853639,0.0,89.409471,0.0,14.842424,0.0,60.807201,33.610651,60.501634,49.926666,33.612019,50.0,27.0,0.0,0.0,0.0,0.0,0.0,0.0,0.0,1
3820,0.000105,0.0,1.903482,0.0,37.878691,25.006253,0.800134,2.842955,0.0,88.841289,0.0,14.823193,0.0,60.702637,33.833004,60.885195,50.033045,33.825109,50.0,27.0,0.0,0.0,0.0,0.0,0.0,0.0,0.0,1
3821,0.000104,0.0,1.897027,0.0,38.022468,24.876693,0.801641,2.868344,0.0,89.502514,0.0,14.80175,0.0,60.825276,33.860437,61.05429,50.079618,33.91905,50.0,27.0,0.0,0.0,0.0,0.0,0.0,0.0,0.0,1
3822,0.000103,0.0,1.913011,0.0,38.017101,24.918751,0.801848,2.855914,0.0,89.487689,0.0,14.879886,0.0,61.035472,33.664259,60.83636,50.018987,33.797978,50.0,27.0,0.0,0.0,0.0,0.0,0.0,0.0,0.0,1
3823,0.000102,0.0,1.904404,0.0,38.008639,25.219615,0.801358,2.850067,0.0,89.049679,0.0,14.848601,0.0,60.881396,33.728226,60.829658,50.01704,33.794254,50.0,27.0,0.0,0.0,0.0,0.0,0.0,0.0,0.0,1
3824,0.0001,0.0,1.89803,0.0,38.048168,25.125352,0.80302,2.841038,0.0,89.230183,0.0,14.832423,0.0,60.726889,33.660761,60.536076,49.93581,33.631153,50.0,27.0,0.0,0.0,0.0,0.0,0.0,0.0,0.0,1
3825,9.9e-05,0.0,1.893573,0.0,38.143053,24.941801,0.798809,2.862549,0.0,89.270201,0.0,14.831831,0.0,60.775471,33.725912,60.734013,49.990839,33.741118,50.0,27.0,0.0,0.0,0.0,0.0,0.0,0.0,0.0,1
3826,9.8e-05,0.0,1.895521,0.0,37.986807,25.049623,0.800959,2.863091,0.0,89.184606,0.0,14.857805,0.0,61.043743,33.610202,60.760799,49.998288,33.756,50.0,27.0,0.0,0.0,0.0,0.0,0.0,0.0,0.0,1
3827,9.8e-05,0.0,1.895785,0.0,38.016176,24.987682,0.800925,2.849805,0.0,89.212216,0.0,14.836005,0.0,60.532247,33.896662,60.871239,50.028821,33.817355,50.0,27.0,0.0,0.0,0.0,0.0,0.0,0.0,0.0,1
3828,9.7e-05,0.0,1.900107,0.0,38.019598,25.029532,0.80344,2.845489,0.0,88.540736,0.0,14.895787,0.0,60.775617,33.694568,60.667131,49.972263,33.703961,50.0,27.0,0.0,0.0,0.0,0.0,0.0,0.0,0.0,1
3829,9.6e-05,0.0,1.90455,0.0,37.953496,25.05796,0.799873,2.839559,0.0,89.38569,0.0,14.813685,0.0,60.757152,33.854057,60.991868,50.062157,33.884371,50.0,27.0,0.0,0.0,0.0,0.0,0.0,0.0,0.0,1
3830,9.5e-05,0.0,1.90517,0.0,37.917502,25.065698,0.802151,2.850048,0.0,88.962236,0.0,14.860351,0.0,60.649633,33.815286,60.787896,50.005471,33.771053,50.0,27.0,0.0,0.0,0.0,0.0,0.0,0.0,0.0,1
3831,9.4e-05,0.0,1.894787,0.0,37.978327,25.033614,0.800398,2.845828,0.0,89.260226,0.0,14.827492,0.0,60.674628,33.706503,60.574786,49.946541,33.652659,50.0,27.0,0.0,0.0,0.0,0.0,0.0,0.0,0.0,1
3832,9.3e-05,0.0,1.898952,0.0,38.013794,24.930241,0.795539,2.857952,0.0,89.587391,0.0,14.876277,0.0,60.72955,33.704417,60.631547,49.962496,33.684193,50.0,27.0,0.0,0.0,0.0,0.0,0.0,0.0,0.0,1
3833,9.2e-05,0.0,1.900689,0.0,37.981513,25.053779,0.799407,2.854618,0.0,89.306135,0.0,14.773261,0.0,60.725143,33.75328,60.736337,49.991646,33.74241,50.0,27.0,0.0,0.0,0.0,0.0,0.0,0.0,0.0,1
3834,9.1e-05,0.0,1.90266,0.0,38.000281,25.015028,0.803011,2.837397,0.0,89.515739,0.0,14.837767,0.0,60.732065,33.735006,60.704012,49.982753,33.724451,50.0,27.0,0.0,0.0,0.0,0.0,0.0,0.0,0.0,1
3835,9e-05,0.0,1.885305,0.0,37.952725,24.968312,0.800782,2.852584,0.0,89.392895,0.0,14.835415,0.0,61.024797,33.553333,60.615281,49.958314,33.675156,50.0,27.0,0.0,0.0,0.0,0.0,0.0,0.0,0.0,1
3836,8.9e-05,0.0,1.90989,0.0,38.034927,25.078456,0.799901,2.85372,0.0,88.826837,0.0,14.921962,0.0,60.933995,33.736842,60.937163,50.047488,33.85398,50.0,27.0,0.0,0.0,0.0,0.0,0.0,0.0,0.0,1
3837,8.8e-05,0.0,1.899436,0.0,37.87121,25.008148,0.795748,2.843096,0.0,89.312643,0.0,14.824033,0.0,60.986367,33.620206,60.743309,49.993671,33.746283,50.0,27.0,0.0,0.0,0.0,0.0,0.0,0.0,0.0,1
3838,8.7e-05,0.0,1.89412,0.0,37.958805,25.067002,0.798792,2.851929,0.0,89.040404,0.0,14.841405,0.0,60.661503,33.842886,60.903349,50.037937,33.835194,50.0,27.0,0.0,0.0,0.0,0.0,0.0,0.0,0.0,1
3839,8.6e-05,0.0,1.894368,0.0,38.00346,25.135772,0.799023,2.838936,0.0,89.023909,0.0,14.851214,0.0,60.720019,33.808234,60.873658,50.029542,33.818699,50.0,27.0,0.0,0.0,0.0,0.0,0.0,0.0,0.0,1
3840,8.6e-05,0.0,1.901404,0.0,38.008899,24.971954,0.800704,2.853935,0.0,88.810784,0.0,14.878379,0.0,60.709154,33.74145,60.712318,49.984801,33.729065,50.0,27.0,0.0,0.0,0.0,0.0,0.0,0.0,0.0,1
3841,8.5e-05,0.0,1.904023,0.0,37.989952,24.914606,0.802816,2.860209,0.0,89.257466,0.0,14.888499,0.0,60.540146,33.862248,60.79792,50.008537,33.776622,50.0,27.0,0.0,0.0,0.0,0.0,0.0,0.0,0.0,1
3842,8.4e-05,0.0,1.907898,0.0,37.970652,24.951249,0.801054,2.855359,0.0,89.003237,0.0,14.919186,0.0,60.889096,33.684442,60.755699,49.996825,33.753166,50.0,27.0,0.0,0.0,0.0,0.0,0.0,0.0,0.0,1
3843,8.3e-05,0.0,1.89255,0.0,37.891436,24.882952,0.803727,2.843891,0.0,89.24238,0.0,14.863355,0.0,60.768604,33.753134,60.788441,50.00589,33.771356,50.0,27.0,0.0,0.0,0.0,0.0,0.0,0.0,0.0,1
3844,8.2e-05,0.0,1.906981,0.0,37.868439,24.98639,0.79822,2.843251,0.0,89.128395,0.0,14.771317,0.0,61.075606,33.693848,60.969147,50.055807,33.871748,50.0,27.0,0.0,0.0,0.0,0.0,0.0,0.0,0.0,1
3845,8.1e-05,0.0,1.901211,0.0,37.857455,24.987641,0.796432,2.863091,0.0,89.211535,0.0,14.81525,0.0,60.667366,33.792468,60.775588,50.002031,33.764216,50.0,27.0,0.0,0.0,0.0,0.0,0.0,0.0,0.0,1
3846,8.1e-05,0.0,1.893412,0.0,37.959783,25.096922,0.800357,2.847061,0.0,89.493908,0.0,14.866564,0.0,60.769539,33.755894,60.793848,50.007068,33.77436,50.0,27.0,0.0,0.0,0.0,0.0,0.0,0.0,0.0,1
3847,8e-05,0.0,1.895328,0.0,38.06216,25.085502,0.798569,2.849857,0.0,89.093062,0.0,14.915203,0.0,60.667204,33.929944,61.057131,50.079803,33.920628,50.0,27.0,0.0,0.0,0.0,0.0,0.0,0.0,0.0,1
3848,7.9e-05,0.0,1.899207,0.0,38.024984,25.06717,0.8007,2.873274,0.0,88.747875,0.0,14.898262,0.0,60.658819,33.781963,60.712227,49.984076,33.729015,50.0,27.0,0.0,0.0,0.0,0.0,0.0,0.0,0.0,1
3849,7.8e-05,0.0,1.898794,0.0,38.063191,25.013137,0.799105,2.85319,0.0,89.16868,0.0,14.881449,0.0,60.645617,33.885675,60.914454,50.04005,33.841364,50.0,27.0,0.0,0.0,0.0,0.0,0.0,0.0,0.0,1
3850,7.7e-05,0.0,1.89092,0.0,38.307517,25.188671,0.7928,2.841299,0.0,89.366777,0.0,14.87897,0.0,60.732636,33.685774,60.563005,49.942712,33.646114,50.0,27.0,0.0,0.0,0.0,0.0,0.0,0.0,0.0,1
3851,7.7e-05,0.0,1.895187,0.0,37.977923,24.943383,0.799618,2.839956,0.0,89.341698,0.0,14.86156,0.0,60.710768,33.872958,60.94658,50.049015,33.859211,50.0,27.0,0.0,0.0,0.0,0.0,0.0,0.0,0.0,1
3852,7.6e-05,0.0,1.89986,0.0,38.028979,24.907026,0.805254,2.834932,0.0,89.403478,0.0,14.958604,0.0,60.835758,33.672295,60.633558,49.962253,33.68531,50.0,27.0,0.0,0.0,0.0,0.0,0.0,0.0,0.0,1
3853,7.5e-05,0.0,1.903694,0.0,37.996969,25.121792,0.795399,2.856834,0.0,89.484725,0.0,14.858247,0.0,60.759534,33.803703,60.847162,50.02148,33.803979,50.0,27.0,0.0,0.0,0.0,0.0,0.0,0.0,0.0,1
3854,7.4e-05,0.0,1.891991,0.0,37.98638,24.96873,0.798487,2.85692,0.0,89.609959,0.0,14.893052,0.0,61.052537,33.743164,61.006989,50.065549,33.892771,50.0,27.0,0.0,0.0,0.0,0.0,0.0,0.0,0.0,1
3855,7.4e-05,0.0,1.902784,0.0,38.096498,25.159146,0.795039,2.83869,0.0,89.629775,0.0,14.83411,0.0,60.834792,33.700128,60.701312,49.980735,33.722951,50.0,27.0,0.0,0.0,0.0,0.0,0.0,0.0,0.0,1
3856,7.3e-05,0.0,1.905073,0.0,38.147142,24.908908,0.800635,2.846756,0.0,89.295557,0.0,14.858178,0.0,61.041683,33.466317,60.423348,49.904003,33.568527,50.0,27.0,0.0,0.0,0.0,0.0,0.0,0.0,0.0,1
3857,7.2e-05,0.0,1.900184,0.0,38.017272,24.986109,0.797606,2.845784,0.0,88.976159,0.0,14.75496,0.0,60.901712,33.628148,60.663387,49.970826,33.701882,50.0,27.0,0.0,0.0,0.0,0.0,0.0,0.0,0.0,1
3858,7.1e-05,0.0,1.909509,0.0,38.001108,24.94963,0.802291,2.852514,0.0,89.074531,0.0,14.834354,0.0,60.835273,33.67611,60.713013,49.984688,33.729452,50.0,27.0,0.0,0.0,0.0,0.0,0.0,0.0,0.0,1
3859,7.1e-05,0.0,1.900586,0.0,38.014298,24.999528,0.794702,2.834639,0.0,89.132359,0.0,14.812854,0.0,60.791503,33.769722,60.874346,50.029356,33.819081,50.0,27.0,0.0,0.0,0.0,0.0,0.0,0.0,0.0,1
3860,7e-05,0.0,1.886878,0.0,38.026097,24.932494,0.799347,2.850473,0.0,88.65613,0.0,14.800799,0.0,61.067857,33.576302,60.737527,49.991393,33.743071,50.0,27.0,0.0,0.0,0.0,0.0,0.0,0.0,0.0,1
3861,6.9e-05,0.0,1.90207,0.0,38.087305,24.972556,0.799911,2.857169,0.0,89.523592,0.0,14.970344,0.0,60.658785,33.862462,60.95272,50.050915,33.862622,50.0,27.0,0.0,0.0,0.0,0.0,0.0,0.0,0.0,1
3862,6.9e-05,0.0,1.900171,0.0,37.88645,25.079208,0.801395,2.872137,0.0,88.7169,0.0,14.739136,0.0,60.7199,33.819326,60.904474,50.037326,33.835819,50.0,27.0,0.0,0.0,0.0,0.0,0.0,0.0,0.0,1
3863,6.8e-05,0.0,1.891647,0.0,38.186806,24.962215,0.800202,2.846846,0.0,89.075475,0.0,14.796537,0.0,60.639176,33.816057,60.805319,50.009735,33.780733,50.0,27.0,0.0,0.0,0.0,0.0,0.0,0.0,0.0,1
3864,6.7e-05,0.0,1.905506,0.0,38.223509,24.975722,0.800073,2.850766,0.0,89.087351,0.0,14.829919,0.0,60.794239,33.668672,60.639107,49.963746,33.688393,50.0,27.0,0.0,0.0,0.0,0.0,0.0,0.0,0.0,1
3865,6.7e-05,0.0,1.894687,0.0,37.879289,25.006076,0.796754,2.851933,0.0,89.459368,0.0,14.882842,0.0,60.584422,33.842429,60.805504,50.009918,33.780835,50.0,27.0,0.0,0.0,0.0,0.0,0.0,0.0,0.0,1
3866,6.6e-05,0.0,1.894759,0.0,37.891126,24.987458,0.802131,2.829923,0.0,89.051228,0.0,14.887011,0.0,60.705634,33.673049,60.555615,49.9408,33.642008,50.0,27.0,0.0,0.0,0.0,0.0,0.0,0.0,0.0,1
3867,6.5e-05,0.0,1.892561,0.0,37.968649,24.900907,0.799988,2.86677,0.0,89.041539,0.0,14.832976,0.0,60.760264,33.71646,60.71119,49.984095,33.728439,50.0,27.0,0.0,0.0,0.0,0.0,0.0,0.0,0.0,1
3868,6.5e-05,0.0,1.893386,0.0,38.026644,24.826805,0.798881,2.844765,0.0,88.95092,0.0,14.895127,0.0,60.638043,33.806079,60.781076,50.00349,33.767265,50.0,27.0,0.0,0.0,0.0,0.0,0.0,0.0,0.0,1
3869,6.4e-05,0.0,1.898051,0.0,37.762263,24.823494,0.800466,2.846261,0.0,89.215251,0.0,14.827408,0.0,60.846189,33.706062,60.769309,50.00022,33.760727,50.0,27.0,0.0,0.0,0.0,0.0,0.0,0.0,0.0,1
3870,6.3e-05,0.0,1.908891,0.0,38.201259,25.065345,0.802924,2.843436,0.0,89.074405,0.0,14.733505,0.0,60.473359,33.963888,60.945137,50.048817,33.858409,50.0,27.0,0.0,0.0,0.0,0.0,0.0,0.0,0.0,1
3871,6.3e-05,0.0,1.900988,0.0,37.803001,25.0459,0.804684,2.863087,0.0,88.617507,0.0,14.852737,0.0,61.006769,33.714878,60.923804,50.042678,33.846558,50.0,27.0,0.0,0.0,0.0,0.0,0.0,0.0,0.0,1
3872,6.2e-05,0.0,1.899976,0.0,38.022567,25.069861,0.799699,2.84328,0.0,89.486708,0.0,14.851955,0.0,60.676901,33.888807,60.966002,50.054129,33.870001,50.0,27.0,0.0,0.0,0.0,0.0,0.0,0.0,0.0,1
3873,6.1e-05,0.0,1.896826,0.0,38.066558,25.075545,0.799332,2.845576,0.0,89.264537,0.0,14.876809,0.0,60.954334,33.745437,60.922946,50.04196,33.846081,50.0,27.0,0.0,0.0,0.0,0.0,0.0,0.0,0.0,1
3874,6.1e-05,0.0,1.900815,0.0,38.115283,24.959524,0.800729,2.853763,0.0,89.438377,0.0,14.875155,0.0,60.930859,33.745879,60.902364,50.036062,33.834647,50.0,27.0,0.0,0.0,0.0,0.0,0.0,0.0,0.0,1
3875,6e-05,0.0,1.90695,0.0,38.064455,24.965175,0.801074,2.852394,0.0,88.992186,0.0,14.807885,0.0,60.553678,33.913368,60.880262,50.029774,33.822368,50.0,27.0,0.0,0.0,0.0,0.0,0.0,0.0,0.0,1
3876,6e-05,0.0,1.903226,0.0,37.90396,24.899309,0.801271,2.842163,0.0,89.425919,0.0,14.825652,0.0,60.759762,33.733378,60.686269,49.976007,33.714594,50.0,27.0,0.0,0.0,0.0,0.0,0.0,0.0,0.0,1
3877,5.9e-05,0.0,1.905595,0.0,37.980996,25.018521,0.804014,2.840715,0.0,89.113213,0.0,14.835491,0.0,60.904811,33.770002,60.913164,50.038839,33.840647,50.0,27.0,0.0,0.0,0.0,0.0,0.0,0.0,0.0,1
3878,5.8e-05,0.0,1.911302,0.0,37.929271,24.893201,0.799628,2.845262,0.0,88.552008,0.0,14.944687,0.0,61.027671,33.505885,60.47838,49.918473,33.5991,50.0,27.0,0.0,0.0,0.0,0.0,0.0,0.0,0.0,1
3879,5.8e-05,0.0,1.904181,0.0,38.081247,24.972544,0.80231,2.846528,0.0,89.274265,0.0,14.839253,0.0,60.413699,33.735511,60.383106,49.892545,33.54617,50.0,27.0,0.0,0.0,0.0,0.0,0.0,0.0,0.0,1
3880,5.7e-05,0.0,1.893677,0.0,37.907279,25.120072,0.798706,2.863661,0.0,88.960423,0.0,14.81888,0.0,60.819266,33.705502,60.727285,49.98821,33.73738,50.0,27.0,0.0,0.0,0.0,0.0,0.0,0.0,0.0,1
3881,5.7e-05,0.0,1.903763,0.0,37.794197,25.024494,0.799943,2.853044,0.0,88.98776,0.0,14.875718,0.0,60.661213,33.943923,61.077902,50.085177,33.932168,50.0,27.0,0.0,0.0,0.0,0.0,0.0,0.0,0.0,1
3882,5.6e-05,0.0,1.893222,0.0,38.05377,24.929311,0.799853,2.844708,0.0,89.186921,0.0,14.879165,0.0,60.696459,33.931689,61.061297,50.080164,33.922943,50.0,27.0,0.0,0.0,0.0,0.0,0.0,0.0,0.0,1
3883,5.6e-05,0.0,1.887061,0.0,38.007988,24.864689,0.798675,2.853627,0.0,89.012897,0.0,14.848825,0.0,60.755508,33.702467,60.614028,49.956142,33.67446,50.0,27.0,0.0,0.0,0.0,0.0,0.0,0.0,0.0,1
3884,5.5e-05,0.0,1.892191,0.0,37.993329,25.052678,0.803359,2.837425,0.0,89.592554,0.0,14.944628,0.0,60.82763,33.716281,60.724133,49.986793,33.735629,50.0,27.0,0.0,0.0,0.0,0.0,0.0,0.0,0.0,1
3885,5.4e-05,0.0,1.906508,0.0,37.898021,24.994178,0.799441,2.844135,0.0,88.974093,0.0,14.874883,0.0,60.80709,33.755802,60.793425,50.00601,33.774125,50.0,27.0,0.0,0.0,0.0,0.0,0.0,0.0,0.0,1
3886,5.4e-05,0.0,1.894657,0.0,38.085786,25.113549,0.802664,2.853493,0.0,89.376561,0.0,14.882815,0.0,60.65051,33.851273,60.839084,50.0186,33.799491,50.0,27.0,0.0,0.0,0.0,0.0,0.0,0.0,0.0,1
3887,5.3e-05,0.0,1.915756,0.0,38.048606,24.874299,0.806027,2.862505,0.0,89.188296,0.0,14.882201,0.0,60.550742,33.944761,60.924731,50.04218,33.847073,50.0,27.0,0.0,0.0,0.0,0.0,0.0,0.0,0.0,1
3888,5.3e-05,0.0,1.903231,0.0,38.062751,25.068062,0.79935,2.844859,0.0,89.246452,0.0,14.849864,0.0,60.569397,34.114339,61.277716,50.139534,34.043175,50.0,27.0,0.0,0.0,0.0,0.0,0.0,0.0,0.0,1
3889,5.2e-05,0.0,1.895397,0.0,37.972658,24.963446,0.800403,2.841451,0.0,89.120752,0.0,14.863442,0.0,60.774371,33.948227,61.088026,50.08641,33.937792,50.0,27.0,0.0,0.0,0.0,0.0,0.0,0.0,0.0,1
3890,5.2e-05,0.0,1.89644,0.0,37.906643,24.989344,0.797039,2.843899,0.0,89.204961,0.0,14.868949,0.0,60.882478,33.748165,60.754524,49.993802,33.752513,50.0,27.0,0.0,0.0,0.0,0.0,0.0,0.0,0.0,1
3891,5.1e-05,0.0,1.898845,0.0,38.186734,25.109919,0.804009,2.835421,0.0,89.397117,0.0,14.937454,0.0,60.634786,33.73304,60.482925,49.918764,33.601625,50.0,27.0,0.0,0.0,0.0,0.0,0.0,0.0,0.0,1
3892,5.1e-05,0.0,1.901095,0.0,37.854269,25.049683,0.801371,2.83792,0.0,89.532274,0.0,14.898493,0.0,61.219605,33.542315,60.674925,49.972236,33.708291,50.0,27.0,0.0,0.0,0.0,0.0,0.0,0.0,0.0,1
3893,5e-05,0.0,1.89824,0.0,37.875191,24.905773,0.805631,2.849383,0.0,88.784097,0.0,14.894335,0.0,60.963434,33.832283,61.064448,50.080037,33.924693,50.0,27.0,0.0,0.0,0.0,0.0,0.0,0.0,0.0,1
3894,5e-05,0.0,1.905931,0.0,38.014995,25.057255,0.798775,2.844637,0.0,89.255452,0.0,14.874161,0.0,60.684351,33.938228,61.002531,50.062525,33.890295,50.0,27.0,0.0,0.0,0.0,0.0,0.0,0.0,0.0,1
3895,4.9e-05,0.0,1.895774,0.0,37.872329,25.116246,0.799366,2.852849,0.0,89.364952,0.0,14.838381,0.0,60.85976,33.730628,60.720147,49.984164,33.733415,50.0,27.0,0.0,0.0,0.0,0.0,0.0,0.0,0.0,1
3896,4.9e-05,0.0,1.906519,0.0,37.941022,24.844512,0.799173,2.842788,0.0,88.868184,0.0,14.997456,0.0,60.899821,33.720397,60.747352,49.991762,33.748529,50.0,27.0,0.0,0.0,0.0,0.0,0.0,0.0,0.0,1
3897,4.8e-05,0.0,1.897562,0.0,37.942402,25.034143,0.799402,2.843868,0.0,88.853828,0.0,14.92902,0.0,60.617678,33.99841,61.061172,50.078542,33.922873,50.0,27.0,0.0,0.0,0.0,0.0,0.0,0.0,0.0,1
3898,4.8e-05,0.0,1.898486,0.0,37.893341,24.955487,0.799032,2.846598,0.0,89.337842,0.0,14.864574,0.0,60.860369,33.792998,60.842852,50.017808,33.801585,50.0,27.0,0.0,0.0,0.0,0.0,0.0,0.0,0.0,1
3899,4.7e-05,0.0,1.911256,0.0,38.044435,25.124593,0.799737,2.848476,0.0,89.311397,0.0,14.952669,0.0,60.900089,33.693089,60.672924,49.970752,33.70718,50.0,27.0,0.0,0.0,0.0,0.0,0.0,0.0,0.0,1
3900,4.7e-05,0.0,1.911036,0.0,38.15829,25.023821,0.806258,2.853762,0.0,89.012672,0.0,14.911733,0.0,60.615977,33.878775,60.794689,50.004553,33.774827,50.0,27.0,0.0,0.0,0.0,0.0,0.0,0.0,0.0,1
3901,4.6e-05,0.0,1.912609,0.0,38.049409,25.093009,0.797265,2.851196,0.0,89.194439,0.0,14.881748,0.0,60.818224,33.902424,61.035653,50.071132,33.908696,50.0,27.0,0.0,0.0,0.0,0.0,0.0,0.0,0.0,1
3902,4.6e-05,0.0,1.904535,0.0,37.969078,25.05447,0.797003,2.852709,0.0,89.216305,0.0,14.971249,0.0,60.84049,33.768976,60.762836,49.995373,33.757131,50.0,27.0,0.0,0.0,0.0,0.0,0.0,0.0,0.0,1
3903,4.5e-05,0.0,1.9134,0.0,37.924168,24.987882,0.798816,2.849632,0.0,89.146444,0.0,14.841003,0.0,60.864851,33.702307,60.651421,49.964601,33.695234,50.0,27.0,0.0,0.0,0.0,0.0,0.0,0.0,0.0,1
3904,4.5e-05,0.0,1.908788,0.0,37.930276,24.84727,0.800841,2.859521,0.0,89.514913,0.0,14.875851,0.0,60.979263,33.699695,60.773663,49.998564,33.763146,50.0,27.0,0.0,0.0,0.0,0.0,0.0,0.0,0.0,1
3905,4.5e-05,0.0,1.897547,0.0,37.986224,25.065348,0.801465,2.854409,0.0,89.066469,0.0,14.895872,0.0,60.65194,33.792968,60.655938,49.966033,33.697743,50.0,27.0,0.0,0.0,0.0,0.0,0.0,0.0,0.0,1
3906,4.4e-05,0.0,1.888451,0.0,37.977076,24.943003,0.800438,2.852093,0.0,89.57878,0.0,14.913271,0.0,60.889797,33.681176,60.657734,49.966698,33.698741,50.0,27.0,0.0,0.0,0.0,0.0,0.0,0.0,0.0,1
3907,4.4e-05,0.0,1.895982,0.0,38.129704,25.012599,0.798741,2.859412,0.0,89.132878,0.0,14.866413,0.0,60.691095,33.83483,60.797649,50.005536,33.776471,50.0,27.0,0.0,0.0,0.0,0.0,0.0,0.0,0.0,1
3908,4.3e-05,0.0,1.903314,0.0,37.937039,25.015388,0.797448,2.849685,0.0,89.725366,0.0,14.748363,0.0,60.745867,33.566027,60.278755,49.862088,33.488197,50.0,27.0,0.0,0.0,0.0,0.0,0.0,0.0,0.0,1
3909,4.3e-05,0.0,1.90454,0.0,38.112766,24.861317,0.800796,2.844557,0.0,88.925244,0.0,14.7994,0.0,60.613987,33.938481,60.961715,50.051542,33.86762,50.0,27.0,0.0,0.0,0.0,0.0,0.0,0.0,0.0,1
3910,4.2e-05,0.0,1.901552,0.0,37.797344,24.861408,0.794796,2.856817,0.0,89.237232,0.0,14.815723,0.0,60.668705,33.861971,60.83331,50.015795,33.796284,50.0,27.0,0.0,0.0,0.0,0.0,0.0,0.0,0.0,1
3911,4.2e-05,0.0,1.901816,0.0,38.042719,24.879328,0.800109,2.833442,0.0,89.635987,0.0,14.84467,0.0,61.052403,33.68561,60.83471,50.016103,33.797061,50.0,27.0,0.0,0.0,0.0,0.0,0.0,0.0,0.0,1
3912,4.1e-05,0.0,1.891531,0.0,38.064249,25.009793,0.799136,2.847975,0.0,89.590377,0.0,14.787763,0.0,60.791713,33.76627,60.757768,49.994756,33.754315,50.0,27.0,0.0,0.0,0.0,0.0,0.0,0.0,0.0,1
3913,4.1e-05,0.0,1.903165,0.0,37.864031,24.960068,0.796656,2.846187,0.0,89.222886,0.0,14.944709,0.0,60.692015,33.757589,60.641881,49.962752,33.689934,50.0,27.0,0.0,0.0,0.0,0.0,0.0,0.0,0.0,1
3914,4.1e-05,0.0,1.903189,0.0,37.820802,24.866169,0.795442,2.855448,0.0,89.181459,0.0,14.851927,0.0,60.837869,33.722782,60.717448,49.983823,33.731916,50.0,27.0,0.0,0.0,0.0,0.0,0.0,0.0,0.0,1
3915,4e-05,0.0,1.901179,0.0,37.777131,24.969933,0.803374,2.850189,0.0,88.98255,0.0,14.880921,0.0,60.729356,33.826396,60.835021,50.016401,33.797234,50.0,27.0,0.0,0.0,0.0,0.0,0.0,0.0,0.0,1
3916,4e-05,0.0,1.902084,0.0,38.054683,24.994551,0.802084,2.838611,0.0,89.071495,0.0,14.852782,0.0,60.487828,33.862242,60.662501,49.968635,33.701389,50.0,27.0,0.0,0.0,0.0,0.0,0.0,0.0,0.0,1
3917,3.9e-05,0.0,1.894897,0.0,38.007611,24.811081,0.801847,2.855286,0.0,89.386889,0.0,14.8189,0.0,60.962556,33.543688,60.454363,49.911263,33.585757,50.0,27.0,0.0,0.0,0.0,0.0,0.0,0.0,0.0,1
3918,3.9e-05,0.0,1.8829,0.0,38.124484,25.060406,0.801507,2.84591,0.0,88.957578,0.0,14.882061,0.0,61.065946,33.691693,60.901712,50.035349,33.834284,50.0,27.0,0.0,0.0,0.0,0.0,0.0,0.0,0.0,1
3919,3.9e-05,0.0,1.894142,0.0,37.991045,25.134002,0.800026,2.847673,0.0,89.143129,0.0,14.883755,0.0,60.661997,33.818965,60.776492,50.000564,33.764718,50.0,27.0,0.0,0.0,0.0,0.0,0.0,0.0,0.0,1
3920,3.8e-05,0.0,1.895203,0.0,37.912646,24.946455,0.799531,2.841262,0.0,89.089427,0.0,14.878563,0.0,60.639555,33.934204,60.989978,50.059567,33.883321,50.0,27.0,0.0,0.0,0.0,0.0,0.0,0.0,0.0,1
3921,3.8e-05,0.0,1.907569,0.0,37.917373,24.915441,0.80469,2.848027,0.0,88.990064,0.0,14.803417,0.0,60.92808,33.61198,60.576909,49.9451,33.653839,50.0,27.0,0.0,0.0,0.0,0.0,0.0,0.0,0.0,1
3922,3.8e-05,0.0,1.900293,0.0,37.922158,24.887122,0.797296,2.832704,0.0,89.143853,0.0,14.787127,0.0,60.73769,33.769906,60.741594,49.990892,33.74533,50.0,27.0,0.0,0.0,0.0,0.0,0.0,0.0,0.0,1
3923,3.7e-05,0.0,1.899821,0.0,38.090953,25.010172,0.80203,2.859243,0.0,89.473602,0.0,14.910819,0.0,60.959187,33.748121,60.916893,50.039389,33.842718,50.0,27.0,0.0,0.0,0.0,0.0,0.0,0.0,0.0,1
3924,3.7e-05,0.0,1.909669,0.0,38.19563,24.99103,0.796141,2.845439,0.0,89.580561,0.0,14.918485,0.0,60.792861,33.880239,61.031896,50.070979,33.906609,50.0,27.0,0.0,0.0,0.0,0.0,0.0,0.0,0.0,1
3925,3.6e-05,0.0,1.898933,0.0,37.894813,25.047285,0.794371,2.837915,0.0,89.430298,0.0,14.964149,0.0,60.992993,33.791084,61.029028,50.069833,33.905015,50.0,27.0,0.0,0.0,0.0,0.0,0.0,0.0,0.0,1
3926,3.6e-05,0.0,1.893849,0.0,38.001502,24.952727,0.795332,2.855108,0.0,89.179108,0.0,14.85045,0.0,60.454382,34.002446,60.934006,50.043222,33.852225,50.0,27.0,0.0,0.0,0.0,0.0,0.0,0.0,0.0,1
3927,3.6e-05,0.0,1.904907,0.0,38.185936,24.992063,0.796481,2.851205,0.0,89.352186,0.0,14.733327,0.0,60.603947,33.816216,60.660766,49.967485,33.700425,50.0,27.0,0.0,0.0,0.0,0.0,0.0,0.0,0.0,1
3928,3.5e-05,0.0,1.899397,0.0,37.9499,25.119665,0.795338,2.847304,0.0,88.92623,0.0,14.868469,0.0,60.899266,33.773034,60.861448,50.023114,33.811916,50.0,27.0,0.0,0.0,0.0,0.0,0.0,0.0,0.0,1
3929,3.5e-05,0.0,1.911382,0.0,38.067084,25.122207,0.799029,2.860317,0.0,89.119972,0.0,14.933055,0.0,60.903315,33.855452,61.04171,50.072823,33.912061,50.0,27.0,0.0,0.0,0.0,0.0,0.0,0.0,0.0,1
3930,3.5e-05,0.0,1.902309,0.0,37.904482,24.987871,0.800506,2.853032,0.0,88.458044,0.0,14.902893,0.0,61.129,33.516401,60.54356,49.934774,33.635311,50.0,27.0,0.0,0.0,0.0,0.0,0.0,0.0,0.0,1
3931,3.4e-05,0.0,1.907688,0.0,38.071963,24.873824,0.805623,2.831437,0.0,89.383444,0.0,14.89297,0.0,60.969219,33.57478,60.543511,49.935085,33.635284,50.0,27.0,0.0,0.0,0.0,0.0,0.0,0.0,0.0,1
3932,3.4e-05,0.0,1.907459,0.0,38.051362,25.086186,0.800747,2.845616,0.0,88.455821,0.0,14.871894,0.0,60.843194,33.815535,60.951935,50.048295,33.862186,50.0,27.0,0.0,0.0,0.0,0.0,0.0,0.0,0.0,1
3933,3.4e-05,0.0,1.903378,0.0,38.147947,25.006442,0.796831,2.848911,0.0,88.848546,0.0,14.891112,0.0,60.725716,33.681766,60.545492,49.935716,33.636385,50.0,27.0,0.0,0.0,0.0,0.0,0.0,0.0,0.0,1
3934,3.3e-05,0.0,1.900572,0.0,37.979271,24.965475,0.798923,2.841193,0.0,88.799054,0.0,14.786701,0.0,60.327743,34.065901,60.969068,50.05311,33.871705,50.0,27.0,0.0,0.0,0.0,0.0,0.0,0.0,0.0,1
3935,3.3e-05,0.0,1.899191,0.0,38.085441,24.953966,0.803727,2.839106,0.0,89.324544,0.0,14.840756,0.0,60.918922,33.59192,60.52036,49.928825,33.622422,50.0,27.0,0.0,0.0,0.0,0.0,0.0,0.0,0.0,1
3936,3.3e-05,0.0,1.907975,0.0,38.131246,24.978542,0.796028,2.862378,0.0,89.305694,0.0,14.86773,0.0,60.648879,33.764112,60.638446,49.961817,33.688025,50.0,27.0,0.0,0.0,0.0,0.0,0.0,0.0,0.0,1
3937,3.2e-05,0.0,1.898155,0.0,37.822941,25.025789,0.805188,2.848362,0.0,89.21548,0.0,14.842021,0.0,60.944612,33.68458,60.767068,49.997558,33.759482,50.0,27.0,0.0,0.0,0.0,0.0,0.0,0.0,0.0,1
3938,3.2e-05,0.0,1.887588,0.0,38.059327,24.933205,0.798468,2.830049,0.0,89.186315,0.0,14.872706,0.0,60.693148,33.807264,60.785486,50.002661,33.769715,50.0,27.0,0.0,0.0,0.0,0.0,0.0,0.0,0.0,1
3939,3.2e-05,0.0,1.900755,0.0,38.020495,24.936322,0.801268,2.847621,0.0,89.366334,0.0,14.856031,0.0,61.180288,33.442642,60.49773,49.923113,33.60985,50.0,27.0,0.0,0.0,0.0,0.0,0.0,0.0,0.0,1
3940,3.1e-05,0.0,1.897138,0.0,37.834178,25.033266,0.799877,2.850968,0.0,89.401088,0.0,14.861489,0.0,60.969675,33.554821,60.566405,49.942477,33.648003,50.0,27.0,0.0,0.0,0.0,0.0,0.0,0.0,0.0,1
3941,3.1e-05,0.0,1.894953,0.0,37.804262,25.036905,0.802796,2.847217,0.0,89.072077,0.0,14.920886,0.0,60.739949,33.756554,60.787414,50.003849,33.770786,50.0,27.0,0.0,0.0,0.0,0.0,0.0,0.0,0.0,1
3942,3.1e-05,0.0,1.896468,0.0,38.118606,25.058901,0.798805,2.859259,0.0,88.962452,0.0,14.820286,0.0,60.523436,34.037591,61.160748,50.107018,33.978193,50.0,27.0,0.0,0.0,0.0,0.0,0.0,0.0,0.0,1
3943,3e-05,0.0,1.896766,0.0,37.982588,24.909899,0.800375,2.845508,0.0,89.151072,0.0,14.865164,0.0,60.369978,34.025001,60.940901,50.045721,33.856056,50.0,27.0,0.0,0.0,0.0,0.0,0.0,0.0,0.0,1
3944,3e-05,0.0,1.899944,0.0,37.868641,24.953257,0.802518,2.84829,0.0,88.899548,0.0,14.833926,0.0,60.572074,33.914127,60.873439,50.026847,33.818577,50.0,27.0,0.0,0.0,0.0,0.0,0.0,0.0,0.0,1
3945,3e-05,0.0,1.897551,0.0,37.923864,25.101281,0.796613,2.840101,0.0,89.037639,0.0,14.93006,0.0,61.03085,33.593013,60.63603,49.961094,33.686683,50.0,27.0,0.0,0.0,0.0,0.0,0.0,0.0,0.0,1
3946,2.9e-05,0.0,1.90238,0.0,38.043299,24.965142,0.801047,2.849478,0.0,89.608504,0.0,14.849053,0.0,60.740869,33.720356,60.63934,49.962203,33.688522,50.0,27.0,0.0,0.0,0.0,0.0,0.0,0.0,0.0,1
3947,2.9e-05,0.0,1.901426,0.0,38.076616,24.990323,0.801262,2.854629,0.0,89.524091,0.0,14.750578,0.0,60.756204,33.827106,60.886196,50.030621,33.825664,50.0,27.0,0.0,0.0,0.0,0.0,0.0,0.0,0.0,1
3948,2.9e-05,0.0,1.906767,0.0,38.010056,25.053128,0.801026,2.844276,0.0,89.034904,0.0,14.867697,0.0,60.822709,33.766354,60.816427,50.011185,33.786904,50.0,27.0,0.0,0.0,0.0,0.0,0.0,0.0,0.0,1
3949,2.9e-05,0.0,1.909734,0.0,38.139001,24.829833,0.801847,2.848932,0.0,89.247751,0.0,14.912518,0.0,60.671627,33.889504,60.925506,50.041278,33.847503,50.0,27.0,0.0,0.0,0.0,0.0,0.0,0.0,0.0,1
3950,2.8e-05,0.0,1.901912,0.0,37.899493,24.920183,0.80063,2.834839,0.0,89.379029,0.0,14.865026,0.0,60.615919,33.861949,60.795807,50.005224,33.775449,50.0,27.0,0.0,0.0,0.0,0.0,0.0,0.0,0.0,1
3951,2.8e-05,0.0,1.909507,0.0,37.668069,25.03204,0.797883,2.843026,0.0,90.03888,0.0,14.875135,0.0,60.990944,33.691807,60.800698,50.00655,33.778165,50.0,27.0,0.0,0.0,0.0,0.0,0.0,0.0,0.0,1
3952,2.8e-05,0.0,1.902983,0.0,37.956976,25.027952,0.798501,2.844555,0.0,89.15734,0.0,14.828235,0.0,60.709837,33.726096,60.603809,49.952098,33.668783,50.0,27.0,0.0,0.0,0.0,0.0,0.0,0.0,0.0,1
3953,2.7e-05,0.0,1.902548,0.0,37.994148,25.020289,0.803662,2.845665,0.0,89.317478,0.0,14.852491,0.0,60.798873,33.632971,60.503036,49.924483,33.612798,50.0,27.0,0.0,0.0,0.0,0.0,0.0,0.0,0.0,1
3954,2.7e-05,0.0,1.889725,0.0,37.922773,25.026066,0.796436,2.858308,0.0,89.383407,0.0,14.856525,0.0,60.991838,33.859008,61.191287,50.115089,33.995159,50.0,27.0,0.0,0.0,0.0,0.0,0.0,0.0,0.0,1
3955,2.7e-05,0.0,1.895057,0.0,37.936417,24.977994,0.797856,2.840905,0.0,89.621347,0.0,14.778534,0.0,60.956656,33.785516,60.988618,50.058499,33.882566,50.0,27.0,0.0,0.0,0.0,0.0,0.0,0.0,0.0,1
3956,2.7e-05,0.0,1.899047,0.0,38.085487,24.936109,0.805611,2.86019,0.0,89.488419,0.0,14.777107,0.0,60.664544,33.906042,60.948741,50.047187,33.860412,50.0,27.0,0.0,0.0,0.0,0.0,0.0,0.0,0.0,1
3957,2.6e-05,0.0,1.903689,0.0,38.063776,25.063511,0.801804,2.8365,0.0,88.921192,0.0,14.799131,0.0,61.004505,33.612243,60.651208,49.964715,33.695116,50.0,27.0,0.0,0.0,0.0,0.0,0.0,0.0,0.0,1
3958,2.6e-05,0.0,1.899102,0.0,38.03474,24.942228,0.799259,2.838243,0.0,89.593487,0.0,14.89095,0.0,60.507959,33.833252,60.642934,49.962604,33.690519,50.0,27.0,0.0,0.0,0.0,0.0,0.0,0.0,0.0,1
3959,2.6e-05,0.0,1.896851,0.0,37.909517,24.973168,0.797079,2.861984,0.0,89.368509,0.0,14.907831,0.0,60.907256,33.732264,60.820775,50.011944,33.789319,50.0,27.0,0.0,0.0,0.0,0.0,0.0,0.0,0.0,1
3960,2.6e-05,0.0,1.896586,0.0,37.755056,24.955935,0.800705,2.845803,0.0,89.116673,0.0,14.814951,0.0,60.616495,33.886767,60.861324,50.023092,33.811847,50.0,27.0,0.0,0.0,0.0,0.0,0.0,0.0,0.0,1
3961,2.5e-05,0.0,1.905084,0.0,37.846416,25.066226,0.799065,2.859645,0.0,88.948215,0.0,14.82854,0.0,60.920244,33.755144,60.872127,50.025963,33.817848,50.0,27.0,0.0,0.0,0.0,0.0,0.0,0.0,0.0,1
3962,2.5e-05,0.0,1.895407,0.0,37.988785,25.009583,0.800541,2.858771,0.0,89.605376,0.0,14.865614,0.0,60.827842,33.718533,60.705507,49.979781,33.725282,50.0,27.0,0.0,0.0,0.0,0.0,0.0,0.0,0.0,1
3963,2.5e-05,0.0,1.901705,0.0,37.956801,25.101537,0.798732,2.850243,0.0,89.627442,0.0,14.875076,0.0,60.690664,33.909957,60.979761,50.055684,33.877645,50.0,27.0,0.0,0.0,0.0,0.0,0.0,0.0,0.0,1
3964,2.5e-05,0.0,1.908497,0.0,37.920835,25.056402,0.801691,2.83553,0.0,88.868286,0.0,14.833663,0.0,60.578337,33.745903,60.503313,49.923719,33.612952,50.0,27.0,0.0,0.0,0.0,0.0,0.0,0.0,0.0,1
3965,2.4e-05,0.0,1.897505,0.0,38.060425,24.967467,0.798426,2.853688,0.0,88.907838,0.0,14.876842,0.0,60.593447,33.828651,60.697659,49.977815,33.720922,50.0,27.0,0.0,0.0,0.0,0.0,0.0,0.0,0.0,1
3966,2.4e-05,0.0,1.901492,0.0,37.927133,25.03375,0.795753,2.846915,0.0,88.950469,0.0,14.811672,0.0,60.859017,33.745471,60.781258,50.001032,33.767365,50.0,27.0,0.0,0.0,0.0,0.0,0.0,0.0,0.0,1
3967,2.4e-05,0.0,1.901178,0.0,38.001358,24.881527,0.803827,2.850632,0.0,89.058092,0.0,14.870172,0.0,60.844045,33.790989,60.86716,50.024769,33.815089,50.0,27.0,0.0,0.0,0.0,0.0,0.0,0.0,0.0,1
3968,2.4e-05,0.0,1.894268,0.0,37.858817,24.996342,0.799562,2.863925,0.0,89.384562,0.0,14.941044,0.0,60.932133,33.758931,60.886182,50.029904,33.825657,50.0,27.0,0.0,0.0,0.0,0.0,0.0,0.0,0.0,1
3969,2.3e-05,0.0,1.89102,0.0,38.066853,25.125924,0.804479,2.857233,0.0,89.498587,0.0,14.927657,0.0,60.956124,33.663749,60.712269,49.981686,33.729038,50.0,27.0,0.0,0.0,0.0,0.0,0.0,0.0,0.0,1
3970,2.3e-05,0.0,1.895377,0.0,37.995039,25.144785,0.801101,2.842669,0.0,89.04734,0.0,14.854953,0.0,61.095948,33.542617,60.611821,49.954014,33.673234,50.0,27.0,0.0,0.0,0.0,0.0,0.0,0.0,0.0,1
3971,2.3e-05,0.0,1.91129,0.0,38.13429,24.974242,0.800941,2.847697,0.0,89.445758,0.0,14.787817,0.0,60.73628,33.862102,60.956324,50.049462,33.864625,50.0,27.0,0.0,0.0,0.0,0.0,0.0,0.0,0.0,1
3972,2.3e-05,0.0,1.900224,0.0,37.990818,25.053138,0.798601,2.847865,0.0,88.966004,0.0,14.861307,0.0,60.916051,33.810545,61.013591,50.065044,33.896439,50.0,27.0,0.0,0.0,0.0,0.0,0.0,0.0,0.0,1
3973,2.2e-05,0.0,1.897047,0.0,37.981817,25.019867,0.800347,2.853965,0.0,89.102795,0.0,14.878166,0.0,60.91917,33.664856,60.7033,49.978957,33.724056,50.0,27.0,0.0,0.0,0.0,0.0,0.0,0.0,0.0,1
3974,2.2e-05,0.0,1.896905,0.0,37.946059,25.125284,0.798247,2.85373,0.0,88.823284,0.0,14.853453,0.0,60.592706,33.805912,60.687869,49.974797,33.715483,50.0,27.0,0.0,0.0,0.0,0.0,0.0,0.0,0.0,1
3975,2.2e-05,0.0,1.889433,0.0,37.936836,25.135574,0.798317,2.84731,0.0,88.899997,0.0,14.908439,0.0,60.560866,33.905445,60.860032,50.022508,33.811129,50.0,27.0,0.0,0.0,0.0,0.0,0.0,0.0,0.0,1
3976,2.2e-05,0.0,1.895203,0.0,38.127974,25.135799,0.799163,2.850611,0.0,88.855906,0.0,14.839045,0.0,60.806457,33.633324,60.512921,49.926456,33.618289,50.0,27.0,0.0,0.0,0.0,0.0,0.0,0.0,0.0,1
3977,2.2e-05,0.0,1.900129,0.0,38.082879,25.037274,0.800307,2.841673,0.0,88.944287,0.0,14.853223,0.0,60.922645,33.530961,60.431534,49.904326,33.573074,50.0,27.0,0.0,0.0,0.0,0.0,0.0,0.0,0.0,1
3978,2.1e-05,0.0,1.900414,0.0,37.866468,25.129201,0.799613,2.843391,0.0,89.271747,0.0,14.867928,0.0,60.429391,33.96268,60.87963,50.028654,33.822017,50.0,27.0,0.0,0.0,0.0,0.0,0.0,0.0,0.0,1
3979,2.1e-05,0.0,1.895434,0.0,38.057561,24.997585,0.798943,2.82871,0.0,88.916822,0.0,14.803212,0.0,60.844778,33.680335,60.671306,49.970932,33.706281,50.0,27.0,0.0,0.0,0.0,0.0,0.0,0.0,0.0,1
3980,2.1e-05,0.0,1.89992,0.0,37.931688,24.843147,0.800073,2.860262,0.0,88.994467,0.0,14.918775,0.0,60.792849,33.795544,60.873237,50.026889,33.818465,50.0,27.0,0.0,0.0,0.0,0.0,0.0,0.0,0.0,1
3981,2.1e-05,0.0,1.905736,0.0,38.183843,25.071261,0.800425,2.851645,0.0,89.156519,0.0,14.882994,0.0,60.681841,33.674233,60.501316,49.923958,33.611842,50.0,27.0,0.0,0.0,0.0,0.0,0.0,0.0,0.0,1
3982,2.1e-05,0.0,1.904686,0.0,37.909805,25.116674,0.800342,2.842928,0.0,89.083715,0.0,14.919526,0.0,60.808457,33.85517,61.020878,50.067941,33.900488,50.0,27.0,0.0,0.0,0.0,0.0,0.0,0.0,0.0,1
3983,2e-05,0.0,1.898762,0.0,38.072307,25.12473,0.800447,2.862085,0.0,88.843674,0.0,14.841361,0.0,60.984927,33.733707,60.927862,50.041894,33.848812,50.0,27.0,0.0,0.0,0.0,0.0,0.0,0.0,0.0,1
3984,2e-05,0.0,1.899508,0.0,37.997542,24.976768,0.800503,2.849226,0.0,89.597666,0.0,14.871109,0.0,60.629503,33.806426,60.729396,49.98683,33.738553,50.0,27.0,0.0,0.0,0.0,0.0,0.0,0.0,0.0,1
3985,2e-05,0.0,1.892833,0.0,38.080523,25.080966,0.800518,2.852577,0.0,88.792804,0.0,14.825159,0.0,61.178424,33.338728,60.285523,49.864211,33.491957,50.0,27.0,0.0,0.0,0.0,0.0,0.0,0.0,0.0,1
3986,2e-05,0.0,1.902994,0.0,37.916221,25.058192,0.797511,2.85634,0.0,88.782615,0.0,14.856367,0.0,60.673132,33.741342,60.685301,49.975384,33.714056,50.0,27.0,0.0,0.0,0.0,0.0,0.0,0.0,0.0,1
3987,2e-05,0.0,1.89102,0.0,38.342,24.924838,0.805495,2.846594,0.0,88.633078,0.0,14.791681,0.0,60.418232,33.685237,60.311295,49.872133,33.506275,50.0,27.0,0.0,0.0,0.0,0.0,0.0,0.0,0.0,1
3988,1.9e-05,0.0,1.901852,0.0,37.942275,25.004249,0.800046,2.860589,0.0,88.706834,0.0,14.854392,0.0,60.623259,33.759416,60.679476,49.974532,33.71082,50.0,27.0,0.0,0.0,0.0,0.0,0.0,0.0,0.0,1
3989,1.9e-05,0.0,1.904199,0.0,38.28644,25.028575,0.798282,2.849607,0.0,89.4542,0.0,14.824351,0.0,60.447314,33.82754,60.643715,49.964775,33.690953,50.0,27.0,0.0,0.0,0.0,0.0,0.0,0.0,0.0,1
3990,1.9e-05,0.0,1.904603,0.0,37.87336,24.947546,0.793366,2.845327,0.0,88.365451,0.0,14.822899,0.0,60.361164,33.810848,60.51008,49.928014,33.616711,50.0,27.0,0.0,0.0,0.0,0.0,0.0,0.0,0.0,1
3991,1.9e-05,0.0,1.906255,0.0,38.168548,24.997976,0.802209,2.851167,0.0,88.667634,0.0,14.836993,0.0,60.622803,33.75441,60.643363,49.965211,33.690757,50.0,27.0,0.0,0.0,0.0,0.0,0.0,0.0,0.0,1
3992,1.9e-05,0.0,1.895375,0.0,38.140101,25.077246,0.802458,2.85035,0.0,89.444343,0.0,14.923673,0.0,61.116117,33.615299,60.841956,50.020274,33.801087,50.0,27.0,0.0,0.0,0.0,0.0,0.0,0.0,0.0,1
3993,1.8e-05,0.0,1.906765,0.0,37.943541,25.000594,0.798316,2.852553,0.0,89.314484,0.0,14.828106,0.0,60.670417,33.828419,60.862941,50.025974,33.812745,50.0,27.0,0.0,0.0,0.0,0.0,0.0,0.0,0.0,1
3994,1.8e-05,0.0,1.903224,0.0,37.905956,25.056698,0.803887,2.843369,0.0,89.390192,0.0,14.875953,0.0,60.780753,33.69373,60.677133,49.974488,33.709519,50.0,27.0,0.0,0.0,0.0,0.0,0.0,0.0,0.0,1
3995,1.8e-05,0.0,1.908882,0.0,37.87218,24.959219,0.797882,2.839676,0.0,88.933202,0.0,14.833365,0.0,60.609091,33.829611,60.798573,50.00818,33.776985,50.0,27.0,0.0,0.0,0.0,0.0,0.0,0.0,0.0,1
3996,1.8e-05,0.0,1.891816,0.0,37.988083,24.903089,0.799812,2.85388,0.0,89.712515,0.0,14.856088,0.0,60.667933,33.81584,60.816524,50.013101,33.786958,50.0,27.0,0.0,0.0,0.0,0.0,0.0,0.0,0.0,1
3997,1.8e-05,0.0,1.902685,0.0,37.944285,25.096453,0.803093,2.860049,0.0,88.918151,0.0,14.926,0.0,61.251668,33.509788,60.745393,49.993376,33.74744,50.0,27.0,0.0,0.0,0.0,0.0,0.0,0.0,0.0,1
3998,1.7e-05,0.0,1.912097,0.0,37.989552,24.95433,0.797884,2.867386,0.0,88.997906,0.0,14.881707,0.0,60.673593,33.569877,60.32571,49.87741,33.514284,50.0,27.0,0.0,0.0,0.0,0.0,0.0,0.0,0.0,1
3999,1.7e-05,0.0,1.902555,0.0,38.019933,25.050723,0.795146,2.848888,0.0,88.78114,0.0,14.887419,0.0,60.394764,33.935952,60.840814,50.020393,33.800452,50.0,27.0,0.0,0.0,0.0,0.0,0.0,0.0,0.0,1
4000,1.7e-05,0.0,1.906001,0.0,37.960523,25.021964,0.797117,2.852063,0.0,88.690909,0.0,14.80329,0.0,60.58798,33.813034,60.746872,49.994326,33.748262,50.0,27.0,0.0,0.0,0.0,0.0,0.0,0.0,0.0,1
4001,1.7e-05,0.0,1.903256,0.0,37.81455,25.098643,0.79965,2.850005,0.0,89.479309,0.0,14.862435,0.0,60.811008,33.578801,60.465885,49.916691,33.592158,50.0,27.0,0.0,0.0,0.0,0.0,0.0,0.0,0.0,1
4002,1.7e-05,0.0,1.897097,0.0,37.929324,25.073076,0.795449,2.841095,0.0,88.952419,0.0,14.814726,0.0,60.633902,33.840472,60.86231,50.026675,33.812394,50.0,27.0,0.0,0.0,0.0,0.0,0.0,0.0,0.0,1
4003,1.7e-05,0.0,1.89894,0.0,38.02617,24.861764,0.799948,2.858609,0.0,89.042808,0.0,14.944401,0.0,60.688324,33.730918,60.671366,49.973766,33.706314,50.0,27.0,0.0,0.0,0.0,0.0,0.0,0.0,0.0,1
4004,1.6e-05,0.0,1.897477,0.0,37.915076,24.922718,0.800284,2.86996,0.0,89.526958,0.0,14.776677,0.0,60.184135,33.895879,60.516202,49.93101,33.620112,50.0,27.0,0.0,0.0,0.0,0.0,0.0,0.0,0.0,1
4005,1.6e-05,0.0,1.893103,0.0,37.798353,24.994754,0.797393,2.851477,0.0,88.962895,0.0,14.863986,0.0,60.561171,33.856992,60.790457,50.007156,33.772476,50.0,27.0,0.0,0.0,0.0,0.0,0.0,0.0,0.0,1
4006,1.6e-05,0.0,1.89554,0.0,38.111272,24.912742,0.797453,2.854641,0.0,89.17671,0.0,14.847285,0.0,60.859437,33.760514,60.870885,50.029351,33.817158,50.0,27.0,0.0,0.0,0.0,0.0,0.0,0.0,0.0,1
4007,1.6e-05,0.0,1.899056,0.0,38.052109,25.000678,0.80157,2.845707,0.0,88.916221,0.0,14.840196,0.0,60.805321,33.817058,60.935324,50.047015,33.852958,50.0,27.0,0.0,0.0,0.0,0.0,0.0,0.0,0.0,1
4008,1.6e-05,0.0,1.906864,0.0,38.00081,25.018982,0.803901,2.860471,0.0,88.714128,0.0,14.784832,0.0,60.674623,33.756966,60.669744,49.973376,33.705413,50.0,27.0,0.0,0.0,0.0,0.0,0.0,0.0,0.0,1
4009,1.6e-05,0.0,1.888341,0.0,37.956167,25.031918,0.801993,2.833562,0.0,89.143541,0.0,14.884843,0.0,60.648657,33.883254,60.910472,50.040045,33.839151,50.0,27.0,0.0,0.0,0.0,0.0,0.0,0.0,0.0,1
4010,1.5e-05,0.0,1.896676,0.0,38.078305,24.918038,0.804508,2.843379,0.0,88.969675,0.0,14.910665,0.0,60.68871,33.721616,60.593207,49.952155,33.662893,50.0,27.0,0.0,0.0,0.0,0.0,0.0,0.0,0.0,1
4011,1.5e-05,0.0,1.891536,0.0,37.873287,25.063633,0.799332,2.845801,0.0,89.545788,0.0,14.765528,0.0,60.606055,33.882298,60.85546,50.024879,33.808589,50.0,27.0,0.0,0.0,0.0,0.0,0.0,0.0,0.0,1
4012,1.5e-05,0.0,1.912864,0.0,38.063746,24.980925,0.797867,2.857297,0.0,89.437833,0.0,14.866175,0.0,61.023284,33.712488,60.898908,50.036764,33.832727,50.0,27.0,0.0,0.0,0.0,0.0,0.0,0.0,0.0,1
4013,1.5e-05,0.0,1.913681,0.0,37.917567,25.100143,0.798961,2.834981,0.0,88.866711,0.0,14.88376,0.0,60.786742,33.683327,60.608628,49.956349,33.67146,50.0,27.0,0.0,0.0,0.0,0.0,0.0,0.0,0.0,1
4014,1.5e-05,0.0,1.897503,0.0,37.893441,25.030387,0.797541,2.845992,0.0,89.142824,0.0,14.845843,0.0,60.640597,33.616742,60.333161,49.880428,33.518423,50.0,27.0,0.0,0.0,0.0,0.0,0.0,0.0,0.0,1
4015,1.5e-05,0.0,1.890945,0.0,37.923274,24.972701,0.794334,2.845354,0.0,89.19565,0.0,14.822719,0.0,60.570446,33.866182,60.80839,50.012374,33.782439,50.0,27.0,0.0,0.0,0.0,0.0,0.0,0.0,0.0,1
4016,1.5e-05,0.0,1.895944,0.0,37.931893,24.873304,0.800462,2.853096,0.0,89.133186,0.0,14.842451,0.0,60.6988,33.704578,60.580987,49.949459,33.656104,50.0,27.0,0.0,0.0,0.0,0.0,0.0,0.0,0.0,1
4017,1.4e-05,0.0,1.892071,0.0,37.943575,24.932451,0.799053,2.845297,0.0,89.2048,0.0,14.91273,0.0,60.796895,33.570344,60.403295,49.900598,33.557386,50.0,27.0,0.0,0.0,0.0,0.0,0.0,0.0,0.0,1
4018,1.4e-05,0.0,1.891672,0.0,37.983898,25.028558,0.798869,2.849499,0.0,89.194747,0.0,14.814995,0.0,60.958702,33.55946,60.566744,49.946269,33.648191,50.0,27.0,0.0,0.0,0.0,0.0,0.0,0.0,0.0,1
4019,1.4e-05,0.0,1.905021,0.0,38.1285,24.965368,0.805984,2.83982,0.0,89.468968,0.0,14.825491,0.0,60.577449,33.761848,60.636901,49.965927,33.687167,50.0,27.0,0.0,0.0,0.0,0.0,0.0,0.0,0.0,1
4020,1.4e-05,0.0,1.91011,0.0,38.152309,24.957949,0.803268,2.842591,0.0,89.494467,0.0,14.912936,0.0,61.015004,33.684178,60.906906,50.040725,33.83717,50.0,27.0,0.0,0.0,0.0,0.0,0.0,0.0,0.0,1
4021,1.4e-05,0.0,1.902883,0.0,37.887077,25.035027,0.79611,2.839673,0.0,88.759694,0.0,14.831789,0.0,60.726983,33.715466,60.691639,49.981023,33.717577,50.0,27.0,0.0,0.0,0.0,0.0,0.0,0.0,0.0,1
4022,1.4e-05,0.0,1.898659,0.0,38.036514,25.08273,0.795509,2.840586,0.0,89.214904,0.0,14.832957,0.0,60.636761,33.672436,60.512859,49.931704,33.618255,50.0,27.0,0.0,0.0,0.0,0.0,0.0,0.0,0.0,1
4023,1.4e-05,0.0,1.901099,0.0,38.313658,24.97226,0.795521,2.847063,0.0,89.139032,0.0,14.814169,0.0,60.661347,33.845851,60.910986,50.042084,33.839437,50.0,27.0,0.0,0.0,0.0,0.0,0.0,0.0,0.0,1
4024,1.3e-05,0.0,1.893446,0.0,38.062744,25.005207,0.797564,2.852804,0.0,89.219068,0.0,14.810976,0.0,60.645665,33.704649,60.581855,49.950904,33.656586,50.0,27.0,0.0,0.0,0.0,0.0,0.0,0.0,0.0,1
4025,1.3e-05,0.0,1.896641,0.0,38.024077,25.045493,0.802364,2.851619,0.0,88.937827,0.0,14.781615,0.0,60.650857,33.621523,60.415691,49.905222,33.564273,50.0,27.0,0.0,0.0,0.0,0.0,0.0,0.0,0.0,1
4026,1.3e-05,0.0,1.900911,0.0,37.850969,24.992703,0.800476,2.858892,0.0,89.089335,0.0,14.959666,0.0,60.553438,33.658787,60.411574,49.904555,33.561986,50.0,27.0,0.0,0.0,0.0,0.0,0.0,0.0,0.0,1
4027,1.3e-05,0.0,1.904372,0.0,38.072822,25.064981,0.798142,2.83416,0.0,89.203457,0.0,14.861452,0.0,60.502686,33.848247,60.76933,50.003912,33.760739,50.0,27.0,0.0,0.0,0.0,0.0,0.0,0.0,0.0,1
4028,1.3e-05,0.0,1.896547,0.0,37.958935,24.967148,0.799608,2.842729,0.0,89.077109,0.0,14.858666,0.0,60.590505,33.71727,60.564204,49.947197,33.64678,50.0,27.0,0.0,0.0,0.0,0.0,0.0,0.0,0.0,1
4029,1.3e-05,0.0,1.89151,0.0,38.125248,25.037531,0.801332,2.844578,0.0,89.030325,0.0,14.910972,0.0,60.566182,33.74182,60.593308,49.955504,33.662949,50.0,27.0,0.0,0.0,0.0,0.0,0.0,0.0,0.0,1
4030,1.3e-05,0.0,1.90235,0.0,37.916215,25.1122,0.795966,2.848233,0.0,89.057797,0.0,14.835384,0.0,60.988173,33.678475,60.879986,50.034962,33.822214,50.0,27.0,0.0,0.0,0.0,0.0,0.0,0.0,0.0,1
4031,1.3e-05,0.0,1.903177,0.0,38.030482,24.936066,0.798641,2.84149,0.0,88.973208,0.0,14.878139,0.0,60.738195,33.854193,61.007426,50.070012,33.893015,50.0,27.0,0.0,0.0,0.0,0.0,0.0,0.0,0.0,1
4032,1.2e-05,0.0,1.90986,0.0,38.071824,24.998624,0.800334,2.838795,0.0,88.675919,0.0,14.882672,0.0,60.728945,33.860356,60.994348,50.066048,33.885749,50.0,27.0,0.0,0.0,0.0,0.0,0.0,0.0,0.0,1
4033,1.2e-05,0.0,1.893407,0.0,37.984019,24.867881,0.801191,2.837659,0.0,89.381918,0.0,14.902203,0.0,60.725433,33.772049,60.787977,50.00868,33.771098,50.0,27.0,0.0,0.0,0.0,0.0,0.0,0.0,0.0,1
4034,1.2e-05,0.0,1.898396,0.0,37.992027,24.99025,0.801044,2.855442,0.0,88.91736,0.0,14.81382,0.0,60.712084,33.724947,60.671363,49.976405,33.706313,50.0,27.0,0.0,0.0,0.0,0.0,0.0,0.0,0.0,1
4035,1.2e-05,0.0,1.900355,0.0,38.107822,25.096733,0.800358,2.856035,0.0,89.221812,0.0,14.82809,0.0,60.946463,33.708398,60.873378,50.032359,33.818544,50.0,27.0,0.0,0.0,0.0,0.0,0.0,0.0,0.0,1
4036,1.2e-05,0.0,1.903426,0.0,38.179043,24.975,0.800793,2.855903,0.0,88.943904,0.0,14.865357,0.0,60.638051,33.81476,60.79389,50.010228,33.774384,50.0,27.0,0.0,0.0,0.0,0.0,0.0,0.0,0.0,1
4037,1.2e-05,0.0,1.897406,0.0,37.852241,24.950188,0.798472,2.866224,0.0,88.91547,0.0,14.754109,0.0,60.80547,33.600185,60.498951,49.928657,33.610529,50.0,27.0,0.0,0.0,0.0,0.0,0.0,0.0,0.0,1
4038,1.2e-05,0.0,1.90192,0.0,37.777586,24.947301,0.796189,2.850473,0.0,89.297286,0.0,14.864917,0.0,60.710572,33.73156,60.700331,49.984672,33.722406,50.0,27.0,0.0,0.0,0.0,0.0,0.0,0.0,0.0,1
4039,1.2e-05,0.0,1.902801,0.0,38.057927,25.066241,0.799724,2.851464,0.0,89.061729,0.0,14.793035,0.0,60.709525,33.604501,60.431909,49.910558,33.573283,50.0,27.0,0.0,0.0,0.0,0.0,0.0,0.0,0.0,1
4040,1.1e-05,0.0,1.906346,0.0,37.940723,25.124783,0.79939,2.855944,0.0,89.055144,0.0,14.783657,0.0,60.68205,33.714035,60.652832,49.972065,33.696018,50.0,27.0,0.0,0.0,0.0,0.0,0.0,0.0,0.0,1
4041,1.1e-05,0.0,1.902067,0.0,38.087861,25.025985,0.797685,2.86182,0.0,88.618631,0.0,14.857419,0.0,60.713996,33.70168,60.660542,49.974335,33.700301,50.0,27.0,0.0,0.0,0.0,0.0,0.0,0.0,0.0,1
4042,1.1e-05,0.0,1.89415,0.0,37.890982,24.928192,0.800676,2.871943,0.0,89.314336,0.0,14.850712,0.0,60.758572,33.714914,60.736376,49.995423,33.742431,50.0,27.0,0.0,0.0,0.0,0.0,0.0,0.0,0.0,1
4043,1.1e-05,0.0,1.9023,0.0,37.903445,24.939389,0.79542,2.846629,0.0,89.249593,0.0,14.782491,0.0,60.750678,33.714835,60.729702,49.993601,33.738723,50.0,27.0,0.0,0.0,0.0,0.0,0.0,0.0,0.0,1
4044,1.1e-05,0.0,1.890495,0.0,37.854255,24.863913,0.799776,2.835373,0.0,89.219014,0.0,14.898822,0.0,60.736831,33.87113,61.046851,50.081291,33.914917,50.0,27.0,0.0,0.0,0.0,0.0,0.0,0.0,0.0,1
4045,1.1e-05,0.0,1.89987,0.0,38.065416,25.010464,0.798019,2.855076,0.0,88.905079,0.0,14.905887,0.0,60.908353,33.731392,60.904238,50.041469,33.835688,50.0,27.0,0.0,0.0,0.0,0.0,0.0,0.0,0.0,1
4046,1.1e-05,0.0,1.902055,0.0,37.690062,25.00277,0.806322,2.847773,0.0,89.462185,0.0,14.869641,0.0,60.867052,33.7513,60.905187,50.041525,33.836215,50.0,27.0,0.0,0.0,0.0,0.0,0.0,0.0,0.0,1
4047,1.1e-05,0.0,1.903001,0.0,38.094057,24.976316,0.799712,2.850498,0.0,89.084359,0.0,14.909753,0.0,60.629184,33.829792,60.830504,50.020677,33.794725,50.0,27.0,0.0,0.0,0.0,0.0,0.0,0.0,0.0,1
4048,1.1e-05,0.0,1.904612,0.0,37.919263,24.9333,0.800651,2.852288,0.0,88.953827,0.0,14.925689,0.0,60.504607,33.878973,60.797086,50.011337,33.776159,50.0,27.0,0.0,0.0,0.0,0.0,0.0,0.0,0.0,1
4049,1e-05,0.0,1.896994,0.0,37.987955,24.953194,0.797232,2.846954,0.0,88.750227,0.0,14.893773,0.0,60.978561,33.637119,60.7426,49.996221,33.745889,50.0,27.0,0.0,0.0,0.0,0.0,0.0,0.0,0.0,1
4050,1e-05,0.0,1.895536,0.0,37.983168,25.04735,0.799025,2.855841,0.0,89.135403,0.0,14.86741,0.0,60.927002,33.743427,60.930032,50.048045,33.850018,50.0,27.0,0.0,0.0,0.0,0.0,0.0,0.0,0.0,1
4051,1e-05,0.0,1.894507,0.0,37.997748,25.006336,0.794034,2.864382,0.0,89.466874,0.0,14.844041,0.0,60.829032,33.772822,60.893877,50.037813,33.829932,50.0,27.0,0.0,0.0,0.0,0.0,0.0,0.0,0.0,1
4052,1e-05,0.0,1.900735,0.0,37.946038,25.15716,0.799696,2.850614,0.0,89.020642,0.0,14.786531,0.0,60.949152,33.565826,60.573313,49.949022,33.65184,50.0,27.0,0.0,0.0,0.0,0.0,0.0,0.0,0.0,1
4053,1e-05,0.0,1.897751,0.0,38.035752,24.947989,0.803242,2.836745,0.0,89.229221,0.0,14.839655,0.0,60.658908,33.776614,60.751188,49.99844,33.75066,50.0,27.0,0.0,0.0,0.0,0.0,0.0,0.0,0.0,1
4054,1e-05,0.0,1.900713,0.0,37.837787,25.010661,0.800144,2.858316,0.0,88.711039,0.0,14.848972,0.0,60.462528,33.671156,60.326592,49.881091,33.514773,50.0,27.0,0.0,0.0,0.0,0.0,0.0,0.0,0.0,1
4055,1e-05,0.0,1.905488,0.0,38.085433,25.087084,0.80166,2.851817,0.0,88.897454,0.0,14.857106,0.0,60.862661,33.815193,61.039049,50.078603,33.910583,50.0,27.0,0.0,0.0,0.0,0.0,0.0,0.0,0.0,1
4056,1e-05,0.0,1.893316,0.0,38.108581,24.951663,0.797473,2.853838,0.0,89.175701,0.0,14.858062,0.0,60.831262,33.571245,60.482047,49.924259,33.601137,50.0,27.0,0.0,0.0,0.0,0.0,0.0,0.0,0.0,1
4057,1e-05,0.0,1.90207,0.0,38.117267,24.995417,0.80283,2.8409,0.0,89.163501,0.0,14.879844,0.0,60.769319,33.534168,60.36372,49.891931,33.5354,50.0,27.0,0.0,0.0,0.0,0.0,0.0,0.0,0.0,1
4058,1e-05,0.0,1.895725,0.0,37.978981,24.991226,0.803084,2.849322,0.0,88.765394,0.0,14.864779,0.0,60.902445,33.698425,60.868675,50.032036,33.815931,50.0,27.0,0.0,0.0,0.0,0.0,0.0,0.0,0.0,1
4059,9e-06,0.0,1.895524,0.0,38.035851,24.932275,0.797169,2.840871,0.0,89.164193,0.0,14.848253,0.0,60.429796,33.776855,60.563575,49.947548,33.646431,50.0,27.0,0.0,0.0,0.0,0.0,0.0,0.0,0.0,1
4060,9e-06,0.0,1.898385,0.0,38.103903,24.928865,0.799401,2.834832,0.0,88.396689,0.0,14.854255,0.0,60.661856,33.681415,60.585956,49.953995,33.658864,50.0,27.0,0.0,0.0,0.0,0.0,0.0,0.0,0.0,1
4061,9e-06,0.0,1.893844,0.0,38.073582,25.154888,0.798662,2.849152,0.0,89.005326,0.0,14.785012,0.0,60.468238,33.856162,60.765689,50.003901,33.758716,50.0,27.0,0.0,0.0,0.0,0.0,0.0,0.0,0.0,1
4062,9e-06,0.0,1.89985,0.0,37.929639,25.036477,0.803013,2.846284,0.0,88.886261,0.0,14.830513,0.0,60.768325,33.680612,60.676885,49.979337,33.709381,50.0,27.0,0.0,0.0,0.0,0.0,0.0,0.0,0.0,1
4063,9e-06,0.0,1.900849,0.0,38.006007,24.939922,0.796719,2.839915,0.0,88.685993,0.0,14.819346,0.0,60.848485,33.741487,60.891167,50.038666,33.828426,50.0,27.0,0.0,0.0,0.0,0.0,0.0,0.0,0.0,1
4064,9e-06,0.0,1.902774,0.0,37.931105,24.945121,0.798327,2.841981,0.0,88.886869,0.0,14.854862,0.0,60.834548,33.735548,60.862034,50.030422,33.812241,50.0,27.0,0.0,0.0,0.0,0.0,0.0,0.0,0.0,1
4065,9e-06,0.0,1.894338,0.0,38.083623,25.064046,0.79989,2.861611,0.0,89.261429,0.0,14.899413,0.0,60.479776,33.91741,60.88916,50.037768,33.827311,50.0,27.0,0.0,0.0,0.0,0.0,0.0,0.0,0.0,1
4066,9e-06,0.0,1.895794,0.0,37.816601,25.045144,0.799997,2.85897,0.0,88.997462,0.0,14.836327,0.0,60.672533,33.817955,60.846542,50.025801,33.803635,50.0,27.0,0.0,0.0,0.0,0.0,0.0,0.0,0.0,1
4067,9e-06,0.0,1.898145,0.0,38.104395,25.009421,0.801372,2.845975,0.0,88.947169,0.0,14.882078,0.0,60.95273,33.559565,60.570823,49.949464,33.650457,50.0,27.0,0.0,0.0,0.0,0.0,0.0,0.0,0.0,1
4068,9e-06,0.0,1.909181,0.0,37.966196,25.038749,0.797303,2.843203,0.0,89.013629,0.0,14.897131,0.0,60.755861,33.752099,60.80395,50.014151,33.779972,50.0,27.0,0.0,0.0,0.0,0.0,0.0,0.0,0.0,1
4069,9e-06,0.0,1.891275,0.0,38.051793,25.073019,0.796501,2.851832,0.0,89.16936,0.0,14.840383,0.0,60.539101,33.687963,60.448897,49.915946,33.58272,50.0,27.0,0.0,0.0,0.0,0.0,0.0,0.0,0.0,1
4070,8e-06,0.0,1.904245,0.0,38.095187,25.030889,0.801314,2.850595,0.0,88.619144,0.0,14.85574,0.0,60.943851,33.666385,60.813768,50.017213,33.785427,50.0,27.0,0.0,0.0,0.0,0.0,0.0,0.0,0.0,1
4071,8e-06,0.0,1.908873,0.0,38.008743,24.919043,0.797435,2.849627,0.0,89.259451,0.0,14.856503,0.0,60.818817,33.707273,60.783113,50.008654,33.768396,50.0,27.0,0.0,0.0,0.0,0.0,0.0,0.0,0.0,1
4072,8e-06,0.0,1.897875,0.0,38.089835,25.067325,0.797358,2.854273,0.0,89.065925,0.0,14.811221,0.0,60.621468,33.767192,60.714388,49.989616,33.730215,50.0,27.0,0.0,0.0,0.0,0.0,0.0,0.0,0.0,1
4073,8e-06,0.0,1.890895,0.0,37.916884,25.054253,0.796802,2.84209,0.0,88.785567,0.0,14.909507,0.0,60.546367,33.866275,60.842482,50.025072,33.801379,50.0,27.0,0.0,0.0,0.0,0.0,0.0,0.0,0.0,1
4074,8e-06,0.0,1.90154,0.0,38.216494,24.924325,0.801801,2.853057,0.0,89.045286,0.0,14.809607,0.0,61.079311,33.532965,60.653844,49.972809,33.69658,50.0,27.0,0.0,0.0,0.0,0.0,0.0,0.0,0.0,1
4075,8e-06,0.0,1.89597,0.0,38.148881,25.064997,0.799391,2.848296,0.0,89.183181,0.0,14.870364,0.0,60.254138,33.877899,60.582856,49.953323,33.657142,50.0,27.0,0.0,0.0,0.0,0.0,0.0,0.0,0.0,1
4076,8e-06,0.0,1.902166,0.0,37.948032,25.05926,0.796126,2.848796,0.0,89.112926,0.0,14.876411,0.0,60.570166,33.8321,60.781733,50.008524,33.767629,50.0,27.0,0.0,0.0,0.0,0.0,0.0,0.0,0.0,1
4077,8e-06,0.0,1.90277,0.0,38.095442,25.001719,0.799066,2.860646,0.0,88.755417,0.0,14.78048,0.0,60.828479,33.566178,60.465893,49.921185,33.592163,50.0,27.0,0.0,0.0,0.0,0.0,0.0,0.0,0.0,1
4078,8e-06,0.0,1.907795,0.0,38.031277,25.031277,0.796323,2.848525,0.0,88.48714,0.0,14.884159,0.0,60.998569,33.557371,60.640067,49.969718,33.688926,50.0,27.0,0.0,0.0,0.0,0.0,0.0,0.0,0.0,1
4079,8e-06,0.0,1.897545,0.0,37.958635,25.076557,0.796147,2.839308,0.0,89.139577,0.0,14.819156,0.0,60.155959,33.977966,60.707056,49.988384,33.726142,50.0,27.0,0.0,0.0,0.0,0.0,0.0,0.0,0.0,1
4080,8e-06,0.0,1.897241,0.0,38.127444,25.016083,0.797045,2.843465,0.0,89.357194,0.0,14.846787,0.0,60.698396,33.818914,60.87955,50.036119,33.821972,50.0,27.0,0.0,0.0,0.0,0.0,0.0,0.0,0.0,1
4081,8e-06,0.0,1.887054,0.0,38.095127,25.070928,0.80104,2.849057,0.0,89.273284,0.0,14.814599,0.0,60.645886,33.822904,60.824134,50.020622,33.791186,50.0,27.0,0.0,0.0,0.0,0.0,0.0,0.0,0.0,1
4082,8e-06,0.0,1.904854,0.0,38.013116,25.031708,0.802387,2.84004,0.0,89.428718,0.0,14.848875,0.0,61.265687,33.464714,60.677238,49.979918,33.709577,50.0,27.0,0.0,0.0,0.0,0.0,0.0,0.0,0.0,1
4083,7e-06,0.0,1.900665,0.0,37.985782,24.894215,0.797818,2.847525,0.0,89.298459,0.0,14.841695,0.0,60.693569,33.83167,60.915946,50.045996,33.842192,50.0,27.0,0.0,0.0,0.0,0.0,0.0,0.0,0.0,1
4084,7e-06,0.0,1.893885,0.0,37.725526,25.070052,0.800881,2.836376,0.0,89.022784,0.0,14.880788,0.0,60.808124,33.730588,60.803383,50.014655,33.779657,50.0,27.0,0.0,0.0,0.0,0.0,0.0,0.0,0.0,1
4085,7e-06,0.0,1.89573,0.0,38.01936,24.900516,0.800796,2.846367,0.0,89.150561,0.0,14.815575,0.0,60.67301,33.753541,60.716981,49.990701,33.731656,50.0,27.0,0.0,0.0,0.0,0.0,0.0,0.0,0.0,1
4086,7e-06,0.0,1.908821,0.0,38.192088,24.982921,0.800756,2.838759,0.0,88.841568,0.0,14.930471,0.0,60.963722,33.598117,60.677097,49.979724,33.709499,50.0,27.0,0.0,0.0,0.0,0.0,0.0,0.0,0.0,1
4087,7e-06,0.0,1.895617,0.0,37.897483,24.977078,0.79892,2.860835,0.0,89.161557,0.0,14.883649,0.0,60.756422,33.767402,60.844797,50.026176,33.802665,50.0,27.0,0.0,0.0,0.0,0.0,0.0,0.0,0.0,1
4088,7e-06,0.0,1.892797,0.0,38.076418,24.993716,0.797318,2.847678,0.0,88.997566,0.0,14.885721,0.0,60.717993,33.615853,60.481171,49.925541,33.600651,50.0,27.0,0.0,0.0,0.0,0.0,0.0,0.0,0.0,1
4089,7e-06,0.0,1.890157,0.0,37.972497,24.94497,0.801112,2.847974,0.0,89.194104,0.0,14.827277,0.0,60.721385,33.603261,60.472804,49.923599,33.596002,50.0,27.0,0.0,0.0,0.0,0.0,0.0,0.0,0.0,1
4090,7e-06,0.0,1.907092,0.0,38.113236,24.951847,0.799592,2.854418,0.0,89.010324,0.0,14.744789,0.0,60.820743,33.542043,60.458566,49.920044,33.588092,50.0,27.0,0.0,0.0,0.0,0.0,0.0,0.0,0.0,1
4091,7e-06,0.0,1.896208,0.0,37.916575,25.014121,0.800641,2.849661,0.0,88.802963,0.0,14.854045,0.0,60.603034,33.771429,60.747353,50.000261,33.74853,50.0,27.0,0.0,0.0,0.0,0.0,0.0,0.0,0.0,1
4092,7e-06,0.0,1.890712,0.0,38.219953,24.97991,0.805595,2.836931,0.0,88.711658,0.0,14.835096,0.0,60.714391,33.81544,60.942527,50.054205,33.856959,50.0,27.0,0.0,0.0,0.0,0.0,0.0,0.0,0.0,1
4093,7e-06,0.0,1.895249,0.0,38.019469,25.034193,0.801072,2.855856,0.0,89.141977,0.0,14.897306,0.0,60.612169,33.685191,60.551302,49.945802,33.639612,50.0,27.0,0.0,0.0,0.0,0.0,0.0,0.0,0.0,1
4094,7e-06,0.0,1.907165,0.0,38.137743,24.970998,0.797615,2.858023,0.0,88.690996,0.0,14.820224,0.0,60.642084,33.686936,60.588702,49.956409,33.66039,50.0,27.0,0.0,0.0,0.0,0.0,0.0,0.0,0.0,1
4095,7e-06,0.0,1.892174,0.0,37.780899,24.934395,0.801469,2.847471,0.0,89.270499,0.0,14.82184,0.0,60.576516,33.915718,61.009057,50.07281,33.893921,50.0,27.0,0.0,0.0,0.0,0.0,0.0,0.0,0.0,1
4096,7e-06,0.0,1.898877,0.0,37.881767,24.942985,0.798627,2.855157,0.0,89.218024,0.0,14.888867,0.0,60.597294,33.69748,60.542456,49.943481,33.634698,50.0,27.0,0.0,0.0,0.0,0.0,0.0,0.0,0.0,1
4097,6e-06,0.0,1.90582,0.0,37.963022,25.034925,0.80059,2.860017,0.0,88.818127,0.0,14.862111,0.0,60.808238,33.774115,60.918478,50.047694,33.843599,50.0,27.0,0.0,0.0,0.0,0.0,0.0,0.0,0.0,1
4098,6e-06,0.0,1.907054,0.0,37.962273,25.066138,0.800238,2.838054,0.0,88.96851,0.0,14.889205,0.0,60.772399,33.682776,60.683081,49.982394,33.712823,50.0,27.0,0.0,0.0,0.0,0.0,0.0,0.0,0.0,1
4099,6e-06,0.0,1.907707,0.0,37.936177,25.153635,0.801327,2.847563,0.0,89.330894,0.0,14.839555,0.0,60.845132,33.604166,60.595579,49.958296,33.66421,50.0,27.0,0.0,0.0,0.0,0.0,0.0,0.0,0.0,1
4100,6e-06,0.0,1.895835,0.0,37.833881,24.97982,0.799782,2.844021,0.0,88.691421,0.0,14.805541,0.0,60.642412,33.788628,60.797556,50.014329,33.77642,50.0,27.0,0.0,0.0,0.0,0.0,0.0,0.0,0.0,1
4101,6e-06,0.0,1.903742,0.0,37.846433,25.144571,0.799291,2.841181,0.0,89.166902,0.0,14.898897,0.0,60.975764,33.530267,60.576231,49.953084,33.653462,50.0,27.0,0.0,0.0,0.0,0.0,0.0,0.0,0.0,1
4102,6e-06,0.0,1.902022,0.0,38.238661,24.935557,0.8008,2.85489,0.0,89.580784,0.0,14.864838,0.0,60.544215,33.851551,60.847361,50.028257,33.804089,50.0,27.0,0.0,0.0,0.0,0.0,0.0,0.0,0.0,1
4103,6e-06,0.0,1.898212,0.0,37.964857,25.029208,0.800611,2.866788,0.0,88.61205,0.0,14.876521,0.0,60.412187,33.750673,60.483596,49.927573,33.601998,50.0,27.0,0.0,0.0,0.0,0.0,0.0,0.0,0.0,1
4104,6e-06,0.0,1.898656,0.0,38.055066,25.178908,0.804526,2.866477,0.0,89.100311,0.0,14.784185,0.0,61.008443,33.634561,60.830467,50.023807,33.794704,50.0,27.0,0.0,0.0,0.0,0.0,0.0,0.0,0.0,1
4105,6e-06,0.0,1.898839,0.0,38.180949,24.98798,0.796702,2.850206,0.0,88.975121,0.0,14.750026,0.0,60.698356,33.705229,60.680567,49.982257,33.711426,50.0,27.0,0.0,0.0,0.0,0.0,0.0,0.0,0.0,1
4106,6e-06,0.0,1.895197,0.0,38.136451,25.14202,0.796788,2.846052,0.0,88.757983,0.0,14.883281,0.0,60.694855,33.736696,60.744556,50.000032,33.746975,50.0,27.0,0.0,0.0,0.0,0.0,0.0,0.0,0.0,1
4107,6e-06,0.0,1.903973,0.0,38.102579,25.107056,0.802333,2.847426,0.0,89.365942,0.0,14.796718,0.0,60.760839,33.803319,60.947964,50.056253,33.85998,50.0,27.0,0.0,0.0,0.0,0.0,0.0,0.0,0.0,1
4108,6e-06,0.0,1.900276,0.0,38.009743,24.962324,0.798809,2.839368,0.0,89.87625,0.0,14.873269,0.0,60.744663,33.590224,60.470597,49.924031,33.594776,50.0,27.0,0.0,0.0,0.0,0.0,0.0,0.0,0.0,1
4109,6e-06,0.0,1.896689,0.0,37.88862,25.162607,0.800775,2.849512,0.0,88.664774,0.0,14.932747,0.0,60.393818,33.878003,60.743914,49.999952,33.746619,50.0,27.0,0.0,0.0,0.0,0.0,0.0,0.0,0.0,1
4110,6e-06,0.0,1.90935,0.0,37.891195,25.007844,0.796825,2.838446,0.0,89.189731,0.0,14.923459,0.0,60.54307,33.855671,60.824179,50.022137,33.79121,50.0,27.0,0.0,0.0,0.0,0.0,0.0,0.0,0.0,1
4111,6e-06,0.0,1.893306,0.0,38.135268,24.971481,0.799404,2.840528,0.0,89.407673,0.0,14.813302,0.0,61.105264,33.618026,60.867521,50.034007,33.815289,50.0,27.0,0.0,0.0,0.0,0.0,0.0,0.0,0.0,1
4112,6e-06,0.0,1.884689,0.0,37.938173,24.948369,0.803629,2.857133,0.0,89.600599,0.0,14.880296,0.0,60.708807,33.734574,60.731767,49.996316,33.73987,50.0,27.0,0.0,0.0,0.0,0.0,0.0,0.0,0.0,1
4113,6e-06,0.0,1.894682,0.0,37.782379,25.04799,0.801307,2.842233,0.0,89.15777,0.0,14.858044,0.0,60.65546,33.711936,60.629232,49.967994,33.682907,50.0,27.0,0.0,0.0,0.0,0.0,0.0,0.0,0.0,1
4114,5e-06,0.0,1.901357,0.0,38.000892,25.10466,0.801904,2.844117,0.0,89.338534,0.0,14.789273,0.0,60.692718,33.642985,60.522686,49.938704,33.623715,50.0,27.0,0.0,0.0,0.0,0.0,0.0,0.0,0.0,1
4115,5e-06,0.0,1.902768,0.0,37.993686,25.023803,0.802485,2.833062,0.0,88.775223,0.0,14.853861,0.0,60.643102,33.883197,60.990395,50.068282,33.883553,50.0,27.0,0.0,0.0,0.0,0.0,0.0,0.0,0.0,1
4116,5e-06,0.0,1.893691,0.0,37.840733,25.040803,0.797193,2.848459,0.0,89.187758,0.0,14.868168,0.0,60.593072,33.884312,60.921012,50.048765,33.845006,50.0,27.0,0.0,0.0,0.0,0.0,0.0,0.0,0.0,1
4117,5e-06,0.0,1.902999,0.0,38.018041,25.013929,0.805353,2.836838,0.0,89.685639,0.0,14.874146,0.0,60.471949,33.818935,60.641488,49.971263,33.689716,50.0,27.0,0.0,0.0,0.0,0.0,0.0,0.0,0.0,1
4118,5e-06,0.0,1.903161,0.0,38.111103,25.031801,0.796969,2.845749,0.0,89.445361,0.0,14.85931,0.0,60.86508,33.744298,60.866584,50.033622,33.814769,50.0,27.0,0.0,0.0,0.0,0.0,0.0,0.0,0.0,1
4119,5e-06,0.0,1.911669,0.0,38.148506,24.849649,0.798914,2.851134,0.0,89.224864,0.0,14.891731,0.0,60.458223,33.877404,60.740403,49.998579,33.744668,50.0,27.0,0.0,0.0,0.0,0.0,0.0,0.0,0.0,1
4120,5e-06,0.0,1.901951,0.0,37.939568,25.001153,0.79764,2.843428,0.0,88.83901,0.0,14.840442,0.0,60.941549,33.68977,60.810303,50.017906,33.783501,50.0,27.0,0.0,0.0,0.0,0.0,0.0,0.0,0.0,1
4121,5e-06,0.0,1.895901,0.0,38.078039,24.930793,0.797919,2.833296,0.0,89.167088,0.0,14.939768,0.0,60.618943,33.80117,60.730884,49.995866,33.73938,50.0,27.0,0.0,0.0,0.0,0.0,0.0,0.0,0.0,1
4122,5e-06,0.0,1.896446,0.0,38.282053,25.094523,0.79703,2.850042,0.0,89.637727,0.0,14.939275,0.0,60.925053,33.677419,60.768961,50.006411,33.760534,50.0,27.0,0.0,0.0,0.0,0.0,0.0,0.0,0.0,1
4123,5e-06,0.0,1.897599,0.0,38.056386,25.067623,0.795038,2.848502,0.0,88.967379,0.0,14.82863,0.0,60.630542,33.792718,60.727414,49.994895,33.737452,50.0,27.0,0.0,0.0,0.0,0.0,0.0,0.0,0.0,1
4124,5e-06,0.0,1.895273,0.0,38.05575,24.984818,0.805571,2.843225,0.0,88.863057,0.0,14.773231,0.0,60.751437,33.699594,60.645821,49.972369,33.692123,50.0,27.0,0.0,0.0,0.0,0.0,0.0,0.0,0.0,1
4125,5e-06,0.0,1.89866,0.0,37.965779,25.043155,0.798292,2.855089,0.0,89.018094,0.0,14.832321,0.0,60.807695,33.769466,60.856067,50.030617,33.808926,50.0,27.0,0.0,0.0,0.0,0.0,0.0,0.0,0.0,1
4126,5e-06,0.0,1.902865,0.0,37.93992,25.076811,0.795986,2.843056,0.0,88.897717,0.0,14.882312,0.0,60.457364,33.994227,60.976817,50.06384,33.87601,50.0,27.0,0.0,0.0,0.0,0.0,0.0,0.0,0.0,1
4127,5e-06,0.0,1.900562,0.0,38.139813,24.974756,0.799075,2.851635,0.0,88.969015,0.0,14.840152,0.0,60.694111,33.664607,60.485807,49.927809,33.603226,50.0,27.0,0.0,0.0,0.0,0.0,0.0,0.0,0.0,1
4128,5e-06,0.0,1.903467,0.0,37.964777,24.944289,0.800603,2.838567,0.0,89.027309,0.0,14.871652,0.0,60.70935,33.84566,60.895973,50.041536,33.831096,50.0,27.0,0.0,0.0,0.0,0.0,0.0,0.0,0.0,1
4129,5e-06,0.0,1.895949,0.0,37.975373,25.111722,0.802464,2.868109,0.0,89.288038,0.0,14.88197,0.0,61.017978,33.576267,60.624686,49.966347,33.680381,50.0,27.0,0.0,0.0,0.0,0.0,0.0,0.0,0.0,1
4130,5e-06,0.0,1.902808,0.0,37.838038,24.942928,0.802968,2.842397,0.0,89.065787,0.0,14.906029,0.0,61.027985,33.597786,60.704666,49.988621,33.724815,50.0,27.0,0.0,0.0,0.0,0.0,0.0,0.0,0.0,1
4131,5e-06,0.0,1.902862,0.0,37.931555,25.129401,0.799371,2.836634,0.0,89.061061,0.0,14.834667,0.0,60.689326,33.703873,60.609992,49.96251,33.672218,50.0,27.0,0.0,0.0,0.0,0.0,0.0,0.0,0.0,1
4132,5e-06,0.0,1.896266,0.0,37.935987,24.957417,0.799203,2.858797,0.0,89.199939,0.0,14.865684,0.0,60.668094,33.823692,60.846461,50.028055,33.803589,50.0,27.0,0.0,0.0,0.0,0.0,0.0,0.0,0.0,1
4133,5e-06,0.0,1.895404,0.0,38.068542,25.181853,0.799335,2.844207,0.0,88.664427,0.0,14.771167,0.0,60.446674,34.063784,61.120338,50.103614,33.955743,50.0,27.0,0.0,0.0,0.0,0.0,0.0,0.0,0.0,1
4134,4e-06,0.0,1.907893,0.0,37.834331,25.063586,0.799807,2.838959,0.0,89.172154,0.0,14.803654,0.0,60.970744,33.852266,61.156132,50.112992,33.975629,50.0,27.0,0.0,0.0,0.0,0.0,0.0,0.0,0.0,1
4135,4e-06,0.0,1.904072,0.0,38.075641,24.940211,0.802549,2.848634,0.0,89.479556,0.0,14.822325,0.0,60.928544,33.64115,60.657021,49.974478,33.698345,50.0,27.0,0.0,0.0,0.0,0.0,0.0,0.0,0.0,1
4136,4e-06,0.0,1.898432,0.0,38.017839,25.042107,0.797086,2.852439,0.0,89.707454,0.0,14.879883,0.0,60.592784,33.816663,60.708457,49.988821,33.726921,50.0,27.0,0.0,0.0,0.0,0.0,0.0,0.0,0.0,1
4137,4e-06,0.0,1.90038,0.0,37.681709,24.947295,0.802538,2.843913,0.0,88.792807,0.0,14.777588,0.0,60.943491,33.695914,60.797227,50.013413,33.776237,50.0,27.0,0.0,0.0,0.0,0.0,0.0,0.0,0.0,1
4138,4e-06,0.0,1.898349,0.0,37.970182,25.047251,0.801331,2.840605,0.0,89.150524,0.0,14.909029,0.0,60.862136,33.659466,60.648133,49.972137,33.693407,50.0,27.0,0.0,0.0,0.0,0.0,0.0,0.0,0.0,1
4139,4e-06,0.0,1.898317,0.0,37.823986,24.945276,0.798905,2.853681,0.0,88.774061,0.0,14.955756,0.0,60.653776,33.877496,60.913055,50.045499,33.840586,50.0,27.0,0.0,0.0,0.0,0.0,0.0,0.0,0.0,1
4140,4e-06,0.0,1.902703,0.0,38.167037,24.992571,0.800741,2.84346,0.0,89.381676,0.0,14.788243,0.0,60.570043,33.799056,60.647656,49.971917,33.693142,50.0,27.0,0.0,0.0,0.0,0.0,0.0,0.0,0.0,1
4141,4e-06,0.0,1.892626,0.0,37.940034,25.000208,0.80237,2.839364,0.0,89.243463,0.0,14.827892,0.0,60.831811,33.74709,60.794959,50.012771,33.774977,50.0,27.0,0.0,0.0,0.0,0.0,0.0,0.0,0.0,1
4142,4e-06,0.0,1.902159,0.0,38.001241,24.945187,0.804366,2.851924,0.0,89.01961,0.0,14.905766,0.0,61.006645,33.57112,60.60091,49.959073,33.667172,50.0,27.0,0.0,0.0,0.0,0.0,0.0,0.0,0.0,1
4143,4e-06,0.0,1.909093,0.0,37.912663,24.967806,0.800809,2.82435,0.0,89.432301,0.0,14.825567,0.0,60.940443,33.773537,60.987039,50.066001,33.881688,50.0,27.0,0.0,0.0,0.0,0.0,0.0,0.0,0.0,1
4144,4e-06,0.0,1.896693,0.0,37.853721,25.026901,0.799713,2.849041,0.0,89.064142,0.0,14.887589,0.0,61.052328,33.705119,60.951692,50.055903,33.862051,50.0,27.0,0.0,0.0,0.0,0.0,0.0,0.0,0.0,1
4145,4e-06,0.0,1.902914,0.0,37.859547,25.062339,0.799173,2.849974,0.0,89.354895,0.0,14.844493,0.0,60.5931,33.650767,60.384105,49.898746,33.546725,50.0,27.0,0.0,0.0,0.0,0.0,0.0,0.0,0.0,1
4146,4e-06,0.0,1.891416,0.0,38.013423,24.942885,0.802251,2.854654,0.0,89.305983,0.0,14.793531,0.0,60.436575,33.799258,60.553867,49.946171,33.641037,50.0,27.0,0.0,0.0,0.0,0.0,0.0,0.0,0.0,1
4147,4e-06,0.0,1.902009,0.0,37.896603,24.945471,0.800584,2.850965,0.0,88.946471,0.0,14.801105,0.0,60.839585,33.701711,60.743782,49.998931,33.746546,50.0,27.0,0.0,0.0,0.0,0.0,0.0,0.0,0.0,1
4148,4e-06,0.0,1.902836,0.0,37.974506,24.974972,0.800385,2.853493,0.0,89.376387,0.0,14.830202,0.0,60.549295,33.89461,60.866375,50.032821,33.814653,50.0,27.0,0.0,0.0,0.0,0.0,0.0,0.0,0.0,1
4149,4e-06,0.0,1.89763,0.0,37.940155,24.970422,0.799001,2.835881,0.0,89.045858,0.0,14.803865,0.0,61.008634,33.637775,60.764137,50.004399,33.757854,50.0,27.0,0.0,0.0,0.0,0.0,0.0,0.0,0.0,1
4150,4e-06,0.0,1.895354,0.0,38.031314,24.966807,0.797914,2.838396,0.0,89.208497,0.0,14.903112,0.0,61.07729,33.579093,60.724292,49.993364,33.735718,50.0,27.0,0.0,0.0,0.0,0.0,0.0,0.0,0.0,1
4151,4e-06,0.0,1.903396,0.0,37.900718,25.102563,0.798464,2.858151,0.0,89.094528,0.0,14.851481,0.0,60.667337,33.800838,60.804143,50.015468,33.780079,50.0,27.0,0.0,0.0,0.0,0.0,0.0,0.0,0.0,1
4152,4e-06,0.0,1.894618,0.0,38.120484,25.012907,0.798885,2.832962,0.0,89.376645,0.0,14.853897,0.0,60.87325,33.6466,60.676161,49.980017,33.708978,50.0,27.0,0.0,0.0,0.0,0.0,0.0,0.0,0.0,1
4153,4e-06,0.0,1.891973,0.0,37.862919,25.079413,0.805287,2.859729,0.0,89.062428,0.0,14.901873,0.0,60.758218,33.709638,60.706417,49.988479,33.725787,50.0,27.0,0.0,0.0,0.0,0.0,0.0,0.0,0.0,1
4154,4e-06,0.0,1.899659,0.0,37.934504,24.959863,0.802159,2.851247,0.0,89.284902,0.0,14.850514,0.0,60.876355,33.741235,60.894443,50.040506,33.830246,50.0,27.0,0.0,0.0,0.0,0.0,0.0,0.0,0.0,1
4155,4e-06,0.0,1.883757,0.0,37.990128,25.077009,0.801986,2.863852,0.0,88.721341,0.0,14.805416,0.0,60.248388,33.908011,60.617138,49.963659,33.676188,50.0,27.0,0.0,0.0,0.0,0.0,0.0,0.0,0.0,1
4156,4e-06,0.0,1.904317,0.0,38.019744,25.022148,0.796372,2.864896,0.0,89.111458,0.0,14.812696,0.0,60.310384,33.939375,60.722245,49.992891,33.734581,50.0,27.0,0.0,0.0,0.0,0.0,0.0,0.0,0.0,1
4157,4e-06,0.0,1.902509,0.0,38.044606,25.202984,0.799796,2.851026,0.0,89.340519,0.0,14.821766,0.0,60.761093,33.68127,60.602772,49.959904,33.668207,50.0,27.0,0.0,0.0,0.0,0.0,0.0,0.0,0.0,1
4158,4e-06,0.0,1.888416,0.0,37.846739,25.00644,0.806727,2.835829,0.0,89.123184,0.0,14.835134,0.0,60.869123,33.49128,60.319937,49.881929,33.511076,50.0,27.0,0.0,0.0,0.0,0.0,0.0,0.0,0.0,1
4159,3e-06,0.0,1.909113,0.0,38.058118,24.994597,0.799751,2.838804,0.0,89.378982,0.0,14.840724,0.0,60.902648,33.685235,60.796909,50.01435,33.776061,50.0,27.0,0.0,0.0,0.0,0.0,0.0,0.0,0.0,1
4160,3e-06,0.0,1.895248,0.0,37.941185,24.870101,0.800765,2.856014,0.0,88.898394,0.0,14.876142,0.0,60.584254,33.78116,60.687468,49.984029,33.71526,50.0,27.0,0.0,0.0,0.0,0.0,0.0,0.0,0.0,1
4161,3e-06,0.0,1.895611,0.0,37.728578,24.972366,0.800042,2.852771,0.0,89.288853,0.0,14.821074,0.0,60.737841,33.807428,60.890013,50.040091,33.827785,50.0,27.0,0.0,0.0,0.0,0.0,0.0,0.0,0.0,1
4162,3e-06,0.0,1.902588,0.0,38.185859,25.027401,0.80035,2.855107,0.0,89.262669,0.0,14.855649,0.0,60.591806,33.892864,60.914683,50.04671,33.84149,50.0,27.0,0.0,0.0,0.0,0.0,0.0,0.0,0.0,1
4163,3e-06,0.0,1.91081,0.0,38.04466,25.046254,0.80158,2.854133,0.0,88.960332,0.0,14.850816,0.0,61.014699,33.658133,60.822261,50.020933,33.790145,50.0,27.0,0.0,0.0,0.0,0.0,0.0,0.0,0.0,1
4164,3e-06,0.0,1.907486,0.0,37.792251,24.941681,0.800908,2.850236,0.0,88.543455,0.0,14.767096,0.0,60.837005,33.63503,60.607859,49.961569,33.671033,50.0,27.0,0.0,0.0,0.0,0.0,0.0,0.0,0.0,1
4165,3e-06,0.0,1.902098,0.0,37.931751,25.00922,0.799328,2.847856,0.0,89.574882,0.0,14.817142,0.0,60.630841,33.769257,60.699154,49.986994,33.721752,50.0,27.0,0.0,0.0,0.0,0.0,0.0,0.0,0.0,1
4166,3e-06,0.0,1.891262,0.0,37.817436,25.052387,0.796249,2.848959,0.0,89.107269,0.0,14.82541,0.0,60.627302,33.64663,60.43268,49.913406,33.573711,50.0,27.0,0.0,0.0,0.0,0.0,0.0,0.0,0.0,1
4167,3e-06,0.0,1.898282,0.0,38.029694,24.925817,0.798284,2.837149,0.0,89.027616,0.0,14.839546,0.0,60.90285,33.695897,60.824312,50.022083,33.791285,50.0,27.0,0.0,0.0,0.0,0.0,0.0,0.0,0.0,1
4168,3e-06,0.0,1.892218,0.0,37.921337,24.961401,0.801877,2.854228,0.0,89.372929,0.0,14.911159,0.0,60.71859,33.744128,60.7467,50.000521,33.748166,50.0,27.0,0.0,0.0,0.0,0.0,0.0,0.0,0.0,1
4169,3e-06,0.0,1.895198,0.0,37.944084,24.988282,0.795374,2.858167,0.0,89.110575,0.0,14.850538,0.0,60.913869,33.595635,60.626993,49.967432,33.681663,50.0,27.0,0.0,0.0,0.0,0.0,0.0,0.0,0.0,1
4170,3e-06,0.0,1.894681,0.0,37.99998,25.133699,0.801019,2.84359,0.0,88.875324,0.0,14.908286,0.0,60.676688,33.835871,60.91449,50.047057,33.841384,50.0,27.0,0.0,0.0,0.0,0.0,0.0,0.0,0.0,1
4171,3e-06,0.0,1.907711,0.0,37.9688,25.063886,0.803701,2.849837,0.0,88.909173,0.0,14.74118,0.0,60.653061,33.769512,60.736025,49.997496,33.742236,50.0,27.0,0.0,0.0,0.0,0.0,0.0,0.0,0.0,1
4172,3e-06,0.0,1.898444,0.0,37.860059,24.886288,0.803036,2.846204,0.0,89.093077,0.0,14.851594,0.0,61.133692,33.54649,60.741033,49.998892,33.745018,50.0,27.0,0.0,0.0,0.0,0.0,0.0,0.0,0.0,1
4173,3e-06,0.0,1.900065,0.0,37.872234,25.153369,0.802157,2.850999,0.0,89.064358,0.0,14.863993,0.0,60.630725,33.796518,60.790011,50.012435,33.772228,50.0,27.0,0.0,0.0,0.0,0.0,0.0,0.0,0.0,1
4174,3e-06,0.0,1.892468,0.0,37.850156,25.115377,0.797922,2.871914,0.0,89.552858,0.0,14.918843,0.0,60.416407,33.865709,60.711686,49.990725,33.728714,50.0,27.0,0.0,0.0,0.0,0.0,0.0,0.0,0.0,1
4175,3e-06,0.0,1.899063,0.0,37.79872,25.032562,0.800554,2.840113,0.0,88.862686,0.0,14.879235,0.0,60.619921,33.686208,60.51811,49.937267,33.621172,50.0,27.0,0.0,0.0,0.0,0.0,0.0,0.0,0.0,1
4176,3e-06,0.0,1.896435,0.0,37.971762,24.863581,0.800081,2.846051,0.0,89.129234,0.0,14.844476,0.0,60.592893,33.776861,60.688666,49.98472,33.715926,50.0,27.0,0.0,0.0,0.0,0.0,0.0,0.0,0.0,1
4177,3e-06,0.0,1.911631,0.0,37.830276,24.84615,0.798064,2.850713,0.0,89.220499,0.0,14.799445,0.0,60.825295,33.733038,60.822645,50.021828,33.790358,50.0,27.0,0.0,0.0,0.0,0.0,0.0,0.0,0.0,1
4178,3e-06,0.0,1.898816,0.0,37.932128,25.071887,0.804589,2.842802,0.0,89.363677,0.0,14.83562,0.0,60.830793,33.611699,60.572358,49.952541,33.65131,50.0,27.0,0.0,0.0,0.0,0.0,0.0,0.0,0.0,1
4179,3e-06,0.0,1.889266,0.0,38.026519,25.023816,0.794144,2.840015,0.0,89.161093,0.0,14.889169,0.0,60.466489,33.723448,60.459928,49.921702,33.588849,50.0,27.0,0.0,0.0,0.0,0.0,0.0,0.0,0.0,1
4180,3e-06,0.0,1.903088,0.0,38.05651,24.923816,0.802488,2.853294,0.0,89.049789,0.0,14.858716,0.0,60.36871,33.958154,60.85764,50.032017,33.8098,50.0,27.0,0.0,0.0,0.0,0.0,0.0,0.0,0.0,1
4181,3e-06,0.0,1.891998,0.0,37.717267,24.93736,0.805321,2.846085,0.0,88.84828,0.0,14.880636,0.0,60.641253,33.824651,60.818019,50.020907,33.787788,50.0,27.0,0.0,0.0,0.0,0.0,0.0,0.0,0.0,1
4182,3e-06,0.0,1.901218,0.0,37.943232,25.181325,0.796111,2.855423,0.0,89.0699,0.0,14.845391,0.0,60.683041,33.869518,60.9434,50.055457,33.857444,50.0,27.0,0.0,0.0,0.0,0.0,0.0,0.0,0.0,1
4183,3e-06,0.0,1.891652,0.0,38.022744,25.000564,0.804359,2.8299,0.0,89.088198,0.0,14.830937,0.0,60.845737,33.658551,60.644816,49.972654,33.691564,50.0,27.0,0.0,0.0,0.0,0.0,0.0,0.0,0.0,1
4184,3e-06,0.0,1.908375,0.0,38.017904,24.992762,0.800865,2.855335,0.0,88.453426,0.0,14.935786,0.0,60.771664,33.791361,60.863445,50.033218,33.813025,50.0,27.0,0.0,0.0,0.0,0.0,0.0,0.0,0.0,1
4185,3e-06,0.0,1.907877,0.0,37.961826,24.918479,0.80078,2.858068,0.0,89.186508,0.0,14.809949,0.0,60.683738,33.746501,60.675156,49.981011,33.70842,50.0,27.0,0.0,0.0,0.0,0.0,0.0,0.0,0.0,1
4186,3e-06,0.0,1.902574,0.0,37.939304,25.004755,0.797441,2.851304,0.0,89.66378,0.0,14.832452,0.0,60.828338,33.778578,60.887955,50.039922,33.826642,50.0,27.0,0.0,0.0,0.0,0.0,0.0,0.0,0.0,1
4187,3e-06,0.0,1.889944,0.0,37.964655,25.018884,0.802628,2.861431,0.0,89.12549,0.0,14.772146,0.0,60.96712,33.580213,60.604586,49.961401,33.669214,50.0,27.0,0.0,0.0,0.0,0.0,0.0,0.0,0.0,1
4188,3e-06,0.0,1.90231,0.0,37.923795,25.008484,0.799498,2.844381,0.0,88.876067,0.0,14.8303,0.0,60.552151,33.857374,60.796911,50.014751,33.776061,50.0,27.0,0.0,0.0,0.0,0.0,0.0,0.0,0.0,1
4189,3e-06,0.0,1.891936,0.0,37.937054,25.006716,0.800451,2.851708,0.0,89.26963,0.0,14.867718,0.0,60.872072,33.670474,60.707293,49.989908,33.726274,50.0,27.0,0.0,0.0,0.0,0.0,0.0,0.0,0.0,1
4190,3e-06,0.0,1.897744,0.0,38.077198,24.948123,0.798289,2.842227,0.0,89.153444,0.0,14.802498,0.0,60.716075,33.700011,60.623897,49.966908,33.679943,50.0,27.0,0.0,0.0,0.0,0.0,0.0,0.0,0.0,1
4191,3e-06,0.0,1.898643,0.0,38.253747,24.9285,0.800491,2.845041,0.0,88.989748,0.0,14.829715,0.0,60.778504,33.747783,60.792858,50.013773,33.77381,50.0,27.0,0.0,0.0,0.0,0.0,0.0,0.0,0.0,1
4192,2e-06,0.0,1.899752,0.0,38.033676,24.999142,0.800186,2.845376,0.0,89.242975,0.0,14.936494,0.0,60.468925,33.785105,60.561109,49.94965,33.64506,50.0,27.0,0.0,0.0,0.0,0.0,0.0,0.0,0.0,1
4193,2e-06,0.0,1.905529,0.0,38.065167,24.997432,0.801084,2.833092,0.0,89.241964,0.0,14.860075,0.0,60.521533,33.916685,60.885505,50.039562,33.825281,50.0,27.0,0.0,0.0,0.0,0.0,0.0,0.0,0.0,1
4194,2e-06,0.0,1.903797,0.0,37.992068,25.170962,0.799074,2.836649,0.0,89.549735,0.0,14.860882,0.0,60.878997,33.741109,60.849865,50.029514,33.805481,50.0,27.0,0.0,0.0,0.0,0.0,0.0,0.0,0.0,1
4195,2e-06,0.0,1.897475,0.0,38.025951,24.896674,0.799607,2.845323,0.0,89.087644,0.0,14.864556,0.0,60.815184,33.739088,60.78361,50.011055,33.768672,50.0,27.0,0.0,0.0,0.0,0.0,0.0,0.0,0.0,1
4196,2e-06,0.0,1.904368,0.0,37.976268,25.011213,0.797765,2.861454,0.0,89.557599,0.0,14.819577,0.0,61.070202,33.503347,60.543336,49.944589,33.635187,50.0,27.0,0.0,0.0,0.0,0.0,0.0,0.0,0.0,1
4197,2e-06,0.0,1.888624,0.0,37.919478,24.896563,0.80278,2.861769,0.0,89.236515,0.0,14.989275,0.0,60.78669,33.625785,60.551021,49.946989,33.639456,50.0,27.0,0.0,0.0,0.0,0.0,0.0,0.0,0.0,1
4198,2e-06,0.0,1.906453,0.0,37.960856,24.92928,0.800116,2.850643,0.0,89.103781,0.0,14.929695,0.0,60.789809,33.704086,60.734034,49.997837,33.74113,50.0,27.0,0.0,0.0,0.0,0.0,0.0,0.0,0.0,1
4199,2e-06,0.0,1.89638,0.0,37.997074,24.999628,0.797844,2.855579,0.0,89.222957,0.0,14.855434,0.0,60.797862,33.658539,60.649498,49.974482,33.694166,50.0,27.0,0.0,0.0,0.0,0.0,0.0,0.0,0.0,1
4200,2e-06,0.0,1.904585,0.0,37.720959,25.070055,0.797468,2.84909,0.0,89.443405,0.0,14.915935,0.0,60.349842,33.887048,60.692761,49.986567,33.718201,50.0,27.0,0.0,0.0,0.0,0.0,0.0,0.0,0.0,1
4201,2e-06,0.0,1.909823,0.0,38.28269,25.03591,0.803353,2.858098,0.0,89.215414,0.0,14.870703,0.0,60.563516,33.88454,60.879713,50.038306,33.822063,50.0,27.0,0.0,0.0,0.0,0.0,0.0,0.0,0.0,1
4202,2e-06,0.0,1.905145,0.0,37.892739,25.161793,0.798316,2.8457,0.0,89.513297,0.0,14.876952,0.0,60.782879,33.852901,61.012575,50.074838,33.895875,50.0,27.0,0.0,0.0,0.0,0.0,0.0,0.0,0.0,1
4203,2e-06,0.0,1.904056,0.0,38.071477,24.906844,0.799591,2.854859,0.0,89.181461,0.0,14.895551,0.0,60.835776,33.595582,60.508334,49.935096,33.615741,50.0,27.0,0.0,0.0,0.0,0.0,0.0,0.0,0.0,1
4204,2e-06,0.0,1.902147,0.0,37.916119,24.960896,0.798757,2.839675,0.0,89.906498,0.0,14.86457,0.0,60.584354,33.776281,60.658538,49.976934,33.699188,50.0,27.0,0.0,0.0,0.0,0.0,0.0,0.0,0.0,1
4205,2e-06,0.0,1.90272,0.0,38.029941,25.019689,0.803724,2.854397,0.0,89.169438,0.0,14.888472,0.0,60.681903,33.880798,60.971919,50.063666,33.873288,50.0,27.0,0.0,0.0,0.0,0.0,0.0,0.0,0.0,1
4206,2e-06,0.0,1.8959,0.0,38.09743,25.11921,0.798065,2.833676,0.0,89.613786,0.0,14.956863,0.0,60.696673,33.683652,60.552708,49.947481,33.640393,50.0,27.0,0.0,0.0,0.0,0.0,0.0,0.0,0.0,1
4207,2e-06,0.0,1.895196,0.0,38.112393,24.981556,0.799195,2.862321,0.0,89.364947,0.0,14.907278,0.0,60.591935,33.835167,60.776569,50.009617,33.764761,50.0,27.0,0.0,0.0,0.0,0.0,0.0,0.0,0.0,1
4208,2e-06,0.0,1.892176,0.0,37.959374,24.993424,0.804199,2.853069,0.0,89.344879,0.0,14.851319,0.0,61.022261,33.541981,60.576916,49.954386,33.653842,50.0,27.0,0.0,0.0,0.0,0.0,0.0,0.0,0.0,1
4209,2e-06,0.0,1.903172,0.0,37.983042,24.971828,0.799417,2.85962,0.0,89.27009,0.0,14.932208,0.0,60.816786,33.671407,60.672283,49.980972,33.706824,50.0,27.0,0.0,0.0,0.0,0.0,0.0,0.0,0.0,1
4210,2e-06,0.0,1.896167,0.0,38.129153,25.073092,0.798262,2.844147,0.0,89.316471,0.0,14.835933,0.0,60.602219,33.702699,60.532754,49.942501,33.629308,50.0,27.0,0.0,0.0,0.0,0.0,0.0,0.0,0.0,1
4211,2e-06,0.0,1.900486,0.0,37.929573,24.937563,0.799089,2.848769,0.0,89.277769,0.0,14.815881,0.0,60.932108,33.668205,60.794223,50.015056,33.774568,50.0,27.0,0.0,0.0,0.0,0.0,0.0,0.0,0.0,1
4212,2e-06,0.0,1.894821,0.0,37.916204,24.981854,0.801509,2.839937,0.0,88.870621,0.0,14.775989,0.0,60.849653,33.725993,60.842283,50.028265,33.801269,50.0,27.0,0.0,0.0,0.0,0.0,0.0,0.0,0.0,1
4213,2e-06,0.0,1.890518,0.0,37.952708,24.940391,0.797231,2.852466,0.0,89.234531,0.0,14.799107,0.0,60.688288,33.75421,60.740898,50.000102,33.744944,50.0,27.0,0.0,0.0,0.0,0.0,0.0,0.0,0.0,1
4214,2e-06,0.0,1.903875,0.0,37.91835,24.994173,0.801751,2.841713,0.0,89.185666,0.0,14.759461,0.0,60.862623,33.691245,60.779128,50.010668,33.766182,50.0,27.0,0.0,0.0,0.0,0.0,0.0,0.0,0.0,1
4215,2e-06,0.0,1.904258,0.0,38.105829,24.998658,0.797774,2.845661,0.0,89.687165,0.0,14.784706,0.0,60.468597,33.888793,60.807023,50.018325,33.781679,50.0,27.0,0.0,0.0,0.0,0.0,0.0,0.0,0.0,1
4216,2e-06,0.0,1.89966,0.0,38.012375,25.069509,0.796482,2.836164,0.0,89.30695,0.0,14.86871,0.0,61.161323,33.524836,60.710876,49.991659,33.728264,50.0,27.0,0.0,0.0,0.0,0.0,0.0,0.0,0.0,1
4217,2e-06,0.0,1.899954,0.0,38.133485,25.118744,0.798194,2.853911,0.0,89.22027,0.0,14.774378,0.0,60.858625,33.714736,60.836901,50.026533,33.798278,50.0,27.0,0.0,0.0,0.0,0.0,0.0,0.0,0.0,1
4218,2e-06,0.0,1.895826,0.0,37.770904,24.911094,0.802939,2.848051,0.0,88.700079,0.0,14.805357,0.0,60.714519,33.827722,60.932484,50.05282,33.85138,50.0,27.0,0.0,0.0,0.0,0.0,0.0,0.0,0.0,1
4219,2e-06,0.0,1.904387,0.0,37.962221,24.868798,0.801495,2.863916,0.0,89.245264,0.0,14.827455,0.0,60.775682,33.784882,60.889657,50.04072,33.827587,50.0,27.0,0.0,0.0,0.0,0.0,0.0,0.0,0.0,1
4220,2e-06,0.0,1.894222,0.0,37.941615,25.067627,0.798891,2.840566,0.0,89.369552,0.0,14.77568,0.0,60.885746,33.720997,60.857842,50.031724,33.809912,50.0,27.0,0.0,0.0,0.0,0.0,0.0,0.0,0.0,1
4221,2e-06,0.0,1.897333,0.0,37.931198,24.946273,0.803621,2.855232,0.0,89.41484,0.0,14.793722,0.0,60.722042,33.675424,60.59975,49.960231,33.666528,50.0,27.0,0.0,0.0,0.0,0.0,0.0,0.0,0.0,1
4222,2e-06,0.0,1.903796,0.0,37.989643,24.993672,0.799075,2.850035,0.0,89.490008,0.0,14.897434,0.0,60.726405,33.590256,60.432104,49.914092,33.573391,50.0,27.0,0.0,0.0,0.0,0.0,0.0,0.0,0.0,1
4223,2e-06,0.0,1.904333,0.0,38.040278,24.880521,0.800098,2.850509,0.0,88.839432,0.0,14.835024,0.0,60.654792,33.760267,60.737502,49.99893,33.743057,50.0,27.0,0.0,0.0,0.0,0.0,0.0,0.0,0.0,1
4224,2e-06,0.0,1.902995,0.0,38.202095,24.96622,0.797118,2.862948,0.0,88.765614,0.0,14.864891,0.0,60.457614,33.835125,60.693058,49.986651,33.718366,50.0,27.0,0.0,0.0,0.0,0.0,0.0,0.0,0.0,1
4225,2e-06,0.0,1.890007,0.0,38.258978,24.993539,0.802039,2.863294,0.0,88.928319,0.0,14.938136,0.0,60.763394,33.76523,60.83669,50.026417,33.798161,50.0,27.0,0.0,0.0,0.0,0.0,0.0,0.0,0.0,1
4226,2e-06,0.0,1.893184,0.0,37.958758,24.970053,0.802475,2.859474,0.0,89.155085,0.0,14.813059,0.0,60.887962,33.637297,60.686818,49.984862,33.714899,50.0,27.0,0.0,0.0,0.0,0.0,0.0,0.0,0.0,1
4227,2e-06,0.0,1.897309,0.0,37.957032,24.954456,0.797646,2.846099,0.0,88.893354,0.0,14.818523,0.0,60.700459,33.862821,60.987601,50.068072,33.882,50.0,27.0,0.0,0.0,0.0,0.0,0.0,0.0,0.0,1
4228,2e-06,0.0,1.902481,0.0,37.989922,25.014501,0.801598,2.852816,0.0,89.229838,0.0,14.807342,0.0,60.314166,33.876332,60.61186,49.96388,33.673255,50.0,27.0,0.0,0.0,0.0,0.0,0.0,0.0,0.0,1
4229,2e-06,0.0,1.897112,0.0,38.11613,24.981027,0.800891,2.852236,0.0,88.972096,0.0,14.867029,0.0,60.733318,33.795155,60.841174,50.027441,33.800652,50.0,27.0,0.0,0.0,0.0,0.0,0.0,0.0,0.0,1
4230,2e-06,0.0,1.896483,0.0,38.026647,25.049131,0.797932,2.850523,0.0,89.232572,0.0,14.886776,0.0,60.724627,33.799707,60.835344,50.025693,33.797413,50.0,27.0,0.0,0.0,0.0,0.0,0.0,0.0,0.0,1
4231,2e-06,0.0,1.90054,0.0,37.948188,25.074324,0.79708,2.854023,0.0,88.929268,0.0,14.854144,0.0,60.725139,33.651133,60.515537,49.937172,33.619743,50.0,27.0,0.0,0.0,0.0,0.0,0.0,0.0,0.0,1
4232,2e-06,0.0,1.904826,0.0,37.89119,25.074399,0.796522,2.855352,0.0,89.048118,0.0,14.782454,0.0,61.003792,33.484494,60.455788,49.92097,33.586549,50.0,27.0,0.0,0.0,0.0,0.0,0.0,0.0,0.0,1
4233,2e-06,0.0,1.912803,0.0,38.152001,25.0017,0.799788,2.83759,0.0,89.283662,0.0,14.891152,0.0,60.771501,33.69596,60.703807,49.989915,33.724337,50.0,27.0,0.0,0.0,0.0,0.0,0.0,0.0,0.0,1
4234,2e-06,0.0,1.914606,0.0,37.971573,24.954114,0.800934,2.858531,0.0,89.131167,0.0,14.860794,0.0,61.151533,33.582389,60.848507,50.02996,33.804726,50.0,27.0,0.0,0.0,0.0,0.0,0.0,0.0,0.0,1
4235,2e-06,0.0,1.899082,0.0,37.93153,24.807423,0.797915,2.84764,0.0,89.152175,0.0,14.877484,0.0,60.625504,33.713792,60.618595,49.966264,33.676997,50.0,27.0,0.0,0.0,0.0,0.0,0.0,0.0,0.0,1
4236,2e-06,0.0,1.906284,0.0,37.987554,24.947952,0.798204,2.857612,0.0,88.836919,0.0,14.788878,0.0,60.637578,33.766347,60.741959,50.000529,33.745533,50.0,27.0,0.0,0.0,0.0,0.0,0.0,0.0,0.0,1
4237,2e-06,0.0,1.899668,0.0,37.96808,24.892489,0.80204,2.858399,0.0,89.255976,0.0,14.822851,0.0,60.425759,33.953113,60.917575,50.049066,33.843097,50.0,27.0,0.0,0.0,0.0,0.0,0.0,0.0,0.0,1
4238,2e-06,0.0,1.903381,0.0,37.864641,25.008233,0.805419,2.843964,0.0,88.895844,0.0,14.805845,0.0,60.836054,33.822448,61.021511,50.077549,33.900839,50.0,27.0,0.0,0.0,0.0,0.0,0.0,0.0,0.0,1
4239,2e-06,0.0,1.901918,0.0,37.986778,24.944085,0.798854,2.858277,0.0,89.307973,0.0,14.833955,0.0,60.617853,34.005032,61.176856,50.1201,33.987142,50.0,27.0,0.0,0.0,0.0,0.0,0.0,0.0,0.0,1
4240,2e-06,0.0,1.905988,0.0,38.001605,24.867772,0.804273,2.831637,0.0,89.04567,0.0,14.804879,0.0,60.992847,33.890182,61.274652,50.146533,34.041473,50.0,27.0,0.0,0.0,0.0,0.0,0.0,0.0,0.0,1
4241,2e-06,0.0,1.888916,0.0,38.104962,25.038325,0.798275,2.848879,0.0,89.862906,0.0,14.896597,0.0,60.901546,33.896192,61.178414,50.119204,33.988008,50.0,27.0,0.0,0.0,0.0,0.0,0.0,0.0,0.0,1
4242,2e-06,0.0,1.898809,0.0,38.011624,25.035873,0.799061,2.849913,0.0,89.300813,0.0,14.874677,0.0,60.940893,33.606735,60.589884,49.955944,33.661047,50.0,27.0,0.0,0.0,0.0,0.0,0.0,0.0,0.0,1
4243,1e-06,0.0,1.904638,0.0,38.101439,25.058662,0.798606,2.852914,0.0,89.191445,0.0,14.860636,0.0,60.835254,33.782214,60.876333,50.035336,33.820185,50.0,27.0,0.0,0.0,0.0,0.0,0.0,0.0,0.0,1
4244,1e-06,0.0,1.899036,0.0,37.899101,25.050347,0.798966,2.860054,0.0,89.153001,0.0,14.918214,0.0,60.814914,33.635986,60.544978,49.943575,33.636099,50.0,27.0,0.0,0.0,0.0,0.0,0.0,0.0,0.0,1
4245,1e-06,0.0,1.883091,0.0,38.008787,24.878929,0.801336,2.832817,0.0,89.063848,0.0,14.961276,0.0,61.01749,33.498668,60.474769,49.924451,33.597094,50.0,27.0,0.0,0.0,0.0,0.0,0.0,0.0,0.0,1
4246,1e-06,0.0,1.886056,0.0,38.028915,24.897462,0.795567,2.856511,0.0,89.209367,0.0,14.859353,0.0,60.293644,33.960013,60.757993,50.003109,33.754441,50.0,27.0,0.0,0.0,0.0,0.0,0.0,0.0,0.0,1
4247,1e-06,0.0,1.90527,0.0,37.788843,25.083789,0.799375,2.840252,0.0,89.280399,0.0,14.83369,0.0,60.599948,33.729369,60.548759,49.945262,33.6382,50.0,27.0,0.0,0.0,0.0,0.0,0.0,0.0,0.0,1
4248,1e-06,0.0,1.905558,0.0,38.078896,25.130682,0.799528,2.849106,0.0,89.133687,0.0,14.805547,0.0,60.900231,33.690845,60.77098,50.006955,33.761655,50.0,27.0,0.0,0.0,0.0,0.0,0.0,0.0,0.0,1
4249,1e-06,0.0,1.896493,0.0,38.07085,25.089778,0.801551,2.838774,0.0,88.950715,0.0,14.859085,0.0,60.818247,33.668417,60.649767,49.973417,33.694315,50.0,27.0,0.0,0.0,0.0,0.0,0.0,0.0,0.0,1
4250,1e-06,0.0,1.888323,0.0,38.007368,24.996654,0.804022,2.850518,0.0,89.017902,0.0,14.810177,0.0,60.703209,33.775911,60.772003,50.007335,33.762224,50.0,27.0,0.0,0.0,0.0,0.0,0.0,0.0,0.0,1
4251,1e-06,0.0,1.888458,0.0,37.969604,25.145595,0.800092,2.856812,0.0,89.024695,0.0,14.851133,0.0,60.709501,33.788761,60.8011,50.015341,33.778389,50.0,27.0,0.0,0.0,0.0,0.0,0.0,0.0,0.0,1
4252,1e-06,0.0,1.906711,0.0,38.048639,24.991508,0.796675,2.847978,0.0,88.908098,0.0,14.837969,0.0,60.588108,33.932381,60.976932,50.063864,33.876074,50.0,27.0,0.0,0.0,0.0,0.0,0.0,0.0,0.0,1
4253,1e-06,0.0,1.899282,0.0,37.97603,25.144859,0.795719,2.83961,0.0,89.039368,0.0,14.937885,0.0,60.715723,33.709289,60.609661,49.962034,33.672034,50.0,27.0,0.0,0.0,0.0,0.0,0.0,0.0,0.0,1
4254,1e-06,0.0,1.898517,0.0,37.828431,24.978582,0.803073,2.850627,0.0,89.252549,0.0,14.866434,0.0,60.615532,33.767058,60.637954,49.970043,33.687752,50.0,27.0,0.0,0.0,0.0,0.0,0.0,0.0,0.0,1
4255,1e-06,0.0,1.893172,0.0,37.913634,24.971329,0.799731,2.857185,0.0,89.385127,0.0,14.811109,0.0,60.686306,33.691342,60.547614,49.945223,33.637563,50.0,27.0,0.0,0.0,0.0,0.0,0.0,0.0,0.0,1
4256,1e-06,0.0,1.898711,0.0,38.051247,25.002491,0.805322,2.861154,0.0,89.250699,0.0,14.904474,0.0,60.870833,33.817656,61.007253,50.072537,33.892918,50.0,27.0,0.0,0.0,0.0,0.0,0.0,0.0,0.0,1
4257,1e-06,0.0,1.900267,0.0,38.005004,25.130865,0.799107,2.845608,0.0,89.026895,0.0,14.890943,0.0,60.557098,33.825914,60.702411,49.987919,33.723562,50.0,27.0,0.0,0.0,0.0,0.0,0.0,0.0,0.0,1
4258,1e-06,0.0,1.900238,0.0,37.912284,24.946181,0.800677,2.857553,0.0,89.021641,0.0,14.803752,0.0,60.808009,33.658659,60.591436,49.957307,33.661909,50.0,27.0,0.0,0.0,0.0,0.0,0.0,0.0,0.0,1
4259,1e-06,0.0,1.891594,0.0,37.755875,24.990121,0.801218,2.859884,0.0,89.274589,0.0,14.8841,0.0,60.601325,33.843568,60.78833,50.01194,33.771295,50.0,27.0,0.0,0.0,0.0,0.0,0.0,0.0,0.0,1
4260,1e-06,0.0,1.899486,0.0,38.100657,24.942084,0.795233,2.854886,0.0,89.591358,0.0,14.857061,0.0,60.946095,33.549515,60.501145,49.932503,33.611747,50.0,27.0,0.0,0.0,0.0,0.0,0.0,0.0,0.0,1
4261,1e-06,0.0,1.896452,0.0,38.027294,24.992068,0.800724,2.853099,0.0,89.353712,0.0,14.856467,0.0,60.80769,33.809047,60.937998,50.053584,33.854443,50.0,27.0,0.0,0.0,0.0,0.0,0.0,0.0,0.0,1
4262,1e-06,0.0,1.901288,0.0,37.8385,24.961254,0.797831,2.844764,0.0,88.755115,0.0,14.840362,0.0,60.517594,33.93499,60.90542,50.044313,33.836344,50.0,27.0,0.0,0.0,0.0,0.0,0.0,0.0,0.0,1
4263,1e-06,0.0,1.892688,0.0,37.876192,25.021561,0.800125,2.857464,0.0,89.044916,0.0,14.875124,0.0,60.837145,33.773526,60.860143,50.031578,33.811191,50.0,27.0,0.0,0.0,0.0,0.0,0.0,0.0,0.0,1
4264,1e-06,0.0,1.898686,0.0,38.06648,24.825434,0.798061,2.843549,0.0,89.41776,0.0,14.894951,0.0,60.664243,33.772802,60.684277,49.982812,33.713487,50.0,27.0,0.0,0.0,0.0,0.0,0.0,0.0,0.0,1
4265,1e-06,0.0,1.899961,0.0,38.090124,24.983889,0.800263,2.849198,0.0,88.756705,0.0,14.917745,0.0,60.723669,33.875209,60.958464,50.058682,33.865813,50.0,27.0,0.0,0.0,0.0,0.0,0.0,0.0,0.0,1
4266,1e-06,0.0,1.897649,0.0,38.018266,24.979943,0.799895,2.851436,0.0,89.800444,0.0,14.893735,0.0,60.873275,33.741974,60.812354,50.018006,33.784641,50.0,27.0,0.0,0.0,0.0,0.0,0.0,0.0,0.0,1
4267,1e-06,0.0,1.899748,0.0,37.894171,24.920969,0.803056,2.857074,0.0,88.869862,0.0,14.903778,0.0,61.02974,33.619178,60.713603,49.990622,33.729779,50.0,27.0,0.0,0.0,0.0,0.0,0.0,0.0,0.0,1
4268,1e-06,0.0,1.891075,0.0,37.895657,25.076538,0.79836,2.840142,0.0,89.339615,0.0,14.850821,0.0,60.633228,33.851407,60.826708,50.02193,33.792616,50.0,27.0,0.0,0.0,0.0,0.0,0.0,0.0,0.0,1
4269,1e-06,0.0,1.9171,0.0,37.929417,24.935211,0.799263,2.872023,0.0,88.922659,0.0,14.813444,0.0,60.778471,33.538906,60.300678,49.876428,33.500377,50.0,27.0,0.0,0.0,0.0,0.0,0.0,0.0,0.0,1
4270,1e-06,0.0,1.898509,0.0,37.815274,25.014622,0.800104,2.85402,0.0,88.876864,0.0,14.936045,0.0,60.793483,33.79202,60.879464,50.037017,33.821925,50.0,27.0,0.0,0.0,0.0,0.0,0.0,0.0,0.0,1
4271,1e-06,0.0,1.897294,0.0,38.003974,24.925555,0.801043,2.854359,0.0,89.105713,0.0,14.8747,0.0,60.792295,33.82662,60.945886,50.055192,33.858826,50.0,27.0,0.0,0.0,0.0,0.0,0.0,0.0,0.0,1
4272,1e-06,0.0,1.898018,0.0,37.970628,24.992167,0.801864,2.856056,0.0,89.044241,0.0,14.856937,0.0,60.433825,34.045616,61.039762,50.080864,33.910979,50.0,27.0,0.0,0.0,0.0,0.0,0.0,0.0,0.0,1
4273,1e-06,0.0,1.916529,0.0,38.155208,25.00354,0.80351,2.853123,0.0,89.39596,0.0,14.813638,0.0,60.723852,33.828606,60.834162,50.023635,33.796757,50.0,27.0,0.0,0.0,0.0,0.0,0.0,0.0,0.0,1
4274,1e-06,0.0,1.901307,0.0,38.035669,25.026538,0.796107,2.849874,0.0,89.406246,0.0,14.904035,0.0,60.845496,33.69847,60.674406,49.979361,33.708003,50.0,27.0,0.0,0.0,0.0,0.0,0.0,0.0,0.0,1
4275,1e-06,0.0,1.899689,0.0,38.149503,24.842412,0.799723,2.835778,0.0,89.983839,0.0,14.945421,0.0,61.065994,33.718854,60.948595,50.055249,33.860331,50.0,27.0,0.0,0.0,0.0,0.0,0.0,0.0,0.0,1
4276,1e-06,0.0,1.894885,0.0,37.899374,25.001318,0.799525,2.85175,0.0,88.995738,0.0,14.929546,0.0,60.818739,33.79494,60.869172,50.033022,33.816206,50.0,27.0,0.0,0.0,0.0,0.0,0.0,0.0,0.0,1
4277,1e-06,0.0,1.902105,0.0,37.944238,24.979171,0.801442,2.86882,0.0,88.902953,0.0,14.842709,0.0,60.846515,33.721447,60.73877,49.996815,33.743761,50.0,27.0,0.0,0.0,0.0,0.0,0.0,0.0,0.0,1
4278,1e-06,0.0,1.899562,0.0,38.104471,24.976598,0.801224,2.83975,0.0,88.675952,0.0,14.807101,0.0,60.519456,33.844868,60.678787,49.980252,33.710437,50.0,27.0,0.0,0.0,0.0,0.0,0.0,0.0,0.0,1
4279,1e-06,0.0,1.891291,0.0,37.84713,25.037175,0.801571,2.854464,0.0,89.517956,0.0,14.909061,0.0,61.053002,33.563651,60.609182,49.961111,33.671768,50.0,27.0,0.0,0.0,0.0,0.0,0.0,0.0,0.0,1
4280,1e-06,0.0,1.888055,0.0,38.037927,24.983583,0.799655,2.843687,0.0,89.464822,0.0,14.895441,0.0,60.854002,33.649264,60.61851,49.963883,33.67695,50.0,27.0,0.0,0.0,0.0,0.0,0.0,0.0,0.0,1
4281,1e-06,0.0,1.897521,0.0,38.10289,24.927545,0.796194,2.842342,0.0,88.874787,0.0,14.82716,0.0,60.512884,33.787262,60.5832,49.954303,33.657334,50.0,27.0,0.0,0.0,0.0,0.0,0.0,0.0,0.0,1
4282,1e-06,0.0,1.896257,0.0,38.031047,24.971248,0.80154,2.840574,0.0,89.009202,0.0,14.917881,0.0,60.613386,33.917195,60.953385,50.056848,33.862992,50.0,27.0,0.0,0.0,0.0,0.0,0.0,0.0,0.0,1
4283,1e-06,0.0,1.904482,0.0,38.026825,25.152943,0.799934,2.855573,0.0,89.152287,0.0,14.86527,0.0,60.676445,33.798996,60.745867,49.999208,33.747704,50.0,27.0,0.0,0.0,0.0,0.0,0.0,0.0,0.0,1
4284,1e-06,0.0,1.90252,0.0,37.969544,25.041132,0.797895,2.847836,0.0,89.048047,0.0,14.83008,0.0,60.691218,33.925092,61.022287,50.075613,33.90127,50.0,27.0,0.0,0.0,0.0,0.0,0.0,0.0,0.0,1
4285,1e-06,0.0,1.905138,0.0,37.899512,24.912839,0.801149,2.841476,0.0,89.469343,0.0,14.941478,0.0,60.682132,33.841232,60.815615,50.018114,33.786453,50.0,27.0,0.0,0.0,0.0,0.0,0.0,0.0,0.0,1
4286,1e-06,0.0,1.901317,0.0,38.091031,24.905023,0.801615,2.845512,0.0,89.551386,0.0,14.893024,0.0,60.406483,33.929388,60.71758,49.990927,33.731989,50.0,27.0,0.0,0.0,0.0,0.0,0.0,0.0,0.0,1
4287,1e-06,0.0,1.906562,0.0,38.149321,25.072298,0.797295,2.85982,0.0,88.752098,0.0,14.833558,0.0,61.083797,33.613938,60.710047,49.98889,33.727804,50.0,27.0,0.0,0.0,0.0,0.0,0.0,0.0,0.0,1
4288,1e-06,0.0,1.899462,0.0,37.97271,24.9733,0.804121,2.849111,0.0,89.54981,0.0,14.914953,0.0,61.004716,33.61433,60.655153,49.973773,33.697307,50.0,27.0,0.0,0.0,0.0,0.0,0.0,0.0,0.0,1
4289,1e-06,0.0,1.890904,0.0,37.949486,24.895013,0.79637,2.843942,0.0,89.447498,0.0,14.912341,0.0,60.792663,33.832023,60.924143,50.048252,33.846746,50.0,27.0,0.0,0.0,0.0,0.0,0.0,0.0,0.0,1
4290,1e-06,0.0,1.890732,0.0,38.102619,24.949745,0.800845,2.848256,0.0,88.942855,0.0,14.843466,0.0,60.673886,33.885973,60.910949,50.044365,33.839416,50.0,27.0,0.0,0.0,0.0,0.0,0.0,0.0,0.0,1
4291,1e-06,0.0,1.891757,0.0,37.844149,25.041945,0.798151,2.851309,0.0,89.29885,0.0,14.777404,0.0,60.603247,33.868567,60.788778,50.010376,33.771543,50.0,27.0,0.0,0.0,0.0,0.0,0.0,0.0,0.0,1
4292,1e-06,0.0,1.90285,0.0,37.795996,25.089619,0.803405,2.847831,0.0,89.116419,0.0,14.91413,0.0,60.641522,33.825331,60.724256,49.992491,33.735698,50.0,27.0,0.0,0.0,0.0,0.0,0.0,0.0,0.0,1
4293,1e-06,0.0,1.90918,0.0,37.917804,25.030382,0.800248,2.845748,0.0,89.441398,0.0,14.87267,0.0,60.500164,33.920399,60.778261,50.007455,33.765701,50.0,27.0,0.0,0.0,0.0,0.0,0.0,0.0,0.0,1
4294,1e-06,0.0,1.904741,0.0,37.9165,24.850921,0.799681,2.857862,0.0,89.414765,0.0,14.844413,0.0,60.897632,33.648486,60.584782,49.953941,33.658212,50.0,27.0,0.0,0.0,0.0,0.0,0.0,0.0,0.0,1
4295,1e-06,0.0,1.901648,0.0,38.18394,24.937443,0.802589,2.850047,0.0,89.617634,0.0,14.853761,0.0,60.766448,33.788334,60.768143,50.004851,33.760079,50.0,27.0,0.0,0.0,0.0,0.0,0.0,0.0,0.0,1
4296,1e-06,0.0,1.903363,0.0,37.983789,25.080435,0.801274,2.855629,0.0,88.992455,0.0,14.809311,0.0,60.915225,33.875367,61.100398,50.096661,33.944666,50.0,27.0,0.0,0.0,0.0,0.0,0.0,0.0,0.0,1
4297,1e-06,0.0,1.89236,0.0,38.060126,25.103843,0.796929,2.848839,0.0,89.314484,0.0,14.854734,0.0,60.764487,33.834803,60.852523,50.027668,33.806957,50.0,27.0,0.0,0.0,0.0,0.0,0.0,0.0,0.0,1
4298,1e-06,0.0,1.891126,0.0,38.077889,24.908279,0.80053,2.856586,0.0,89.394303,0.0,14.848871,0.0,60.636256,33.730632,60.499054,49.929833,33.610586,50.0,27.0,0.0,0.0,0.0,0.0,0.0,0.0,0.0,1
4299,1e-06,0.0,1.892469,0.0,38.010753,25.064847,0.8,2.837571,0.0,89.639333,0.0,14.821929,0.0,61.177599,33.457409,60.472644,49.922882,33.595913,50.0,27.0,0.0,0.0,0.0,0.0,0.0,0.0,0.0,1
4300,1e-06,0.0,1.8896,0.0,37.929965,24.96773,0.799373,2.861102,0.0,88.994059,0.0,14.931689,0.0,60.660186,33.854421,60.836737,50.0239,33.798187,50.0,27.0,0.0,0.0,0.0,0.0,0.0,0.0,0.0,1
4301,1e-06,0.0,1.899863,0.0,37.982318,25.026492,0.800628,2.858274,0.0,88.78094,0.0,14.776793,0.0,60.878034,33.786882,60.901085,50.041566,33.833936,50.0,27.0,0.0,0.0,0.0,0.0,0.0,0.0,0.0,1
4302,1e-06,0.0,1.895592,0.0,38.001529,24.954381,0.798245,2.843906,0.0,89.627501,0.0,14.902575,0.0,60.389009,33.928445,60.709228,49.988331,33.727349,50.0,27.0,0.0,0.0,0.0,0.0,0.0,0.0,0.0,1
4303,1e-06,0.0,1.90347,0.0,37.981177,24.996315,0.798038,2.849997,0.0,89.024022,0.0,14.88387,0.0,60.721027,33.899631,60.960454,50.057827,33.866919,50.0,27.0,0.0,0.0,0.0,0.0,0.0,0.0,0.0,1
4304,1e-06,0.0,1.898766,0.0,38.001986,25.046467,0.799366,2.848641,0.0,89.061435,0.0,14.89236,0.0,60.66902,33.897449,60.88888,50.037757,33.827156,50.0,27.0,0.0,0.0,0.0,0.0,0.0,0.0,0.0,1
4305,1e-06,0.0,1.898985,0.0,38.094427,24.916616,0.797633,2.867246,0.0,89.527639,0.0,14.881095,0.0,60.751797,33.725412,60.595025,49.956349,33.663903,50.0,27.0,0.0,0.0,0.0,0.0,0.0,0.0,0.0,1
4306,1e-06,0.0,1.900211,0.0,37.927982,24.938683,0.802426,2.850438,0.0,89.09851,0.0,14.904087,0.0,61.209026,33.535921,60.662345,49.975173,33.701303,50.0,27.0,0.0,0.0,0.0,0.0,0.0,0.0,0.0,1
4307,1e-06,0.0,1.902406,0.0,38.030271,24.995699,0.799999,2.855166,0.0,89.452748,0.0,14.829576,0.0,60.967591,33.546347,60.477069,49.924087,33.598372,50.0,27.0,0.0,0.0,0.0,0.0,0.0,0.0,0.0,1
4308,1e-06,0.0,1.896426,0.0,38.076303,25.054669,0.800921,2.846172,0.0,89.350842,0.0,14.830622,0.0,60.929492,33.806212,61.01778,50.073915,33.898767,50.0,27.0,0.0,0.0,0.0,0.0,0.0,0.0,0.0,1
4309,1e-06,0.0,1.911539,0.0,38.097783,24.990677,0.7995,2.851,0.0,88.697043,0.0,14.901172,0.0,60.632047,33.83033,60.765693,50.003871,33.758718,50.0,27.0,0.0,0.0,0.0,0.0,0.0,0.0,0.0,1
4310,1e-06,0.0,1.90915,0.0,37.933747,25.071497,0.800998,2.856337,0.0,88.820866,0.0,14.802979,0.0,60.821486,33.805689,60.894802,50.039537,33.830445,50.0,27.0,0.0,0.0,0.0,0.0,0.0,0.0,0.0,1
4311,1e-06,0.0,1.889546,0.0,38.13707,25.005497,0.801042,2.843434,0.0,88.91672,0.0,14.862433,0.0,60.438924,34.047088,61.016858,50.073076,33.898255,50.0,27.0,0.0,0.0,0.0,0.0,0.0,0.0,0.0,1
4312,1e-06,0.0,1.896156,0.0,38.262634,24.987906,0.800105,2.841787,0.0,88.969608,0.0,14.848956,0.0,60.878316,33.661864,60.607547,49.959581,33.670859,50.0,27.0,0.0,0.0,0.0,0.0,0.0,0.0,0.0,1
4313,1e-06,0.0,1.907831,0.0,38.11954,25.045877,0.80327,2.845701,0.0,89.448148,0.0,14.86726,0.0,61.001644,33.655721,60.73484,49.994965,33.741578,50.0,27.0,0.0,0.0,0.0,0.0,0.0,0.0,0.0,1
4314,1e-06,0.0,1.902948,0.0,37.992208,24.92412,0.797874,2.86821,0.0,89.023689,0.0,14.81058,0.0,60.585916,33.802739,60.645904,49.970408,33.692169,50.0,27.0,0.0,0.0,0.0,0.0,0.0,0.0,0.0,1
4315,1e-06,0.0,1.908427,0.0,37.815198,25.019164,0.798768,2.853041,0.0,89.028798,0.0,14.858926,0.0,60.924011,33.612731,60.57945,49.952188,33.65525,50.0,27.0,0.0,0.0,0.0,0.0,0.0,0.0,0.0,1
4316,1e-06,0.0,1.901713,0.0,38.01369,25.007641,0.80163,2.85231,0.0,89.28232,0.0,14.866258,0.0,60.823392,33.803742,60.903282,50.041932,33.835157,50.0,27.0,0.0,0.0,0.0,0.0,0.0,0.0,0.0,1
4317,1e-06,0.0,1.888614,0.0,37.931985,25.19647,0.796967,2.850099,0.0,89.207165,0.0,14.878432,0.0,60.992982,33.540207,60.511984,49.93357,33.617769,50.0,27.0,0.0,0.0,0.0,0.0,0.0,0.0,0.0,1
4318,1e-06,0.0,1.901321,0.0,38.213483,24.991267,0.797497,2.846646,0.0,88.785361,0.0,14.840274,0.0,60.666537,33.818037,60.801649,50.013963,33.778694,50.0,27.0,0.0,0.0,0.0,0.0,0.0,0.0,0.0,1
4319,1e-06,0.0,1.904655,0.0,37.944362,25.015258,0.79912,2.864475,0.0,88.587115,0.0,14.860485,0.0,60.64797,33.774844,60.683526,49.981245,33.71307,50.0,27.0,0.0,0.0,0.0,0.0,0.0,0.0,0.0,1
4320,1e-06,0.0,1.89355,0.0,37.924961,24.864235,0.794813,2.85243,0.0,89.055421,0.0,14.874922,0.0,60.805172,33.711614,60.70513,49.987309,33.725072,50.0,27.0,0.0,0.0,0.0,0.0,0.0,0.0,0.0,1
4321,1e-06,0.0,1.898842,0.0,38.017311,25.133332,0.802003,2.847061,0.0,89.343134,0.0,14.813696,0.0,60.636326,33.861928,60.859606,50.030069,33.810892,50.0,27.0,0.0,0.0,0.0,0.0,0.0,0.0,0.0,1
4322,1e-06,0.0,1.904007,0.0,37.926423,25.024604,0.798763,2.853061,0.0,89.131359,0.0,14.788117,0.0,60.679398,33.859191,60.88295,50.036371,33.823861,50.0,27.0,0.0,0.0,0.0,0.0,0.0,0.0,0.0,1
4323,1e-06,0.0,1.889548,0.0,38.005592,25.019111,0.800627,2.840509,0.0,88.856099,0.0,14.839401,0.0,60.909489,33.536249,60.419113,49.907988,33.566174,50.0,27.0,0.0,0.0,0.0,0.0,0.0,0.0,0.0,1
4324,1e-06,0.0,1.892999,0.0,38.013843,25.017211,0.801082,2.8447,0.0,89.265797,0.0,14.915571,0.0,60.878796,33.669913,60.701015,49.986362,33.722786,50.0,27.0,0.0,0.0,0.0,0.0,0.0,0.0,0.0,1
4325,1e-06,0.0,1.900436,0.0,37.850126,25.039762,0.799925,2.869587,0.0,89.075088,0.0,14.894357,0.0,61.023723,33.475935,60.447882,49.916465,33.582157,50.0,27.0,0.0,0.0,0.0,0.0,0.0,0.0,0.0,1
4326,1e-06,0.0,1.9075,0.0,37.997553,25.020025,0.803798,2.853705,0.0,88.841952,0.0,14.830983,0.0,60.878929,33.73189,60.878984,50.036035,33.821658,50.0,27.0,0.0,0.0,0.0,0.0,0.0,0.0,0.0,1
4327,1e-06,0.0,1.90282,0.0,38.135635,24.9258,0.797761,2.856916,0.0,89.077401,0.0,14.859383,0.0,60.630143,33.712199,60.588658,49.955611,33.660366,50.0,27.0,0.0,0.0,0.0,0.0,0.0,0.0,0.0,1
4328,1e-06,0.0,1.899976,0.0,38.082,24.937112,0.799619,2.859099,0.0,89.312438,0.0,14.835467,0.0,60.544448,33.963955,61.036603,50.079642,33.909224,50.0,27.0,0.0,0.0,0.0,0.0,0.0,0.0,0.0,1
4329,1e-06,0.0,1.899024,0.0,38.161767,24.883481,0.796886,2.836431,0.0,88.843526,0.0,14.939704,0.0,60.692392,33.779161,60.763988,50.003896,33.757771,50.0,27.0,0.0,0.0,0.0,0.0,0.0,0.0,0.0,1
4330,1e-06,0.0,1.904094,0.0,37.917896,24.897429,0.801597,2.841443,0.0,89.38662,0.0,14.891597,0.0,60.527345,33.858181,60.761149,50.003092,33.756194,50.0,27.0,0.0,0.0,0.0,0.0,0.0,0.0,0.0,1
4331,1e-06,0.0,1.906114,0.0,38.055231,25.001103,0.801704,2.846786,0.0,89.298317,0.0,14.815387,0.0,60.586118,33.809522,60.70267,49.986914,33.723706,50.0,27.0,0.0,0.0,0.0,0.0,0.0,0.0,0.0,1
4332,1e-06,0.0,1.901624,0.0,38.042187,24.999431,0.798009,2.837943,0.0,89.551136,0.0,14.801658,0.0,60.950569,33.634927,60.691551,49.983905,33.717528,50.0,27.0,0.0,0.0,0.0,0.0,0.0,0.0,0.0,1
4333,1e-06,0.0,1.896834,0.0,38.342,24.952181,0.800594,2.847708,0.0,88.640726,0.0,14.855928,0.0,60.523795,33.752642,60.52927,49.939132,33.627372,50.0,27.0,0.0,0.0,0.0,0.0,0.0,0.0,0.0,1
4334,1e-06,0.0,1.903461,0.0,38.090369,24.982348,0.80261,2.864265,0.0,89.25009,0.0,14.830696,0.0,60.907011,33.667171,60.731853,49.995428,33.739918,50.0,27.0,0.0,0.0,0.0,0.0,0.0,0.0,0.0,1
4335,1e-06,0.0,1.899501,0.0,37.98075,24.942463,0.803325,2.854158,0.0,89.118206,0.0,14.813723,0.0,60.438492,33.9941,60.963897,50.059586,33.868831,50.0,27.0,0.0,0.0,0.0,0.0,0.0,0.0,0.0,1
4336,1e-06,0.0,1.902431,0.0,37.961447,24.918801,0.798536,2.838634,0.0,89.594104,0.0,14.861726,0.0,60.975476,33.63822,60.71736,49.991148,33.731867,50.0,27.0,0.0,0.0,0.0,0.0,0.0,0.0,0.0,1
4337,1e-06,0.0,1.901126,0.0,37.907674,25.045133,0.797799,2.850745,0.0,89.348315,0.0,14.791333,0.0,60.859744,33.623022,60.5857,49.954802,33.658722,50.0,27.0,0.0,0.0,0.0,0.0,0.0,0.0,0.0,1
4338,1e-06,0.0,1.893607,0.0,38.017018,24.970467,0.799705,2.842285,0.0,89.034104,0.0,14.855598,0.0,60.960124,33.567292,60.585654,49.955014,33.658697,50.0,27.0,0.0,0.0,0.0,0.0,0.0,0.0,0.0,1
4339,1e-06,0.0,1.905098,0.0,38.192481,25.025309,0.797581,2.858828,0.0,89.277789,0.0,14.91583,0.0,60.738633,33.82597,60.933215,50.051302,33.851786,50.0,27.0,0.0,0.0,0.0,0.0,0.0,0.0,0.0,1
4340,1e-06,0.0,1.903869,0.0,37.935884,25.026702,0.801774,2.839468,0.0,88.697976,0.0,14.848059,0.0,60.916604,33.568157,60.5552,49.946565,33.641778,50.0,27.0,0.0,0.0,0.0,0.0,0.0,0.0,0.0,1
4341,1e-06,0.0,1.897696,0.0,38.046349,25.0072,0.800105,2.849436,0.0,88.692318,0.0,14.870671,0.0,60.567205,33.650985,60.403106,49.904793,33.557281,50.0,27.0,0.0,0.0,0.0,0.0,0.0,0.0,0.0,1
4342,1e-06,0.0,1.908204,0.0,38.049774,25.026081,0.801233,2.839731,0.0,88.936519,0.0,14.782778,0.0,60.562835,33.823557,60.77301,50.007507,33.762783,50.0,27.0,0.0,0.0,0.0,0.0,0.0,0.0,0.0,1
4343,1e-06,0.0,1.891473,0.0,38.119085,24.96771,0.794908,2.873923,0.0,88.956088,0.0,14.728029,0.0,60.649881,33.959208,61.133059,50.106985,33.96281,50.0,27.0,0.0,0.0,0.0,0.0,0.0,0.0,0.0,1
4344,1e-06,0.0,1.891758,0.0,37.977863,24.949495,0.80151,2.83677,0.0,89.101017,0.0,14.81179,0.0,60.489414,33.901686,60.821058,50.020217,33.789477,50.0,27.0,0.0,0.0,0.0,0.0,0.0,0.0,0.0,1
4345,1e-06,0.0,1.897107,0.0,38.135124,25.071124,0.799315,2.851397,0.0,88.830518,0.0,14.85934,0.0,60.499115,33.867311,60.737522,49.997028,33.743068,50.0,27.0,0.0,0.0,0.0,0.0,0.0,0.0,0.0,1
4346,1e-06,0.0,1.895428,0.0,38.1257,25.041047,0.796382,2.856177,0.0,89.317073,0.0,14.884523,0.0,60.904606,33.71096,60.79831,50.013844,33.776839,50.0,27.0,0.0,0.0,0.0,0.0,0.0,0.0,0.0,1
4347,1e-06,0.0,1.915466,0.0,37.865743,24.997753,0.799739,2.857451,0.0,89.350229,0.0,14.87971,0.0,60.845512,33.633015,60.581444,49.953834,33.656358,50.0,27.0,0.0,0.0,0.0,0.0,0.0,0.0,0.0,1
4348,1e-06,0.0,1.888681,0.0,37.850506,25.002197,0.79675,2.837239,0.0,88.956936,0.0,14.869393,0.0,61.019887,33.484286,60.458597,49.920109,33.588109,50.0,27.0,0.0,0.0,0.0,0.0,0.0,0.0,0.0,1
4349,1e-06,0.0,1.902551,0.0,37.878189,24.986203,0.806644,2.850195,0.0,89.283524,0.0,14.806448,0.0,60.762337,33.725515,60.74497,49.999659,33.747206,50.0,27.0,0.0,0.0,0.0,0.0,0.0,0.0,0.0,1
4350,1e-06,0.0,1.899313,0.0,38.068248,25.209383,0.801597,2.849729,0.0,88.721763,0.0,14.825595,0.0,60.596171,33.714912,60.557524,49.947852,33.643069,50.0,27.0,0.0,0.0,0.0,0.0,0.0,0.0,0.0,1
4351,1e-06,0.0,1.910662,0.0,38.276409,25.006372,0.796488,2.857486,0.0,88.571063,0.0,14.861972,0.0,60.365305,33.981188,60.890749,50.040213,33.828194,50.0,27.0,0.0,0.0,0.0,0.0,0.0,0.0,0.0,1
4352,0.0,0.0,1.896396,0.0,37.94112,24.964968,0.798158,2.853513,0.0,88.660062,0.0,14.89179,0.0,61.021452,33.457302,60.408983,49.906855,33.560546,50.0,27.0,0.0,0.0,0.0,0.0,0.0,0.0,0.0,1
4353,0.0,0.0,1.898834,0.0,38.087996,24.904874,0.802678,2.845059,0.0,88.838554,0.0,14.768399,0.0,60.566202,33.770859,60.653422,49.97488,33.696346,50.0,27.0,0.0,0.0,0.0,0.0,0.0,0.0,0.0,1
4354,0.0,0.0,1.902103,0.0,37.921708,25.107056,0.803915,2.854964,0.0,89.100511,0.0,14.813076,0.0,60.700425,33.956274,61.173305,50.118699,33.98517,50.0,27.0,0.0,0.0,0.0,0.0,0.0,0.0,0.0,1
4355,0.0,0.0,1.892744,0.0,37.865121,25.072845,0.800865,2.850827,0.0,89.096447,0.0,14.803829,0.0,60.60775,33.839216,60.804155,50.016077,33.780086,50.0,27.0,0.0,0.0,0.0,0.0,0.0,0.0,0.0,1
4356,0.0,0.0,1.903882,0.0,37.705764,24.962924,0.800361,2.851147,0.0,89.240306,0.0,14.806995,0.0,60.664383,33.826127,60.820902,50.020626,33.78939,50.0,27.0,0.0,0.0,0.0,0.0,0.0,0.0,0.0,1
4357,0.0,0.0,1.905992,0.0,37.892478,25.029122,0.80038,2.851006,0.0,89.456609,0.0,14.916011,0.0,60.740035,33.715585,60.653598,49.974281,33.696443,50.0,27.0,0.0,0.0,0.0,0.0,0.0,0.0,0.0,1
4358,0.0,0.0,1.902954,0.0,38.290306,24.929443,0.804098,2.837499,0.0,88.925508,0.0,14.858757,0.0,60.366842,33.965651,60.81329,50.018547,33.785161,50.0,27.0,0.0,0.0,0.0,0.0,0.0,0.0,0.0,1
4359,0.0,0.0,1.891636,0.0,38.068738,25.01357,0.798973,2.85993,0.0,89.439919,0.0,14.863872,0.0,60.846741,33.696906,60.698402,49.9867,33.721335,50.0,27.0,0.0,0.0,0.0,0.0,0.0,0.0,0.0,1
4360,0.0,0.0,1.900714,0.0,38.011095,24.935182,0.800136,2.853159,0.0,89.236225,0.0,14.861082,0.0,60.853093,33.85387,61.045121,50.082598,33.913956,50.0,27.0,0.0,0.0,0.0,0.0,0.0,0.0,0.0,1
4361,0.0,0.0,1.904045,0.0,37.968173,24.958469,0.800239,2.845716,0.0,88.953107,0.0,14.827067,0.0,60.437728,33.788224,60.479283,49.925792,33.599602,50.0,27.0,0.0,0.0,0.0,0.0,0.0,0.0,0.0,1
4362,0.0,0.0,1.901481,0.0,38.129146,25.085147,0.801626,2.870868,0.0,89.24041,0.0,14.897853,0.0,60.858138,33.743757,60.803297,50.015717,33.77961,50.0,27.0,0.0,0.0,0.0,0.0,0.0,0.0,0.0,1
4363,0.0,0.0,1.900368,0.0,37.955312,24.931265,0.79746,2.850266,0.0,89.436244,0.0,14.970607,0.0,60.708775,33.706314,60.578382,49.953473,33.654656,50.0,27.0,0.0,0.0,0.0,0.0,0.0,0.0,0.0,1
4364,0.0,0.0,1.894392,0.0,38.023845,25.101584,0.801493,2.857244,0.0,89.521341,0.0,14.87977,0.0,60.689101,33.837555,60.843692,50.027035,33.802051,50.0,27.0,0.0,0.0,0.0,0.0,0.0,0.0,0.0,1
4365,0.0,0.0,1.893584,0.0,37.834407,24.977259,0.799268,2.839074,0.0,89.456081,0.0,14.890325,0.0,60.673745,33.78346,60.70457,49.988448,33.724761,50.0,27.0,0.0,0.0,0.0,0.0,0.0,0.0,0.0,1
4366,0.0,0.0,1.89912,0.0,37.855863,25.029312,0.800325,2.862937,0.0,89.474539,0.0,14.848194,0.0,60.917995,33.698439,60.767551,50.005913,33.759751,50.0,27.0,0.0,0.0,0.0,0.0,0.0,0.0,0.0,1
4367,0.0,0.0,1.899818,0.0,38.1099,24.992316,0.802003,2.856219,0.0,89.15948,0.0,14.914093,0.0,60.657334,33.811797,60.755409,50.002528,33.753005,50.0,27.0,0.0,0.0,0.0,0.0,0.0,0.0,0.0,1
4368,0.0,0.0,1.907461,0.0,37.943902,25.001998,0.798901,2.852354,0.0,89.254565,0.0,14.891072,0.0,61.072191,33.681642,60.889589,50.039602,33.82755,50.0,27.0,0.0,0.0,0.0,0.0,0.0,0.0,0.0,1
4369,0.0,0.0,1.89673,0.0,37.745772,25.043982,0.798167,2.847336,0.0,89.263305,0.0,14.915407,0.0,60.849165,33.797558,60.922485,50.048497,33.845825,50.0,27.0,0.0,0.0,0.0,0.0,0.0,0.0,0.0,1
4370,0.0,0.0,1.892736,0.0,38.091099,24.930291,0.799907,2.850147,0.0,89.286649,0.0,14.837028,0.0,60.489905,33.963681,60.90906,50.044545,33.838366,50.0,27.0,0.0,0.0,0.0,0.0,0.0,0.0,0.0,1
4371,0.0,0.0,1.906976,0.0,37.900809,24.904899,0.800256,2.83964,0.0,89.189133,0.0,14.872822,0.0,60.733373,33.791978,60.764144,50.00427,33.757858,50.0,27.0,0.0,0.0,0.0,0.0,0.0,0.0,0.0,1
4372,0.0,0.0,1.900099,0.0,37.965866,24.942103,0.796136,2.858731,0.0,88.875057,0.0,14.900714,0.0,60.889471,33.755893,60.842202,50.025823,33.801223,50.0,27.0,0.0,0.0,0.0,0.0,0.0,0.0,0.0,1
4373,0.0,0.0,1.898523,0.0,37.845975,25.035029,0.801821,2.843916,0.0,89.191142,0.0,14.874039,0.0,61.015447,33.639637,60.725905,49.993551,33.736614,50.0,27.0,0.0,0.0,0.0,0.0,0.0,0.0,0.0,1
4374,0.0,0.0,1.902829,0.0,37.782335,24.94097,0.797693,2.861327,0.0,88.72765,0.0,14.87324,0.0,60.861145,33.772175,60.869273,50.033209,33.816263,50.0,27.0,0.0,0.0,0.0,0.0,0.0,0.0,0.0,1
4375,0.0,0.0,1.898665,0.0,37.985949,25.114085,0.799819,2.844668,0.0,89.400559,0.0,14.937021,0.0,60.409847,34.048289,60.999893,50.069147,33.88883,50.0,27.0,0.0,0.0,0.0,0.0,0.0,0.0,0.0,1
4376,0.0,0.0,1.901846,0.0,37.918355,24.910583,0.802606,2.85893,0.0,89.097494,0.0,14.838526,0.0,60.588334,33.742558,60.4966,49.929695,33.609222,50.0,27.0,0.0,0.0,0.0,0.0,0.0,0.0,0.0,1
4377,0.0,0.0,1.894606,0.0,37.896147,25.021043,0.799916,2.861621,0.0,88.821217,0.0,14.871507,0.0,60.753907,33.771361,60.728663,49.994186,33.738146,50.0,27.0,0.0,0.0,0.0,0.0,0.0,0.0,0.0,1
4378,0.0,0.0,1.904793,0.0,38.036939,24.966913,0.803172,2.851517,0.0,89.726993,0.0,14.974486,0.0,60.799681,33.621693,60.46031,49.920043,33.589061,50.0,27.0,0.0,0.0,0.0,0.0,0.0,0.0,0.0,1
4379,0.0,0.0,1.898899,0.0,37.988389,24.919393,0.799996,2.842163,0.0,89.379217,0.0,14.894116,0.0,60.848379,33.776782,60.85736,50.030184,33.809645,50.0,27.0,0.0,0.0,0.0,0.0,0.0,0.0,0.0,1
4380,0.0,0.0,1.902224,0.0,38.217248,24.899455,0.799507,2.855594,0.0,89.184689,0.0,14.888476,0.0,60.261983,34.136653,61.029505,50.077614,33.905281,50.0,27.0,0.0,0.0,0.0,0.0,0.0,0.0,0.0,1
4381,0.0,0.0,1.896213,0.0,38.076106,24.967591,0.801099,2.855924,0.0,89.359559,0.0,14.865364,0.0,60.828941,33.696848,60.620779,49.964258,33.678211,50.0,27.0,0.0,0.0,0.0,0.0,0.0,0.0,0.0,1
4382,0.0,0.0,1.890436,0.0,38.042585,25.019824,0.802746,2.857543,0.0,89.096782,0.0,14.834115,0.0,60.946715,33.611421,60.571364,49.950777,33.650758,50.0,27.0,0.0,0.0,0.0,0.0,0.0,0.0,0.0,1
4383,0.0,0.0,1.891623,0.0,37.748874,25.03279,0.801566,2.846797,0.0,89.045153,0.0,15.000738,0.0,60.916339,33.685352,60.720396,49.992214,33.733553,50.0,27.0,0.0,0.0,0.0,0.0,0.0,0.0,0.0,1
4384,0.0,0.0,1.897036,0.0,37.993547,24.99799,0.800344,2.845084,0.0,89.133588,0.0,14.904048,0.0,60.836088,33.677976,60.636833,49.969156,33.68713,50.0,27.0,0.0,0.0,0.0,0.0,0.0,0.0,0.0,1
4385,0.0,0.0,1.887522,0.0,37.938544,24.991105,0.800692,2.86217,0.0,89.448739,0.0,14.911834,0.0,60.961355,33.666701,60.750772,50.000802,33.750429,50.0,27.0,0.0,0.0,0.0,0.0,0.0,0.0,0.0,1
4386,0.0,0.0,1.892416,0.0,38.08573,25.062369,0.803425,2.845618,0.0,89.279158,0.0,14.929197,0.0,60.410239,33.713858,60.312289,49.879603,33.506827,50.0,27.0,0.0,0.0,0.0,0.0,0.0,0.0,0.0,1
4387,0.0,0.0,1.899061,0.0,38.012169,24.85006,0.80485,2.845492,0.0,89.29372,0.0,14.824117,0.0,60.791627,33.602637,60.465191,49.922464,33.591773,50.0,27.0,0.0,0.0,0.0,0.0,0.0,0.0,0.0,1
4388,0.0,0.0,1.895839,0.0,38.048413,24.935043,0.80309,2.851428,0.0,89.127187,0.0,14.860733,0.0,60.763424,33.838323,60.954541,50.058104,33.863634,50.0,27.0,0.0,0.0,0.0,0.0,0.0,0.0,0.0,1
4389,0.0,0.0,1.901227,0.0,37.924513,24.958352,0.798107,2.856482,0.0,89.016104,0.0,14.879696,0.0,60.852049,33.784642,60.917987,50.047711,33.843326,50.0,27.0,0.0,0.0,0.0,0.0,0.0,0.0,0.0,1
4390,0.0,0.0,1.896654,0.0,37.855986,25.067388,0.798265,2.845533,0.0,89.328241,0.0,14.873968,0.0,60.479791,34.025324,61.049297,50.083767,33.916276,50.0,27.0,0.0,0.0,0.0,0.0,0.0,0.0,0.0,1
4391,0.0,0.0,1.900767,0.0,37.987481,25.077458,0.798755,2.856634,0.0,89.140468,0.0,14.969442,0.0,60.811776,33.584802,60.416463,49.908438,33.564702,50.0,27.0,0.0,0.0,0.0,0.0,0.0,0.0,0.0,1
4392,0.0,0.0,1.907322,0.0,37.840256,24.905116,0.798388,2.862763,0.0,89.047814,0.0,14.789074,0.0,60.652096,33.793993,60.722752,49.99355,33.734862,50.0,27.0,0.0,0.0,0.0,0.0,0.0,0.0,0.0,1
4393,0.0,0.0,1.889673,0.0,38.125963,24.93529,0.797686,2.842038,0.0,89.478992,0.0,14.828896,0.0,60.918298,33.705764,60.798429,50.014499,33.776905,50.0,27.0,0.0,0.0,0.0,0.0,0.0,0.0,0.0,1
4394,0.0,0.0,1.897812,0.0,38.053385,25.020449,0.804187,2.860275,0.0,89.266435,0.0,14.851923,0.0,60.808491,33.977384,61.269062,50.144508,34.038368,50.0,27.0,0.0,0.0,0.0,0.0,0.0,0.0,0.0,1
4395,0.0,0.0,1.893272,0.0,37.879669,25.123955,0.801722,2.856545,0.0,88.67067,0.0,14.846643,0.0,60.762173,33.767058,60.750302,50.000406,33.750168,50.0,27.0,0.0,0.0,0.0,0.0,0.0,0.0,0.0,1
4396,0.0,0.0,1.902476,0.0,38.02138,25.100708,0.802293,2.834717,0.0,89.617061,0.0,14.927653,0.0,60.954205,33.634809,60.664115,49.976582,33.702286,50.0,27.0,0.0,0.0,0.0,0.0,0.0,0.0,0.0,1
4397,0.0,0.0,1.898717,0.0,38.047186,25.0,0.797089,2.84761,0.0,89.09458,0.0,14.871352,0.0,60.575651,33.772412,60.593947,49.957305,33.663304,50.0,27.0,0.0,0.0,0.0,0.0,0.0,0.0,0.0,1
4398,0.0,0.0,1.902791,0.0,38.189255,24.860271,0.801016,2.84819,0.0,88.798209,0.0,14.889766,0.0,60.592838,33.882135,60.841437,50.025922,33.800798,50.0,27.0,0.0,0.0,0.0,0.0,0.0,0.0,0.0,1
4399,0.0,0.0,1.899462,0.0,38.09246,24.971187,0.802474,2.842124,0.0,89.227293,0.0,14.772177,0.0,60.917931,33.669966,60.703448,49.987654,33.724138,50.0,27.0,0.0,0.0,0.0,0.0,0.0,0.0,0.0,1
4400,0.0,0.0,1.901429,0.0,38.147485,25.148529,0.800119,2.840203,0.0,88.982823,0.0,14.850532,0.0,60.898386,33.544167,60.431951,49.912675,33.573306,50.0,27.0,0.0,0.0,0.0,0.0,0.0,0.0,0.0,1
4401,0.0,0.0,1.906706,0.0,37.94437,25.073293,0.797465,2.86328,0.0,89.450467,0.0,14.861524,0.0,60.618813,33.77949,60.677914,49.981092,33.709952,50.0,27.0,0.0,0.0,0.0,0.0,0.0,0.0,0.0,1
4402,0.0,0.0,1.909096,0.0,38.078764,25.019873,0.800361,2.839832,0.0,89.735192,0.0,14.810746,0.0,60.692244,33.754467,60.69487,49.985873,33.719372,50.0,27.0,0.0,0.0,0.0,0.0,0.0,0.0,0.0,1
4403,0.0,0.0,1.902281,0.0,38.040208,24.983024,0.797571,2.856627,0.0,89.151597,0.0,14.878854,0.0,60.949957,33.591967,60.609643,49.962387,33.672024,50.0,27.0,0.0,0.0,0.0,0.0,0.0,0.0,0.0,1
4404,0.0,0.0,1.90453,0.0,37.773769,24.856703,0.800389,2.837092,0.0,89.39161,0.0,14.901151,0.0,60.86437,33.632384,60.630583,49.968362,33.683657,50.0,27.0,0.0,0.0,0.0,0.0,0.0,0.0,0.0,1
4405,0.0,0.0,1.902782,0.0,37.807905,25.094655,0.803017,2.853429,0.0,89.144097,0.0,14.81338,0.0,60.57082,33.832705,60.774197,50.008213,33.763443,50.0,27.0,0.0,0.0,0.0,0.0,0.0,0.0,0.0,1
4406,0.0,0.0,1.905635,0.0,37.890586,25.153697,0.801047,2.847583,0.0,89.579162,0.0,14.823728,0.0,60.594785,33.881603,60.888594,50.039791,33.826997,50.0,27.0,0.0,0.0,0.0,0.0,0.0,0.0,0.0,1
4407,0.0,0.0,1.901763,0.0,37.931411,25.021552,0.803867,2.830902,0.0,88.635551,0.0,14.870752,0.0,60.657465,33.855852,60.878592,50.036829,33.82144,50.0,27.0,0.0,0.0,0.0,0.0,0.0,0.0,0.0,1
4408,0.0,0.0,1.903615,0.0,37.998605,25.15402,0.79962,2.853796,0.0,89.265652,0.0,14.823363,0.0,60.831307,33.709705,60.730335,49.995668,33.739075,50.0,27.0,0.0,0.0,0.0,0.0,0.0,0.0,0.0,1
4409,0.0,0.0,1.911327,0.0,38.016907,25.083686,0.801585,2.841211,0.0,89.534897,0.0,14.845977,0.0,60.848415,33.603552,60.529838,49.940273,33.627688,50.0,27.0,0.0,0.0,0.0,0.0,0.0,0.0,0.0,1
4410,0.0,0.0,1.905962,0.0,38.104365,25.07329,0.799727,2.843124,0.0,89.150188,0.0,14.777189,0.0,60.559971,33.923032,60.935207,50.052613,33.852893,50.0,27.0,0.0,0.0,0.0,0.0,0.0,0.0,0.0,1
4411,0.0,0.0,1.906836,0.0,37.827068,25.042,0.797811,2.847875,0.0,88.924023,0.0,14.81506,0.0,61.156208,33.501037,60.617846,49.964633,33.676581,50.0,27.0,0.0,0.0,0.0,0.0,0.0,0.0,0.0,1
4412,0.0,0.0,1.899275,0.0,37.805962,25.020336,0.798413,2.853044,0.0,89.354453,0.0,14.879883,0.0,61.041146,33.465425,60.461313,49.921544,33.589619,50.0,27.0,0.0,0.0,0.0,0.0,0.0,0.0,0.0,1
4413,0.0,0.0,1.909461,0.0,37.944966,24.970328,0.803202,2.861185,0.0,89.10764,0.0,14.876115,0.0,60.962225,33.580816,60.662034,49.977413,33.70113,50.0,27.0,0.0,0.0,0.0,0.0,0.0,0.0,0.0,1
4414,0.0,0.0,1.890932,0.0,37.833194,25.099675,0.796596,2.844104,0.0,89.000504,0.0,14.875713,0.0,60.615969,33.718973,60.625966,49.967556,33.681092,50.0,27.0,0.0,0.0,0.0,0.0,0.0,0.0,0.0,1
4415,0.0,0.0,1.900648,0.0,37.858059,25.033349,0.80274,2.859255,0.0,88.991537,0.0,14.847239,0.0,60.452628,33.773415,60.576839,49.954139,33.653799,50.0,27.0,0.0,0.0,0.0,0.0,0.0,0.0,0.0,1
4416,0.0,0.0,1.894591,0.0,37.89992,24.967625,0.797135,2.837226,0.0,88.611895,0.0,14.884677,0.0,60.760738,33.78902,60.910102,50.04648,33.838945,50.0,27.0,0.0,0.0,0.0,0.0,0.0,0.0,0.0,1
4417,0.0,0.0,1.907192,0.0,38.109993,24.99221,0.801521,2.851113,0.0,88.888077,0.0,14.841628,0.0,60.774066,33.762985,60.859176,50.032173,33.810654,50.0,27.0,0.0,0.0,0.0,0.0,0.0,0.0,0.0,1
4418,0.0,0.0,1.90702,0.0,37.920183,24.956602,0.801759,2.851564,0.0,89.051006,0.0,14.821,0.0,60.401692,33.889493,60.748336,50.001377,33.749075,50.0,27.0,0.0,0.0,0.0,0.0,0.0,0.0,0.0,1
4419,0.0,0.0,1.897095,0.0,37.914846,24.892725,0.798274,2.854216,0.0,89.004729,0.0,14.887789,0.0,60.751694,33.862973,61.020732,50.07666,33.900407,50.0,27.0,0.0,0.0,0.0,0.0,0.0,0.0,0.0,1
4420,0.0,0.0,1.895415,0.0,37.830506,25.108991,0.801194,2.841317,0.0,89.523667,0.0,14.81836,0.0,60.840516,33.777811,60.913101,50.046529,33.840611,50.0,27.0,0.0,0.0,0.0,0.0,0.0,0.0,0.0,1
4421,0.0,0.0,1.904054,0.0,38.082015,25.000727,0.798917,2.856539,0.0,88.76423,0.0,14.906572,0.0,60.652675,33.912565,61.00497,50.07169,33.89165,50.0,27.0,0.0,0.0,0.0,0.0,0.0,0.0,0.0,1
4422,0.0,0.0,1.900826,0.0,38.102744,25.067187,0.800967,2.855448,0.0,89.06898,0.0,14.820775,0.0,60.684479,33.797919,60.772925,50.007197,33.762736,50.0,27.0,0.0,0.0,0.0,0.0,0.0,0.0,0.0,1
4423,0.0,0.0,1.889845,0.0,37.927138,24.931326,0.79617,2.850036,0.0,89.561511,0.0,14.819061,0.0,60.813759,33.828646,60.961491,50.05928,33.867495,50.0,27.0,0.0,0.0,0.0,0.0,0.0,0.0,0.0,1
4424,0.0,0.0,1.910577,0.0,38.018017,24.934974,0.800681,2.850972,0.0,89.221236,0.0,14.922546,0.0,60.93555,33.797875,61.009142,50.072156,33.893968,50.0,27.0,0.0,0.0,0.0,0.0,0.0,0.0,0.0,1
4425,0.0,0.0,1.886693,0.0,37.970697,24.895981,0.800171,2.847152,0.0,89.552102,0.0,14.739572,0.0,61.011336,33.571505,60.602828,49.959493,33.668238,50.0,27.0,0.0,0.0,0.0,0.0,0.0,0.0,0.0,1
4426,0.0,0.0,1.903235,0.0,37.954796,25.092549,0.801062,2.850037,0.0,89.201541,0.0,14.943131,0.0,61.002489,33.568096,60.612322,49.962319,33.673512,50.0,27.0,0.0,0.0,0.0,0.0,0.0,0.0,0.0,1
4427,0.0,0.0,1.912699,0.0,38.018379,25.159169,0.797033,2.854297,0.0,89.170949,0.0,14.893235,0.0,60.549251,33.813808,60.701769,49.987229,33.723205,50.0,27.0,0.0,0.0,0.0,0.0,0.0,0.0,0.0,1
4428,0.0,0.0,1.895612,0.0,37.91503,25.100466,0.8048,2.855024,0.0,89.067211,0.0,14.884599,0.0,60.790108,33.745082,60.788125,50.011161,33.77118,50.0,27.0,0.0,0.0,0.0,0.0,0.0,0.0,0.0,1
4429,0.0,0.0,1.896589,0.0,38.137718,24.855144,0.798129,2.850756,0.0,89.292741,0.0,14.881155,0.0,60.302716,33.969186,60.773576,50.007084,33.763098,50.0,27.0,0.0,0.0,0.0,0.0,0.0,0.0,0.0,1
4430,0.0,0.0,1.901008,0.0,38.191727,24.885643,0.797314,2.849915,0.0,89.671974,0.0,14.899523,0.0,60.562698,33.838031,60.727473,49.994306,33.737485,50.0,27.0,0.0,0.0,0.0,0.0,0.0,0.0,0.0,1
4431,0.0,0.0,1.900295,0.0,38.17185,24.919677,0.801729,2.844026,0.0,89.063021,0.0,14.856796,0.0,60.763845,33.576512,60.366682,49.894614,33.537046,50.0,27.0,0.0,0.0,0.0,0.0,0.0,0.0,0.0,1
4432,0.0,0.0,1.89423,0.0,37.940804,24.923679,0.799664,2.851286,0.0,89.071605,0.0,14.844082,0.0,60.927957,33.633158,60.675104,49.980384,33.708391,50.0,27.0,0.0,0.0,0.0,0.0,0.0,0.0,0.0,1
4433,0.0,0.0,1.905758,0.0,37.941725,25.011587,0.798949,2.856543,0.0,88.876485,0.0,14.913979,0.0,60.781415,33.875807,61.056201,50.085816,33.920112,50.0,27.0,0.0,0.0,0.0,0.0,0.0,0.0,0.0,1
4434,0.0,0.0,1.898278,0.0,37.899739,24.919366,0.801507,2.837998,0.0,88.683133,0.0,14.862127,0.0,60.762048,33.77269,60.802149,50.01517,33.778972,50.0,27.0,0.0,0.0,0.0,0.0,0.0,0.0,0.0,1
4435,0.0,0.0,1.899213,0.0,37.833814,24.965582,0.794419,2.847488,0.0,89.609671,0.0,14.821557,0.0,60.758551,33.608468,60.449739,49.91769,33.583188,50.0,27.0,0.0,0.0,0.0,0.0,0.0,0.0,0.0,1
4436,0.0,0.0,1.899375,0.0,38.078462,25.009163,0.803389,2.841855,0.0,88.84057,0.0,14.81771,0.0,60.744931,33.670107,60.58544,49.955606,33.658578,50.0,27.0,0.0,0.0,0.0,0.0,0.0,0.0,0.0,1
4437,0.0,0.0,1.893614,0.0,37.919812,25.082771,0.802106,2.852904,0.0,89.349334,0.0,14.835001,0.0,61.123836,33.689039,61.014249,50.074348,33.896805,50.0,27.0,0.0,0.0,0.0,0.0,0.0,0.0,0.0,1
4438,0.0,0.0,1.910681,0.0,38.032925,24.872633,0.801454,2.84659,0.0,89.215948,0.0,14.816868,0.0,60.696848,33.676567,60.567801,49.950582,33.648779,50.0,27.0,0.0,0.0,0.0,0.0,0.0,0.0,0.0,1
4439,0.0,0.0,1.899111,0.0,37.9235,25.033251,0.802894,2.856668,0.0,89.658594,0.0,14.79183,0.0,60.684777,33.799327,60.822741,50.021292,33.790412,50.0,27.0,0.0,0.0,0.0,0.0,0.0,0.0,0.0,1
4440,0.0,0.0,1.899253,0.0,37.898033,24.975526,0.800211,2.848996,0.0,88.926762,0.0,14.783734,0.0,60.783678,33.72761,60.761744,50.004327,33.756524,50.0,27.0,0.0,0.0,0.0,0.0,0.0,0.0,0.0,1
4441,0.0,0.0,1.894131,0.0,37.894824,24.947987,0.803383,2.842586,0.0,88.991595,0.0,14.88247,0.0,60.474757,33.918256,60.856337,50.030451,33.809076,50.0,27.0,0.0,0.0,0.0,0.0,0.0,0.0,0.0,1
4442,0.0,0.0,1.896578,0.0,37.908751,24.971163,0.801769,2.857347,0.0,88.805689,0.0,14.948933,0.0,60.510519,33.766185,60.547474,49.944931,33.637485,50.0,27.0,0.0,0.0,0.0,0.0,0.0,0.0,0.0,1
4443,0.0,0.0,1.904913,0.0,38.076358,24.95594,0.802675,2.845285,0.0,88.936735,0.0,14.849423,0.0,60.576255,33.791166,60.663595,49.9773,33.701997,50.0,27.0,0.0,0.0,0.0,0.0,0.0,0.0,0.0,1
4444,0.0,0.0,1.902442,0.0,38.289526,24.839686,0.800355,2.839352,0.0,89.329978,0.0,14.780878,0.0,61.097534,33.353841,60.256932,49.865013,33.476074,50.0,27.0,0.0,0.0,0.0,0.0,0.0,0.0,0.0,1
4445,0.0,0.0,1.894011,0.0,38.139591,24.91106,0.802563,2.847708,0.0,89.129678,0.0,14.876248,0.0,60.675859,33.725553,60.671876,49.980373,33.706598,50.0,27.0,0.0,0.0,0.0,0.0,0.0,0.0,0.0,1
4446,0.0,0.0,1.905409,0.0,38.077968,24.9432,0.797789,2.855138,0.0,88.833054,0.0,14.824518,0.0,60.626041,33.805824,60.791627,50.01357,33.773126,50.0,27.0,0.0,0.0,0.0,0.0,0.0,0.0,0.0,1
4447,0.0,0.0,1.904377,0.0,38.061833,25.106027,0.802359,2.848138,0.0,89.290725,0.0,14.826996,0.0,60.606558,33.864635,60.88585,50.039545,33.825472,50.0,27.0,0.0,0.0,0.0,0.0,0.0,0.0,0.0,1
4448,0.0,0.0,1.892472,0.0,38.134412,24.979116,0.796475,2.855835,0.0,89.340024,0.0,14.902171,0.0,60.939779,33.735142,60.928466,50.051127,33.849148,50.0,27.0,0.0,0.0,0.0,0.0,0.0,0.0,0.0,1
4449,0.0,0.0,1.897218,0.0,38.087293,24.950316,0.800751,2.854863,0.0,89.229703,0.0,14.841836,0.0,60.807462,33.73524,60.797062,50.014553,33.776146,50.0,27.0,0.0,0.0,0.0,0.0,0.0,0.0,0.0,1
4450,0.0,0.0,1.900067,0.0,37.965857,25.001818,0.803264,2.852802,0.0,89.015935,0.0,14.874027,0.0,60.698138,33.738673,60.69563,49.986445,33.719794,50.0,27.0,0.0,0.0,0.0,0.0,0.0,0.0,0.0,1
4451,0.0,0.0,1.896507,0.0,37.867164,24.991191,0.803155,2.845547,0.0,88.958402,0.0,14.879782,0.0,60.894167,33.627344,60.656981,49.97583,33.698323,50.0,27.0,0.0,0.0,0.0,0.0,0.0,0.0,0.0,1
4452,0.0,0.0,1.885234,0.0,38.055552,25.002162,0.800731,2.852733,0.0,89.596035,0.0,14.813993,0.0,60.458462,33.805282,60.61144,49.963363,33.673022,50.0,27.0,0.0,0.0,0.0,0.0,0.0,0.0,0.0,1
4453,0.0,0.0,1.903956,0.0,38.087519,24.985308,0.802321,2.858451,0.0,88.858901,0.0,14.927581,0.0,60.635751,33.730167,60.620722,49.966111,33.678179,50.0,27.0,0.0,0.0,0.0,0.0,0.0,0.0,0.0,1
4454,0.0,0.0,1.903562,0.0,37.867709,24.960522,0.804384,2.847936,0.0,89.50664,0.0,14.873034,0.0,60.710548,33.705247,60.643893,49.972684,33.691051,50.0,27.0,0.0,0.0,0.0,0.0,0.0,0.0,0.0,1
4455,0.0,0.0,1.907886,0.0,38.061084,24.956293,0.800568,2.858027,0.0,88.780482,0.0,14.827059,0.0,60.851095,33.58562,60.536266,49.943072,33.631259,50.0,27.0,0.0,0.0,0.0,0.0,0.0,0.0,0.0,1
4456,0.0,0.0,1.898345,0.0,38.001297,25.153987,0.799335,2.86114,0.0,89.500657,0.0,14.889925,0.0,60.857485,33.706771,60.817886,50.021194,33.787714,50.0,27.0,0.0,0.0,0.0,0.0,0.0,0.0,0.0,1
4457,0.0,0.0,1.900817,0.0,38.000676,25.026816,0.799407,2.842984,0.0,89.134234,0.0,14.877458,0.0,60.632208,33.821344,60.836762,50.026306,33.798201,50.0,27.0,0.0,0.0,0.0,0.0,0.0,0.0,0.0,1
4458,0.0,0.0,1.894074,0.0,38.142253,25.062949,0.797026,2.851021,0.0,89.598049,0.0,14.839988,0.0,60.64754,33.652604,60.483372,49.9285,33.601874,50.0,27.0,0.0,0.0,0.0,0.0,0.0,0.0,0.0,1
4459,0.0,0.0,1.899502,0.0,37.983853,25.086478,0.798869,2.857671,0.0,88.974677,0.0,14.914227,0.0,60.80716,33.754512,60.868215,50.035224,33.815675,50.0,27.0,0.0,0.0,0.0,0.0,0.0,0.0,0.0,1
4460,0.0,0.0,1.901226,0.0,38.032036,24.957448,0.798776,2.848755,0.0,88.993071,0.0,14.898254,0.0,60.607448,33.870513,60.909378,50.046426,33.838544,50.0,27.0,0.0,0.0,0.0,0.0,0.0,0.0,0.0,1
4461,0.0,0.0,1.895119,0.0,38.063593,24.867777,0.798148,2.855502,0.0,89.470219,0.0,14.833256,0.0,60.690688,33.857564,60.946433,50.056437,33.85913,50.0,27.0,0.0,0.0,0.0,0.0,0.0,0.0,0.0,1
4462,0.0,0.0,1.897074,0.0,38.090953,24.967453,0.797752,2.841839,0.0,89.205928,0.0,14.892384,0.0,60.468487,33.802477,60.592049,49.958206,33.662249,50.0,27.0,0.0,0.0,0.0,0.0,0.0,0.0,0.0,1
4463,0.0,0.0,1.904688,0.0,38.065921,25.109555,0.801789,2.850497,0.0,89.163186,0.0,14.8413,0.0,60.854034,33.654708,60.658173,49.976691,33.698985,50.0,27.0,0.0,0.0,0.0,0.0,0.0,0.0,0.0,1
4464,0.0,0.0,1.906411,0.0,37.845169,25.03193,0.80035,2.852611,0.0,89.100194,0.0,14.883446,0.0,60.794493,33.679524,60.66322,49.978201,33.701789,50.0,27.0,0.0,0.0,0.0,0.0,0.0,0.0,0.0,1
4465,0.0,0.0,1.901691,0.0,38.033659,24.941982,0.800762,2.846939,0.0,89.446158,0.0,14.91175,0.0,60.567815,33.829939,60.762028,50.00562,33.756682,50.0,27.0,0.0,0.0,0.0,0.0,0.0,0.0,0.0,1
4466,0.0,0.0,1.89436,0.0,37.95199,24.925243,0.799701,2.85798,0.0,89.118908,0.0,14.821947,0.0,61.074294,33.587998,60.746023,50.001168,33.747791,50.0,27.0,0.0,0.0,0.0,0.0,0.0,0.0,0.0,1
4467,0.0,0.0,1.891302,0.0,38.007344,25.08169,0.802051,2.86381,0.0,89.345391,0.0,14.912018,0.0,60.65715,33.910926,61.030574,50.079811,33.905874,50.0,27.0,0.0,0.0,0.0,0.0,0.0,0.0,0.0,1
4468,0.0,0.0,1.89832,0.0,37.820279,24.918161,0.799294,2.836704,0.0,88.951258,0.0,14.810279,0.0,60.77009,33.727887,60.734076,49.997463,33.741154,50.0,27.0,0.0,0.0,0.0,0.0,0.0,0.0,0.0,1
4469,0.0,0.0,1.896709,0.0,38.03517,25.035135,0.796954,2.857797,0.0,89.505447,0.0,14.869807,0.0,60.932822,33.720176,60.882793,50.038581,33.823774,50.0,27.0,0.0,0.0,0.0,0.0,0.0,0.0,0.0,1
4470,0.0,0.0,1.897509,0.0,37.967897,24.945823,0.799475,2.861231,0.0,89.496191,0.0,14.809082,0.0,60.467593,33.869398,60.735456,49.997666,33.74192,50.0,27.0,0.0,0.0,0.0,0.0,0.0,0.0,0.0,1
4471,0.0,0.0,1.897655,0.0,38.22029,25.000575,0.80025,2.849114,0.0,89.094688,0.0,14.789235,0.0,60.709514,33.848792,60.917171,50.047902,33.842873,50.0,27.0,0.0,0.0,0.0,0.0,0.0,0.0,0.0,1
4472,0.0,0.0,1.899593,0.0,38.155084,24.948864,0.797646,2.828985,0.0,89.007074,0.0,14.839267,0.0,61.095458,33.663822,60.899965,50.042908,33.833314,50.0,27.0,0.0,0.0,0.0,0.0,0.0,0.0,0.0,1
4473,0.0,0.0,1.909122,0.0,38.147299,25.159737,0.800389,2.845565,0.0,89.367275,0.0,14.838405,0.0,60.691329,33.842956,60.885914,50.038811,33.825508,50.0,27.0,0.0,0.0,0.0,0.0,0.0,0.0,0.0,1
4474,0.0,0.0,1.89151,0.0,38.023131,25.128955,0.799731,2.851067,0.0,88.777225,0.0,14.851488,0.0,60.806194,33.68933,60.664563,49.977438,33.702535,50.0,27.0,0.0,0.0,0.0,0.0,0.0,0.0,0.0,1
4475,0.0,0.0,1.900478,0.0,37.880666,24.969078,0.802677,2.85724,0.0,89.186643,0.0,14.831509,0.0,60.699688,33.80103,60.802526,50.015682,33.779181,50.0,27.0,0.0,0.0,0.0,0.0,0.0,0.0,0.0,1
4476,0.0,0.0,1.893634,0.0,37.885582,24.893061,0.795224,2.84755,0.0,88.833656,0.0,14.886377,0.0,60.811862,33.649809,60.589291,49.956667,33.660717,50.0,27.0,0.0,0.0,0.0,0.0,0.0,0.0,0.0,1
4477,0.0,0.0,1.90035,0.0,37.998262,25.052847,0.803589,2.847134,0.0,89.305831,0.0,14.921406,0.0,60.813163,33.731865,60.777591,50.008928,33.765328,50.0,27.0,0.0,0.0,0.0,0.0,0.0,0.0,0.0,1
4478,0.0,0.0,1.890637,0.0,38.220372,24.954621,0.799049,2.845864,0.0,89.087268,0.0,14.843582,0.0,60.948168,33.610943,60.659749,49.976312,33.69986,50.0,27.0,0.0,0.0,0.0,0.0,0.0,0.0,0.0,1
4479,0.0,0.0,1.906019,0.0,37.690157,24.775,0.799376,2.872396,0.0,89.132503,0.0,14.841875,0.0,60.755944,33.632886,60.531838,49.941076,33.628799,50.0,27.0,0.0,0.0,0.0,0.0,0.0,0.0,0.0,1
4480,0.0,0.0,1.896761,0.0,38.078173,25.008631,0.795181,2.861307,0.0,89.103822,0.0,14.852686,0.0,60.715211,33.714098,60.676417,49.981331,33.709121,50.0,27.0,0.0,0.0,0.0,0.0,0.0,0.0,0.0,1
4481,0.0,0.0,1.900065,0.0,37.920697,25.038931,0.803328,2.855995,0.0,88.807629,0.0,14.836174,0.0,60.539192,33.737157,60.551462,49.946886,33.639701,50.0,27.0,0.0,0.0,0.0,0.0,0.0,0.0,0.0,1
4482,0.0,0.0,1.894017,0.0,37.951611,24.894955,0.802027,2.847684,0.0,88.779811,0.0,14.79071,0.0,60.813658,33.537939,60.404936,49.906651,33.558298,50.0,27.0,0.0,0.0,0.0,0.0,0.0,0.0,0.0,1
4483,0.0,0.0,1.905662,0.0,37.946929,25.076777,0.796534,2.843983,0.0,89.149788,0.0,14.81004,0.0,60.400958,33.952638,60.892536,50.041886,33.829187,50.0,27.0,0.0,0.0,0.0,0.0,0.0,0.0,0.0,1
4484,0.0,0.0,1.904375,0.0,38.091275,25.010076,0.796861,2.848642,0.0,89.278146,0.0,14.785947,0.0,60.818466,33.632334,60.603681,49.96184,33.668712,50.0,27.0,0.0,0.0,0.0,0.0,0.0,0.0,0.0,1
4485,0.0,0.0,1.898723,0.0,37.953006,24.986429,0.801622,2.855568,0.0,89.485705,0.0,14.937703,0.0,60.753192,33.769409,60.840973,50.027616,33.800541,50.0,27.0,0.0,0.0,0.0,0.0,0.0,0.0,0.0,1
4486,0.0,0.0,1.894618,0.0,38.129348,24.995384,0.803999,2.848288,0.0,88.617949,0.0,14.82039,0.0,60.576752,33.920762,60.978306,50.065437,33.876837,50.0,27.0,0.0,0.0,0.0,0.0,0.0,0.0,0.0,1
4487,0.0,0.0,1.898262,0.0,38.160031,24.936763,0.801558,2.837048,0.0,89.241616,0.0,14.819324,0.0,60.920135,33.665972,60.759145,50.004536,33.755081,50.0,27.0,0.0,0.0,0.0,0.0,0.0,0.0,0.0,1
4488,0.0,0.0,1.900552,0.0,37.856602,25.049964,0.800087,2.862763,0.0,89.272123,0.0,14.848453,0.0,60.65723,33.699062,60.576101,49.953921,33.65339,50.0,27.0,0.0,0.0,0.0,0.0,0.0,0.0,0.0,1
4489,0.0,0.0,1.905338,0.0,37.963767,24.98236,0.802433,2.848076,0.0,88.729606,0.0,14.798842,0.0,60.657609,33.861901,60.925039,50.050595,33.847244,50.0,27.0,0.0,0.0,0.0,0.0,0.0,0.0,0.0,1
4490,0.0,0.0,1.904646,0.0,37.938566,24.948733,0.801952,2.839623,0.0,89.168779,0.0,14.912796,0.0,61.115784,33.67126,60.964366,50.061213,33.869092,50.0,27.0,0.0,0.0,0.0,0.0,0.0,0.0,0.0,1
4491,0.0,0.0,1.891082,0.0,38.1325,25.034794,0.798083,2.848751,0.0,88.770029,0.0,14.898814,0.0,61.013793,33.506823,60.524978,49.939464,33.624988,50.0,27.0,0.0,0.0,0.0,0.0,0.0,0.0,0.0,1
4492,0.0,0.0,1.892723,0.0,37.974354,24.851393,0.802103,2.855721,0.0,89.238993,0.0,14.778728,0.0,60.720655,33.749556,60.774407,50.008706,33.76356,50.0,27.0,0.0,0.0,0.0,0.0,0.0,0.0,0.0,1
4493,0.0,0.0,1.901711,0.0,37.867431,24.986113,0.801508,2.85004,0.0,89.031956,0.0,14.921262,0.0,60.691724,33.622741,60.474616,49.925802,33.597009,50.0,27.0,0.0,0.0,0.0,0.0,0.0,0.0,0.0,1
4494,0.0,0.0,1.895125,0.0,38.058735,25.025052,0.800347,2.847714,0.0,89.094256,0.0,14.913672,0.0,60.668727,33.670789,60.566541,49.951579,33.648078,50.0,27.0,0.0,0.0,0.0,0.0,0.0,0.0,0.0,1
4495,0.0,0.0,1.894106,0.0,37.931969,25.14516,0.799043,2.863029,0.0,88.756516,0.0,14.872678,0.0,60.648976,33.682651,60.578196,49.955041,33.654554,50.0,27.0,0.0,0.0,0.0,0.0,0.0,0.0,0.0,1
4496,0.0,0.0,1.898928,0.0,37.885646,25.002663,0.799099,2.856223,0.0,89.043129,0.0,14.771513,0.0,60.619909,33.87308,60.95524,50.059478,33.864022,50.0,27.0,0.0,0.0,0.0,0.0,0.0,0.0,0.0,1
4497,0.0,0.0,1.900881,0.0,37.798372,24.981436,0.798499,2.855852,0.0,89.282087,0.0,14.88988,0.0,60.634342,33.922241,61.052414,50.08604,33.918008,50.0,27.0,0.0,0.0,0.0,0.0,0.0,0.0,0.0,1
4498,0.0,0.0,1.90933,0.0,38.119129,24.858206,0.80619,2.851057,0.0,89.670511,0.0,14.860027,0.0,60.74363,33.793417,60.863834,50.03349,33.813241,50.0,27.0,0.0,0.0,0.0,0.0,0.0,0.0,0.0,1
4499,0.0,0.0,1.901425,0.0,38.040786,24.953382,0.802993,2.862056,0.0,89.625668,0.0,14.85281,0.0,60.755816,33.722641,60.719214,49.993351,33.732897,50.0,27.0,0.0,0.0,0.0,0.0,0.0,0.0,0.0,1
4500,0.0,0.0,1.895956,0.0,37.846631,24.960103,0.79851,2.839582,0.0,89.354678,0.0,14.936599,0.0,60.748125,33.576674,60.405912,49.906789,33.55884,50.0,27.0,0.0,0.0,0.0,0.0,0.0,0.0,0.0,1
4501,0.0,0.0,1.900108,0.0,38.031628,25.071659,0.803322,2.860385,0.0,89.361455,0.0,14.810767,0.0,60.620655,33.742198,60.648983,49.974436,33.693879,50.0,27.0,0.0,0.0,0.0,0.0,0.0,0.0,0.0,1
4502,0.0,0.0,1.89047,0.0,38.169522,25.107839,0.799191,2.854432,0.0,89.414613,0.0,14.805666,0.0,60.64623,33.780285,60.753127,50.003348,33.751737,50.0,27.0,0.0,0.0,0.0,0.0,0.0,0.0,0.0,1
4503,0.0,0.0,1.899062,0.0,37.901852,25.050761,0.79925,2.857816,0.0,89.225703,0.0,14.833363,0.0,60.677347,33.843447,60.910796,50.046911,33.839331,50.0,27.0,0.0,0.0,0.0,0.0,0.0,0.0,0.0,1
4504,0.0,0.0,1.899652,0.0,37.852471,25.083117,0.804272,2.859422,0.0,89.059702,0.0,14.813953,0.0,60.975347,33.662949,60.813467,50.019776,33.785259,50.0,27.0,0.0,0.0,0.0,0.0,0.0,0.0,0.0,1
4505,0.0,0.0,1.911101,0.0,37.908753,25.027245,0.803656,2.860707,0.0,89.153993,0.0,14.8366,0.0,60.911076,33.704564,60.847094,50.028972,33.803941,50.0,27.0,0.0,0.0,0.0,0.0,0.0,0.0,0.0,1
4506,0.0,0.0,1.893566,0.0,37.936415,24.921268,0.800198,2.841085,0.0,88.95791,0.0,14.847537,0.0,60.709765,33.68441,60.607271,49.962542,33.670706,50.0,27.0,0.0,0.0,0.0,0.0,0.0,0.0,0.0,1
4507,0.0,0.0,1.888079,0.0,37.940037,24.992795,0.797189,2.843299,0.0,89.368408,0.0,14.845863,0.0,60.808018,33.738617,60.826273,50.023259,33.792374,50.0,27.0,0.0,0.0,0.0,0.0,0.0,0.0,0.0,1
4508,0.0,0.0,1.90265,0.0,37.906812,25.012234,0.796672,2.839138,0.0,89.516296,0.0,14.820128,0.0,60.598035,33.758467,60.657019,49.976363,33.698344,50.0,27.0,0.0,0.0,0.0,0.0,0.0,0.0,0.0,1
4509,0.0,0.0,1.902575,0.0,37.899833,24.937503,0.802111,2.8515,0.0,89.557361,0.0,14.839993,0.0,60.590594,33.939662,61.0281,50.079045,33.9045,50.0,27.0,0.0,0.0,0.0,0.0,0.0,0.0,0.0,1
4510,0.0,0.0,1.890382,0.0,38.123949,24.929472,0.794612,2.856256,0.0,89.258491,0.0,14.90414,0.0,60.584901,33.918207,60.949806,50.057012,33.861003,50.0,27.0,0.0,0.0,0.0,0.0,0.0,0.0,0.0,1
4511,0.0,0.0,1.893006,0.0,37.949245,25.030802,0.798052,2.863294,0.0,89.174559,0.0,14.839109,0.0,60.239255,33.897388,60.537438,49.942752,33.63191,50.0,27.0,0.0,0.0,0.0,0.0,0.0,0.0,0.0,1
4512,0.0,0.0,1.909166,0.0,37.981152,24.919803,0.803646,2.845549,0.0,89.359385,0.0,14.845237,0.0,60.812193,33.691275,60.656971,49.976075,33.698317,50.0,27.0,0.0,0.0,0.0,0.0,0.0,0.0,0.0,1
4513,0.0,0.0,1.897374,0.0,37.938329,24.965176,0.802361,2.850835,0.0,89.20135,0.0,14.864805,0.0,60.75235,33.745267,60.720717,49.993813,33.733732,50.0,27.0,0.0,0.0,0.0,0.0,0.0,0.0,0.0,1
4514,0.0,0.0,1.909676,0.0,38.115521,24.998577,0.798609,2.849758,0.0,89.796142,0.0,14.808325,0.0,61.060058,33.672436,60.876776,50.036978,33.820431,50.0,27.0,0.0,0.0,0.0,0.0,0.0,0.0,0.0,1
4515,0.0,0.0,1.901042,0.0,37.938878,24.89903,0.798395,2.838473,0.0,89.19314,0.0,14.781404,0.0,60.830828,33.68071,60.676453,49.981425,33.709141,50.0,27.0,0.0,0.0,0.0,0.0,0.0,0.0,0.0,1
4516,0.0,0.0,1.90248,0.0,38.115719,25.080146,0.797285,2.84955,0.0,88.874785,0.0,14.889969,0.0,60.866645,33.703795,60.770613,50.007543,33.761452,50.0,27.0,0.0,0.0,0.0,0.0,0.0,0.0,0.0,1
4517,0.0,0.0,1.90554,0.0,38.247627,25.045506,0.797331,2.858837,0.0,89.384553,0.0,14.829962,0.0,60.577194,33.850499,60.796618,50.014693,33.775899,50.0,27.0,0.0,0.0,0.0,0.0,0.0,0.0,0.0,1
4518,0.0,0.0,1.902042,0.0,37.863462,25.054799,0.798774,2.849807,0.0,89.101888,0.0,14.929207,0.0,60.843104,33.726515,60.787285,50.012041,33.770714,50.0,27.0,0.0,0.0,0.0,0.0,0.0,0.0,0.0,1
4519,0.0,0.0,1.907693,0.0,38.147929,25.088043,0.801968,2.853847,0.0,89.21832,0.0,14.902301,0.0,60.831697,33.552598,60.41251,49.908394,33.562506,50.0,27.0,0.0,0.0,0.0,0.0,0.0,0.0,0.0,1
4520,0.0,0.0,1.902347,0.0,38.001745,24.953692,0.80055,2.847503,0.0,88.8982,0.0,14.821235,0.0,60.583842,33.759501,60.62729,49.968215,33.681828,50.0,27.0,0.0,0.0,0.0,0.0,0.0,0.0,0.0,1
4521,0.0,0.0,1.903035,0.0,37.946054,25.167104,0.803311,2.858608,0.0,89.010257,0.0,14.760213,0.0,61.15991,33.576065,60.813708,50.019898,33.785393,50.0,27.0,0.0,0.0,0.0,0.0,0.0,0.0,0.0,1
4522,0.0,0.0,1.901995,0.0,38.032302,24.955267,0.799311,2.844104,0.0,88.681577,0.0,14.854993,0.0,60.570808,33.734348,60.580123,49.955237,33.655624,50.0,27.0,0.0,0.0,0.0,0.0,0.0,0.0,0.0,1
4523,0.0,0.0,1.903208,0.0,38.108609,24.828439,0.801382,2.851963,0.0,89.469255,0.0,14.839156,0.0,60.53075,33.92426,60.940078,50.05495,33.855599,50.0,27.0,0.0,0.0,0.0,0.0,0.0,0.0,0.0,1
4524,0.0,0.0,1.894484,0.0,38.170646,25.050857,0.804317,2.849363,0.0,89.48318,0.0,14.790339,0.0,60.498194,33.866721,60.760567,50.00506,33.755871,50.0,27.0,0.0,0.0,0.0,0.0,0.0,0.0,0.0,1
4525,0.0,0.0,1.902773,0.0,38.092558,24.919416,0.799514,2.836467,0.0,89.42325,0.0,14.871398,0.0,60.669447,33.890746,60.966099,50.061843,33.870055,50.0,27.0,0.0,0.0,0.0,0.0,0.0,0.0,0.0,1
4526,0.0,0.0,1.896889,0.0,38.108097,25.009002,0.801204,2.846739,0.0,89.455545,0.0,14.861383,0.0,60.361793,33.95434,60.774048,50.008453,33.76336,50.0,27.0,0.0,0.0,0.0,0.0,0.0,0.0,0.0,1
4527,0.0,0.0,1.904466,0.0,38.12261,24.982341,0.801813,2.841318,0.0,89.055466,0.0,14.905078,0.0,60.840225,33.964887,61.248962,50.139676,34.027201,50.0,27.0,0.0,0.0,0.0,0.0,0.0,0.0,0.0,1
4528,0.0,0.0,1.903198,0.0,37.92308,25.004268,0.796416,2.854704,0.0,89.646046,0.0,14.932023,0.0,61.052446,33.721889,60.923064,50.048904,33.846147,50.0,27.0,0.0,0.0,0.0,0.0,0.0,0.0,0.0,1
4529,0.0,0.0,1.888335,0.0,38.104736,24.998763,0.801389,2.850952,0.0,89.09538,0.0,14.909941,0.0,60.620852,33.767207,60.595147,49.958026,33.663971,50.0,27.0,0.0,0.0,0.0,0.0,0.0,0.0,0.0,1
4530,0.0,0.0,1.899888,0.0,37.858366,24.775,0.800739,2.860555,0.0,89.537076,0.0,14.823421,0.0,61.360574,33.495274,60.762869,50.004592,33.757149,50.0,27.0,0.0,0.0,0.0,0.0,0.0,0.0,0.0,1
4531,0.0,0.0,1.902325,0.0,37.980876,24.959,0.799822,2.860413,0.0,88.967696,0.0,14.867317,0.0,60.948135,33.599092,60.606778,49.961426,33.670432,50.0,27.0,0.0,0.0,0.0,0.0,0.0,0.0,0.0,1
4532,0.0,0.0,1.891073,0.0,37.930679,25.07757,0.799188,2.843452,0.0,88.977491,0.0,14.848594,0.0,60.802621,33.71121,60.719098,49.992663,33.732832,50.0,27.0,0.0,0.0,0.0,0.0,0.0,0.0,0.0,1
4533,0.0,0.0,1.898058,0.0,38.117709,25.133589,0.801879,2.846623,0.0,88.837077,0.0,14.851048,0.0,60.62149,33.738723,60.601221,49.960119,33.667345,50.0,27.0,0.0,0.0,0.0,0.0,0.0,0.0,0.0,1
4534,0.0,0.0,1.894822,0.0,37.889671,24.972431,0.798098,2.851706,0.0,89.043796,0.0,14.812288,0.0,60.428078,33.920389,60.792277,50.013124,33.773487,50.0,27.0,0.0,0.0,0.0,0.0,0.0,0.0,0.0,1
4535,0.0,0.0,1.905269,0.0,37.980634,25.163081,0.801101,2.846594,0.0,89.087719,0.0,14.826225,0.0,60.483391,34.043371,61.084244,50.093758,33.935691,50.0,27.0,0.0,0.0,0.0,0.0,0.0,0.0,0.0,1
4536,0.0,0.0,1.898167,0.0,38.045809,25.017127,0.797437,2.845626,0.0,89.580579,0.0,14.835167,0.0,60.587914,33.859108,60.762533,50.004372,33.756963,50.0,27.0,0.0,0.0,0.0,0.0,0.0,0.0,0.0,1
4537,0.0,0.0,1.899444,0.0,38.001627,25.074011,0.796563,2.851089,0.0,89.266101,0.0,14.819946,0.0,60.879544,33.541739,60.373799,49.896905,33.540999,50.0,27.0,0.0,0.0,0.0,0.0,0.0,0.0,0.0,1
4538,0.0,0.0,1.900361,0.0,37.994541,24.968244,0.799509,2.858373,0.0,88.811252,0.0,14.880755,0.0,60.958392,33.704184,60.826914,50.022657,33.79273,50.0,27.0,0.0,0.0,0.0,0.0,0.0,0.0,0.0,1
4539,0.0,0.0,1.902587,0.0,38.082562,25.063557,0.79689,2.843482,0.0,89.173566,0.0,14.853446,0.0,60.736247,33.873207,60.969519,50.06196,33.871955,50.0,27.0,0.0,0.0,0.0,0.0,0.0,0.0,0.0,1
4540,0.0,0.0,1.903123,0.0,38.000834,25.018934,0.802005,2.862173,0.0,88.796712,0.0,14.963897,0.0,61.019861,33.524228,60.502426,49.932549,33.612459,50.0,27.0,0.0,0.0,0.0,0.0,0.0,0.0,0.0,1
4541,0.0,0.0,1.904186,0.0,37.945611,25.044294,0.799165,2.856299,0.0,89.143934,0.0,14.937278,0.0,60.815377,33.796901,60.90545,50.044279,33.836361,50.0,27.0,0.0,0.0,0.0,0.0,0.0,0.0,0.0,1
4542,0.0,0.0,1.897959,0.0,37.890023,25.057248,0.799716,2.851187,0.0,88.864566,0.0,14.858561,0.0,60.728893,33.768142,60.752674,50.001832,33.751485,50.0,27.0,0.0,0.0,0.0,0.0,0.0,0.0,0.0,1
4543,0.0,0.0,1.899338,0.0,38.249241,24.916505,0.801309,2.859739,0.0,88.998561,0.0,14.870454,0.0,60.602573,33.67092,60.419789,49.909815,33.56655,50.0,27.0,0.0,0.0,0.0,0.0,0.0,0.0,0.0,1
4544,0.0,0.0,1.909015,0.0,37.850687,24.925815,0.800984,2.85139,0.0,89.630915,0.0,14.780479,0.0,60.500086,33.830792,60.665956,49.978303,33.703309,50.0,27.0,0.0,0.0,0.0,0.0,0.0,0.0,0.0,1
4545,0.0,0.0,1.898761,0.0,37.816509,25.130524,0.799258,2.857352,0.0,89.078989,0.0,14.860836,0.0,60.609492,33.885423,60.880234,50.037636,33.822352,50.0,27.0,0.0,0.0,0.0,0.0,0.0,0.0,0.0,1
4546,0.0,0.0,1.900941,0.0,37.911008,24.916973,0.802007,2.86162,0.0,89.220695,0.0,14.849397,0.0,61.037094,33.694506,60.888199,50.039651,33.826777,50.0,27.0,0.0,0.0,0.0,0.0,0.0,0.0,0.0,1
4547,0.0,0.0,1.899958,0.0,37.997938,25.077601,0.802914,2.847298,0.0,89.168585,0.0,14.859424,0.0,60.518098,33.809024,60.62007,49.965344,33.677817,50.0,27.0,0.0,0.0,0.0,0.0,0.0,0.0,0.0,1
4548,0.0,0.0,1.912308,0.0,38.096568,25.043817,0.795772,2.854724,0.0,89.285294,0.0,14.812479,0.0,60.838505,33.694044,60.691569,49.985278,33.717538,50.0,27.0,0.0,0.0,0.0,0.0,0.0,0.0,0.0,1
4549,0.0,0.0,1.891265,0.0,37.965106,24.928936,0.801661,2.834368,0.0,89.279599,0.0,14.858999,0.0,60.702155,33.673482,60.521029,49.938215,33.622794,50.0,27.0,0.0,0.0,0.0,0.0,0.0,0.0,0.0,1
4550,0.0,0.0,1.896691,0.0,37.980832,24.905911,0.799604,2.837325,0.0,89.562484,0.0,14.829915,0.0,60.657876,33.771154,60.694096,49.986357,33.718942,50.0,27.0,0.0,0.0,0.0,0.0,0.0,0.0,0.0,1
4551,0.0,0.0,1.901548,0.0,37.854154,24.993433,0.80292,2.838899,0.0,88.660229,0.0,14.910242,0.0,60.580527,33.870812,60.8247,50.022524,33.7915,50.0,27.0,0.0,0.0,0.0,0.0,0.0,0.0,0.0,1
4552,0.0,0.0,1.906632,0.0,38.013007,25.111517,0.8072,2.85687,0.0,89.010316,0.0,14.881698,0.0,60.767202,33.592941,60.409981,49.907785,33.5611,50.0,27.0,0.0,0.0,0.0,0.0,0.0,0.0,0.0,1
4553,0.0,0.0,1.909232,0.0,38.153196,25.169087,0.801344,2.847966,0.0,88.953042,0.0,14.858304,0.0,60.733877,33.725311,60.678199,49.982378,33.710111,50.0,27.0,0.0,0.0,0.0,0.0,0.0,0.0,0.0,1
4554,0.0,0.0,1.90188,0.0,38.034929,24.941433,0.802708,2.866089,0.0,89.337736,0.0,14.821753,0.0,60.969427,33.639125,60.73543,49.998284,33.741906,50.0,27.0,0.0,0.0,0.0,0.0,0.0,0.0,0.0,1
4555,0.0,0.0,1.901387,0.0,38.082332,25.021774,0.7956,2.850926,0.0,88.949855,0.0,14.858628,0.0,60.793638,33.766743,60.843461,50.028152,33.801923,50.0,27.0,0.0,0.0,0.0,0.0,0.0,0.0,0.0,1
4556,0.0,0.0,1.884996,0.0,38.084761,24.974408,0.796736,2.850539,0.0,88.859241,0.0,14.85854,0.0,60.718447,33.557208,60.323168,49.884205,33.512871,50.0,27.0,0.0,0.0,0.0,0.0,0.0,0.0,0.0,1
4557,0.0,0.0,1.900083,0.0,38.014075,25.06352,0.79996,2.855847,0.0,88.881434,0.0,14.886036,0.0,60.904588,33.908835,61.275728,50.148065,34.042071,50.0,27.0,0.0,0.0,0.0,0.0,0.0,0.0,0.0,1
4558,0.0,0.0,1.893197,0.0,37.89399,24.876711,0.802456,2.843191,0.0,89.105396,0.0,14.941803,0.0,60.604285,33.761104,60.640608,49.971784,33.689227,50.0,27.0,0.0,0.0,0.0,0.0,0.0,0.0,0.0,1
4559,0.0,0.0,1.901934,0.0,37.997169,24.96603,0.803179,2.870894,0.0,89.058827,0.0,14.765743,0.0,60.652724,33.820638,60.812356,50.019395,33.784642,50.0,27.0,0.0,0.0,0.0,0.0,0.0,0.0,0.0,1
4560,0.0,0.0,1.892726,0.0,37.945462,25.056151,0.799484,2.847077,0.0,88.723159,0.0,14.83046,0.0,60.54486,33.752477,60.550736,49.946987,33.639298,50.0,27.0,0.0,0.0,0.0,0.0,0.0,0.0,0.0,1
4561,0.0,0.0,1.896349,0.0,38.097946,25.089538,0.801291,2.848129,0.0,89.21228,0.0,14.764304,0.0,60.833908,33.691669,60.711151,49.991589,33.728417,50.0,27.0,0.0,0.0,0.0,0.0,0.0,0.0,0.0,1
4562,0.0,0.0,1.904728,0.0,38.004713,25.028029,0.802926,2.854073,0.0,89.555806,0.0,14.933868,0.0,60.405654,33.899721,60.729429,49.996683,33.738572,50.0,27.0,0.0,0.0,0.0,0.0,0.0,0.0,0.0,1
4563,0.0,0.0,1.892093,0.0,38.17315,24.970969,0.800323,2.840909,0.0,89.158583,0.0,14.857632,0.0,61.139774,33.683822,60.987901,50.06814,33.882167,50.0,27.0,0.0,0.0,0.0,0.0,0.0,0.0,0.0,1
4564,0.0,0.0,1.897355,0.0,38.177043,25.04532,0.799857,2.840074,0.0,89.194968,0.0,14.843817,0.0,60.612819,33.760284,60.631726,49.969356,33.684292,50.0,27.0,0.0,0.0,0.0,0.0,0.0,0.0,0.0,1
4565,0.0,0.0,1.897219,0.0,38.010089,25.006615,0.796994,2.847884,0.0,89.615405,0.0,14.840535,0.0,60.507721,34.040622,61.116784,50.103576,33.953769,50.0,27.0,0.0,0.0,0.0,0.0,0.0,0.0,0.0,1
4566,0.0,0.0,1.900192,0.0,37.960418,24.919184,0.801067,2.858368,0.0,89.106767,0.0,14.990743,0.0,60.974485,33.771769,60.97837,50.064804,33.876872,50.0,27.0,0.0,0.0,0.0,0.0,0.0,0.0,0.0,1
4567,0.0,0.0,1.896071,0.0,38.013005,24.988759,0.805239,2.852296,0.0,89.116776,0.0,14.868872,0.0,60.842152,33.742986,60.78508,50.011057,33.769489,50.0,27.0,0.0,0.0,0.0,0.0,0.0,0.0,0.0,1
4568,0.0,0.0,1.891912,0.0,38.003661,25.090002,0.800554,2.845496,0.0,89.478101,0.0,14.785063,0.0,60.937588,33.733088,60.863204,50.032595,33.812891,50.0,27.0,0.0,0.0,0.0,0.0,0.0,0.0,0.0,1
4569,0.0,0.0,1.898361,0.0,38.177662,25.143141,0.799615,2.847334,0.0,88.940904,0.0,14.85897,0.0,60.487165,33.837122,60.636876,49.969877,33.687153,50.0,27.0,0.0,0.0,0.0,0.0,0.0,0.0,0.0,1
4570,0.0,0.0,1.894042,0.0,37.993219,25.111507,0.795717,2.833224,0.0,89.723087,0.0,14.811664,0.0,60.885841,33.663917,60.660841,49.97665,33.700467,50.0,27.0,0.0,0.0,0.0,0.0,0.0,0.0,0.0,1
4571,0.0,0.0,1.909984,0.0,38.02443,24.996514,0.802072,2.840592,0.0,89.210381,0.0,14.839441,0.0,60.880816,33.513336,60.352248,49.891473,33.529026,50.0,27.0,0.0,0.0,0.0,0.0,0.0,0.0,0.0,1
4572,0.0,0.0,1.893195,0.0,38.026907,25.018195,0.798929,2.847873,0.0,89.247419,0.0,14.870457,0.0,60.635288,33.837192,60.822888,50.022096,33.790494,50.0,27.0,0.0,0.0,0.0,0.0,0.0,0.0,0.0,1
4573,0.0,0.0,1.901452,0.0,37.903682,24.99135,0.803134,2.843368,0.0,89.10415,0.0,14.871776,0.0,60.762156,33.841641,60.947416,50.056405,33.859676,50.0,27.0,0.0,0.0,0.0,0.0,0.0,0.0,0.0,1
4574,0.0,0.0,1.899889,0.0,38.087823,24.943159,0.796988,2.847596,0.0,88.91302,0.0,14.79627,0.0,60.727236,33.610846,60.414085,49.908714,33.56338,50.0,27.0,0.0,0.0,0.0,0.0,0.0,0.0,0.0,1
4575,0.0,0.0,1.897189,0.0,37.938019,24.854152,0.80488,2.854032,0.0,89.321691,0.0,14.798228,0.0,60.879049,33.752165,60.883564,50.03893,33.824202,50.0,27.0,0.0,0.0,0.0,0.0,0.0,0.0,0.0,1
4576,0.0,0.0,1.899244,0.0,37.947513,24.945686,0.798929,2.830661,0.0,89.098332,0.0,14.769228,0.0,60.299075,34.067096,60.967615,50.061967,33.870897,50.0,27.0,0.0,0.0,0.0,0.0,0.0,0.0,0.0,1
4577,0.0,0.0,1.894882,0.0,37.911807,25.067459,0.797527,2.853226,0.0,89.356034,0.0,14.720606,0.0,60.364018,33.880005,60.596129,49.958982,33.664516,50.0,27.0,0.0,0.0,0.0,0.0,0.0,0.0,0.0,1
4578,0.0,0.0,1.890668,0.0,38.013001,25.194169,0.796952,2.852975,0.0,89.272344,0.0,14.828392,0.0,60.507016,33.833216,60.625925,49.967422,33.681069,50.0,27.0,0.0,0.0,0.0,0.0,0.0,0.0,0.0,1
4579,0.0,0.0,1.896738,0.0,38.10323,24.955357,0.79436,2.859273,0.0,89.633923,0.0,14.915253,0.0,60.858639,33.711232,60.712806,49.991597,33.729337,50.0,27.0,0.0,0.0,0.0,0.0,0.0,0.0,0.0,1
4580,0.0,0.0,1.902123,0.0,38.244068,25.02339,0.8039,2.855594,0.0,89.383503,0.0,14.96596,0.0,60.867608,33.851877,61.027562,50.078636,33.904201,50.0,27.0,0.0,0.0,0.0,0.0,0.0,0.0,0.0,1
4581,0.0,0.0,1.892168,0.0,37.992243,24.969884,0.798035,2.83956,0.0,88.810494,0.0,14.810347,0.0,60.847472,33.61597,60.499814,49.932378,33.611008,50.0,27.0,0.0,0.0,0.0,0.0,0.0,0.0,0.0,1
4582,0.0,0.0,1.893201,0.0,37.937855,24.965602,0.797149,2.853456,0.0,88.98071,0.0,14.855426,0.0,60.825973,33.882505,61.062266,50.088173,33.923481,50.0,27.0,0.0,0.0,0.0,0.0,0.0,0.0,0.0,1
4583,0.0,0.0,1.890732,0.0,38.109104,24.952635,0.802305,2.85184,0.0,89.088315,0.0,14.830403,0.0,60.725001,33.728798,60.622299,49.96613,33.679055,50.0,27.0,0.0,0.0,0.0,0.0,0.0,0.0,0.0,1
4584,0.0,0.0,1.897368,0.0,38.030025,24.987653,0.801263,2.856653,0.0,89.077471,0.0,14.825204,0.0,60.648361,33.75741,60.612431,49.963571,33.673573,50.0,27.0,0.0,0.0,0.0,0.0,0.0,0.0,0.0,1
4585,0.0,0.0,1.893438,0.0,38.062841,25.080585,0.797816,2.859145,0.0,88.978597,0.0,14.866943,0.0,61.016208,33.630977,60.71583,49.992331,33.731016,50.0,27.0,0.0,0.0,0.0,0.0,0.0,0.0,0.0,1
4586,0.0,0.0,1.898023,0.0,37.852433,25.076331,0.801481,2.845362,0.0,89.378255,0.0,14.873721,0.0,60.868206,33.744907,60.826924,50.023075,33.792735,50.0,27.0,0.0,0.0,0.0,0.0,0.0,0.0,0.0,1
4587,0.0,0.0,1.893813,0.0,38.114787,25.004943,0.800126,2.848804,0.0,89.108391,0.0,14.910004,0.0,60.872028,33.726944,60.795435,50.014257,33.775241,50.0,27.0,0.0,0.0,0.0,0.0,0.0,0.0,0.0,1
4588,0.0,0.0,1.907892,0.0,37.874289,24.918206,0.797564,2.841929,0.0,89.221298,0.0,14.823011,0.0,60.540717,33.817771,60.660498,49.97689,33.700276,50.0,27.0,0.0,0.0,0.0,0.0,0.0,0.0,0.0,1
4589,0.0,0.0,1.901398,0.0,38.018301,24.973177,0.797583,2.851399,0.0,89.334154,0.0,14.867125,0.0,60.622821,33.778677,60.652653,49.974837,33.695918,50.0,27.0,0.0,0.0,0.0,0.0,0.0,0.0,0.0,1
4590,0.0,0.0,1.890664,0.0,37.796653,24.999557,0.798768,2.846971,0.0,89.407365,0.0,14.816274,0.0,60.963994,33.594622,60.60372,49.961437,33.668734,50.0,27.0,0.0,0.0,0.0,0.0,0.0,0.0,0.0,1
4591,0.0,0.0,1.899441,0.0,38.157714,25.021584,0.796917,2.853078,0.0,89.121043,0.0,14.791461,0.0,60.772438,33.714578,60.687714,49.984844,33.715397,50.0,27.0,0.0,0.0,0.0,0.0,0.0,0.0,0.0,1
4592,0.0,0.0,1.892273,0.0,38.000408,25.116812,0.803275,2.844584,0.0,89.097901,0.0,14.84953,0.0,60.643374,33.812302,60.770081,50.007686,33.761156,50.0,27.0,0.0,0.0,0.0,0.0,0.0,0.0,0.0,1
4593,0.0,0.0,1.899087,0.0,38.142058,24.959176,0.797406,2.860636,0.0,89.022798,0.0,14.845077,0.0,60.553781,33.995441,61.058878,50.08747,33.921599,50.0,27.0,0.0,0.0,0.0,0.0,0.0,0.0,0.0,1
4594,0.0,0.0,1.891801,0.0,38.072403,25.046004,0.800181,2.875317,0.0,89.214598,0.0,14.805465,0.0,60.81131,33.73415,60.733677,49.99715,33.740932,50.0,27.0,0.0,0.0,0.0,0.0,0.0,0.0,0.0,1
4595,0.0,0.0,1.897821,0.0,37.899288,24.899055,0.801152,2.845253,0.0,89.265229,0.0,14.857497,0.0,60.515405,33.850125,60.68726,49.984335,33.715144,50.0,27.0,0.0,0.0,0.0,0.0,0.0,0.0,0.0,1
4596,0.0,0.0,1.906153,0.0,37.936115,25.025249,0.801736,2.838212,0.0,89.22228,0.0,14.858035,0.0,60.653687,33.806259,60.72227,49.99409,33.734594,50.0,27.0,0.0,0.0,0.0,0.0,0.0,0.0,0.0,1
4597,0.0,0.0,1.908318,0.0,37.866058,25.022053,0.802118,2.840947,0.0,89.259928,0.0,14.809051,0.0,60.767706,33.814376,60.849124,50.029181,33.805069,50.0,27.0,0.0,0.0,0.0,0.0,0.0,0.0,0.0,1
4598,0.0,0.0,1.898811,0.0,38.050239,25.099512,0.798918,2.839659,0.0,89.650189,0.0,14.866101,0.0,61.064923,33.628497,60.749165,50.001407,33.749536,50.0,27.0,0.0,0.0,0.0,0.0,0.0,0.0,0.0,1
4599,0.0,0.0,1.898543,0.0,38.08117,25.125192,0.795682,2.860671,0.0,89.132445,0.0,14.865453,0.0,60.832214,33.785755,60.867905,50.03422,33.815503,50.0,27.0,0.0,0.0,0.0,0.0,0.0,0.0,0.0,1
4600,0.0,0.0,1.900428,0.0,38.048323,25.065473,0.802868,2.869435,0.0,89.138135,0.0,14.856166,0.0,60.776803,33.757436,60.750528,50.001607,33.750293,50.0,27.0,0.0,0.0,0.0,0.0,0.0,0.0,0.0,1
4601,0.0,0.0,1.888572,0.0,38.094249,25.029385,0.797859,2.840459,0.0,89.236456,0.0,14.820126,0.0,60.845408,33.888415,61.097061,50.097379,33.942812,50.0,27.0,0.0,0.0,0.0,0.0,0.0,0.0,0.0,1
4602,0.0,0.0,1.905292,0.0,37.840712,24.93809,0.797778,2.851565,0.0,89.065617,0.0,14.9284,0.0,60.581444,33.695409,60.410245,49.907062,33.561247,50.0,27.0,0.0,0.0,0.0,0.0,0.0,0.0,0.0,1
4603,0.0,0.0,1.903725,0.0,38.012554,25.043062,0.804541,2.861028,0.0,89.009212,0.0,14.936405,0.0,60.923075,33.670171,60.70934,49.990193,33.727411,50.0,27.0,0.0,0.0,0.0,0.0,0.0,0.0,0.0,1
4604,0.0,0.0,1.897169,0.0,38.169223,25.01774,0.801944,2.846339,0.0,89.069723,0.0,14.8829,0.0,60.784459,33.80148,60.861062,50.032177,33.811701,50.0,27.0,0.0,0.0,0.0,0.0,0.0,0.0,0.0,1
4605,0.0,0.0,1.893656,0.0,37.987915,24.867121,0.797395,2.849421,0.0,88.66665,0.0,14.779065,0.0,60.601779,33.794808,60.659522,49.976312,33.699734,50.0,27.0,0.0,0.0,0.0,0.0,0.0,0.0,0.0,1
4606,0.0,0.0,1.898523,0.0,37.975146,24.940275,0.798788,2.85641,0.0,88.999009,0.0,14.895714,0.0,60.711529,33.617597,60.391857,49.902448,33.551032,50.0,27.0,0.0,0.0,0.0,0.0,0.0,0.0,0.0,1
4607,0.0,0.0,1.901348,0.0,37.99705,25.036592,0.797827,2.838097,0.0,88.806676,0.0,14.786763,0.0,60.594093,33.973571,61.045283,50.083538,33.914046,50.0,27.0,0.0,0.0,0.0,0.0,0.0,0.0,0.0,1
4608,0.0,0.0,1.893244,0.0,37.944488,25.051599,0.801501,2.859362,0.0,89.121907,0.0,14.985252,0.0,60.500153,33.89269,60.752535,50.002208,33.751408,50.0,27.0,0.0,0.0,0.0,0.0,0.0,0.0,0.0,1
4609,0.0,0.0,1.903537,0.0,38.18127,24.845275,0.804482,2.858149,0.0,89.370596,0.0,14.873412,0.0,60.982659,33.567588,60.533506,49.941658,33.629725,50.0,27.0,0.0,0.0,0.0,0.0,0.0,0.0,0.0,1
4610,0.0,0.0,1.895145,0.0,37.958636,24.914089,0.802594,2.837874,0.0,89.510519,0.0,14.862826,0.0,60.893045,33.720727,60.794993,50.014222,33.774996,50.0,27.0,0.0,0.0,0.0,0.0,0.0,0.0,0.0,1
4611,0.0,0.0,1.894297,0.0,38.13811,24.945636,0.798809,2.850359,0.0,89.095102,0.0,14.814252,0.0,60.525661,33.947512,60.912111,50.046523,33.840062,50.0,27.0,0.0,0.0,0.0,0.0,0.0,0.0,0.0,1
4612,0.0,0.0,1.901133,0.0,38.031035,25.029095,0.800508,2.850459,0.0,89.025293,0.0,14.899222,0.0,60.669976,33.820106,60.763526,50.005223,33.757515,50.0,27.0,0.0,0.0,0.0,0.0,0.0,0.0,0.0,1
4613,0.0,0.0,1.90135,0.0,37.892731,25.029705,0.800095,2.855676,0.0,88.867645,0.0,14.875047,0.0,60.939786,33.655587,60.680457,49.982237,33.711365,50.0,27.0,0.0,0.0,0.0,0.0,0.0,0.0,0.0,1
4614,0.0,0.0,1.913462,0.0,37.835255,24.992531,0.802273,2.841958,0.0,89.390962,0.0,14.825917,0.0,60.844598,33.899845,61.116708,50.102903,33.953727,50.0,27.0,0.0,0.0,0.0,0.0,0.0,0.0,0.0,1
4615,0.0,0.0,1.898407,0.0,37.998976,25.10474,0.802888,2.833269,0.0,89.227297,0.0,14.998146,0.0,60.675082,33.693665,60.495274,49.93063,33.608486,50.0,27.0,0.0,0.0,0.0,0.0,0.0,0.0,0.0,1
4616,0.0,0.0,1.904775,0.0,38.004171,24.910978,0.803348,2.866682,0.0,89.293663,0.0,14.776955,0.0,60.718296,33.680223,60.521373,49.938188,33.622985,50.0,27.0,0.0,0.0,0.0,0.0,0.0,0.0,0.0,1
4617,0.0,0.0,1.901276,0.0,38.013874,24.940094,0.802641,2.855637,0.0,89.478772,0.0,14.880853,0.0,60.748058,33.732042,60.672749,49.980335,33.707083,50.0,27.0,0.0,0.0,0.0,0.0,0.0,0.0,0.0,1
4618,0.0,0.0,1.904536,0.0,37.856671,24.877886,0.802552,2.862406,0.0,88.549907,0.0,14.834201,0.0,60.681539,33.859781,60.880385,50.037823,33.822436,50.0,27.0,0.0,0.0,0.0,0.0,0.0,0.0,0.0,1
4619,0.0,0.0,1.906686,0.0,38.039342,24.945869,0.800407,2.848191,0.0,88.954969,0.0,14.820788,0.0,60.867362,33.645436,60.601646,49.960593,33.667581,50.0,27.0,0.0,0.0,0.0,0.0,0.0,0.0,0.0,1
4620,0.0,0.0,1.897086,0.0,38.164597,25.03799,0.797305,2.841505,0.0,89.384802,0.0,14.881518,0.0,60.754696,33.762919,60.753403,50.002734,33.751891,50.0,27.0,0.0,0.0,0.0,0.0,0.0,0.0,0.0,1
4621,0.0,0.0,1.907391,0.0,37.994057,25.000608,0.799646,2.84449,0.0,88.990098,0.0,14.895849,0.0,60.728379,33.704413,60.603755,49.961358,33.668753,50.0,27.0,0.0,0.0,0.0,0.0,0.0,0.0,0.0,1
4622,0.0,0.0,1.902248,0.0,38.09061,24.93672,0.801504,2.868943,0.0,89.464484,0.0,14.809716,0.0,61.302317,33.583832,60.931132,50.052036,33.850629,50.0,27.0,0.0,0.0,0.0,0.0,0.0,0.0,0.0,1
4623,0.0,0.0,1.895398,0.0,37.924048,24.953315,0.797422,2.851559,0.0,89.018689,0.0,14.892271,0.0,60.62463,33.796823,60.725922,49.995058,33.736624,50.0,27.0,0.0,0.0,0.0,0.0,0.0,0.0,0.0,1
4624,0.0,0.0,1.891493,0.0,38.037357,25.011634,0.799969,2.844765,0.0,89.210093,0.0,14.887325,0.0,60.619213,33.906715,60.945978,50.055905,33.858877,50.0,27.0,0.0,0.0,0.0,0.0,0.0,0.0,0.0,1
4625,0.0,0.0,1.903359,0.0,37.989016,24.955845,0.799712,2.848274,0.0,89.230482,0.0,14.892911,0.0,60.936111,33.645308,60.691047,49.985165,33.717248,50.0,27.0,0.0,0.0,0.0,0.0,0.0,0.0,0.0,1
4626,0.0,0.0,1.898371,0.0,38.074517,24.982554,0.799665,2.856462,0.0,89.324058,0.0,14.810027,0.0,60.365298,33.899513,60.671765,49.979909,33.706536,50.0,27.0,0.0,0.0,0.0,0.0,0.0,0.0,0.0,1
4627,0.0,0.0,1.900615,0.0,37.951132,24.957096,0.803153,2.857588,0.0,88.800748,0.0,14.940198,0.0,60.48827,33.830815,60.630672,49.968651,33.683707,50.0,27.0,0.0,0.0,0.0,0.0,0.0,0.0,0.0,1
4628,0.0,0.0,1.892358,0.0,38.076338,24.888698,0.802979,2.853831,0.0,88.73734,0.0,14.867274,0.0,60.827835,33.651016,60.582073,49.955375,33.656707,50.0,27.0,0.0,0.0,0.0,0.0,0.0,0.0,0.0,1
4629,0.0,0.0,1.905846,0.0,38.041637,25.080573,0.796795,2.846491,0.0,89.016582,0.0,14.835982,0.0,60.951001,33.546728,60.500619,49.933083,33.611455,50.0,27.0,0.0,0.0,0.0,0.0,0.0,0.0,0.0,1
4630,0.0,0.0,1.895839,0.0,38.141164,25.084117,0.796423,2.858207,0.0,89.373226,0.0,14.861389,0.0,60.75533,33.562964,60.367344,49.89658,33.537414,50.0,27.0,0.0,0.0,0.0,0.0,0.0,0.0,0.0,1
4631,0.0,0.0,1.899883,0.0,37.918656,25.108067,0.804801,2.837968,0.0,89.171848,0.0,14.862645,0.0,60.423337,33.939937,60.854777,50.031818,33.80821,50.0,27.0,0.0,0.0,0.0,0.0,0.0,0.0,0.0,1
4632,0.0,0.0,1.90815,0.0,38.083379,24.888128,0.800467,2.833466,0.0,88.746341,0.0,14.882815,0.0,60.627516,33.705232,60.536911,49.943803,33.631617,50.0,27.0,0.0,0.0,0.0,0.0,0.0,0.0,0.0,1
4633,0.0,0.0,1.90842,0.0,37.990375,24.90457,0.797794,2.846464,0.0,89.084093,0.0,14.866597,0.0,60.855131,33.589658,60.526399,49.941177,33.625777,50.0,27.0,0.0,0.0,0.0,0.0,0.0,0.0,0.0,1
4634,0.0,0.0,1.912377,0.0,37.768008,25.013195,0.799515,2.845237,0.0,88.824393,0.0,14.860845,0.0,60.548702,33.842333,60.773503,50.009769,33.763057,50.0,27.0,0.0,0.0,0.0,0.0,0.0,0.0,0.0,1
4635,0.0,0.0,1.900023,0.0,38.104224,25.110296,0.800657,2.850414,0.0,89.063713,0.0,14.924653,0.0,60.719269,33.682387,60.592633,49.959728,33.662574,50.0,27.0,0.0,0.0,0.0,0.0,0.0,0.0,0.0,1
4636,0.0,0.0,1.905058,0.0,38.172373,24.924926,0.799917,2.846525,0.0,89.3721,0.0,14.822064,0.0,60.654746,33.7788,60.739396,50.000493,33.744109,50.0,27.0,0.0,0.0,0.0,0.0,0.0,0.0,0.0,1
4637,0.0,0.0,1.903762,0.0,37.838492,25.006168,0.796239,2.845242,0.0,89.023873,0.0,14.874575,0.0,60.79905,33.813732,60.952093,50.059279,33.862274,50.0,27.0,0.0,0.0,0.0,0.0,0.0,0.0,0.0,1
4638,0.0,0.0,1.905758,0.0,37.853492,25.040065,0.801553,2.864581,0.0,89.062229,0.0,14.793933,0.0,60.942458,33.655333,60.751815,50.003628,33.751008,50.0,27.0,0.0,0.0,0.0,0.0,0.0,0.0,0.0,1
4639,0.0,0.0,1.896762,0.0,38.01858,24.917878,0.797608,2.856785,0.0,89.224939,0.0,14.916323,0.0,60.926493,33.575956,60.580328,49.956212,33.655738,50.0,27.0,0.0,0.0,0.0,0.0,0.0,0.0,0.0,1
4640,0.0,0.0,1.895645,0.0,38.123761,24.930121,0.796836,2.844554,0.0,88.579472,0.0,14.820958,0.0,60.769624,33.658759,60.619757,49.967328,33.677643,50.0,27.0,0.0,0.0,0.0,0.0,0.0,0.0,0.0,1
4641,0.0,0.0,1.89404,0.0,38.205005,25.057287,0.799637,2.84094,0.0,88.961104,0.0,14.826249,0.0,60.922806,33.704209,60.878178,50.038917,33.82121,50.0,27.0,0.0,0.0,0.0,0.0,0.0,0.0,0.0,1
4642,0.0,0.0,1.904879,0.0,37.890434,25.0059,0.798686,2.860399,0.0,89.209884,0.0,14.934412,0.0,60.773931,33.903293,61.152033,50.114416,33.973352,50.0,27.0,0.0,0.0,0.0,0.0,0.0,0.0,0.0,1
4643,0.0,0.0,1.909704,0.0,38.08258,25.017181,0.800741,2.856294,0.0,88.849874,0.0,14.819456,0.0,60.568244,33.795416,60.695162,49.987569,33.719535,50.0,27.0,0.0,0.0,0.0,0.0,0.0,0.0,0.0,1
4644,0.0,0.0,1.903728,0.0,37.939001,25.123064,0.79818,2.852923,0.0,88.786921,0.0,14.828652,0.0,60.673111,33.736585,60.668001,49.980124,33.704445,50.0,27.0,0.0,0.0,0.0,0.0,0.0,0.0,0.0,1
4645,0.0,0.0,1.900755,0.0,37.986409,25.002662,0.801605,2.849827,0.0,88.745636,0.0,14.913003,0.0,60.720777,33.733653,60.709801,49.991776,33.727667,50.0,27.0,0.0,0.0,0.0,0.0,0.0,0.0,0.0,1
4646,0.0,0.0,1.899748,0.0,37.899822,25.056175,0.800032,2.871501,0.0,89.166293,0.0,14.893005,0.0,60.672767,33.641642,60.468391,49.925092,33.59355,50.0,27.0,0.0,0.0,0.0,0.0,0.0,0.0,0.0,1
4647,0.0,0.0,1.900203,0.0,38.025441,25.043126,0.803731,2.846678,0.0,88.424317,0.0,14.888036,0.0,60.715837,33.77444,60.804354,50.018324,33.780197,50.0,27.0,0.0,0.0,0.0,0.0,0.0,0.0,0.0,1
4648,0.0,0.0,1.892253,0.0,38.040808,24.990779,0.798623,2.841012,0.0,89.059855,0.0,14.874238,0.0,60.25455,33.94961,60.707035,49.991334,33.726131,50.0,27.0,0.0,0.0,0.0,0.0,0.0,0.0,0.0,1
4649,0.0,0.0,1.903849,0.0,38.141278,24.975821,0.798276,2.861,0.0,89.164851,0.0,14.802471,0.0,60.935901,33.590794,60.603229,49.962686,33.66846,50.0,27.0,0.0,0.0,0.0,0.0,0.0,0.0,0.0,1
4650,0.0,0.0,1.907278,0.0,38.068992,25.076787,0.800056,2.848106,0.0,89.428586,0.0,14.743073,0.0,60.487043,33.88988,60.806048,50.01893,33.781138,50.0,27.0,0.0,0.0,0.0,0.0,0.0,0.0,0.0,1
4651,0.0,0.0,1.89633,0.0,37.782342,25.14593,0.801429,2.844402,0.0,88.863178,0.0,14.809778,0.0,60.977487,33.580464,60.623879,49.968485,33.679933,50.0,27.0,0.0,0.0,0.0,0.0,0.0,0.0,0.0,1
4652,0.0,0.0,1.894675,0.0,38.02874,25.086922,0.800477,2.85463,0.0,89.518818,0.0,14.873911,0.0,60.75018,33.767001,60.812149,50.020679,33.784527,50.0,27.0,0.0,0.0,0.0,0.0,0.0,0.0,0.0,1
4653,0.0,0.0,1.903467,0.0,38.101528,25.067393,0.802385,2.846922,0.0,89.366508,0.0,14.738338,0.0,61.08193,33.611109,60.811191,50.020311,33.783995,50.0,27.0,0.0,0.0,0.0,0.0,0.0,0.0,0.0,1
4654,0.0,0.0,1.906905,0.0,37.900732,25.00066,0.800964,2.840025,0.0,89.492115,0.0,14.818691,0.0,60.899994,33.691298,60.815325,50.021353,33.786292,50.0,27.0,0.0,0.0,0.0,0.0,0.0,0.0,0.0,1
4655,0.0,0.0,1.915734,0.0,38.001592,25.007489,0.801226,2.85153,0.0,89.070638,0.0,14.774972,0.0,60.953882,33.835005,61.177636,50.121388,33.987576,50.0,27.0,0.0,0.0,0.0,0.0,0.0,0.0,0.0,1
4656,0.0,0.0,1.904871,0.0,37.963901,25.090301,0.796338,2.853279,0.0,88.827934,0.0,14.917741,0.0,60.592042,33.811998,60.753282,50.003494,33.751823,50.0,27.0,0.0,0.0,0.0,0.0,0.0,0.0,0.0,1
4657,0.0,0.0,1.893747,0.0,38.140131,25.063228,0.801163,2.848816,0.0,89.185763,0.0,14.850245,0.0,61.237562,33.239722,60.181579,49.84546,33.43421,50.0,27.0,0.0,0.0,0.0,0.0,0.0,0.0,0.0,1
4658,0.0,0.0,1.89644,0.0,38.017058,24.979587,0.801131,2.85917,0.0,88.998867,0.0,14.876521,0.0,60.874204,33.698294,60.85152,50.031398,33.8064,50.0,27.0,0.0,0.0,0.0,0.0,0.0,0.0,0.0,1
4659,0.0,0.0,1.896931,0.0,38.165198,24.984193,0.797568,2.852274,0.0,89.165511,0.0,14.847982,0.0,60.520093,33.822798,60.761452,50.006347,33.756362,50.0,27.0,0.0,0.0,0.0,0.0,0.0,0.0,0.0,1
4660,0.0,0.0,1.895632,0.0,37.980109,24.936816,0.801201,2.844231,0.0,88.830144,0.0,14.782344,0.0,60.491914,33.909184,60.900411,50.044723,33.833562,50.0,27.0,0.0,0.0,0.0,0.0,0.0,0.0,0.0,1
4661,0.0,0.0,1.891078,0.0,37.974017,24.911572,0.79755,2.858988,0.0,89.31868,0.0,14.842221,0.0,60.661661,33.754241,60.717794,49.994026,33.732108,50.0,27.0,0.0,0.0,0.0,0.0,0.0,0.0,0.0,1
4662,0.0,0.0,1.892561,0.0,37.787488,25.040455,0.798101,2.847788,0.0,89.185577,0.0,14.858416,0.0,60.808411,33.671088,60.685634,49.985167,33.714241,50.0,27.0,0.0,0.0,0.0,0.0,0.0,0.0,0.0,1
4663,0.0,0.0,1.886088,0.0,38.035792,24.970319,0.79996,2.851815,0.0,89.115073,0.0,14.800865,0.0,60.847831,33.532972,60.441388,49.917732,33.578549,50.0,27.0,0.0,0.0,0.0,0.0,0.0,0.0,0.0,1
4664,0.0,0.0,1.890903,0.0,37.994151,24.946792,0.802092,2.850977,0.0,88.910431,0.0,14.753378,0.0,60.761643,33.710665,60.755424,50.00494,33.753013,50.0,27.0,0.0,0.0,0.0,0.0,0.0,0.0,0.0,1
4665,0.0,0.0,1.907057,0.0,38.122237,24.98596,0.800343,2.87188,0.0,89.235545,0.0,14.824608,0.0,60.662384,33.64482,60.517662,49.939199,33.620923,50.0,27.0,0.0,0.0,0.0,0.0,0.0,0.0,0.0,1
4666,0.0,0.0,1.898313,0.0,37.826029,25.152881,0.797996,2.862169,0.0,88.96882,0.0,14.865012,0.0,60.5663,33.912238,60.994708,50.071355,33.885949,50.0,27.0,0.0,0.0,0.0,0.0,0.0,0.0,0.0,1
4667,0.0,0.0,1.900042,0.0,37.896382,24.954797,0.797746,2.844369,0.0,89.350311,0.0,14.852271,0.0,60.725837,33.720552,60.723132,49.995938,33.735074,50.0,27.0,0.0,0.0,0.0,0.0,0.0,0.0,0.0,1
4668,0.0,0.0,1.89903,0.0,37.969281,24.94547,0.798909,2.855911,0.0,88.578344,0.0,14.814671,0.0,60.914712,33.629645,60.72042,49.995208,33.733567,50.0,27.0,0.0,0.0,0.0,0.0,0.0,0.0,0.0,1
4669,0.0,0.0,1.896714,0.0,37.926647,24.984091,0.798466,2.859499,0.0,88.625231,0.0,14.882951,0.0,60.606979,33.807286,60.799541,50.017101,33.777523,50.0,27.0,0.0,0.0,0.0,0.0,0.0,0.0,0.0,1
4670,0.0,0.0,1.896151,0.0,38.05511,24.915889,0.801587,2.847064,0.0,89.045813,0.0,14.816544,0.0,60.748348,33.801113,60.915853,50.049164,33.842141,50.0,27.0,0.0,0.0,0.0,0.0,0.0,0.0,0.0,1
4671,0.0,0.0,1.897442,0.0,38.069671,25.055825,0.797487,2.848182,0.0,88.570918,0.0,14.8801,0.0,60.895181,33.60736,60.64352,49.973647,33.690844,50.0,27.0,0.0,0.0,0.0,0.0,0.0,0.0,0.0,1
4672,0.0,0.0,1.9171,0.0,38.125611,24.909013,0.799133,2.868332,0.0,88.932425,0.0,14.905154,0.0,60.570866,33.775901,60.69045,49.98675,33.716917,50.0,27.0,0.0,0.0,0.0,0.0,0.0,0.0,0.0,1
4673,0.0,0.0,1.890488,0.0,38.165643,25.021434,0.800519,2.861721,0.0,89.637311,0.0,14.797892,0.0,60.832972,33.529416,60.425153,49.913489,33.56953,50.0,27.0,0.0,0.0,0.0,0.0,0.0,0.0,0.0,1
4674,0.0,0.0,1.893044,0.0,37.976515,25.085263,0.803192,2.843259,0.0,89.017161,0.0,14.908784,0.0,60.635538,33.765486,60.751167,50.004028,33.750649,50.0,27.0,0.0,0.0,0.0,0.0,0.0,0.0,0.0,1
4675,0.0,0.0,1.893483,0.0,38.075195,24.947,0.797729,2.860525,0.0,89.226544,0.0,14.757351,0.0,60.643711,33.831246,60.890826,50.042609,33.828237,50.0,27.0,0.0,0.0,0.0,0.0,0.0,0.0,0.0,1
4676,0.0,0.0,1.888595,0.0,38.079661,24.918864,0.802114,2.857669,0.0,89.289783,0.0,14.819124,0.0,60.376926,33.800815,60.544406,49.946648,33.635781,50.0,27.0,0.0,0.0,0.0,0.0,0.0,0.0,0.0,1
4677,0.0,0.0,1.898917,0.0,38.181958,24.920887,0.798556,2.862916,0.0,88.444911,0.0,14.724784,0.0,60.673972,33.821416,60.87444,50.038134,33.819133,50.0,27.0,0.0,0.0,0.0,0.0,0.0,0.0,0.0,1
4678,0.0,0.0,1.89823,0.0,38.01814,25.005627,0.799428,2.836185,0.0,89.184851,0.0,14.850651,0.0,60.687082,33.72266,60.666706,49.980527,33.703726,50.0,27.0,0.0,0.0,0.0,0.0,0.0,0.0,0.0,1
4679,0.0,0.0,1.897363,0.0,38.103439,24.953524,0.800313,2.858478,0.0,88.85215,0.0,14.873008,0.0,60.946717,33.797839,61.086196,50.096569,33.936776,50.0,27.0,0.0,0.0,0.0,0.0,0.0,0.0,0.0,1
4680,0.0,0.0,1.91159,0.0,37.894807,25.018314,0.795649,2.838467,0.0,89.239056,0.0,14.860427,0.0,60.788295,33.668531,60.646298,49.974503,33.692388,50.0,27.0,0.0,0.0,0.0,0.0,0.0,0.0,0.0,1
4681,0.0,0.0,1.904364,0.0,38.006767,24.864376,0.803175,2.844161,0.0,88.916183,0.0,14.862302,0.0,60.57063,33.814393,60.745185,50.001962,33.747325,50.0,27.0,0.0,0.0,0.0,0.0,0.0,0.0,0.0,1
4682,0.0,0.0,1.898465,0.0,38.213355,25.111973,0.799618,2.851219,0.0,89.416403,0.0,14.845187,0.0,60.647201,33.71877,60.609142,49.96435,33.671745,50.0,27.0,0.0,0.0,0.0,0.0,0.0,0.0,0.0,1
4683,0.0,0.0,1.91213,0.0,38.066244,25.017202,0.797277,2.846545,0.0,89.263781,0.0,14.891741,0.0,60.677339,33.798607,60.810065,50.020062,33.78337,50.0,27.0,0.0,0.0,0.0,0.0,0.0,0.0,0.0,1
4684,0.0,0.0,1.907932,0.0,37.856017,25.062225,0.799915,2.851418,0.0,89.433847,0.0,14.869067,0.0,60.484908,33.870943,60.761922,50.006655,33.756623,50.0,27.0,0.0,0.0,0.0,0.0,0.0,0.0,0.0,1
4685,0.0,0.0,1.898164,0.0,38.08422,25.046702,0.800986,2.851029,0.0,88.963291,0.0,14.812458,0.0,60.744654,33.75037,60.750021,50.003333,33.750012,50.0,27.0,0.0,0.0,0.0,0.0,0.0,0.0,0.0,1
4686,0.0,0.0,1.903527,0.0,38.138807,24.974218,0.798608,2.849892,0.0,88.928237,0.0,14.869378,0.0,60.778182,33.780994,60.847811,50.030345,33.80434,50.0,27.0,0.0,0.0,0.0,0.0,0.0,0.0,0.0,1
4687,0.0,0.0,1.904573,0.0,37.937669,25.066632,0.799321,2.858437,0.0,88.998577,0.0,14.957427,0.0,61.115867,33.557219,60.709118,49.99186,33.727288,50.0,27.0,0.0,0.0,0.0,0.0,0.0,0.0,0.0,1
4688,0.0,0.0,1.889307,0.0,37.911769,25.114149,0.802672,2.841249,0.0,89.119595,0.0,14.853377,0.0,60.793834,33.585574,60.472318,49.92645,33.595732,50.0,27.0,0.0,0.0,0.0,0.0,0.0,0.0,0.0,1
4689,0.0,0.0,1.906714,0.0,37.908524,25.062557,0.797433,2.85131,0.0,89.131754,0.0,14.812873,0.0,60.581646,33.679464,60.478276,49.928463,33.599042,50.0,27.0,0.0,0.0,0.0,0.0,0.0,0.0,0.0,1
4690,0.0,0.0,1.90209,0.0,37.95833,25.000488,0.801293,2.84599,0.0,89.442366,0.0,14.82311,0.0,60.506529,34.033962,61.157387,50.116522,33.976326,50.0,27.0,0.0,0.0,0.0,0.0,0.0,0.0,0.0,1
4691,0.0,0.0,1.90775,0.0,37.888696,24.991768,0.799404,2.852919,0.0,88.596324,0.0,14.875324,0.0,60.791773,33.735619,60.772635,50.009598,33.762575,50.0,27.0,0.0,0.0,0.0,0.0,0.0,0.0,0.0,1
4692,0.0,0.0,1.899624,0.0,37.901338,24.993834,0.797499,2.853063,0.0,89.366381,0.0,14.79483,0.0,60.750627,33.613345,60.474764,49.92722,33.597091,50.0,27.0,0.0,0.0,0.0,0.0,0.0,0.0,0.0,1
4693,0.0,0.0,1.895761,0.0,37.900269,24.942918,0.798119,2.84276,0.0,89.064842,0.0,14.819936,0.0,60.679116,33.637853,60.472192,49.926872,33.595662,50.0,27.0,0.0,0.0,0.0,0.0,0.0,0.0,0.0,1
4694,0.0,0.0,1.903655,0.0,37.949691,24.900358,0.800484,2.844073,0.0,89.621405,0.0,14.825087,0.0,60.498249,33.911844,60.882207,50.040562,33.823448,50.0,27.0,0.0,0.0,0.0,0.0,0.0,0.0,0.0,1
4695,0.0,0.0,1.888995,0.0,37.978003,24.964508,0.798336,2.845223,0.0,89.834282,0.0,14.941841,0.0,60.721072,33.885913,61.026333,50.080196,33.903518,50.0,27.0,0.0,0.0,0.0,0.0,0.0,0.0,0.0,1
4696,0.0,0.0,1.893352,0.0,38.101956,24.978913,0.802763,2.854189,0.0,89.351239,0.0,14.907855,0.0,60.721304,33.706068,60.628127,49.969734,33.682293,50.0,27.0,0.0,0.0,0.0,0.0,0.0,0.0,0.0,1
4697,0.0,0.0,1.89622,0.0,37.949789,25.18453,0.797918,2.851869,0.0,88.920413,0.0,14.868378,0.0,60.792833,33.673405,60.63658,49.972221,33.686989,50.0,27.0,0.0,0.0,0.0,0.0,0.0,0.0,0.0,1
4698,0.0,0.0,1.902821,0.0,37.947624,24.99446,0.801869,2.847489,0.0,89.477086,0.0,14.823411,0.0,60.797157,33.525242,60.33814,49.889872,33.521189,50.0,27.0,0.0,0.0,0.0,0.0,0.0,0.0,0.0,1
4699,0.0,0.0,1.895152,0.0,37.923869,24.83214,0.793902,2.84291,0.0,89.633316,0.0,14.824989,0.0,60.262522,33.884665,60.590351,49.96013,33.661306,50.0,27.0,0.0,0.0,0.0,0.0,0.0,0.0,0.0,1
4700,0.0,0.0,1.901214,0.0,37.91378,25.049524,0.797933,2.844713,0.0,88.98293,0.0,14.781714,0.0,60.559767,33.977321,61.062553,50.090843,33.923641,50.0,27.0,0.0,0.0,0.0,0.0,0.0,0.0,0.0,1
4701,0.0,0.0,1.908889,0.0,37.919001,25.133264,0.800501,2.833804,0.0,89.279884,0.0,14.850011,0.0,60.912387,33.630175,60.651488,49.976774,33.695271,50.0,27.0,0.0,0.0,0.0,0.0,0.0,0.0,0.0,1
4702,0.0,0.0,1.891541,0.0,37.924772,24.890117,0.803304,2.852957,0.0,89.221024,0.0,14.891926,0.0,60.960318,33.699382,60.861708,50.034994,33.81206,50.0,27.0,0.0,0.0,0.0,0.0,0.0,0.0,0.0,1
4703,0.0,0.0,1.898516,0.0,37.952834,25.046427,0.801886,2.851372,0.0,89.649777,0.0,14.866116,0.0,60.826867,33.630982,60.59014,49.959759,33.661189,50.0,27.0,0.0,0.0,0.0,0.0,0.0,0.0,0.0,1
4704,0.0,0.0,1.897035,0.0,37.794302,25.056203,0.800067,2.854306,0.0,89.206024,0.0,14.829123,0.0,60.927807,33.618995,60.68059,49.98496,33.711439,50.0,27.0,0.0,0.0,0.0,0.0,0.0,0.0,0.0,1
4705,0.0,0.0,1.905309,0.0,37.910753,25.064649,0.802288,2.860259,0.0,89.318014,0.0,14.857854,0.0,60.918919,33.607374,60.662639,49.980073,33.701466,50.0,27.0,0.0,0.0,0.0,0.0,0.0,0.0,0.0,1
4706,0.0,0.0,1.903747,0.0,37.889385,25.02047,0.801662,2.861742,0.0,89.049062,0.0,14.886894,0.0,60.810563,33.638653,60.636281,49.972887,33.686823,50.0,27.0,0.0,0.0,0.0,0.0,0.0,0.0,0.0,1
4707,0.0,0.0,1.885639,0.0,37.848661,25.133224,0.799354,2.850303,0.0,89.322977,0.0,14.765023,0.0,60.760431,33.774778,60.884178,50.041539,33.824543,50.0,27.0,0.0,0.0,0.0,0.0,0.0,0.0,0.0,1
4708,0.0,0.0,1.897277,0.0,38.177937,25.001694,0.803528,2.849414,0.0,89.261827,0.0,14.823769,0.0,60.893843,33.574962,60.58837,49.959573,33.660206,50.0,27.0,0.0,0.0,0.0,0.0,0.0,0.0,0.0,1
4709,0.0,0.0,1.89804,0.0,37.889846,25.024749,0.799057,2.839199,0.0,88.600721,0.0,14.814799,0.0,60.681702,33.665838,60.587013,49.959399,33.659451,50.0,27.0,0.0,0.0,0.0,0.0,0.0,0.0,0.0,1
4710,0.0,0.0,1.890077,0.0,37.991654,24.932666,0.799334,2.850536,0.0,88.699914,0.0,14.877648,0.0,60.550978,33.622294,60.370356,49.899718,33.539087,50.0,27.0,0.0,0.0,0.0,0.0,0.0,0.0,0.0,1
4711,0.0,0.0,1.894383,0.0,38.076025,24.975764,0.800545,2.860806,0.0,88.859575,0.0,14.818546,0.0,60.698198,33.770684,60.841875,50.030543,33.801042,50.0,27.0,0.0,0.0,0.0,0.0,0.0,0.0,0.0,1
4712,0.0,0.0,1.903986,0.0,38.147194,24.937083,0.800075,2.849073,0.0,88.797921,0.0,14.826416,0.0,60.37394,33.781698,60.53187,49.944706,33.628816,50.0,27.0,0.0,0.0,0.0,0.0,0.0,0.0,0.0,1
4713,0.0,0.0,1.894305,0.0,38.183334,24.970311,0.798086,2.844214,0.0,88.234743,0.0,14.860269,0.0,60.481382,33.829457,60.730183,49.999794,33.738991,50.0,27.0,0.0,0.0,0.0,0.0,0.0,0.0,0.0,1
4714,0.0,0.0,1.89875,0.0,38.105713,25.052777,0.801395,2.843395,0.0,88.890923,0.0,14.869753,0.0,60.388132,33.943641,60.86224,50.036295,33.812355,50.0,27.0,0.0,0.0,0.0,0.0,0.0,0.0,0.0,1
4715,0.0,0.0,1.895514,0.0,37.897694,25.091672,0.801907,2.862123,0.0,89.026367,0.0,14.858244,0.0,60.625509,33.865389,60.904922,50.047912,33.836068,50.0,27.0,0.0,0.0,0.0,0.0,0.0,0.0,0.0,1
4716,0.0,0.0,1.905803,0.0,37.87469,25.065203,0.803145,2.836356,0.0,89.110278,0.0,14.839056,0.0,60.980029,33.669948,60.829721,50.026888,33.794289,50.0,27.0,0.0,0.0,0.0,0.0,0.0,0.0,0.0,1
4717,0.0,0.0,1.89586,0.0,37.980373,25.048575,0.799232,2.866693,0.0,89.112346,0.0,14.895464,0.0,60.503464,33.911603,60.872292,50.038521,33.81794,50.0,27.0,0.0,0.0,0.0,0.0,0.0,0.0,0.0,1
4718,0.0,0.0,1.911032,0.0,38.151845,24.891263,0.80319,2.871021,0.0,88.695984,0.0,14.886728,0.0,60.421264,33.999138,60.951683,50.060273,33.862046,50.0,27.0,0.0,0.0,0.0,0.0,0.0,0.0,0.0,1
4719,0.0,0.0,1.906923,0.0,37.936381,24.962218,0.799218,2.842618,0.0,88.939255,0.0,14.829101,0.0,61.128867,33.480129,60.531351,49.943795,33.628528,50.0,27.0,0.0,0.0,0.0,0.0,0.0,0.0,0.0,1
4720,0.0,0.0,1.905116,0.0,38.022982,24.972733,0.80006,2.859189,0.0,89.898752,0.0,14.848253,0.0,60.906037,33.531171,60.453532,49.922566,33.585296,50.0,27.0,0.0,0.0,0.0,0.0,0.0,0.0,0.0,1
4721,0.0,0.0,1.896175,0.0,37.828758,25.10222,0.800858,2.855696,0.0,89.297945,0.0,14.828884,0.0,60.776084,33.609146,60.516339,49.94031,33.620188,50.0,27.0,0.0,0.0,0.0,0.0,0.0,0.0,0.0,1
4722,0.0,0.0,1.8829,0.0,38.150509,25.021176,0.800736,2.851023,0.0,89.670849,0.0,14.784662,0.0,60.830011,33.679012,60.733874,50.000733,33.741041,50.0,27.0,0.0,0.0,0.0,0.0,0.0,0.0,0.0,1
4723,0.0,0.0,1.902353,0.0,37.920799,24.953418,0.798657,2.854757,0.0,88.8998,0.0,14.863338,0.0,60.524267,33.674597,60.424827,49.91531,33.569348,50.0,27.0,0.0,0.0,0.0,0.0,0.0,0.0,0.0,1
4724,0.0,0.0,1.90354,0.0,37.927291,24.894287,0.79486,2.847772,0.0,88.996597,0.0,14.828314,0.0,60.762664,33.686066,60.693629,49.990027,33.718683,50.0,27.0,0.0,0.0,0.0,0.0,0.0,0.0,0.0,1
4725,0.0,0.0,1.90355,0.0,37.982599,24.93703,0.80006,2.848786,0.0,89.267587,0.0,14.857532,0.0,60.476427,33.759992,60.567646,49.955256,33.648692,50.0,27.0,0.0,0.0,0.0,0.0,0.0,0.0,0.0,1
4726,0.0,0.0,1.897025,0.0,38.028738,25.016148,0.805515,2.847834,0.0,88.86931,0.0,14.817868,0.0,60.689347,33.648886,60.540501,49.947976,33.633612,50.0,27.0,0.0,0.0,0.0,0.0,0.0,0.0,0.0,1
4727,0.0,0.0,1.904538,0.0,37.841245,24.962378,0.801816,2.858286,0.0,88.714962,0.0,14.897956,0.0,60.659858,33.880793,61.009492,50.077862,33.894162,50.0,27.0,0.0,0.0,0.0,0.0,0.0,0.0,0.0,1
4728,0.0,0.0,1.910904,0.0,38.028929,24.975733,0.801184,2.848134,0.0,89.078158,0.0,14.863113,0.0,60.718002,33.725538,60.718294,49.996988,33.732385,50.0,27.0,0.0,0.0,0.0,0.0,0.0,0.0,0.0,1
4729,0.0,0.0,1.89533,0.0,37.933795,25.020066,0.797717,2.849931,0.0,89.221667,0.0,14.924504,0.0,60.814355,33.812768,60.998631,50.074487,33.888128,50.0,27.0,0.0,0.0,0.0,0.0,0.0,0.0,0.0,1
4730,0.0,0.0,1.897857,0.0,38.230877,25.06698,0.801283,2.82435,0.0,89.190458,0.0,14.859183,0.0,60.785655,33.839596,61.015003,50.078642,33.897224,50.0,27.0,0.0,0.0,0.0,0.0,0.0,0.0,0.0,1
4731,0.0,0.0,1.89946,0.0,38.081779,24.965717,0.798773,2.852132,0.0,89.016832,0.0,14.858733,0.0,60.76492,33.672465,60.627391,49.971116,33.681884,50.0,27.0,0.0,0.0,0.0,0.0,0.0,0.0,0.0,1
4732,0.0,0.0,1.899464,0.0,37.958486,25.046375,0.805037,2.851888,0.0,89.169084,0.0,14.852744,0.0,61.067431,33.833508,61.278199,50.15114,34.043444,50.0,27.0,0.0,0.0,0.0,0.0,0.0,0.0,0.0,1
4733,0.0,0.0,1.89129,0.0,37.946934,25.053918,0.801476,2.854574,0.0,89.014638,0.0,14.873517,0.0,60.429823,33.712704,60.372594,49.900083,33.54033,50.0,27.0,0.0,0.0,0.0,0.0,0.0,0.0,0.0,1
4734,0.0,0.0,1.897339,0.0,38.25774,25.067939,0.79944,2.851022,0.0,88.960714,0.0,14.92933,0.0,60.548341,33.802921,60.684993,49.986926,33.713885,50.0,27.0,0.0,0.0,0.0,0.0,0.0,0.0,0.0,1
4735,0.0,0.0,1.899442,0.0,37.99445,24.940668,0.801576,2.85186,0.0,88.774017,0.0,14.89828,0.0,61.01853,33.550574,60.614346,49.967465,33.674637,50.0,27.0,0.0,0.0,0.0,0.0,0.0,0.0,0.0,1
4736,0.0,0.0,1.899579,0.0,38.022969,25.121362,0.800668,2.8474,0.0,89.218697,0.0,14.86998,0.0,60.61025,33.844428,60.851175,50.033085,33.806208,50.0,27.0,0.0,0.0,0.0,0.0,0.0,0.0,0.0,1
4737,0.0,0.0,1.895608,0.0,38.114545,24.939806,0.800026,2.84963,0.0,89.26821,0.0,14.921596,0.0,60.318066,33.932333,60.729358,49.999251,33.738532,50.0,27.0,0.0,0.0,0.0,0.0,0.0,0.0,0.0,1
4738,0.0,0.0,1.904805,0.0,37.882331,24.830699,0.795445,2.860701,0.0,89.0886,0.0,14.804393,0.0,60.822331,33.835104,61.002826,50.07484,33.890459,50.0,27.0,0.0,0.0,0.0,0.0,0.0,0.0,0.0,1
4739,0.0,0.0,1.901139,0.0,38.164923,24.937145,0.805468,2.85585,0.0,89.517663,0.0,14.89644,0.0,60.680344,33.743308,60.655925,49.978586,33.697736,50.0,27.0,0.0,0.0,0.0,0.0,0.0,0.0,0.0,1
4740,0.0,0.0,1.908304,0.0,38.245752,24.86123,0.801124,2.847465,0.0,89.068246,0.0,14.881779,0.0,60.711567,33.669103,60.532148,49.944481,33.628971,50.0,27.0,0.0,0.0,0.0,0.0,0.0,0.0,0.0,1
4741,0.0,0.0,1.89629,0.0,38.14874,24.998912,0.795542,2.857908,0.0,89.283825,0.0,14.871003,0.0,60.776258,33.661846,60.592745,49.961505,33.662636,50.0,27.0,0.0,0.0,0.0,0.0,0.0,0.0,0.0,1
4742,0.0,0.0,1.899681,0.0,37.95446,24.989612,0.802196,2.836274,0.0,89.274536,0.0,14.927923,0.0,60.642548,33.631535,60.406568,49.910238,33.559204,50.0,27.0,0.0,0.0,0.0,0.0,0.0,0.0,0.0,1
4743,0.0,0.0,1.897105,0.0,37.882074,25.002223,0.80166,2.831526,0.0,88.747876,0.0,14.855291,0.0,61.140829,33.64704,60.952304,50.061524,33.862391,50.0,27.0,0.0,0.0,0.0,0.0,0.0,0.0,0.0,1
4744,0.0,0.0,1.896741,0.0,37.918097,24.957634,0.800185,2.849737,0.0,89.323418,0.0,14.808534,0.0,60.838681,33.701715,60.777268,50.012839,33.765149,50.0,27.0,0.0,0.0,0.0,0.0,0.0,0.0,0.0,1
4745,0.0,0.0,1.898789,0.0,37.967214,24.951328,0.799369,2.850002,0.0,89.388706,0.0,14.815277,0.0,60.638112,33.85139,60.896259,50.045664,33.831255,50.0,27.0,0.0,0.0,0.0,0.0,0.0,0.0,0.0,1
4746,0.0,0.0,1.89915,0.0,38.090952,25.024009,0.8028,2.844952,0.0,89.096069,0.0,14.834097,0.0,60.767989,33.766796,60.83156,50.027554,33.795311,50.0,27.0,0.0,0.0,0.0,0.0,0.0,0.0,0.0,1
4747,0.0,0.0,1.896871,0.0,37.920889,24.933863,0.801899,2.857671,0.0,89.405187,0.0,14.85219,0.0,60.793263,33.825702,60.977116,50.067648,33.876176,50.0,27.0,0.0,0.0,0.0,0.0,0.0,0.0,0.0,1
4748,0.0,0.0,1.896649,0.0,37.911705,25.073698,0.800873,2.848015,0.0,89.420542,0.0,14.851912,0.0,60.838169,33.739456,60.828607,50.026264,33.79367,50.0,27.0,0.0,0.0,0.0,0.0,0.0,0.0,0.0,1
4749,0.0,0.0,1.886464,0.0,37.879899,24.878943,0.802046,2.852387,0.0,88.944817,0.0,14.829506,0.0,60.318508,33.973826,60.803916,50.019309,33.779953,50.0,27.0,0.0,0.0,0.0,0.0,0.0,0.0,0.0,1
4750,0.0,0.0,1.901982,0.0,38.05582,25.099884,0.797649,2.857332,0.0,89.489691,0.0,14.821093,0.0,60.874159,33.661382,60.670168,49.982245,33.705649,50.0,27.0,0.0,0.0,0.0,0.0,0.0,0.0,0.0,1
4751,0.0,0.0,1.894961,0.0,38.128972,24.905215,0.80076,2.852588,0.0,89.646529,0.0,14.880595,0.0,60.525189,33.871403,60.776962,50.011851,33.764979,50.0,27.0,0.0,0.0,0.0,0.0,0.0,0.0,0.0,1
4752,0.0,0.0,1.899117,0.0,37.99507,24.993435,0.798802,2.834513,0.0,89.162554,0.0,14.910705,0.0,60.528141,33.819842,60.655414,49.978197,33.697452,50.0,27.0,0.0,0.0,0.0,0.0,0.0,0.0,0.0,1
4753,0.0,0.0,1.907262,0.0,37.985675,25.119748,0.796441,2.854562,0.0,89.141844,0.0,14.887908,0.0,60.541265,33.893408,60.815762,50.022625,33.786535,50.0,27.0,0.0,0.0,0.0,0.0,0.0,0.0,0.0,1
4754,0.0,0.0,1.898507,0.0,37.912065,25.005997,0.798938,2.838205,0.0,89.395497,0.0,14.904064,0.0,61.150997,33.769278,61.146503,50.113928,33.97028,50.0,27.0,0.0,0.0,0.0,0.0,0.0,0.0,0.0,1
4755,0.0,0.0,1.904716,0.0,38.041788,24.843342,0.797591,2.849942,0.0,89.100643,0.0,14.887072,0.0,60.664414,33.900637,60.937287,50.055535,33.854048,50.0,27.0,0.0,0.0,0.0,0.0,0.0,0.0,0.0,1
4756,0.0,0.0,1.892416,0.0,38.00766,25.014765,0.804444,2.852836,0.0,89.610897,0.0,14.846171,0.0,60.774329,33.749373,60.711074,49.992734,33.728374,50.0,27.0,0.0,0.0,0.0,0.0,0.0,0.0,0.0,1
4757,0.0,0.0,1.896752,0.0,38.010413,24.912361,0.799443,2.848248,0.0,89.716555,0.0,14.987276,0.0,60.860035,33.635152,60.559798,49.950958,33.644332,50.0,27.0,0.0,0.0,0.0,0.0,0.0,0.0,0.0,1
4758,0.0,0.0,1.904887,0.0,38.001233,24.960402,0.797932,2.860156,0.0,89.269287,0.0,14.876593,0.0,61.184382,33.639149,60.911342,50.048367,33.839634,50.0,27.0,0.0,0.0,0.0,0.0,0.0,0.0,0.0,1
4759,0.0,0.0,1.911735,0.0,37.941755,25.006336,0.796199,2.851091,0.0,88.928778,0.0,14.811749,0.0,60.566925,33.841916,60.73866,50.000398,33.7437,50.0,27.0,0.0,0.0,0.0,0.0,0.0,0.0,0.0,1
4760,0.0,0.0,1.907075,0.0,38.128454,25.061208,0.798943,2.861538,0.0,89.110941,0.0,14.864147,0.0,60.518248,33.81531,60.623128,49.968464,33.679515,50.0,27.0,0.0,0.0,0.0,0.0,0.0,0.0,0.0,1
4761,0.0,0.0,1.900887,0.0,37.965503,25.151213,0.799952,2.856909,0.0,89.345128,0.0,14.76669,0.0,60.568334,33.894752,60.834232,50.026969,33.796795,50.0,27.0,0.0,0.0,0.0,0.0,0.0,0.0,0.0,1
4762,0.0,0.0,1.898665,0.0,38.109082,24.945718,0.802209,2.853203,0.0,89.065976,0.0,14.815796,0.0,60.686053,33.70634,60.537901,49.94493,33.632167,50.0,27.0,0.0,0.0,0.0,0.0,0.0,0.0,0.0,1
4763,0.0,0.0,1.905316,0.0,38.014362,24.963701,0.802562,2.850886,0.0,89.172301,0.0,14.876857,0.0,60.830382,33.70402,60.686595,49.986302,33.714775,50.0,27.0,0.0,0.0,0.0,0.0,0.0,0.0,0.0,1
4764,0.0,0.0,1.907381,0.0,37.797124,25.042208,0.79793,2.838922,0.0,89.01371,0.0,14.850839,0.0,61.034818,33.62274,60.728568,49.997972,33.738093,50.0,27.0,0.0,0.0,0.0,0.0,0.0,0.0,0.0,1
4765,0.0,0.0,1.898808,0.0,38.031625,24.902212,0.801358,2.847271,0.0,88.781379,0.0,14.867477,0.0,61.114252,33.496231,60.560288,49.95147,33.644604,50.0,27.0,0.0,0.0,0.0,0.0,0.0,0.0,0.0,1
4766,0.0,0.0,1.896646,0.0,38.08075,25.07785,0.800625,2.841871,0.0,89.298328,0.0,14.875826,0.0,60.756935,33.707748,60.683763,49.985839,33.713202,50.0,27.0,0.0,0.0,0.0,0.0,0.0,0.0,0.0,1
4767,0.0,0.0,1.901414,0.0,38.25681,24.931767,0.800018,2.842158,0.0,89.158952,0.0,14.766978,0.0,60.330082,33.91869,60.706439,49.992177,33.7258,50.0,27.0,0.0,0.0,0.0,0.0,0.0,0.0,0.0,1
4768,0.0,0.0,1.8996,0.0,38.005675,24.88565,0.799782,2.847248,0.0,88.839679,0.0,14.852459,0.0,60.818146,33.609806,60.519428,49.940527,33.621905,50.0,27.0,0.0,0.0,0.0,0.0,0.0,0.0,0.0,1
4769,0.0,0.0,1.897198,0.0,37.856561,25.088355,0.798644,2.8595,0.0,88.879161,0.0,14.890238,0.0,60.82225,33.660971,60.650128,49.976948,33.694516,50.0,27.0,0.0,0.0,0.0,0.0,0.0,0.0,0.0,1
4770,0.0,0.0,1.902254,0.0,37.819664,25.056193,0.802708,2.848581,0.0,89.678357,0.0,14.924429,0.0,60.596983,33.854731,60.844333,50.03074,33.802407,50.0,27.0,0.0,0.0,0.0,0.0,0.0,0.0,0.0,1
4771,0.0,0.0,1.908036,0.0,37.934945,24.971425,0.800322,2.856559,0.0,88.944518,0.0,14.796978,0.0,60.646196,33.83724,60.841189,50.029718,33.80066,50.0,27.0,0.0,0.0,0.0,0.0,0.0,0.0,0.0,1
4772,0.0,0.0,1.901053,0.0,38.042231,25.036605,0.798736,2.835796,0.0,89.001884,0.0,14.75082,0.0,60.76667,33.866325,61.010828,50.076458,33.894904,50.0,27.0,0.0,0.0,0.0,0.0,0.0,0.0,0.0,1
4773,0.0,0.0,1.902469,0.0,37.9868,25.052426,0.799444,2.873287,0.0,89.560726,0.0,14.817525,0.0,60.824743,33.727706,60.761242,50.007093,33.756245,50.0,27.0,0.0,0.0,0.0,0.0,0.0,0.0,0.0,1
4774,0.0,0.0,1.90659,0.0,37.902625,25.011113,0.794936,2.839427,0.0,88.875602,0.0,14.765517,0.0,60.814716,33.698618,60.693826,49.988424,33.718792,50.0,27.0,0.0,0.0,0.0,0.0,0.0,0.0,0.0,1
4775,0.0,0.0,1.909263,0.0,37.868778,25.063241,0.799287,2.855194,0.0,89.363062,0.0,14.848374,0.0,60.873804,33.677826,60.716612,49.99478,33.731451,50.0,27.0,0.0,0.0,0.0,0.0,0.0,0.0,0.0,1
4776,0.0,0.0,1.907843,0.0,37.658,25.113275,0.795963,2.861987,0.0,89.3576,0.0,14.844356,0.0,60.695533,33.71527,60.627149,49.970079,33.68175,50.0,27.0,0.0,0.0,0.0,0.0,0.0,0.0,0.0,1
4777,0.0,0.0,1.891719,0.0,37.716414,25.059988,0.799024,2.850181,0.0,89.127066,0.0,14.842345,0.0,60.774489,33.782512,60.852217,50.032435,33.806787,50.0,27.0,0.0,0.0,0.0,0.0,0.0,0.0,0.0,1
4778,0.0,0.0,1.908155,0.0,37.985337,25.031808,0.801918,2.841503,0.0,88.471641,0.0,14.798588,0.0,61.029887,33.470617,60.444854,49.91968,33.580474,50.0,27.0,0.0,0.0,0.0,0.0,0.0,0.0,0.0,1
4779,0.0,0.0,1.903646,0.0,37.994848,24.971003,0.80201,2.855169,0.0,89.078863,0.0,14.82544,0.0,60.746831,33.620096,60.513669,49.9391,33.618705,50.0,27.0,0.0,0.0,0.0,0.0,0.0,0.0,0.0,1
4780,0.0,0.0,1.893784,0.0,37.784674,24.955619,0.799776,2.843438,0.0,89.120205,0.0,14.819802,0.0,60.624378,33.807531,60.80116,50.018864,33.778422,50.0,27.0,0.0,0.0,0.0,0.0,0.0,0.0,0.0,1
4781,0.0,0.0,1.897292,0.0,38.122754,25.164352,0.801516,2.85858,0.0,88.711044,0.0,14.843121,0.0,60.558814,33.910351,60.941433,50.057541,33.856351,50.0,27.0,0.0,0.0,0.0,0.0,0.0,0.0,0.0,1
4782,0.0,0.0,1.915681,0.0,38.041444,24.904518,0.802586,2.856993,0.0,88.547974,0.0,14.872935,0.0,60.730313,33.595485,60.424849,49.914473,33.56936,50.0,27.0,0.0,0.0,0.0,0.0,0.0,0.0,0.0,1
4783,0.0,0.0,1.895149,0.0,38.177592,24.981106,0.801545,2.831778,0.0,89.035285,0.0,14.823609,0.0,60.896046,33.566933,60.549445,49.949337,33.638581,50.0,27.0,0.0,0.0,0.0,0.0,0.0,0.0,0.0,1
4784,0.0,0.0,1.898005,0.0,37.953852,25.029087,0.801565,2.839723,0.0,89.048221,0.0,14.861518,0.0,61.071609,33.666258,60.956185,50.06201,33.864547,50.0,27.0,0.0,0.0,0.0,0.0,0.0,0.0,0.0,1
4785,0.0,0.0,1.901931,0.0,37.896309,24.992202,0.795799,2.855764,0.0,88.942644,0.0,14.745408,0.0,60.683052,33.826016,60.911831,50.049442,33.839906,50.0,27.0,0.0,0.0,0.0,0.0,0.0,0.0,0.0,1
4786,0.0,0.0,1.887612,0.0,38.034551,24.937582,0.802361,2.846443,0.0,88.709955,0.0,14.931075,0.0,60.870018,33.662278,60.739115,50.001458,33.743953,50.0,27.0,0.0,0.0,0.0,0.0,0.0,0.0,0.0,1
4787,0.0,0.0,1.898442,0.0,37.870028,24.936947,0.799441,2.847243,0.0,88.587297,0.0,14.87939,0.0,60.539892,33.994002,61.116899,50.105869,33.953833,50.0,27.0,0.0,0.0,0.0,0.0,0.0,0.0,0.0,1
4788,0.0,0.0,1.907269,0.0,38.020306,25.039925,0.80654,2.864557,0.0,89.234006,0.0,14.796652,0.0,60.729578,33.825178,60.914409,50.049375,33.841338,50.0,27.0,0.0,0.0,0.0,0.0,0.0,0.0,0.0,1
4789,0.0,0.0,1.901265,0.0,38.042335,24.982415,0.795517,2.836479,0.0,89.356003,0.0,14.861694,0.0,60.533594,33.720869,60.486847,49.930953,33.603804,50.0,27.0,0.0,0.0,0.0,0.0,0.0,0.0,0.0,1
4790,0.0,0.0,1.896004,0.0,37.8615,25.043417,0.793609,2.85975,0.0,88.972436,0.0,14.761806,0.0,60.59223,33.959537,61.051845,50.08746,33.917692,50.0,27.0,0.0,0.0,0.0,0.0,0.0,0.0,0.0,1
4791,0.0,0.0,1.896356,0.0,37.931053,24.923153,0.800441,2.849632,0.0,89.102114,0.0,14.90396,0.0,60.73521,33.561713,60.326939,49.886663,33.514966,50.0,27.0,0.0,0.0,0.0,0.0,0.0,0.0,0.0,1
4792,0.0,0.0,1.897526,0.0,38.115572,25.062109,0.800343,2.841454,0.0,89.433433,0.0,14.949911,0.0,60.598459,33.757605,60.628914,49.970692,33.68273,50.0,27.0,0.0,0.0,0.0,0.0,0.0,0.0,0.0,1
4793,0.0,0.0,1.90305,0.0,38.276103,25.054061,0.80056,2.85626,0.0,88.916057,0.0,14.884197,0.0,60.615697,33.864038,60.868756,50.037129,33.815976,50.0,27.0,0.0,0.0,0.0,0.0,0.0,0.0,0.0,1
4794,0.0,0.0,1.898448,0.0,38.067447,25.031449,0.800148,2.858259,0.0,89.391488,0.0,14.91342,0.0,60.793459,33.627941,60.532684,49.944055,33.629269,50.0,27.0,0.0,0.0,0.0,0.0,0.0,0.0,0.0,1
4795,0.0,0.0,1.904236,0.0,38.130618,24.940572,0.799167,2.848901,0.0,89.89335,0.0,14.734157,0.0,60.767468,33.743854,60.767495,50.009235,33.759719,50.0,27.0,0.0,0.0,0.0,0.0,0.0,0.0,0.0,1
4796,0.0,0.0,1.902263,0.0,38.007103,25.008702,0.800941,2.844784,0.0,88.78315,0.0,14.900584,0.0,61.055399,33.606245,60.765156,50.008542,33.75842,50.0,27.0,0.0,0.0,0.0,0.0,0.0,0.0,0.0,1
4797,0.0,0.0,1.893408,0.0,38.214926,25.039932,0.805215,2.85329,0.0,89.188382,0.0,14.799984,0.0,60.958075,33.663841,60.807463,50.020193,33.781924,50.0,27.0,0.0,0.0,0.0,0.0,0.0,0.0,0.0,1
4798,0.0,0.0,1.898459,0.0,38.143361,25.022552,0.803066,2.87129,0.0,88.945359,0.0,14.824943,0.0,60.983709,33.628685,60.768353,50.009283,33.760196,50.0,27.0,0.0,0.0,0.0,0.0,0.0,0.0,0.0,1
4799,0.0,0.0,1.895451,0.0,37.987063,25.00177,0.799631,2.847906,0.0,88.712258,0.0,14.780755,0.0,60.751784,33.626797,60.545907,49.947753,33.636615,50.0,27.0,0.0,0.0,0.0,0.0,0.0,0.0,0.0,1
4800,0.0,0.0,1.901089,0.0,38.077975,24.952542,0.800964,2.864201,0.0,89.852023,0.0,14.805506,0.0,60.558768,33.609698,60.329689,49.888252,33.516494,50.0,27.0,0.0,0.0,0.0,0.0,0.0,0.0,0.0,1
4801,0.0,0.0,1.902037,0.0,37.955583,24.945755,0.802767,2.858274,0.0,89.242634,0.0,14.859989,0.0,60.636075,33.884788,61.001582,50.074516,33.889768,50.0,27.0,0.0,0.0,0.0,0.0,0.0,0.0,0.0,1
4802,0.0,0.0,1.905346,0.0,37.771683,25.041335,0.798602,2.848053,0.0,89.073184,0.0,14.854734,0.0,60.750898,33.827418,60.972547,50.06612,33.873637,50.0,27.0,0.0,0.0,0.0,0.0,0.0,0.0,0.0,1
4803,0.0,0.0,1.884964,0.0,38.023869,24.940167,0.800157,2.854987,0.0,89.455078,0.0,14.781819,0.0,60.67994,33.784493,60.79719,50.017323,33.776217,50.0,27.0,0.0,0.0,0.0,0.0,0.0,0.0,0.0,1
4804,0.0,0.0,1.90244,0.0,37.969299,25.045043,0.802256,2.866354,0.0,89.506746,0.0,14.772586,0.0,60.475435,33.890566,60.809104,50.02053,33.782835,50.0,27.0,0.0,0.0,0.0,0.0,0.0,0.0,0.0,1
4805,0.0,0.0,1.898961,0.0,38.088956,25.027342,0.799043,2.835711,0.0,89.036215,0.0,14.851306,0.0,60.648351,33.799739,60.769577,50.009503,33.760876,50.0,27.0,0.0,0.0,0.0,0.0,0.0,0.0,0.0,1
4806,0.0,0.0,1.910679,0.0,38.058437,25.068316,0.804377,2.852513,0.0,88.916545,0.0,14.824453,0.0,60.939318,33.646423,60.729567,49.998397,33.738648,50.0,27.0,0.0,0.0,0.0,0.0,0.0,0.0,0.0,1
4807,0.0,0.0,1.891806,0.0,38.036889,25.062664,0.802292,2.856983,0.0,88.96664,0.0,14.881384,0.0,61.011153,33.608107,60.733689,49.999544,33.740938,50.0,27.0,0.0,0.0,0.0,0.0,0.0,0.0,0.0,1
4808,0.0,0.0,1.904418,0.0,38.093293,25.002851,0.795069,2.858206,0.0,88.963497,0.0,14.855886,0.0,60.611931,33.77918,60.712665,49.993736,33.729259,50.0,27.0,0.0,0.0,0.0,0.0,0.0,0.0,0.0,1
4809,0.0,0.0,1.907023,0.0,38.130835,24.953972,0.803735,2.857659,0.0,89.342675,0.0,14.88623,0.0,60.449808,33.68865,60.353284,49.894435,33.529602,50.0,27.0,0.0,0.0,0.0,0.0,0.0,0.0,0.0,1
4810,0.0,0.0,1.895545,0.0,37.820805,25.033474,0.802547,2.847885,0.0,89.289931,0.0,14.868171,0.0,60.740364,33.789702,60.86303,50.035852,33.812795,50.0,27.0,0.0,0.0,0.0,0.0,0.0,0.0,0.0,1
4811,0.0,0.0,1.899033,0.0,37.924133,25.035936,0.803735,2.863833,0.0,89.070902,0.0,14.85825,0.0,60.320197,33.987698,60.852844,50.032858,33.807136,50.0,27.0,0.0,0.0,0.0,0.0,0.0,0.0,0.0,1
4812,0.0,0.0,1.914814,0.0,37.880788,25.062901,0.801669,2.85524,0.0,89.073113,0.0,14.899818,0.0,60.787687,33.779845,60.848603,50.031523,33.80478,50.0,27.0,0.0,0.0,0.0,0.0,0.0,0.0,0.0,1
4813,0.0,0.0,1.902746,0.0,37.898371,24.985922,0.804956,2.844201,0.0,88.943491,0.0,14.804258,0.0,60.976905,33.615955,60.688309,49.987061,33.715727,50.0,27.0,0.0,0.0,0.0,0.0,0.0,0.0,0.0,1
4814,0.0,0.0,1.899516,0.0,37.899776,24.934383,0.800821,2.850735,0.0,89.074389,0.0,14.902606,0.0,60.656418,33.776261,60.724005,49.996992,33.735558,50.0,27.0,0.0,0.0,0.0,0.0,0.0,0.0,0.0,1
4815,0.0,0.0,1.893838,0.0,38.111281,25.008367,0.799295,2.861138,0.0,89.057309,0.0,14.855259,0.0,60.904456,33.652901,60.707605,49.992474,33.726447,50.0,27.0,0.0,0.0,0.0,0.0,0.0,0.0,0.0,1
4816,0.0,0.0,1.901205,0.0,38.054447,25.058849,0.80319,2.832451,0.0,89.0586,0.0,14.847711,0.0,60.998108,33.767307,61.054886,50.088498,33.919381,50.0,27.0,0.0,0.0,0.0,0.0,0.0,0.0,0.0,1
4817,0.0,0.0,1.901994,0.0,37.926852,25.100381,0.803349,2.844607,0.0,89.312133,0.0,14.767328,0.0,60.873908,33.669895,60.721659,49.995956,33.734255,50.0,27.0,0.0,0.0,0.0,0.0,0.0,0.0,0.0,1
4818,0.0,0.0,1.89545,0.0,37.880275,25.071284,0.79694,2.874264,0.0,89.174723,0.0,14.822087,0.0,60.748164,33.697752,60.664192,49.980092,33.702329,50.0,27.0,0.0,0.0,0.0,0.0,0.0,0.0,0.0,1
4819,0.0,0.0,1.896824,0.0,37.963742,25.0894,0.80035,2.852349,0.0,89.620655,0.0,14.928986,0.0,60.928175,33.614578,60.674006,49.982904,33.707781,50.0,27.0,0.0,0.0,0.0,0.0,0.0,0.0,0.0,1
4820,0.0,0.0,1.897064,0.0,38.110103,25.06723,0.798037,2.851092,0.0,89.151184,0.0,14.866333,0.0,60.79905,33.593252,60.515781,49.939256,33.619878,50.0,27.0,0.0,0.0,0.0,0.0,0.0,0.0,0.0,1
4821,0.0,0.0,1.911352,0.0,38.209565,24.895618,0.798866,2.857387,0.0,88.833792,0.0,14.856796,0.0,60.283446,33.965905,60.803948,50.019206,33.779971,50.0,27.0,0.0,0.0,0.0,0.0,0.0,0.0,0.0,1
4822,0.0,0.0,1.896637,0.0,38.063733,24.998008,0.801679,2.87565,0.0,88.932134,0.0,14.88463,0.0,60.920734,33.571734,60.577249,49.956452,33.654027,50.0,27.0,0.0,0.0,0.0,0.0,0.0,0.0,0.0,1
4823,0.0,0.0,1.902821,0.0,38.000733,24.98222,0.796766,2.85307,0.0,89.464914,0.0,14.888717,0.0,60.827925,33.771251,60.926765,50.053274,33.848203,50.0,27.0,0.0,0.0,0.0,0.0,0.0,0.0,0.0,1
4824,0.0,0.0,1.90022,0.0,38.015136,25.003358,0.797807,2.853838,0.0,89.002445,0.0,14.836089,0.0,61.136502,33.49628,60.649147,49.976276,33.69397,50.0,27.0,0.0,0.0,0.0,0.0,0.0,0.0,0.0,1
4825,0.0,0.0,1.904705,0.0,38.17726,24.919116,0.802374,2.853038,0.0,89.475066,0.0,14.740358,0.0,60.440461,33.901495,60.838316,50.02868,33.799064,50.0,27.0,0.0,0.0,0.0,0.0,0.0,0.0,0.0,1
4826,0.0,0.0,1.903477,0.0,37.818472,25.007929,0.798883,2.836215,0.0,89.006734,0.0,14.892065,0.0,60.422484,33.998821,61.000771,50.073439,33.889317,50.0,27.0,0.0,0.0,0.0,0.0,0.0,0.0,0.0,1
4827,0.0,0.0,1.906303,0.0,37.997675,25.112923,0.800593,2.844761,0.0,89.075755,0.0,14.853174,0.0,60.695358,33.801903,60.822127,50.023697,33.79007,50.0,27.0,0.0,0.0,0.0,0.0,0.0,0.0,0.0,1
4828,0.0,0.0,1.895957,0.0,38.046718,25.021256,0.798527,2.843974,0.0,89.262796,0.0,14.901185,0.0,60.632016,33.699707,60.535293,49.944299,33.630719,50.0,27.0,0.0,0.0,0.0,0.0,0.0,0.0,0.0,1
4829,0.0,0.0,1.899202,0.0,37.871205,25.010033,0.800195,2.84941,0.0,88.542715,0.0,14.951248,0.0,60.886556,33.733695,60.867572,50.036417,33.815318,50.0,27.0,0.0,0.0,0.0,0.0,0.0,0.0,0.0,1
4830,0.0,0.0,1.90478,0.0,37.870501,25.120603,0.7966,2.848006,0.0,89.291926,0.0,14.918285,0.0,61.143162,33.549232,60.736262,49.999942,33.742368,50.0,27.0,0.0,0.0,0.0,0.0,0.0,0.0,0.0,1
4831,0.0,0.0,1.904285,0.0,38.044624,24.912391,0.801701,2.845953,0.0,89.26706,0.0,14.831645,0.0,60.6563,33.707065,60.60776,49.964425,33.670978,50.0,27.0,0.0,0.0,0.0,0.0,0.0,0.0,0.0,1
4832,0.0,0.0,1.900474,0.0,38.095246,24.965223,0.799425,2.85803,0.0,89.401346,0.0,14.894965,0.0,60.399369,33.844346,60.643441,49.974464,33.6908,50.0,27.0,0.0,0.0,0.0,0.0,0.0,0.0,0.0,1
4833,0.0,0.0,1.898253,0.0,37.987721,25.004608,0.806866,2.83917,0.0,88.649972,0.0,14.79521,0.0,60.244336,34.046776,60.900153,50.045545,33.833418,50.0,27.0,0.0,0.0,0.0,0.0,0.0,0.0,0.0,1
4834,0.0,0.0,1.892342,0.0,37.778123,25.103679,0.800066,2.860929,0.0,89.422147,0.0,14.853552,0.0,60.555344,33.924378,60.911988,50.04859,33.839994,50.0,27.0,0.0,0.0,0.0,0.0,0.0,0.0,0.0,1
4835,0.0,0.0,1.902956,0.0,37.900963,24.975659,0.802795,2.84443,0.0,89.683081,0.0,14.881819,0.0,60.868323,33.741856,60.817671,50.022279,33.787595,50.0,27.0,0.0,0.0,0.0,0.0,0.0,0.0,0.0,1
4836,0.0,0.0,1.901278,0.0,37.747035,25.057615,0.80077,2.862552,0.0,89.543148,0.0,14.929544,0.0,60.769912,33.733451,60.704696,49.990943,33.724831,50.0,27.0,0.0,0.0,0.0,0.0,0.0,0.0,0.0,1
4837,0.0,0.0,1.903556,0.0,37.927219,25.049091,0.797835,2.853742,0.0,88.889307,0.0,14.909882,0.0,60.850872,33.731854,60.786364,50.013561,33.770202,50.0,27.0,0.0,0.0,0.0,0.0,0.0,0.0,0.0,1
4838,0.0,0.0,1.912526,0.0,37.980131,25.092692,0.799209,2.856553,0.0,88.86334,0.0,14.924131,0.0,61.212043,33.533888,60.733981,49.999015,33.7411,50.0,27.0,0.0,0.0,0.0,0.0,0.0,0.0,0.0,1
4839,0.0,0.0,1.891257,0.0,38.189863,24.959815,0.800766,2.841636,0.0,89.006264,0.0,14.867205,0.0,60.881619,33.69381,60.770773,50.009189,33.76154,50.0,27.0,0.0,0.0,0.0,0.0,0.0,0.0,0.0,1
4840,0.0,0.0,1.893999,0.0,38.080513,24.915102,0.801351,2.852487,0.0,89.285675,0.0,14.847773,0.0,60.693679,33.828299,60.873448,50.037522,33.818582,50.0,27.0,0.0,0.0,0.0,0.0,0.0,0.0,0.0,1
4841,0.0,0.0,1.904519,0.0,38.015583,25.05992,0.798969,2.838877,0.0,88.613046,0.0,14.902101,0.0,60.479777,34.075611,61.169985,50.119297,33.983325,50.0,27.0,0.0,0.0,0.0,0.0,0.0,0.0,0.0,1
4842,0.0,0.0,1.892928,0.0,37.989471,25.161787,0.798975,2.865774,0.0,89.526542,0.0,14.860396,0.0,60.98965,33.598691,60.630717,49.969652,33.683731,50.0,27.0,0.0,0.0,0.0,0.0,0.0,0.0,0.0,1
4843,0.0,0.0,1.898708,0.0,38.046529,24.988895,0.799103,2.860265,0.0,89.02594,0.0,14.860825,0.0,60.87394,33.746272,60.848744,50.030065,33.804858,50.0,27.0,0.0,0.0,0.0,0.0,0.0,0.0,0.0,1
4844,0.0,0.0,1.895161,0.0,38.02933,24.994913,0.803294,2.841006,0.0,89.238201,0.0,14.786701,0.0,60.795061,33.910994,61.1189,50.104585,33.954944,50.0,27.0,0.0,0.0,0.0,0.0,0.0,0.0,0.0,1
4845,0.0,0.0,1.893953,0.0,38.080179,25.085264,0.793327,2.840231,0.0,89.082655,0.0,14.869761,0.0,60.894743,33.612804,60.569347,49.952171,33.649637,50.0,27.0,0.0,0.0,0.0,0.0,0.0,0.0,0.0,1
4846,0.0,0.0,1.895117,0.0,37.900153,25.018815,0.802914,2.849137,0.0,88.875178,0.0,14.819037,0.0,61.367718,33.264389,60.327722,49.885624,33.515401,50.0,27.0,0.0,0.0,0.0,0.0,0.0,0.0,0.0,1
4847,0.0,0.0,1.898882,0.0,38.128332,25.037007,0.800683,2.868878,0.0,88.995427,0.0,14.837735,0.0,60.658466,33.889337,61.001719,50.072483,33.889844,50.0,27.0,0.0,0.0,0.0,0.0,0.0,0.0,0.0,1
4848,0.0,0.0,1.896104,0.0,38.049645,24.979718,0.796924,2.845624,0.0,88.666635,0.0,14.943841,0.0,60.602596,33.948603,61.049409,50.085304,33.916338,50.0,27.0,0.0,0.0,0.0,0.0,0.0,0.0,0.0,1
4849,0.0,0.0,1.913773,0.0,38.022815,25.04212,0.80471,2.857129,0.0,88.753111,0.0,14.9131,0.0,60.829004,33.736652,60.800808,50.016167,33.778226,50.0,27.0,0.0,0.0,0.0,0.0,0.0,0.0,0.0,1
4850,0.0,0.0,1.906353,0.0,37.915047,24.991458,0.797807,2.8656,0.0,88.913611,0.0,14.859685,0.0,60.722247,33.78316,60.793916,50.014182,33.774398,50.0,27.0,0.0,0.0,0.0,0.0,0.0,0.0,0.0,1
4851,0.0,0.0,1.903069,0.0,38.072531,24.987375,0.795354,2.848938,0.0,89.007767,0.0,14.88829,0.0,60.700498,33.919065,61.054362,50.086098,33.91909,50.0,27.0,0.0,0.0,0.0,0.0,0.0,0.0,0.0,1
4852,0.0,0.0,1.900598,0.0,38.117634,25.003693,0.798626,2.853832,0.0,89.547903,0.0,14.918699,0.0,60.836868,33.718824,60.746233,50.000504,33.747907,50.0,27.0,0.0,0.0,0.0,0.0,0.0,0.0,0.0,1
4853,0.0,0.0,1.90205,0.0,38.18337,24.991822,0.801257,2.854041,0.0,88.613523,0.0,14.94056,0.0,60.380157,33.840527,60.551903,49.946789,33.639946,50.0,27.0,0.0,0.0,0.0,0.0,0.0,0.0,0.0,1
4854,0.0,0.0,1.903815,0.0,37.890849,24.951217,0.799364,2.864579,0.0,89.720821,0.0,14.861254,0.0,60.659348,33.798285,60.731255,49.996626,33.739586,50.0,27.0,0.0,0.0,0.0,0.0,0.0,0.0,0.0,1
4855,0.0,0.0,1.90372,0.0,37.957777,25.046458,0.800566,2.849529,0.0,89.325753,0.0,14.925118,0.0,60.92396,33.432979,60.220807,49.855557,33.456004,50.0,27.0,0.0,0.0,0.0,0.0,0.0,0.0,0.0,1
4856,0.0,0.0,1.909406,0.0,38.057917,24.975385,0.799547,2.851919,0.0,89.470371,0.0,14.747206,0.0,60.823518,33.618647,60.555954,49.948909,33.642197,50.0,27.0,0.0,0.0,0.0,0.0,0.0,0.0,0.0,1
4857,0.0,0.0,1.906644,0.0,37.874199,24.920845,0.797179,2.854167,0.0,89.613022,0.0,14.847304,0.0,61.002653,33.682956,60.887466,50.040792,33.82637,50.0,27.0,0.0,0.0,0.0,0.0,0.0,0.0,0.0,1
4858,0.0,0.0,1.894442,0.0,38.045705,25.006064,0.799258,2.858498,0.0,89.228409,0.0,14.876391,0.0,60.955093,33.473982,60.406298,49.907596,33.559055,50.0,27.0,0.0,0.0,0.0,0.0,0.0,0.0,0.0,1
4859,0.0,0.0,1.902827,0.0,37.935707,24.936385,0.79913,2.857199,0.0,88.976731,0.0,14.874728,0.0,60.655152,33.924614,61.09121,50.097362,33.939561,50.0,27.0,0.0,0.0,0.0,0.0,0.0,0.0,0.0,1
4860,0.0,0.0,1.901991,0.0,37.893441,25.043263,0.796702,2.853703,0.0,88.99904,0.0,14.809295,0.0,60.515694,33.799343,60.660255,49.977764,33.700142,50.0,27.0,0.0,0.0,0.0,0.0,0.0,0.0,0.0,1
4861,0.0,0.0,1.906442,0.0,37.849126,24.971565,0.803262,2.831747,0.0,89.505317,0.0,14.904185,0.0,60.755006,33.774676,60.838501,50.027141,33.799167,50.0,27.0,0.0,0.0,0.0,0.0,0.0,0.0,0.0,1
4862,0.0,0.0,1.897628,0.0,37.890264,24.874728,0.800672,2.856573,0.0,88.858171,0.0,14.884365,0.0,60.805391,33.805546,60.948782,50.057487,33.860435,50.0,27.0,0.0,0.0,0.0,0.0,0.0,0.0,0.0,1
4863,0.0,0.0,1.892237,0.0,38.117163,24.931688,0.799138,2.850821,0.0,89.295577,0.0,14.815201,0.0,60.647887,33.807965,60.787419,50.012601,33.770788,50.0,27.0,0.0,0.0,0.0,0.0,0.0,0.0,0.0,1
4864,0.0,0.0,1.896162,0.0,37.985742,24.925184,0.800397,2.843089,0.0,89.145937,0.0,14.871639,0.0,60.383223,33.963037,60.841139,50.027387,33.800633,50.0,27.0,0.0,0.0,0.0,0.0,0.0,0.0,0.0,1
4865,0.0,0.0,1.900861,0.0,38.25316,25.106369,0.801577,2.837997,0.0,89.464607,0.0,14.781893,0.0,60.713331,33.871312,60.949145,50.057103,33.860636,50.0,27.0,0.0,0.0,0.0,0.0,0.0,0.0,0.0,1
4866,0.0,0.0,1.899473,0.0,37.817267,25.038283,0.796813,2.853951,0.0,89.55014,0.0,14.956919,0.0,60.668943,33.744214,60.621922,49.966375,33.678845,50.0,27.0,0.0,0.0,0.0,0.0,0.0,0.0,0.0,1
4867,0.0,0.0,1.905741,0.0,38.042708,25.062455,0.801174,2.852641,0.0,89.284933,0.0,14.940675,0.0,60.622767,33.838328,60.777206,50.009463,33.765115,50.0,27.0,0.0,0.0,0.0,0.0,0.0,0.0,0.0,1
4868,0.0,0.0,1.893415,0.0,38.009487,24.930495,0.801539,2.83829,0.0,89.276756,0.0,14.906247,0.0,61.2532,33.621408,60.940421,50.054527,33.855789,50.0,27.0,0.0,0.0,0.0,0.0,0.0,0.0,0.0,1
4869,0.0,0.0,1.908139,0.0,38.184791,25.027062,0.797816,2.842998,0.0,89.033186,0.0,14.909051,0.0,60.926953,33.715493,60.832183,50.02434,33.795657,50.0,27.0,0.0,0.0,0.0,0.0,0.0,0.0,0.0,1
4870,0.0,0.0,1.900802,0.0,37.978614,24.958476,0.800031,2.826659,0.0,88.709557,0.0,14.80024,0.0,60.567956,33.96218,60.999465,50.070455,33.888592,50.0,27.0,0.0,0.0,0.0,0.0,0.0,0.0,0.0,1
4871,0.0,0.0,1.897605,0.0,38.083286,24.919344,0.80103,2.851859,0.0,88.779617,0.0,14.930727,0.0,60.982883,33.690804,60.814989,50.019116,33.786105,50.0,27.0,0.0,0.0,0.0,0.0,0.0,0.0,0.0,1
4872,0.0,0.0,1.902589,0.0,37.933889,25.010466,0.798917,2.842323,0.0,89.38576,0.0,14.836976,0.0,60.627751,33.858508,60.824101,50.021539,33.791167,50.0,27.0,0.0,0.0,0.0,0.0,0.0,0.0,0.0,1
4873,0.0,0.0,1.900258,0.0,37.999633,25.0639,0.794541,2.844043,0.0,88.497089,0.0,14.875201,0.0,60.744665,33.674372,60.54033,49.942999,33.633516,50.0,27.0,0.0,0.0,0.0,0.0,0.0,0.0,0.0,1
4874,0.0,0.0,1.901876,0.0,37.94547,24.936915,0.802644,2.849606,0.0,89.390393,0.0,14.830868,0.0,60.626967,33.802187,60.705013,49.9888,33.725007,50.0,27.0,0.0,0.0,0.0,0.0,0.0,0.0,0.0,1
4875,0.0,0.0,1.886253,0.0,37.990202,25.028388,0.799837,2.852338,0.0,88.857415,0.0,14.877491,0.0,60.559681,33.877466,60.79164,50.012799,33.773133,50.0,27.0,0.0,0.0,0.0,0.0,0.0,0.0,0.0,1
4876,0.0,0.0,1.903909,0.0,37.838828,24.975557,0.801607,2.848884,0.0,89.510147,0.0,14.884986,0.0,60.926587,33.595326,60.54891,49.945646,33.638283,50.0,27.0,0.0,0.0,0.0,0.0,0.0,0.0,0.0,1
4877,0.0,0.0,1.902305,0.0,38.033442,24.92744,0.798375,2.871375,0.0,89.29078,0.0,14.935088,0.0,60.727916,33.775661,60.754239,50.002668,33.752355,50.0,27.0,0.0,0.0,0.0,0.0,0.0,0.0,0.0,1
4878,0.0,0.0,1.905056,0.0,38.108475,25.043187,0.802473,2.857523,0.0,89.375657,0.0,14.814615,0.0,60.600172,33.887453,60.860661,50.03207,33.811478,50.0,27.0,0.0,0.0,0.0,0.0,0.0,0.0,0.0,1
4879,0.0,0.0,1.906814,0.0,37.890389,24.951024,0.800317,2.859769,0.0,89.772494,0.0,14.950049,0.0,60.779159,33.713157,60.655713,49.975263,33.697618,50.0,27.0,0.0,0.0,0.0,0.0,0.0,0.0,0.0,1
4880,0.0,0.0,1.898436,0.0,38.082899,24.984139,0.796998,2.849137,0.0,89.27238,0.0,14.884775,0.0,60.878703,33.710291,60.756927,50.003362,33.753848,50.0,27.0,0.0,0.0,0.0,0.0,0.0,0.0,0.0,1
4881,0.0,0.0,1.900176,0.0,38.143271,24.931407,0.797404,2.849597,0.0,88.853864,0.0,14.731383,0.0,60.725834,33.715766,60.623218,49.966388,33.679565,50.0,27.0,0.0,0.0,0.0,0.0,0.0,0.0,0.0,1
4882,0.0,0.0,1.892518,0.0,37.90391,25.065656,0.798765,2.847556,0.0,89.381422,0.0,14.854274,0.0,60.81027,33.585847,60.440018,49.91592,33.577788,50.0,27.0,0.0,0.0,0.0,0.0,0.0,0.0,0.0,1
4883,0.0,0.0,1.893397,0.0,38.060444,25.054551,0.799882,2.867029,0.0,89.569916,0.0,14.897361,0.0,60.459839,34.024699,61.03843,50.081737,33.910239,50.0,27.0,0.0,0.0,0.0,0.0,0.0,0.0,0.0,1
4884,0.0,0.0,1.898055,0.0,37.956592,25.06851,0.80146,2.85284,0.0,89.059437,0.0,14.834372,0.0,60.645379,33.897555,60.919615,50.04849,33.84423,50.0,27.0,0.0,0.0,0.0,0.0,0.0,0.0,0.0,1
4885,0.0,0.0,1.909971,0.0,38.190485,24.95544,0.797354,2.84351,0.0,89.524897,0.0,14.875194,0.0,60.560966,33.82907,60.673603,49.980252,33.707557,50.0,27.0,0.0,0.0,0.0,0.0,0.0,0.0,0.0,1
4886,0.0,0.0,1.90284,0.0,37.860184,24.889574,0.803445,2.833433,0.0,89.479713,0.0,14.923731,0.0,61.112426,33.474141,60.469343,49.923894,33.59408,50.0,27.0,0.0,0.0,0.0,0.0,0.0,0.0,0.0,1
4887,0.0,0.0,1.891216,0.0,38.014847,25.054029,0.803916,2.843659,0.0,89.325407,0.0,14.84396,0.0,61.045947,33.631565,60.775124,50.008789,33.763958,50.0,27.0,0.0,0.0,0.0,0.0,0.0,0.0,0.0,1
4888,0.0,0.0,1.904989,0.0,37.965711,25.157918,0.79914,2.852523,0.0,89.157003,0.0,14.857984,0.0,60.737929,33.628147,60.476822,49.926296,33.598235,50.0,27.0,0.0,0.0,0.0,0.0,0.0,0.0,0.0,1
4889,0.0,0.0,1.905292,0.0,38.022985,24.982375,0.799057,2.840255,0.0,89.350124,0.0,14.76591,0.0,60.655511,33.74833,60.664235,49.978463,33.702353,50.0,27.0,0.0,0.0,0.0,0.0,0.0,0.0,0.0,1
4890,0.0,0.0,1.901201,0.0,37.969701,24.931035,0.800075,2.839053,0.0,88.944389,0.0,14.855738,0.0,60.820281,33.681265,60.686994,49.98486,33.714996,50.0,27.0,0.0,0.0,0.0,0.0,0.0,0.0,0.0,1
4891,0.0,0.0,1.883344,0.0,38.005604,25.079453,0.804783,2.847716,0.0,89.114511,0.0,14.84881,0.0,60.450171,33.795259,60.56567,49.951402,33.647595,50.0,27.0,0.0,0.0,0.0,0.0,0.0,0.0,0.0,1
4892,0.0,0.0,1.903731,0.0,37.983386,25.000294,0.800304,2.851262,0.0,89.443677,0.0,14.905454,0.0,60.931364,33.573312,60.571474,49.953248,33.650819,50.0,27.0,0.0,0.0,0.0,0.0,0.0,0.0,0.0,1
4893,0.0,0.0,1.896433,0.0,38.078756,24.831891,0.800382,2.844254,0.0,89.169009,0.0,14.799001,0.0,60.908371,33.718465,60.877157,50.03797,33.820643,50.0,27.0,0.0,0.0,0.0,0.0,0.0,0.0,0.0,1
4894,0.0,0.0,1.892559,0.0,37.916507,25.090994,0.798408,2.829875,0.0,88.942762,0.0,14.897179,0.0,60.942395,33.530059,60.515713,49.93788,33.619841,50.0,27.0,0.0,0.0,0.0,0.0,0.0,0.0,0.0,1
4895,0.0,0.0,1.902634,0.0,37.791243,24.973963,0.796283,2.865826,0.0,89.085674,0.0,14.7877,0.0,60.677424,33.577499,60.377478,49.899981,33.543043,50.0,27.0,0.0,0.0,0.0,0.0,0.0,0.0,0.0,1
4896,0.0,0.0,1.893561,0.0,38.10463,25.006354,0.799967,2.84901,0.0,88.969764,0.0,14.864703,0.0,60.626452,33.777122,60.766333,50.007957,33.759074,50.0,27.0,0.0,0.0,0.0,0.0,0.0,0.0,0.0,1
4897,0.0,0.0,1.897118,0.0,38.043476,25.005955,0.800568,2.86277,0.0,89.01476,0.0,14.827618,0.0,60.66625,33.804098,60.85429,50.032228,33.807939,50.0,27.0,0.0,0.0,0.0,0.0,0.0,0.0,0.0,1
4898,0.0,0.0,1.8829,0.0,38.086909,24.932888,0.799646,2.84363,0.0,89.141614,0.0,14.841546,0.0,61.057551,33.460218,60.508466,49.936483,33.615814,50.0,27.0,0.0,0.0,0.0,0.0,0.0,0.0,0.0,1
4899,0.0,0.0,1.893118,0.0,37.957663,24.957058,0.798868,2.85484,0.0,89.217887,0.0,14.781366,0.0,60.47828,33.918486,60.930174,50.053358,33.850097,50.0,27.0,0.0,0.0,0.0,0.0,0.0,0.0,0.0,1
4900,0.0,0.0,1.89163,0.0,37.91204,24.93921,0.797006,2.853687,0.0,88.883239,0.0,14.905862,0.0,60.980784,33.651044,60.840299,50.028251,33.800166,50.0,27.0,0.0,0.0,0.0,0.0,0.0,0.0,0.0,1
4901,0.0,0.0,1.889399,0.0,37.831659,24.934266,0.799701,2.851153,0.0,89.143472,0.0,14.895779,0.0,60.519897,33.762487,60.623267,49.968124,33.679593,50.0,27.0,0.0,0.0,0.0,0.0,0.0,0.0,0.0,1
4902,0.0,0.0,1.89855,0.0,38.055325,25.034672,0.798982,2.863892,0.0,88.716403,0.0,14.929766,0.0,60.52667,33.854389,60.817436,50.02195,33.787464,50.0,27.0,0.0,0.0,0.0,0.0,0.0,0.0,0.0,1
4903,0.0,0.0,1.895672,0.0,38.001982,24.999333,0.800313,2.852956,0.0,88.869957,0.0,14.865407,0.0,60.653352,33.680805,60.559791,49.950629,33.644328,50.0,27.0,0.0,0.0,0.0,0.0,0.0,0.0,0.0,1
4904,0.0,0.0,1.889713,0.0,37.941351,24.961291,0.801862,2.840832,0.0,89.14738,0.0,14.839399,0.0,60.800242,33.836981,61.041962,50.084144,33.912201,50.0,27.0,0.0,0.0,0.0,0.0,0.0,0.0,0.0,1
4905,0.0,0.0,1.895745,0.0,37.781614,24.997502,0.798119,2.850988,0.0,89.075646,0.0,14.768102,0.0,60.451819,33.850533,60.707016,49.991148,33.72612,50.0,27.0,0.0,0.0,0.0,0.0,0.0,0.0,0.0,1
4906,0.0,0.0,1.899844,0.0,38.069514,25.122295,0.80107,2.855931,0.0,89.090907,0.0,14.83102,0.0,60.932361,33.784627,61.032588,50.081179,33.906993,50.0,27.0,0.0,0.0,0.0,0.0,0.0,0.0,0.0,1
4907,0.0,0.0,1.896216,0.0,38.088549,24.960274,0.803767,2.831289,0.0,89.394002,0.0,14.932847,0.0,60.92711,33.607523,60.647494,49.974337,33.693052,50.0,27.0,0.0,0.0,0.0,0.0,0.0,0.0,0.0,1
4908,0.0,0.0,1.907212,0.0,38.005366,25.079947,0.79927,2.852054,0.0,89.082476,0.0,14.849565,0.0,60.582947,34.05221,61.25882,50.143432,34.032678,50.0,27.0,0.0,0.0,0.0,0.0,0.0,0.0,0.0,1
4909,0.0,0.0,1.907755,0.0,38.205278,24.918712,0.798961,2.852792,0.0,89.142485,0.0,14.85023,0.0,60.808283,33.789051,60.886812,50.039897,33.826007,50.0,27.0,0.0,0.0,0.0,0.0,0.0,0.0,0.0,1
4910,0.0,0.0,1.9171,0.0,37.98765,25.102337,0.800494,2.85077,0.0,89.052204,0.0,14.971113,0.0,60.747238,33.879323,61.011277,50.0741,33.895154,50.0,27.0,0.0,0.0,0.0,0.0,0.0,0.0,0.0,1
4911,0.0,0.0,1.901562,0.0,37.973081,24.991578,0.800012,2.843284,0.0,89.322636,0.0,14.824069,0.0,60.841427,33.701343,60.713538,49.991438,33.729743,50.0,27.0,0.0,0.0,0.0,0.0,0.0,0.0,0.0,1
4912,0.0,0.0,1.897131,0.0,38.024982,24.942595,0.799402,2.851654,0.0,89.346144,0.0,14.900997,0.0,60.913582,33.644384,60.673538,49.980425,33.707521,50.0,27.0,0.0,0.0,0.0,0.0,0.0,0.0,0.0,1
4913,0.0,0.0,1.902804,0.0,37.913642,25.083352,0.802783,2.855182,0.0,89.586614,0.0,14.802223,0.0,60.967927,33.71249,60.886547,50.039397,33.825859,50.0,27.0,0.0,0.0,0.0,0.0,0.0,0.0,0.0,1
4914,0.0,0.0,1.909625,0.0,37.917258,24.79682,0.800836,2.851894,0.0,88.842221,0.0,14.892934,0.0,60.843653,33.764487,60.877039,50.036573,33.820577,50.0,27.0,0.0,0.0,0.0,0.0,0.0,0.0,0.0,1
4915,0.0,0.0,1.89741,0.0,38.114269,24.949569,0.798333,2.859754,0.0,89.058273,0.0,14.848871,0.0,60.607492,33.844189,60.806913,50.017008,33.781618,50.0,27.0,0.0,0.0,0.0,0.0,0.0,0.0,0.0,1
4916,0.0,0.0,1.893168,0.0,37.912827,25.086019,0.798549,2.859299,0.0,89.103192,0.0,14.916389,0.0,60.215182,34.02321,60.779762,50.009419,33.766534,50.0,27.0,0.0,0.0,0.0,0.0,0.0,0.0,0.0,1
4917,0.0,0.0,1.900573,0.0,37.897676,24.926859,0.802076,2.846132,0.0,89.073707,0.0,14.842906,0.0,60.776066,33.795331,60.824678,50.021787,33.791488,50.0,27.0,0.0,0.0,0.0,0.0,0.0,0.0,0.0,1
4918,0.0,0.0,1.897896,0.0,38.063533,25.110173,0.798324,2.85407,0.0,89.221608,0.0,14.751727,0.0,60.857198,33.621211,60.535486,49.941747,33.630825,50.0,27.0,0.0,0.0,0.0,0.0,0.0,0.0,0.0,1
4919,0.0,0.0,1.905769,0.0,38.110753,25.053246,0.800578,2.858751,0.0,89.699406,0.0,14.758256,0.0,60.845258,33.776269,60.87073,50.034697,33.817072,50.0,27.0,0.0,0.0,0.0,0.0,0.0,0.0,0.0,1
4920,0.0,0.0,1.897337,0.0,38.037865,25.015714,0.797155,2.869173,0.0,89.793386,0.0,14.855452,0.0,61.002138,33.850556,61.182716,50.120756,33.990398,50.0,27.0,0.0,0.0,0.0,0.0,0.0,0.0,0.0,1
4921,0.0,0.0,1.901962,0.0,38.02027,25.030261,0.801744,2.855873,0.0,89.356844,0.0,14.857776,0.0,60.605558,33.918558,60.918291,50.04707,33.843495,50.0,27.0,0.0,0.0,0.0,0.0,0.0,0.0,0.0,1
4922,0.0,0.0,1.899559,0.0,37.995404,24.984059,0.800003,2.834594,0.0,88.571312,0.0,14.855966,0.0,61.193027,33.554025,60.717279,49.991276,33.731822,50.0,27.0,0.0,0.0,0.0,0.0,0.0,0.0,0.0,1
4923,0.0,0.0,1.907159,0.0,38.080552,25.021186,0.79825,2.858055,0.0,89.570128,0.0,14.840662,0.0,60.939242,33.576309,60.540233,49.942385,33.633463,50.0,27.0,0.0,0.0,0.0,0.0,0.0,0.0,0.0,1
4924,0.0,0.0,1.902978,0.0,38.12456,24.973384,0.798882,2.859396,0.0,89.446976,0.0,14.825723,0.0,61.114881,33.54641,60.677742,49.980679,33.709857,50.0,27.0,0.0,0.0,0.0,0.0,0.0,0.0,0.0,1
4925,0.0,0.0,1.909772,0.0,38.065659,24.95563,0.79703,2.855717,0.0,89.130572,0.0,14.881138,0.0,60.723768,33.711189,60.661532,49.976294,33.700851,50.0,27.0,0.0,0.0,0.0,0.0,0.0,0.0,0.0,1
4926,0.0,0.0,1.904406,0.0,38.165492,24.951637,0.800338,2.865002,0.0,89.058396,0.0,14.822425,0.0,60.814303,33.80469,60.953184,50.057023,33.86288,50.0,27.0,0.0,0.0,0.0,0.0,0.0,0.0,0.0,1
4927,0.0,0.0,1.887394,0.0,38.06091,24.953047,0.801222,2.866015,0.0,89.206867,0.0,14.769855,0.0,60.708743,33.646832,60.505961,49.933129,33.614423,50.0,27.0,0.0,0.0,0.0,0.0,0.0,0.0,0.0,1
4928,0.0,0.0,1.904111,0.0,37.997364,24.983229,0.800868,2.853243,0.0,89.086983,0.0,14.825851,0.0,60.756973,33.755201,60.795458,50.013478,33.775254,50.0,27.0,0.0,0.0,0.0,0.0,0.0,0.0,0.0,1
4929,0.0,0.0,1.896418,0.0,38.175695,25.040413,0.798254,2.844785,0.0,89.416358,0.0,14.798798,0.0,60.558773,34.042403,61.200668,50.125409,34.000371,50.0,27.0,0.0,0.0,0.0,0.0,0.0,0.0,0.0,1
4930,0.0,0.0,1.906678,0.0,38.011958,24.901856,0.801091,2.860937,0.0,88.724325,0.0,14.806532,0.0,60.956624,33.614036,60.654816,49.973914,33.69712,50.0,27.0,0.0,0.0,0.0,0.0,0.0,0.0,0.0,1
4931,0.0,0.0,1.903428,0.0,37.889236,24.940833,0.804917,2.846339,0.0,89.119346,0.0,14.780199,0.0,60.567689,33.894819,60.877018,50.035459,33.820566,50.0,27.0,0.0,0.0,0.0,0.0,0.0,0.0,0.0,1
4932,0.0,0.0,1.899056,0.0,37.865642,24.981742,0.799804,2.857391,0.0,89.126965,0.0,14.788553,0.0,60.47392,33.868335,60.708052,49.988582,33.726696,50.0,27.0,0.0,0.0,0.0,0.0,0.0,0.0,0.0,1
4933,0.0,0.0,1.903039,0.0,37.783908,25.031683,0.801616,2.872793,0.0,88.858854,0.0,14.895811,0.0,61.034295,33.77648,61.060038,50.085926,33.922243,50.0,27.0,0.0,0.0,0.0,0.0,0.0,0.0,0.0,1
4934,0.0,0.0,1.904384,0.0,38.020141,24.997299,0.801727,2.851787,0.0,89.31566,0.0,14.895322,0.0,60.695415,33.698254,60.554541,49.945781,33.641412,50.0,27.0,0.0,0.0,0.0,0.0,0.0,0.0,0.0,1
4935,0.0,0.0,1.894449,0.0,38.039193,25.022168,0.800647,2.853475,0.0,88.835241,0.0,14.997541,0.0,60.852193,33.712655,60.750501,50.000213,33.750279,50.0,27.0,0.0,0.0,0.0,0.0,0.0,0.0,0.0,1
4936,0.0,0.0,1.892613,0.0,38.033656,24.958595,0.80107,2.855465,0.0,89.283057,0.0,14.865106,0.0,60.981385,33.628384,60.70829,49.988545,33.726828,50.0,27.0,0.0,0.0,0.0,0.0,0.0,0.0,0.0,1
4937,0.0,0.0,1.902425,0.0,37.983901,25.064552,0.805843,2.830983,0.0,88.65507,0.0,14.908681,0.0,60.537106,33.975619,61.013527,50.072969,33.896404,50.0,27.0,0.0,0.0,0.0,0.0,0.0,0.0,0.0,1
4938,0.0,0.0,1.895534,0.0,37.830771,24.872514,0.799939,2.85636,0.0,89.797826,0.0,14.849427,0.0,60.86565,33.771104,60.880897,50.035947,33.82272,50.0,27.0,0.0,0.0,0.0,0.0,0.0,0.0,0.0,1
4939,0.0,0.0,1.900689,0.0,37.826993,25.070016,0.798499,2.835694,0.0,89.3989,0.0,14.905357,0.0,60.555815,33.871074,60.780983,50.008152,33.767213,50.0,27.0,0.0,0.0,0.0,0.0,0.0,0.0,0.0,1
4940,0.0,0.0,1.897003,0.0,38.049139,24.968289,0.799848,2.839763,0.0,89.078368,0.0,14.933828,0.0,60.679277,33.738148,60.609981,49.960848,33.672212,50.0,27.0,0.0,0.0,0.0,0.0,0.0,0.0,0.0,1
4941,0.0,0.0,1.90799,0.0,37.938986,25.138231,0.80186,2.841449,0.0,89.059078,0.0,14.913257,0.0,60.861507,33.676288,60.666055,49.976541,33.703364,50.0,27.0,0.0,0.0,0.0,0.0,0.0,0.0,0.0,1
4942,0.0,0.0,1.897961,0.0,37.988732,25.018168,0.802658,2.846429,0.0,89.465321,0.0,14.890921,0.0,60.913464,33.714865,60.811602,50.016886,33.784223,50.0,27.0,0.0,0.0,0.0,0.0,0.0,0.0,0.0,1
4943,0.0,0.0,1.901981,0.0,37.961877,25.055386,0.799383,2.849231,0.0,89.722829,0.0,14.877663,0.0,60.640407,33.879967,60.893173,50.039348,33.829541,50.0,27.0,0.0,0.0,0.0,0.0,0.0,0.0,0.0,1
4944,0.0,0.0,1.893755,0.0,38.073955,25.020835,0.798559,2.84434,0.0,88.919892,0.0,14.861089,0.0,60.578192,34.029701,61.131004,50.104888,33.961669,50.0,27.0,0.0,0.0,0.0,0.0,0.0,0.0,0.0,1
4945,0.0,0.0,1.897209,0.0,38.14329,24.880247,0.802203,2.852486,0.0,89.11278,0.0,14.826336,0.0,60.733696,33.953101,61.09038,50.093138,33.9391,50.0,27.0,0.0,0.0,0.0,0.0,0.0,0.0,0.0,1
4946,0.0,0.0,1.89814,0.0,37.960872,24.923732,0.798685,2.841285,0.0,89.709552,0.0,14.795554,0.0,61.159961,33.749012,61.063853,50.085342,33.924363,50.0,27.0,0.0,0.0,0.0,0.0,0.0,0.0,0.0,1
4947,0.0,0.0,1.90207,0.0,38.124743,25.120308,0.800562,2.850236,0.0,89.476896,0.0,14.821275,0.0,61.071618,33.700396,60.878967,50.033816,33.821648,50.0,27.0,0.0,0.0,0.0,0.0,0.0,0.0,0.0,1
4948,0.0,0.0,1.889287,0.0,37.979747,24.914447,0.798816,2.850476,0.0,89.400565,0.0,14.86634,0.0,60.887805,33.730412,60.770511,50.003671,33.761395,50.0,27.0,0.0,0.0,0.0,0.0,0.0,0.0,0.0,1
4949,0.0,0.0,1.898704,0.0,37.909272,25.081562,0.801035,2.85988,0.0,89.084796,0.0,14.93166,0.0,60.93821,33.817007,61.010908,50.070098,33.894949,50.0,27.0,0.0,0.0,0.0,0.0,0.0,0.0,0.0,1
4950,0.0,0.0,1.907518,0.0,37.918072,25.035221,0.798839,2.838124,0.0,88.929191,0.0,14.884624,0.0,60.896412,33.557292,60.416729,49.90552,33.56485,50.0,27.0,0.0,0.0,0.0,0.0,0.0,0.0,0.0,1
4951,0.0,0.0,1.902772,0.0,37.958176,25.124769,0.796747,2.848041,0.0,89.519374,0.0,14.873755,0.0,60.678023,33.782439,60.70324,49.985181,33.724022,50.0,27.0,0.0,0.0,0.0,0.0,0.0,0.0,0.0,1
4952,0.0,0.0,1.897443,0.0,38.109194,24.99872,0.79812,2.857547,0.0,88.880222,0.0,14.869877,0.0,60.90178,33.582665,60.504022,49.930191,33.613346,50.0,27.0,0.0,0.0,0.0,0.0,0.0,0.0,0.0,1
4953,0.0,0.0,1.904196,0.0,38.11194,25.008423,0.802837,2.86307,0.0,88.834622,0.0,14.881583,0.0,61.021908,33.82126,61.152296,50.109719,33.973498,50.0,27.0,0.0,0.0,0.0,0.0,0.0,0.0,0.0,1
4954,0.0,0.0,1.897837,0.0,37.990482,25.101495,0.801081,2.842493,0.0,89.602316,0.0,14.777656,0.0,60.651808,33.726375,60.573898,49.949306,33.652166,50.0,27.0,0.0,0.0,0.0,0.0,0.0,0.0,0.0,1
4955,0.0,0.0,1.897376,0.0,38.002447,25.067206,0.803885,2.843388,0.0,88.888126,0.0,14.829536,0.0,60.685107,33.84647,60.865393,50.030126,33.814107,50.0,27.0,0.0,0.0,0.0,0.0,0.0,0.0,0.0,1
4956,0.0,0.0,1.904817,0.0,38.072967,24.909345,0.798763,2.849104,0.0,89.250249,0.0,14.867521,0.0,60.758556,33.874625,60.986964,50.063578,33.881647,50.0,27.0,0.0,0.0,0.0,0.0,0.0,0.0,0.0,1
4957,0.0,0.0,1.894558,0.0,38.076176,25.104572,0.801473,2.85667,0.0,89.550661,0.0,14.803065,0.0,60.947357,33.649198,60.685979,49.980071,33.714433,50.0,27.0,0.0,0.0,0.0,0.0,0.0,0.0,0.0,1
4958,0.0,0.0,1.900029,0.0,38.060725,25.032178,0.795877,2.851609,0.0,89.026423,0.0,14.826297,0.0,60.992278,33.691769,60.837035,50.021922,33.798353,50.0,27.0,0.0,0.0,0.0,0.0,0.0,0.0,0.0,1
4959,0.0,0.0,1.90744,0.0,37.959451,25.007097,0.7928,2.837427,0.0,88.986681,0.0,14.843681,0.0,60.712976,33.71981,60.626585,49.963645,33.681436,50.0,27.0,0.0,0.0,0.0,0.0,0.0,0.0,0.0,1
4960,0.0,0.0,1.901188,0.0,37.986833,24.838328,0.801367,2.854021,0.0,89.042051,0.0,14.829162,0.0,60.475108,33.83444,60.635914,49.966404,33.686619,50.0,27.0,0.0,0.0,0.0,0.0,0.0,0.0,0.0,1
4961,0.0,0.0,1.899124,0.0,38.052599,24.944142,0.802909,2.837707,0.0,89.288683,0.0,14.826247,0.0,60.73027,33.761284,60.72671,49.991667,33.737061,50.0,27.0,0.0,0.0,0.0,0.0,0.0,0.0,0.0,1
4962,0.0,0.0,1.888978,0.0,38.051847,24.960915,0.795206,2.846964,0.0,88.862094,0.0,14.840291,0.0,60.833015,33.831945,60.97873,50.061366,33.877072,50.0,27.0,0.0,0.0,0.0,0.0,0.0,0.0,0.0,1
4963,0.0,0.0,1.905288,0.0,37.7736,25.008246,0.798014,2.856711,0.0,89.134624,0.0,14.848748,0.0,60.661599,33.832375,60.799112,50.011415,33.777284,50.0,27.0,0.0,0.0,0.0,0.0,0.0,0.0,0.0,1
4964,0.0,0.0,1.903132,0.0,37.887902,25.14413,0.804902,2.847545,0.0,89.384259,0.0,14.871439,0.0,60.989121,33.670704,60.777015,50.00525,33.765008,50.0,27.0,0.0,0.0,0.0,0.0,0.0,0.0,0.0,1
4965,0.0,0.0,1.890201,0.0,38.069065,24.892407,0.79647,2.849429,0.0,89.362012,0.0,14.87101,0.0,60.991412,33.756665,60.973887,50.059639,33.874382,50.0,27.0,0.0,0.0,0.0,0.0,0.0,0.0,0.0,1
4966,0.0,0.0,1.893021,0.0,38.218373,24.911815,0.805036,2.855836,0.0,89.200853,0.0,14.811338,0.0,60.831681,33.613004,60.512217,49.931739,33.617898,50.0,27.0,0.0,0.0,0.0,0.0,0.0,0.0,0.0,1
4967,0.0,0.0,1.89818,0.0,37.952413,24.946933,0.797745,2.857734,0.0,89.091382,0.0,14.86256,0.0,60.838666,33.779666,60.890721,50.036695,33.828178,50.0,27.0,0.0,0.0,0.0,0.0,0.0,0.0,0.0,1
4968,0.0,0.0,1.905506,0.0,38.092904,25.111051,0.805113,2.848983,0.0,88.566421,0.0,14.807806,0.0,60.823269,33.808038,60.931918,50.047899,33.851065,50.0,27.0,0.0,0.0,0.0,0.0,0.0,0.0,0.0,1
4969,0.0,0.0,1.902035,0.0,38.202809,24.9751,0.801611,2.844417,0.0,88.925188,0.0,14.854145,0.0,60.681426,33.778061,60.720052,49.989102,33.733362,50.0,27.0,0.0,0.0,0.0,0.0,0.0,0.0,0.0,1
4970,0.0,0.0,1.906235,0.0,37.930001,24.980544,0.804463,2.854172,0.0,88.953399,0.0,14.806595,0.0,60.855088,33.839072,61.019994,50.072059,33.899996,50.0,27.0,0.0,0.0,0.0,0.0,0.0,0.0,0.0,1
4971,0.0,0.0,1.901158,0.0,38.02014,24.973247,0.804361,2.854738,0.0,89.374647,0.0,14.879549,0.0,60.977837,33.719475,60.880161,50.033051,33.822312,50.0,27.0,0.0,0.0,0.0,0.0,0.0,0.0,0.0,1
4972,0.0,0.0,1.910963,0.0,38.023137,25.00718,0.802383,2.854918,0.0,88.783886,0.0,14.809965,0.0,60.937688,33.630466,60.658365,49.971583,33.699092,50.0,27.0,0.0,0.0,0.0,0.0,0.0,0.0,0.0,1
4973,0.0,0.0,1.902905,0.0,37.983427,24.933795,0.798577,2.8483,0.0,89.178108,0.0,14.841257,0.0,60.568497,33.963961,61.010097,50.068942,33.894498,50.0,27.0,0.0,0.0,0.0,0.0,0.0,0.0,0.0,1
4974,0.0,0.0,1.895208,0.0,37.897564,25.032999,0.800436,2.838644,0.0,88.439456,0.0,14.841831,0.0,60.455165,33.900544,60.735395,49.992673,33.741886,50.0,27.0,0.0,0.0,0.0,0.0,0.0,0.0,0.0,1
4975,0.0,0.0,1.906263,0.0,38.120716,24.912118,0.801298,2.851468,0.0,89.500784,0.0,14.820496,0.0,60.9525,33.666983,60.722547,49.989158,33.734748,50.0,27.0,0.0,0.0,0.0,0.0,0.0,0.0,0.0,1
4976,0.0,0.0,1.903743,0.0,37.838127,25.032746,0.801065,2.850292,0.0,89.421856,0.0,14.847315,0.0,60.79362,33.731214,60.713527,49.986719,33.729737,50.0,27.0,0.0,0.0,0.0,0.0,0.0,0.0,0.0,1
4977,0.0,0.0,1.90523,0.0,38.096022,25.034469,0.797483,2.862835,0.0,88.702029,0.0,14.814721,0.0,60.946198,33.749206,60.909063,50.04083,33.838368,50.0,27.0,0.0,0.0,0.0,0.0,0.0,0.0,0.0,1
4978,0.0,0.0,1.907821,0.0,38.077591,25.058147,0.798078,2.847008,0.0,89.031069,0.0,14.921499,0.0,60.710231,33.983586,61.169811,50.112697,33.983228,50.0,27.0,0.0,0.0,0.0,0.0,0.0,0.0,0.0,1
4979,0.0,0.0,1.902219,0.0,38.131789,24.866661,0.799542,2.859025,0.0,89.381613,0.0,14.862402,0.0,60.742563,33.771454,60.725953,49.989456,33.736641,50.0,27.0,0.0,0.0,0.0,0.0,0.0,0.0,0.0,1
4980,0.0,0.0,1.902153,0.0,38.239989,25.013578,0.798306,2.831812,0.0,89.445767,0.0,14.876487,0.0,61.133931,33.626019,60.811584,50.013176,33.784213,50.0,27.0,0.0,0.0,0.0,0.0,0.0,0.0,0.0,1
4981,0.0,0.0,1.898398,0.0,38.028722,24.929457,0.798638,2.870167,0.0,89.428661,0.0,14.906245,0.0,61.018077,33.614314,60.691185,49.979833,33.717325,50.0,27.0,0.0,0.0,0.0,0.0,0.0,0.0,0.0,1
4982,0.0,0.0,1.900184,0.0,37.745071,24.818742,0.799914,2.830518,0.0,89.192783,0.0,14.938457,0.0,60.653007,33.821671,60.78394,50.00557,33.768855,50.0,27.0,0.0,0.0,0.0,0.0,0.0,0.0,0.0,1
4983,0.0,0.0,1.90431,0.0,38.04932,24.968628,0.801793,2.843465,0.0,89.289213,0.0,14.765215,0.0,60.58687,33.82725,60.721388,49.988253,33.734105,50.0,27.0,0.0,0.0,0.0,0.0,0.0,0.0,0.0,1
4984,0.0,0.0,1.899697,0.0,38.057879,24.884009,0.804692,2.854681,0.0,89.267727,0.0,14.83458,0.0,60.702467,33.941814,61.070236,50.084732,33.927909,50.0,27.0,0.0,0.0,0.0,0.0,0.0,0.0,0.0,1
4985,0.0,0.0,1.894663,0.0,37.866332,25.003701,0.79511,2.848298,0.0,89.073586,0.0,14.86504,0.0,60.838491,33.53452,60.324139,49.878092,33.51341,50.0,27.0,0.0,0.0,0.0,0.0,0.0,0.0,0.0,1
4986,0.0,0.0,1.900195,0.0,37.836479,25.045867,0.802897,2.834568,0.0,89.339485,0.0,14.911129,0.0,60.965601,33.683353,60.797341,50.00949,33.7763,50.0,27.0,0.0,0.0,0.0,0.0,0.0,0.0,0.0,1
4987,0.0,0.0,1.890197,0.0,38.101137,24.977238,0.796617,2.861519,0.0,89.180412,0.0,14.862627,0.0,60.974673,33.71871,60.89151,50.03547,33.828617,50.0,27.0,0.0,0.0,0.0,0.0,0.0,0.0,0.0,1
4988,0.0,0.0,1.908131,0.0,37.967824,25.143545,0.800695,2.843866,0.0,89.024629,0.0,14.821755,0.0,60.825871,33.803082,60.925877,50.044793,33.84771,50.0,27.0,0.0,0.0,0.0,0.0,0.0,0.0,0.0,1
4989,0.0,0.0,1.904976,0.0,38.167948,24.968432,0.801257,2.852815,0.0,88.975065,0.0,14.815641,0.0,60.617324,33.843475,60.796284,50.008751,33.775714,50.0,27.0,0.0,0.0,0.0,0.0,0.0,0.0,0.0,1
4990,0.0,0.0,1.897,0.0,38.038748,24.930195,0.801237,2.838098,0.0,88.935521,0.0,14.905041,0.0,60.656058,33.749448,60.625495,49.961502,33.680831,50.0,27.0,0.0,0.0,0.0,0.0,0.0,0.0,0.0,1
4991,0.0,0.0,1.90066,0.0,38.018435,25.077067,0.798022,2.856522,0.0,89.346697,0.0,14.892763,0.0,60.893045,33.782253,60.933589,50.04685,33.851994,50.0,27.0,0.0,0.0,0.0,0.0,0.0,0.0,0.0,1
4992,0.0,0.0,1.89856,0.0,37.988535,24.940093,0.799396,2.854928,0.0,89.57964,0.0,14.836025,0.0,61.005154,33.57717,60.610568,49.957335,33.672538,50.0,27.0,0.0,0.0,0.0,0.0,0.0,0.0,0.0,1
4993,0.0,0.0,1.904943,0.0,38.067681,24.938846,0.801667,2.833806,0.0,88.889436,0.0,14.811697,0.0,60.550845,33.931639,60.92863,50.045458,33.849239,50.0,27.0,0.0,0.0,0.0,0.0,0.0,0.0,0.0,1
4994,0.0,0.0,1.902942,0.0,37.937933,24.919034,0.803482,2.865608,0.0,88.866353,0.0,14.903467,0.0,60.701989,33.677414,60.519907,49.932263,33.62217,50.0,27.0,0.0,0.0,0.0,0.0,0.0,0.0,0.0,1
4995,0.0,0.0,1.910786,0.0,38.152337,25.020904,0.798075,2.848494,0.0,89.239455,0.0,14.815815,0.0,60.773492,33.729485,60.712626,49.985866,33.729237,50.0,27.0,0.0,0.0,0.0,0.0,0.0,0.0,0.0,1
4996,0.0,0.0,1.895531,0.0,37.836357,25.020626,0.796938,2.855522,0.0,88.857023,0.0,14.944643,0.0,61.005752,33.680588,60.845548,50.022676,33.803082,50.0,27.0,0.0,0.0,0.0,0.0,0.0,0.0,0.0,1
4997,0.0,0.0,1.898858,0.0,37.959693,25.004314,0.798703,2.853194,0.0,89.033266,0.0,14.813291,0.0,60.92487,33.75387,60.929258,50.0457,33.849588,50.0,27.0,0.0,0.0,0.0,0.0,0.0,0.0,0.0,1
4998,0.0,0.0,1.89804,0.0,38.159977,24.968033,0.801723,2.858262,0.0,89.506598,0.0,14.838828,0.0,60.686802,33.865952,60.927337,50.044942,33.848521,50.0,27.0,0.0,0.0,0.0,0.0,0.0,0.0,0.0,1
4999,0.0,0.0,1.899143,0.0,37.864642,25.028332,0.802823,2.847702,0.0,88.621957,0.0,14.885436,0.0,60.794713,33.778548,60.835847,50.019431,33.797693,50.0,27.0,0.0,0.0,0.0,0.0,0.0,0.0,0.0,1
5000,0.0,0.0,1.897942,0.0,38.047304,25.038231,0.800205,2.857748,0.0,88.923475,0.0,14.873943,0.0,60.66079,33.818534,60.783701,50.004921,33.768723,50.0,27.0,0.0,0.0,0.0,0.0,0.0,0.0,0.0,1
