No,FI10501J.PV,FI10301J.PV,PI10105.PV,PI10103.PV,TI10101.PV,TI10103.PV,PI10101.PV,PIP101A1.PV,PIP101B1.PV,WIP101A.PV,WIP101B.PV,EIP101A.PV,EIP101B.PV,FIC10101.PV,FIC10101.OP,FIC10101.SP,LIC10101.PV,LIC10101.OP,LIC10101.SP,VX1YHQ.OP,VX2YHQ.OP,VX9D101.OP,VX2D101.OP,VX1P101.OP,PSV10101AB.OP,DS_P101.OP,XL_P101.OP,label
1,60.628364,0,1.892977,0,38.065981,25.011213,0.798825,2.854692,0,89.488478,0,14.850961,0,60.735744,33.652846,60.530814,49.939419,33.62823,50,27,0,0,0,0,0,0,0,0
2,60.865273,0,1.908187,0,38.139628,25.106718,0.79969,2.855645,0,89.282911,0,14.923854,0,60.725717,33.634721,60.495361,49.929921,33.608534,50,27,0,0,0,0,0,0,0,0
3,60.807645,0,1.901511,0,38.016762,24.889666,0.800528,2.8472,0,89.449571,0,14.83814,0,60.801199,33.688026,60.697682,49.98619,33.720934,50,27,0,0,0,0,0,0,0,0
4,60.633141,0,1.904012,0,37.983385,25.046322,0.804506,2.865008,0,89.420592,0,14.818113,0,60.762802,33.72817,60.750432,50.000839,33.75024,50,27,0,0,0,0,0,0,0,0
5,60.712824,0,1.906214,0,37.829797,25.051902,0.80221,2.846414,0,88.8331,0,14.847463,0,60.532795,33.741161,60.548602,49.94505,33.638112,50,27,0,0,0,0,0,0,0,0
6,60.768418,0,1.913074,0,37.836802,24.96453,0.804446,2.856409,0,88.9904,0,14.824941,0,60.472296,33.841172,60.698076,49.986637,33.721153,50,27,0,0,0,0,0,0,0,0
7,60.817326,0,1.891999,0,37.963075,25.029519,0.803711,2.848241,0,89.022116,0,14.877492,0,60.578008,33.707095,60.506858,49.933852,33.614921,50,27,0,0,0,0,0,0,0,0
8,60.910783,0,1.900345,0,38.236094,24.916995,0.801508,2.841742,0,89.344238,0,14.881407,0,61.001053,33.710489,60.941508,50.054316,33.856393,50,27,0,0,0,0,0,0,0,0
9,60.960437,0,1.903942,0,37.982934,24.863111,0.798725,2.855676,0,89.060434,0,14.843881,0,60.512357,33.865669,60.783867,50.010475,33.768815,50,27,0,0,0,0,0,0,0,0
10,60.663822,0,1.891487,0,37.985258,24.953515,0.796973,2.835679,0,89.030803,0,14.777781,0,60.681615,33.687899,60.561172,49.948871,33.645095,50,27,0,0,0,0,0,0,0,0
11,60.568877,0,1.893653,0,37.856032,24.960104,0.797493,2.858197,0,89.490175,0,14.898627,0,60.279051,34.110255,61.057043,50.086182,33.920579,50,27,0,0,0,0,0,0,0,0
12,60.769893,0,1.897217,0,38.193905,25.032231,0.796329,2.852798,0,89.023095,0,14.822214,0,60.744207,33.666725,60.538003,49.942293,33.632224,50,27,0,0,0,0,0,0,0,0
13,61.030513,0,1.897659,0,37.949186,24.858267,0.803313,2.847536,0,89.663706,0,14.887079,0,60.61649,33.783258,60.668985,49.978783,33.704992,50,27,0,0,0,0,0,0,0,0
14,60.676009,0,1.903586,0,37.959147,24.962787,0.801063,2.844631,0,89.102805,0,14.911311,0,60.733402,33.709115,60.626221,49.967068,33.681234,50,27,0,0,0,0,0,0,0,0
15,60.812921,0,1.902483,0,37.876132,25.059835,0.801415,2.845016,0,89.38839,0,14.902538,0,60.925304,33.73163,60.872315,50.035252,33.817953,50,27,0,0,0,0,0,0,0,0
16,60.680284,0,1.89323,0,37.997989,25.202562,0.797628,2.857929,0,89.288266,0,14.912927,0,60.740859,33.790079,60.814472,50.019089,33.785818,50,27,0,0,0,0,0,0,0,0
17,60.682756,0,1.897646,0,38.0217,24.90459,0.800024,2.832804,0,89.349354,0,14.834803,0,60.44971,33.903424,60.75781,50.003333,33.754339,50,27,0,0,0,0,0,0,0,0
18,60.844694,0,1.908044,0,38.042801,25.109137,0.800556,2.858516,0,89.620745,0,14.810432,0,61.056519,33.63582,60.780885,50.009694,33.767158,50,27,0,0,0,0,0,0,0,0
19,60.801229,0,1.896621,0,38.071923,24.934723,0.801991,2.84477,0,88.73992,0,14.883444,0,61.013759,33.678408,60.845185,50.027418,33.802881,50,27,0,0,0,0,0,0,0,0
20,60.773428,0,1.895598,0,38.037203,24.998675,0.797895,2.87036,0,89.811598,0,14.863052,0,60.674101,33.803375,60.779667,50.009172,33.766482,50,27,0,0,0,0,0,0,0,0
21,60.488113,0,1.89913,0,38.171567,25.064066,0.797313,2.860973,0,89.067288,0,14.797658,0,60.661766,33.845198,60.848955,50.028278,33.804975,50,27,0,0,0,0,0,0,0,0
22,60.612413,0,1.908184,0,38.08218,25.007788,0.799582,2.848887,0,89.24145,0,14.885961,0,60.753047,33.771803,60.773717,50.007342,33.763176,50,27,0,0,0,0,0,0,0,0
23,60.758033,0,1.897047,0,38.018025,24.976057,0.804489,2.858328,0,89.507394,0,14.881929,0,60.689201,33.727447,60.615017,49.963441,33.67501,50,27,0,0,0,0,0,0,0,0
24,60.543844,0,1.905883,0,38.048145,25.012079,0.802584,2.839639,0,88.493965,0,14.827763,0,60.798422,33.832313,60.950076,50.056232,33.861153,50,27,0,0,0,0,0,0,0,0
25,61.042804,0,1.894357,0,37.958361,24.970621,0.797122,2.850108,0,89.655573,0,14.858997,0,60.703439,33.707757,60.58288,49.954461,33.657155,50,27,0,0,0,0,0,0,0,0
26,60.792924,0,1.895699,0,37.764031,25.030627,0.800987,2.848275,0,89.312375,0,14.936468,0,60.762102,33.852079,60.953508,50.057127,33.86306,50,27,0,0,0,0,0,0,0,0
27,60.695665,0,1.907084,0,38.061878,25.107077,0.797283,2.857963,0,88.891738,0,14.98918,0,60.854682,33.736293,60.789888,50.011619,33.77216,50,27,0,0,0,0,0,0,0,0
28,60.880921,0,1.905101,0,37.904873,25.047692,0.797586,2.866124,0,88.794543,0,14.867986,0,60.794184,33.753746,60.770254,50.006135,33.761252,50,27,0,0,0,0,0,0,0,0
29,60.454737,0,1.893742,0,38.098777,25.09508,0.797263,2.841295,0,89.28683,0,14.856838,0,60.914827,33.63549,60.642947,49.970917,33.690526,50,27,0,0,0,0,0,0,0,0
30,60.703692,0,1.902873,0,38.018898,24.964653,0.79745,2.849215,0,89.388719,0,14.892428,0,61.153632,33.490265,60.592409,49.957093,33.66245,50,27,0,0,0,0,0,0,0,0
31,60.850382,0,1.895065,0,38.171874,24.911191,0.801932,2.842656,0,89.312618,0,14.764594,0,60.620499,33.722358,60.583925,49.954962,33.657736,50,27,0,0,0,0,0,0,0,0
32,60.553265,0,1.892635,0,37.919812,25.031745,0.799451,2.840006,0,89.422232,0,14.804044,0,60.745849,33.761167,60.793424,50.01309,33.774125,50,27,0,0,0,0,0,0,0,0
33,60.625766,0,1.892404,0,37.838655,25.045461,0.800992,2.845461,0,89.193881,0,14.818484,0,60.898235,33.827153,61.082025,50.092793,33.934458,50,27,0,0,0,0,0,0,0,0
34,60.623801,0,1.909397,0,38.015743,24.913674,0.800753,2.850067,0,88.676826,0,14.887432,0,60.776005,33.581423,60.429971,49.912107,33.572206,50,27,0,0,0,0,0,0,0,0
35,60.516461,0,1.893337,0,37.861201,25.111977,0.7999,2.838079,0,89.295493,0,14.812604,0,61.057272,33.594613,60.760689,50.003953,33.755938,50,27,0,0,0,0,0,0,0,0
36,60.407863,0,1.901285,0,37.903139,25.132318,0.803684,2.833126,0,88.938723,0,14.848731,0,60.453788,33.855808,60.726699,49.994539,33.737055,50,27,0,0,0,0,0,0,0,0
37,60.518397,0,1.905154,0,37.979954,25.035422,0.799386,2.863551,0,89.26494,0,14.70522,0,60.701758,33.883421,61.015858,50.074488,33.897699,50,27,0,0,0,0,0,0,0,0
38,60.435122,0,1.907306,0,37.827381,25.124267,0.799196,2.843229,0,89.191062,0,14.862158,0,60.653635,33.924659,61.03509,50.079433,33.908384,50,27,0,0,0,0,0,0,0,0
39,60.896792,0,1.907845,0,37.836932,25.043875,0.801774,2.852354,0,88.918526,0,14.831007,0,60.650264,33.712549,60.560458,49.947852,33.644699,50,27,0,0,0,0,0,0,0,0
40,60.854856,0,1.901567,0,38.1325,24.865322,0.797976,2.837664,0,89.168968,0,14.911471,0,60.686922,33.827818,60.845875,50.026999,33.803264,50,27,0,0,0,0,0,0,0,0
41,60.677726,0,1.891845,0,37.935549,25.012072,0.798021,2.846307,0,89.202273,0,14.877667,0,60.927952,33.54411,60.478524,49.925331,33.59918,50,27,0,0,0,0,0,0,0,0
42,60.63634,0,1.900086,0,38.042796,24.900352,0.795189,2.871437,0,89.471134,0,14.901161,0,60.602891,33.74729,60.610134,49.962079,33.672297,50,27,0,0,0,0,0,0,0,0
43,60.323762,0,1.914154,0,37.958732,24.924906,0.801537,2.850634,0,88.884315,0,14.864701,0,61.036659,33.691965,60.926749,50.049778,33.848194,50,27,0,0,0,0,0,0,0,0
44,60.71018,0,1.898325,0,37.912907,24.955487,0.7984,2.844324,0,89.350334,0,14.813232,0,60.802505,33.817851,60.965005,50.060104,33.869447,50,27,0,0,0,0,0,0,0,0
45,60.962442,0,1.903067,0,38.006735,24.993172,0.804492,2.849107,0,89.070686,0,14.832754,0,60.64086,33.830103,60.819047,50.019463,33.78836,50,27,0,0,0,0,0,0,0,0
46,60.866989,0,1.893404,0,38.018182,25.01426,0.794865,2.855079,0,89.413253,0,14.886573,0,60.634269,33.902202,60.953405,50.056502,33.863003,50,27,0,0,0,0,0,0,0,0
47,60.63777,0,1.905929,0,37.917701,24.976196,0.799145,2.849319,0,89.163361,0,14.866149,0,61.048819,33.700749,60.923069,50.047837,33.846149,50,27,0,0,0,0,0,0,0,0
48,60.744133,0,1.898572,0,37.958774,25.125114,0.798173,2.860307,0,88.800841,0,14.805868,0,61.059556,33.465279,60.44497,49.915454,33.580539,50,27,0,0,0,0,0,0,0,0
49,60.626573,0,1.896429,0,37.863262,25.011402,0.797019,2.839302,0,89.042892,0,14.803776,0,60.693293,33.738203,60.692817,49.984378,33.718232,50,27,0,0,0,0,0,0,0,0
50,61.05799,0,1.896849,0,37.984338,24.927548,0.797038,2.834854,0,88.782531,0,14.860744,0,61.009532,33.646342,60.815318,50.018315,33.786288,50,27,0,0,0,0,0,0,0,0
51,60.773367,0,1.899644,0,37.831616,25.015017,0.800897,2.847551,0,89.052503,0,14.889569,0,60.430844,33.761003,60.49063,49.928482,33.605906,50,27,0,0,0,0,0,0,0,0
52,60.579611,0,1.904587,0,37.764669,24.993257,0.801294,2.850432,0,89.038688,0,14.817015,0,60.331798,33.937699,60.760567,50.003447,33.75587,50,27,0,0,0,0,0,0,0,0
53,60.871092,0,1.895494,0,38.034347,24.986258,0.79535,2.828196,0,88.908151,0,14.895719,0,60.884511,33.64494,60.668943,49.978105,33.704969,50,27,0,0,0,0,0,0,0,0
54,60.83011,0,1.906117,0,37.957159,25.057761,0.799651,2.856032,0,88.97512,0,14.777285,0,60.721239,33.537871,60.293296,49.874387,33.496276,50,27,0,0,0,0,0,0,0,0
55,61.216651,0,1.890026,0,37.893665,24.936974,0.798406,2.862322,0,88.905883,0,14.874675,0,60.582763,33.844767,60.828925,50.023057,33.793847,50,27,0,0,0,0,0,0,0,0
56,60.600451,0,1.910219,0,37.964386,24.940926,0.802368,2.831314,0,89.146103,0,14.849648,0,60.789857,33.858956,61.050564,50.084203,33.91698,50,27,0,0,0,0,0,0,0,0
57,60.945028,0,1.902228,0,37.959247,24.787144,0.800947,2.865012,0,88.601224,0,14.889392,0,60.811571,33.6671,60.651288,49.973426,33.69516,50,27,0,0,0,0,0,0,0,0
58,60.769917,0,1.894574,0,37.989457,25.116782,0.800635,2.843561,0,89.365591,0,14.917231,0,61.05336,33.738778,61.054289,50.084946,33.919049,50,27,0,0,0,0,0,0,0,0
59,60.549545,0,1.896987,0,37.964465,24.91059,0.801032,2.850031,0,89.054395,0,14.920932,0,60.772476,33.687656,60.665512,49.977067,33.703062,50,27,0,0,0,0,0,0,0,0
60,60.939315,0,1.908381,0,37.978995,24.897841,0.798206,2.846012,0,89.389821,0,14.779443,0,60.819844,33.486174,60.294565,49.874653,33.496981,50,27,0,0,0,0,0,0,0,0
61,60.729256,0,1.905988,0,38.115506,25.098802,0.799886,2.85484,0,88.874419,0,14.776595,0,60.799011,33.671858,60.698239,49.98685,33.721244,50,27,0,0,0,0,0,0,0,0
62,60.417146,0,1.890232,0,38.020558,24.989365,0.795733,2.846647,0,88.89028,0,14.835988,0,60.709659,33.697956,60.670234,49.979175,33.705685,50,27,0,0,0,0,0,0,0,0
63,60.91512,0,1.901311,0,38.078517,25.056777,0.80026,2.846461,0,88.963725,0,14.840538,0,60.852032,33.631905,60.675745,49.980802,33.708747,50,27,0,0,0,0,0,0,0,0
64,60.717187,0,1.903977,0,37.91824,24.920628,0.8002,2.863832,0,88.752243,0,14.805676,0,60.532699,33.83527,60.796404,50.014247,33.77578,50,27,0,0,0,0,0,0,0,0
65,60.240666,0,1.889499,0,38.09143,24.84008,0.800294,2.852994,0,88.996431,0,14.758919,0,60.560343,33.852587,60.844093,50.027357,33.802274,50,27,0,0,0,0,0,0,0,0
66,60.810764,0,1.90031,0,38.201086,25.070908,0.80023,2.852309,0,89.081618,0,14.809513,0,60.94855,33.631698,60.748628,50.000835,33.749238,50,27,0,0,0,0,0,0,0,0
67,60.770676,0,1.893231,0,38.00019,25.088523,0.798712,2.852042,0,89.085449,0,14.893604,0,60.599852,33.854884,60.883209,50.038028,33.824005,50,27,0,0,0,0,0,0,0,0
68,60.723636,0,1.905539,0,37.990709,24.961496,0.799406,2.850865,0,89.227086,0,14.799108,0,61.159156,33.591667,60.86958,50.034072,33.816433,50,27,0,0,0,0,0,0,0,0
69,60.880267,0,1.900674,0,38.057571,24.981812,0.798806,2.85363,0,89.190888,0,14.808645,0,60.7038,33.70265,60.666427,49.977752,33.703571,50,27,0,0,0,0,0,0,0,0
70,60.536913,0,1.900099,0,37.970239,25.031047,0.802728,2.846959,0,89.403707,0,14.799979,0,60.972025,33.596223,60.712494,49.990595,33.729163,50,27,0,0,0,0,0,0,0,0
71,60.789675,0,1.889764,0,38.177743,24.98393,0.800124,2.848144,0,89.050007,0,14.883664,0,60.879409,33.792366,61.049837,50.083882,33.916576,50,27,0,0,0,0,0,0,0,0
72,60.976064,0,1.890008,0,38.115032,24.97842,0.800239,2.845049,0,88.848955,0,14.871046,0,60.892063,33.697596,60.851933,50.028765,33.806629,50,27,0,0,0,0,0,0,0,0
73,60.396132,0,1.895679,0,38.019944,25.084799,0.796593,2.850721,0,88.960432,0,14.900215,0,60.681173,33.771516,60.799477,50.014124,33.777487,50,27,0,0,0,0,0,0,0,0
74,60.724133,0,1.898778,0,37.941312,25.070702,0.800441,2.84391,0,88.805234,0,14.876927,0,60.943224,33.673302,60.846964,50.027178,33.803869,50,27,0,0,0,0,0,0,0,0
75,60.465302,0,1.894401,0,37.713394,24.99464,0.798784,2.849185,0,88.55383,0,14.89429,0,60.534392,33.765597,60.638832,49.969516,33.68824,50,27,0,0,0,0,0,0,0,0
76,60.579191,0,1.887468,0,37.97767,25.011462,0.801497,2.851696,0,89.275825,0,14.893472,0,60.699201,33.641339,60.535009,49.940972,33.63056,50,27,0,0,0,0,0,0,0,0
77,60.342596,0,1.899518,0,38.085383,24.962323,0.801468,2.836658,0,89.678981,0,14.812965,0,60.756145,33.68703,60.698594,49.98648,33.721441,50,27,0,0,0,0,0,0,0,0
78,60.589492,0,1.902642,0,38.067373,25.03897,0.80173,2.848866,0,89.062448,0,14.772115,0,60.891453,33.753985,60.978731,50.063976,33.877073,50,27,0,0,0,0,0,0,0,0
79,60.566278,0,1.903656,0,38.042486,25.063846,0.802526,2.851807,0,89.671054,0,14.802082,0,60.620384,33.596696,60.370426,49.895524,33.539126,50,27,0,0,0,0,0,0,0,0
80,60.554349,0,1.90029,0,38.031647,24.971224,0.799933,2.856416,0,88.786398,0,14.922487,0,60.96406,33.398324,60.311283,49.879697,33.506269,50,27,0,0,0,0,0,0,0,0
81,60.88146,0,1.900265,0,37.925361,25.106553,0.803601,2.858721,0,88.925531,0,14.877312,0,60.780454,33.634966,60.667642,49.978792,33.704246,50,27,0,0,0,0,0,0,0,0
82,60.899411,0,1.909619,0,37.994172,25.032806,0.799632,2.840176,0,89.226848,0,14.723323,0,60.819184,33.518656,60.468081,49.92374,33.593378,50,27,0,0,0,0,0,0,0,0
83,60.648897,0,1.891782,0,38.130253,24.787446,0.803074,2.857327,0,89.033542,0,14.855466,0,60.788076,33.620572,60.673898,49.981006,33.707721,50,27,0,0,0,0,0,0,0,0
84,60.73288,0,1.901706,0,38.089299,24.968431,0.802648,2.83746,0,88.975195,0,14.702879,0,60.540826,33.761558,60.731175,49.996932,33.739542,50,27,0,0,0,0,0,0,0,0
85,60.577405,0,1.905179,0,37.842779,24.857093,0.797313,2.857264,0,89.166807,0,14.840776,0,60.36879,33.968783,60.984358,50.066926,33.880199,50,27,0,0,0,0,0,0,0,0
86,60.779453,0,1.894692,0,38.151358,24.888098,0.797483,2.855688,0,88.878185,0,14.798673,0,60.540348,33.7343,60.62283,49.966668,33.67935,50,27,0,0,0,0,0,0,0,0
87,60.936721,0,1.899867,0,38.063662,25.079403,0.799125,2.85416,0,88.976766,0,14.78106,0,60.747731,33.910084,61.195853,50.125215,33.997696,50,27,0,0,0,0,0,0,0,0
88,60.70339,0,1.90715,0,37.88412,24.958084,0.799689,2.855563,0,89.095704,0,14.828222,0,60.417544,33.96499,60.953475,50.057599,33.863041,50,27,0,0,0,0,0,0,0,0
89,60.788968,0,1.9106,0,37.952714,24.96553,0.801154,2.838389,0,89.392217,0,14.900651,0,60.781873,33.741784,60.813484,50.01862,33.785269,50,27,0,0,0,0,0,0,0,0
90,60.714083,0,1.888379,0,38.031175,24.956374,0.799196,2.840853,0,89.123244,0,14.813863,0,60.712485,33.687207,60.626997,49.966983,33.681665,50,27,0,0,0,0,0,0,0,0
91,60.561383,0,1.906088,0,38.181923,25.057904,0.794763,2.848969,0,89.121175,0,14.855128,0,60.74584,33.915727,61.147729,50.111076,33.97096,50,27,0,0,0,0,0,0,0,0
92,60.787588,0,1.899293,0,37.731297,24.991846,0.799495,2.85368,0,89.483233,0,14.870218,0,60.707638,33.754344,60.743991,49.998932,33.746662,50,27,0,0,0,0,0,0,0,0
93,60.805794,0,1.901461,0,37.921432,24.89676,0.800687,2.858386,0,89.147791,0,14.876213,0,60.708826,33.896708,61.043207,50.081639,33.912893,50,27,0,0,0,0,0,0,0,0
94,60.550863,0,1.900425,0,38.004262,24.990776,0.800461,2.857017,0,89.073369,0,14.839386,0,60.926412,33.65261,60.725,49.993282,33.736111,50,27,0,0,0,0,0,0,0,0
95,60.958943,0,1.900874,0,37.957804,24.98065,0.80315,2.849577,0,89.655727,0,14.910115,0,60.829695,33.632457,60.59836,49.958312,33.665756,50,27,0,0,0,0,0,0,0,0
96,60.258065,0,1.903386,0,37.832284,25.045795,0.803128,2.85912,0,89.783914,0,14.870731,0,60.830536,33.661377,60.674663,49.97961,33.708146,50,27,0,0,0,0,0,0,0,0
97,60.844312,0,1.892182,0,37.963628,24.945717,0.799459,2.850779,0,89.388902,0,14.91066,0,60.69153,33.686162,60.59768,49.958433,33.665378,50,27,0,0,0,0,0,0,0,0
98,61.03029,0,1.893552,0,37.926351,24.927703,0.793804,2.839786,0,89.204146,0,14.880281,0,60.594226,33.724395,60.58689,49.955658,33.659383,50,27,0,0,0,0,0,0,0,0
99,60.664504,0,1.903465,0,37.925755,24.990635,0.79877,2.85227,0,89.235493,0,14.883723,0,60.498551,33.88393,60.828192,50.022573,33.79344,50,27,0,0,0,0,0,0,0,0
100,60.988533,0,1.896971,0,38.028255,24.951101,0.802228,2.851954,0,88.740478,0,14.890259,0,60.865665,33.670753,60.725032,49.993948,33.736129,50,27,0,0,0,0,0,0,0,0
101,60.878104,0,1.893692,0,38.151997,25.072236,0.798597,2.835877,0,89.500648,0,14.837157,0,61.112903,33.719388,61.083649,50.093098,33.935361,50,27,0,0,0,0,0,0,0,0
102,60.805518,0,1.886598,0,38.052936,24.978674,0.798917,2.86521,0,89.422143,0,14.835545,0,60.198297,33.98764,60.736716,49.996744,33.74262,50,27,0,0,0,0,0,0,0,0
103,60.459719,0,1.895293,0,37.813563,24.97045,0.799676,2.863285,0,89.469285,0,14.919325,0,60.983045,33.589607,60.648213,49.972299,33.693452,50,27,0,0,0,0,0,0,0,0
104,60.665294,0,1.895354,0,37.9652,24.994536,0.796995,2.850544,0,89.141038,0,14.882452,0,60.990934,33.64783,60.799844,50.014346,33.777691,50,27,0,0,0,0,0,0,0,0
105,61.005732,0,1.893331,0,38.032075,24.952346,0.797099,2.868775,0,88.774793,0,14.806405,0,60.69689,33.734281,60.700099,49.986706,33.722277,50,27,0,0,0,0,0,0,0,0
106,60.825648,0,1.905217,0,37.974379,24.915914,0.795771,2.854445,0,88.749711,0,14.871116,0,60.759788,33.711107,60.713914,49.990591,33.729952,50,27,0,0,0,0,0,0,0,0
107,60.878078,0,1.910835,0,37.782683,25.006941,0.803175,2.8618,0,88.914926,0,14.898242,0,60.827423,33.790531,60.951952,50.05643,33.862196,50,27,0,0,0,0,0,0,0,0
108,60.590926,0,1.906255,0,38.120272,25.16116,0.799956,2.850927,0,88.618881,0,14.775389,0,60.585433,33.775387,60.670234,49.978284,33.705685,50,27,0,0,0,0,0,0,0,0
109,61.244422,0,1.904123,0,38.004468,24.922782,0.802787,2.853778,0,89.465752,0,14.829206,0,60.68659,33.810944,60.841094,50.025617,33.800608,50,27,0,0,0,0,0,0,0,0
110,60.464444,0,1.906031,0,37.995868,24.9285,0.800383,2.834282,0,89.285832,0,14.888225,0,61.191979,33.534738,60.754205,50.001474,33.752336,50,27,0,0,0,0,0,0,0,0
111,60.878301,0,1.90647,0,37.936734,24.995939,0.796816,2.867982,0,89.325729,0,14.927236,0,60.705081,33.765932,60.782342,50.009243,33.767968,50,27,0,0,0,0,0,0,0,0
112,60.679378,0,1.900242,0,37.956563,25.135249,0.800413,2.846369,0,89.011588,0,14.826519,0,60.425961,33.965457,60.919267,50.047043,33.844037,50,27,0,0,0,0,0,0,0,0
113,60.627713,0,1.907965,0,38.162828,25.007953,0.801762,2.849536,0,89.241185,0,14.883245,0,60.650524,33.880504,60.9338,50.050825,33.852111,50,27,0,0,0,0,0,0,0,0
114,61.025786,0,1.901948,0,38.137773,24.987171,0.799416,2.857895,0,89.285995,0,14.8439,0,61.053027,33.657733,60.84869,50.027049,33.804828,50,27,0,0,0,0,0,0,0,0
115,60.648899,0,1.887262,0,38.070972,24.924966,0.800269,2.831628,0,89.398773,0,14.801378,0,60.576607,33.897346,60.890477,50.038464,33.828043,50,27,0,0,0,0,0,0,0,0
116,60.878248,0,1.894929,0,37.963394,25.033827,0.801879,2.858451,0,89.289269,0,14.838822,0,60.989901,33.751096,60.975655,50.061815,33.875364,50,27,0,0,0,0,0,0,0,0
117,60.880451,0,1.893992,0,37.949982,24.980915,0.80101,2.847814,0,89.664419,0,14.882734,0,60.783792,33.800227,60.874073,50.033431,33.818929,50,27,0,0,0,0,0,0,0,0
118,60.588397,0,1.90583,0,38.049716,25.035948,0.798934,2.852447,0,89.209719,0,14.915504,0,60.894607,33.748056,60.869199,50.031917,33.816222,50,27,0,0,0,0,0,0,0,0
119,60.60917,0,1.900391,0,37.946062,24.983826,0.796642,2.847268,0,89.526974,0,14.779209,0,60.895649,33.609549,60.579664,49.951732,33.655369,50,27,0,0,0,0,0,0,0,0
120,60.760435,0,1.894442,0,37.94091,25.165114,0.803349,2.843015,0,89.04548,0,14.913782,0,60.705867,33.830855,60.876449,50.034003,33.820249,50,27,0,0,0,0,0,0,0,0
121,60.666781,0,1.905492,0,38.016729,25.02262,0.803088,2.84471,0,89.115323,0,14.852196,0,60.538912,33.78177,60.595293,49.956123,33.664052,50,27,0,0,0,0,0,0,0,0
122,60.822741,0,1.909305,0,38.114166,24.960713,0.801125,2.852875,0,88.890173,0,14.809341,0,60.848479,33.585899,60.488172,49.926733,33.60454,50,27,0,0,0,0,0,0,0,0
123,60.630327,0,1.898899,0,38.121247,25.013963,0.802119,2.852791,0,89.105459,0,14.907984,0,61.009683,33.694046,60.900018,50.040931,33.833343,50,27,0,0,0,0,0,0,0,0
124,60.458308,0,1.895132,0,38.019147,25.191187,0.801347,2.829892,0,89.364104,0,14.768361,0,60.621895,33.634745,60.393996,49.900865,33.55222,50,27,0,0,0,0,0,0,0,0
125,61.000449,0,1.903878,0,38.112619,25.092988,0.799562,2.839885,0,88.883786,0,14.931367,0,60.449456,33.959018,60.919815,50.046692,33.844342,50,27,0,0,0,0,0,0,0,0
126,60.734567,0,1.898493,0,38.047845,24.90343,0.796086,2.850494,0,89.141092,0,14.861198,0,60.876242,33.700657,60.772222,50.005666,33.762346,50,27,0,0,0,0,0,0,0,0
127,60.851987,0,1.899021,0,37.855841,24.981641,0.794527,2.852747,0,89.057569,0,14.801035,0,60.383817,33.953811,60.820295,50.018925,33.789053,50,27,0,0,0,0,0,0,0,0
128,60.464744,0,1.896419,0,37.966597,24.972226,0.7994,2.841422,0,88.904005,0,14.897425,0,60.604102,33.887362,60.873133,50.033435,33.818407,50,27,0,0,0,0,0,0,0,0
129,60.863907,0,1.902205,0,37.994355,24.996278,0.802184,2.846907,0,89.059172,0,14.844452,0,60.663496,33.790077,60.710504,49.988318,33.728058,50,27,0,0,0,0,0,0,0,0
130,60.667744,0,1.899933,0,38.137978,24.98528,0.799952,2.847801,0,89.37221,0,14.918026,0,60.868465,33.734781,60.795895,50.011978,33.775497,50,27,0,0,0,0,0,0,0,0
131,60.762143,0,1.908997,0,38.061739,25.0027,0.797949,2.838644,0,89.042417,0,14.950437,0,60.593802,34.01698,61.121031,50.101785,33.956128,50,27,0,0,0,0,0,0,0,0
132,60.584975,0,1.910247,0,37.917195,24.996227,0.795822,2.855076,0,89.286287,0,14.833427,0,60.882385,33.818168,60.957293,50.056022,33.865163,50,27,0,0,0,0,0,0,0,0
133,60.76294,0,1.905844,0,37.912395,25.06692,0.798318,2.870495,0,89.256131,0,14.821959,0,60.854657,33.781197,60.846897,50.02523,33.803832,50,27,0,0,0,0,0,0,0,0
134,60.897799,0,1.898833,0,37.899766,24.977546,0.80017,2.857324,0,89.358083,0,14.977133,0,61.154276,33.524293,60.605095,49.958272,33.669497,50,27,0,0,0,0,0,0,0,0
135,61.103259,0,1.897053,0,38.051728,24.93099,0.80053,2.864887,0,89.299314,0,14.899235,0,60.843521,33.716242,60.733556,49.993985,33.740864,50,27,0,0,0,0,0,0,0,0
136,60.674934,0,1.889015,0,37.973017,24.976316,0.798951,2.841858,0,89.210638,0,14.853784,0,60.813119,33.640501,60.550259,49.943353,33.639033,50,27,0,0,0,0,0,0,0,0
137,60.871493,0,1.899812,0,38.038077,24.97155,0.798859,2.850309,0,89.695301,0,14.874314,0,60.799167,33.890745,61.080595,50.090217,33.933664,50,27,0,0,0,0,0,0,0,0
138,60.817307,0,1.89639,0,37.956339,25.064765,0.802933,2.84375,0,89.161115,0,14.868141,0,60.705606,33.813591,60.806698,50.014064,33.781499,50,27,0,0,0,0,0,0,0,0
139,60.707138,0,1.898482,0,38.028221,24.837124,0.80361,2.857791,0,89.288185,0,14.902614,0,60.737345,33.724906,60.645049,49.969315,33.691694,50,27,0,0,0,0,0,0,0,0
140,60.632655,0,1.896597,0,37.83306,25.089016,0.802689,2.839222,0,89.476887,0,14.919486,0,61.235287,33.507275,60.689694,49.981808,33.716497,50,27,0,0,0,0,0,0,0,0
141,60.732786,0,1.909882,0,38.066637,24.969755,0.804041,2.841626,0,89.175288,0,14.903485,0,60.805824,33.648093,60.591369,49.954722,33.661872,50,27,0,0,0,0,0,0,0,0
142,60.650423,0,1.904024,0,38.041674,24.82613,0.799711,2.838929,0,89.508695,0,14.794754,0,60.664816,33.895683,60.986024,50.064028,33.881124,50,27,0,0,0,0,0,0,0,0
143,60.806428,0,1.900807,0,38.10541,24.970824,0.797975,2.847774,0,88.847177,0,14.798902,0,60.652308,33.784554,60.719029,49.989913,33.732794,50,27,0,0,0,0,0,0,0,0
144,60.842977,0,1.903359,0,37.781485,25.014607,0.800451,2.847713,0,89.158844,0,14.857449,0,60.875184,33.701142,60.761788,50.001781,33.756549,50,27,0,0,0,0,0,0,0,0
145,60.65575,0,1.89768,0,37.786277,25.035226,0.799376,2.839755,0,88.755228,0,14.835844,0,60.64064,33.879318,60.910169,50.042785,33.838983,50,27,0,0,0,0,0,0,0,0
146,60.352793,0,1.903505,0,37.948276,24.917527,0.801993,2.857214,0,88.982583,0,14.988576,0,60.75857,33.797081,60.837786,50.022565,33.79877,50,27,0,0,0,0,0,0,0,0
147,60.570004,0,1.90304,0,38.154037,24.976105,0.797803,2.854875,0,89.266846,0,14.763926,0,61.170101,33.604486,60.83811,50.022543,33.79895,50,27,0,0,0,0,0,0,0,0
148,61.051418,0,1.905942,0,38.014044,25.007319,0.80319,2.856865,0,89.336259,0,14.896917,0,60.987247,33.627596,60.724754,49.991099,33.735974,50,27,0,0,0,0,0,0,0,0
149,60.890417,0,1.902473,0,37.817679,25.071454,0.799529,2.847142,0,89.186954,0,14.790449,0,60.743331,33.757834,60.771965,50.004192,33.762203,50,27,0,0,0,0,0,0,0,0
150,60.752351,0,1.901545,0,38.030401,24.914461,0.802245,2.842612,0,88.916769,0,14.835277,0,60.776685,33.651816,60.579897,49.951085,33.655498,50,27,0,0,0,0,0,0,0,0
151,60.615954,0,1.896215,0,37.973314,25.077851,0.79968,2.846022,0,89.065406,0,14.91733,0,60.768717,33.834168,60.968878,50.058841,33.871599,50,27,0,0,0,0,0,0,0,0
152,60.91553,0,1.902186,0,38.146724,25.037356,0.796219,2.856957,0,89.21861,0,14.840095,0,60.365283,33.876484,60.642192,49.968254,33.690107,50,27,0,0,0,0,0,0,0,0
153,60.651093,0,1.903387,0,38.019176,25.093155,0.800126,2.847629,0,88.958369,0,14.852482,0,60.988959,33.527127,60.511637,49.932327,33.617576,50,27,0,0,0,0,0,0,0,0
154,60.630657,0,1.893186,0,37.979449,25.03464,0.80286,2.853514,0,89.415168,0,14.891223,0,60.630061,33.742732,60.637364,49.967414,33.687424,50,27,0,0,0,0,0,0,0,0
155,60.658078,0,1.904392,0,37.890989,25.022652,0.802802,2.857752,0,88.61526,0,14.855381,0,60.832505,33.87125,61.110443,50.098333,33.950246,50,27,0,0,0,0,0,0,0,0
156,60.883135,0,1.896495,0,38.101525,25.131755,0.798141,2.859949,0,89.120872,0,14.865289,0,60.815856,33.705778,60.727382,49.991967,33.737434,50,27,0,0,0,0,0,0,0,0
157,60.794656,0,1.898213,0,38.130733,25.075037,0.796102,2.835166,0,89.305066,0,14.830227,0,61.088488,33.663605,60.916585,50.044302,33.842547,50,27,0,0,0,0,0,0,0,0
158,60.942731,0,1.906707,0,38.006433,25.041335,0.801613,2.847068,0,89.235089,0,14.848662,0,60.693069,33.873481,60.974618,50.060122,33.874788,50,27,0,0,0,0,0,0,0,0
159,60.684537,0,1.900429,0,38.05811,25.014287,0.799408,2.845512,0,89.523256,0,14.826059,0,60.879291,33.651567,60.675142,49.977049,33.708412,50,27,0,0,0,0,0,0,0,0
160,60.743322,0,1.896419,0,38.03004,24.890482,0.800632,2.846597,0,89.179629,0,14.796388,0,60.617648,33.844572,60.833378,50.020899,33.796321,50,27,0,0,0,0,0,0,0,0
161,60.774715,0,1.899507,0,38.027439,25.048498,0.796985,2.836545,0,89.167705,0,14.954796,0,60.704855,33.687458,60.575689,49.949571,33.653161,50,27,0,0,0,0,0,0,0,0
162,60.776724,0,1.901157,0,38.170408,25.116718,0.800948,2.857983,0,88.575317,0,14.858048,0,60.723213,33.779769,60.79684,50.010947,33.776022,50,27,0,0,0,0,0,0,0,0
163,60.854405,0,1.896196,0,37.947093,25.033369,0.800914,2.846183,0,88.900101,0,14.850795,0,61.058171,33.540377,60.622228,49.96263,33.679015,50,27,0,0,0,0,0,0,0,0
164,60.544409,0,1.889556,0,38.085188,24.932906,0.80058,2.84164,0,89.038865,0,14.913365,0,61.069998,33.749089,61.101554,50.0953,33.945308,50,27,0,0,0,0,0,0,0,0
165,60.856031,0,1.899324,0,38.008031,24.954782,0.804506,2.845505,0,88.977399,0,14.848965,0,60.681254,33.742127,60.696153,49.982774,33.720085,50,27,0,0,0,0,0,0,0,0
166,60.783497,0,1.90689,0,38.023681,25.000576,0.798316,2.842876,0,89.107117,0,14.875294,0,60.826266,33.6333,60.610675,49.959235,33.672597,50,27,0,0,0,0,0,0,0,0
167,60.562117,0,1.891795,0,37.907424,25.016557,0.797838,2.847943,0,89.136003,0,14.891992,0,60.880238,33.687325,60.79208,50.009577,33.773378,50,27,0,0,0,0,0,0,0,0
168,60.647457,0,1.902179,0,37.997811,24.907577,0.798851,2.851417,0,89.031491,0,14.884448,0,60.547224,33.899295,60.911701,50.042592,33.839834,50,27,0,0,0,0,0,0,0,0
169,60.721852,0,1.897275,0,38.070624,25.013741,0.796535,2.843971,0,88.736415,0,14.781249,0,60.608301,33.909044,60.970562,50.058649,33.872534,50,27,0,0,0,0,0,0,0,0
170,60.723887,0,1.903353,0,37.845524,25.006221,0.802982,2.853096,0,88.963588,0,14.836119,0,60.575176,33.750361,60.580074,49.950428,33.655597,50,27,0,0,0,0,0,0,0,0
171,60.610959,0,1.884665,0,38.158386,25.038815,0.797278,2.84975,0,88.988474,0,14.823481,0,60.876218,33.509442,60.372621,49.893336,33.540345,50,27,0,0,0,0,0,0,0,0
172,60.773189,0,1.898203,0,37.750925,25.016596,0.795937,2.844882,0,89.095031,0,14.80838,0,60.733752,33.707032,60.678422,49.978388,33.710235,50,27,0,0,0,0,0,0,0,0
173,60.684984,0,1.888396,0,38.233308,25.12296,0.80289,2.853796,0,89.589522,0,14.818093,0,60.891852,33.683354,60.790035,50.009345,33.772241,50,27,0,0,0,0,0,0,0,0
174,60.711157,0,1.909857,0,38.208529,25.065063,0.798663,2.847039,0,89.143441,0,14.792108,0,60.398668,34.091262,61.163644,50.112563,33.979802,50,27,0,0,0,0,0,0,0,0
175,60.753352,0,1.900879,0,38.000384,25.013073,0.800976,2.83044,0,89.239739,0,14.88811,0,60.554841,34.086192,61.261311,50.138997,34.034062,50,27,0,0,0,0,0,0,0,0
176,60.777669,0,1.901949,0,37.872258,24.933282,0.798194,2.848742,0,88.98976,0,14.803297,0,60.906489,33.770092,60.902032,50.039003,33.834462,50,27,0,0,0,0,0,0,0,0
177,61.062041,0,1.886844,0,38.056559,24.997842,0.802062,2.854553,0,88.944447,0,14.92778,0,60.765555,33.783585,60.789839,50.007799,33.772133,50,27,0,0,0,0,0,0,0,0
178,60.878868,0,1.8974,0,37.922168,25.029626,0.798022,2.851843,0,88.94983,0,14.952025,0,61.067443,33.650633,60.809762,50.013267,33.783201,50,27,0,0,0,0,0,0,0,0
179,60.80921,0,1.910454,0,37.976299,24.99019,0.797562,2.841151,0,89.13333,0,14.881224,0,60.906886,33.674871,60.716438,49.987406,33.731355,50,27,0,0,0,0,0,0,0,0
180,60.849349,0,1.903829,0,38.04462,24.980719,0.801997,2.854145,0,89.578333,0,14.862968,0,60.896715,33.578056,60.513951,49.931502,33.618862,50,27,0,0,0,0,0,0,0,0
181,60.993045,0,1.889875,0,38.0581,24.944848,0.800946,2.860332,0,89.030618,0,14.821751,0,60.61812,33.907863,60.954965,50.053738,33.86387,50,27,0,0,0,0,0,0,0,0
182,60.591418,0,1.891511,0,38.099398,24.991426,0.80249,2.842384,0,89.084631,0,14.849957,0,60.55228,33.857303,60.761423,49.999976,33.756346,50,27,0,0,0,0,0,0,0,0
183,60.892668,0,1.902111,0,38.178692,25.184631,0.799052,2.857726,0,89.639168,0,14.846046,0,60.798492,33.692775,60.647511,49.968492,33.693062,50,27,0,0,0,0,0,0,0,0
184,60.960553,0,1.903304,0,37.963139,25.061018,0.797801,2.844157,0,89.556666,0,14.88029,0,60.938922,33.700392,60.813445,50.014512,33.785247,50,27,0,0,0,0,0,0,0,0
185,60.467269,0,1.897713,0,38.013498,24.85383,0.8015,2.853265,0,88.674908,0,14.852146,0,60.914321,33.710826,60.818695,50.015891,33.788164,50,27,0,0,0,0,0,0,0,0
186,60.457718,0,1.894375,0,38.103285,24.978592,0.798632,2.834448,0,89.021073,0,14.915309,0,60.55382,33.770171,60.589353,49.952422,33.660751,50,27,0,0,0,0,0,0,0,0
187,60.691168,0,1.897821,0,38.100245,24.92272,0.802669,2.848969,0,89.142962,0,14.866909,0,60.526156,33.753234,60.523741,49.934524,33.6243,50,27,0,0,0,0,0,0,0,0
188,60.859427,0,1.907453,0,38.014114,24.9776,0.795802,2.856937,0,89.227541,0,14.90817,0,60.800537,33.805534,60.908593,50.041221,33.838107,50,27,0,0,0,0,0,0,0,0
189,61.093194,0,1.888286,0,37.952206,25.130311,0.802478,2.848291,0,89.113551,0,14.773781,0,61.012293,33.621077,60.724508,49.990136,33.735838,50,27,0,0,0,0,0,0,0,0
190,61.008191,0,1.902839,0,38.218687,24.931055,0.80183,2.840557,0,89.582982,0,14.856235,0,60.774166,33.677459,60.623297,49.962211,33.679609,50,27,0,0,0,0,0,0,0,0
191,61.073022,0,1.906713,0,38.027985,24.924149,0.799904,2.861939,0,89.208951,0,14.864535,0,60.221091,33.909862,60.569876,49.947634,33.649931,50,27,0,0,0,0,0,0,0,0
192,60.603603,0,1.909328,0,37.926655,25.050424,0.799817,2.849681,0,89.09496,0,14.867848,0,60.651951,33.926101,61.013191,50.070424,33.896217,50,27,0,0,0,0,0,0,0,0
193,60.714034,0,1.903506,0,37.888617,25.062045,0.795571,2.824904,0,89.141623,0,14.823131,0,61.012753,33.681929,60.836365,50.0212,33.797981,50,27,0,0,0,0,0,0,0,0
194,60.864736,0,1.896517,0,37.960364,25.087343,0.798672,2.862654,0,89.310638,0,14.896016,0,60.860336,33.633851,60.593558,49.953984,33.663088,50,27,0,0,0,0,0,0,0,0
195,60.805417,0,1.906667,0,37.986595,25.000387,0.804541,2.853954,0,88.718403,0,14.915418,0,60.785084,33.885221,61.065214,50.084576,33.925119,50,27,0,0,0,0,0,0,0,0
196,60.784603,0,1.899845,0,37.923954,24.960687,0.800161,2.838428,0,89.431145,0,14.911877,0,60.862301,33.582864,60.487138,49.924378,33.603966,50,27,0,0,0,0,0,0,0,0
197,60.894459,0,1.896811,0,38.065163,25.089479,0.801378,2.847563,0,89.155518,0,14.77463,0,60.72094,33.732327,60.684498,49.979303,33.71361,50,27,0,0,0,0,0,0,0,0
198,60.689737,0,1.896313,0,38.123213,25.119906,0.797149,2.838577,0,88.434326,0,14.774758,0,61.154303,33.63445,60.913681,50.042752,33.840934,50,27,0,0,0,0,0,0,0,0
199,60.890555,0,1.887394,0,38.029974,24.928202,0.79733,2.837254,0,89.168874,0,14.868896,0,60.673475,33.825807,60.851535,50.025362,33.806408,50,27,0,0,0,0,0,0,0,0
200,60.72654,0,1.893807,0,38.088204,24.986272,0.802095,2.845935,0,89.192729,0,14.884697,0,60.858706,33.651727,60.658437,49.971864,33.699131,50,27,0,0,0,0,0,0,0,0
201,60.561543,0,1.893283,0,38.046073,24.979885,0.80207,2.838346,0,89.341276,0,14.890202,0,60.811306,33.761427,60.854953,50.026321,33.808307,50,27,0,0,0,0,0,0,0,0
202,60.643649,0,1.889967,0,37.8751,25.012666,0.795207,2.844712,0,89.460445,0,14.924985,0,60.746689,33.759607,60.783768,50.006515,33.76876,50,27,0,0,0,0,0,0,0,0
203,60.968796,0,1.897402,0,37.911782,24.912941,0.798372,2.857182,0,89.205216,0,14.833087,0,60.615098,33.82701,60.792038,50.008768,33.773354,50,27,0,0,0,0,0,0,0,0
204,61.058501,0,1.912407,0,38.008831,24.964431,0.799762,2.846706,0,89.18622,0,14.95464,0,60.55085,33.831347,60.725879,49.990438,33.736599,50,27,0,0,0,0,0,0,0,0
205,60.678711,0,1.900279,0,37.808007,24.953241,0.800523,2.83699,0,89.23875,0,14.790052,0,60.578778,33.846133,60.774057,50.003802,33.763365,50,27,0,0,0,0,0,0,0,0
206,61.059559,0,1.898713,0,37.967963,24.98495,0.800659,2.839877,0,89.520862,0,14.865592,0,61.000775,33.704001,60.884039,50.034182,33.824466,50,27,0,0,0,0,0,0,0,0
207,60.655568,0,1.912903,0,37.966251,24.979123,0.800681,2.85448,0,88.987355,0,14.808567,0,61.067909,33.521183,60.572838,49.947997,33.651577,50,27,0,0,0,0,0,0,0,0
208,60.736387,0,1.900174,0,37.817065,25.103265,0.797554,2.844301,0,89.430906,0,14.898788,0,60.788153,33.748466,60.803449,50.011995,33.779694,50,27,0,0,0,0,0,0,0,0
209,60.758472,0,1.902168,0,38.023076,25.094768,0.800837,2.857453,0,89.116336,0,14.82762,0,60.728559,33.684745,60.608487,49.958049,33.671382,50,27,0,0,0,0,0,0,0,0
210,60.949215,0,1.898329,0,37.899708,24.920214,0.79571,2.8542,0,89.031355,0,14.810043,0,60.664653,33.847176,60.894714,50.03737,33.830397,50,27,0,0,0,0,0,0,0,0
211,60.727525,0,1.900253,0,38.001771,24.79459,0.800458,2.849851,0,89.193505,0,14.862656,0,60.804425,33.704877,60.719945,49.988878,33.733303,50,27,0,0,0,0,0,0,0,0
212,60.846552,0,1.893271,0,38.029884,25.014898,0.796344,2.851846,0,89.171283,0,14.851532,0,60.743129,33.683835,60.619542,49.961183,33.677524,50,27,0,0,0,0,0,0,0,0
213,60.842443,0,1.908748,0,38.022838,25.035939,0.799195,2.846957,0,89.080701,0,14.806006,0,60.669313,33.815907,60.832041,50.02011,33.795578,50,27,0,0,0,0,0,0,0,0
214,60.576962,0,1.892902,0,38.023222,24.863255,0.796446,2.855845,0,89.411562,0,14.926045,0,61.196696,33.417907,60.509723,49.930922,33.616513,50,27,0,0,0,0,0,0,0,0
215,60.682791,0,1.899325,0,38.041269,24.940488,0.796761,2.861293,0,89.356347,0,14.815909,0,60.802808,33.751533,60.862513,50.028776,33.812507,50,27,0,0,0,0,0,0,0,0
216,60.519246,0,1.894562,0,38.254201,25.092101,0.801152,2.849139,0,89.272958,0,14.857943,0,61.049208,33.668323,60.929661,50.047192,33.849811,50,27,0,0,0,0,0,0,0,0
217,60.803935,0,1.8929,0,38.078449,25.036313,0.798987,2.864487,0,89.092052,0,14.862122,0,60.538312,33.816636,60.739083,49.994282,33.743935,50,27,0,0,0,0,0,0,0,0
218,60.710262,0,1.904408,0,38.079644,25.013433,0.803753,2.851483,0,88.714031,0,14.856252,0,60.710696,33.641641,60.529789,49.936463,33.627661,50,27,0,0,0,0,0,0,0,0
219,60.737672,0,1.90256,0,37.866848,24.930591,0.802517,2.843989,0,89.443192,0,14.806038,0,60.922439,33.518322,60.492713,49.926531,33.607063,50,27,0,0,0,0,0,0,0,0
220,60.703771,0,1.894891,0,37.976821,24.964848,0.802611,2.848231,0,89.150077,0,14.781993,0,60.866257,33.639133,60.718225,49.989227,33.732347,50,27,0,0,0,0,0,0,0,0
221,60.685752,0,1.899792,0,37.888092,25.014533,0.804244,2.840919,0,89.066222,0,14.776374,0,60.719954,33.702433,60.714697,49.988306,33.730387,50,27,0,0,0,0,0,0,0,0
222,60.896695,0,1.900018,0,38.029341,25.082008,0.797493,2.854053,0,89.09113,0,14.85009,0,60.846174,33.727805,60.894763,50.038133,33.830424,50,27,0,0,0,0,0,0,0,0
223,60.654938,0,1.904987,0,38.029295,25.092096,0.800141,2.853637,0,88.894261,0,14.873884,0,60.693573,33.842476,60.981012,50.061783,33.87834,50,27,0,0,0,0,0,0,0,0
224,60.705529,0,1.906635,0,38.030993,25.081514,0.798288,2.844844,0,88.941457,0,14.830999,0,60.748306,33.618587,60.545512,49.941105,33.636395,50,27,0,0,0,0,0,0,0,0
225,60.642198,0,1.896142,0,37.806711,24.892729,0.80338,2.850833,0,89.103984,0,14.778599,0,60.844422,33.850661,61.143836,50.106772,33.968798,50,27,0,0,0,0,0,0,0,0
226,60.740097,0,1.897862,0,37.755196,25.006651,0.794157,2.864681,0,89.415882,0,14.797123,0,60.515159,33.88642,60.871288,50.03091,33.817382,50,27,0,0,0,0,0,0,0,0
227,60.556669,0,1.907295,0,38.162517,25.075103,0.796369,2.856565,0,89.001471,0,14.805704,0,60.641115,33.827999,60.851753,50.025356,33.806529,50,27,0,0,0,0,0,0,0,0
228,60.804666,0,1.896848,0,37.926883,24.95478,0.802106,2.861041,0,89.244768,0,14.817154,0,60.803813,33.654106,60.634482,49.965178,33.685823,50,27,0,0,0,0,0,0,0,0
229,60.563788,0,1.909905,0,38.027334,25.050945,0.799783,2.845842,0,89.307679,0,14.831054,0,60.795299,33.785765,60.914268,50.042683,33.84126,50,27,0,0,0,0,0,0,0,0
230,61.037726,0,1.896403,0,37.986499,24.98411,0.804046,2.86829,0,88.982478,0,14.929405,0,60.522579,33.801887,60.668119,49.974436,33.704511,50,27,0,0,0,0,0,0,0,0
231,60.478006,0,1.894551,0,37.96881,24.94903,0.799776,2.869275,0,89.263236,0,14.852843,0,60.809688,33.537861,60.389203,49.897472,33.549557,50,27,0,0,0,0,0,0,0,0
232,61.145942,0,1.910534,0,37.87867,25.013657,0.7953,2.856396,0,88.891533,0,14.823775,0,60.725769,33.857894,61.006633,50.068637,33.892574,50,27,0,0,0,0,0,0,0,0
233,60.89372,0,1.902763,0,38.074822,25.010425,0.799215,2.841524,0,88.774484,0,14.86068,0,60.626076,33.771406,60.706951,49.985465,33.726084,50,27,0,0,0,0,0,0,0,0
234,60.775965,0,1.904995,0,37.762646,25.026546,0.801335,2.846862,0,89.264019,0,14.887498,0,60.747783,33.798926,60.881654,50.033824,33.823141,50,27,0,0,0,0,0,0,0,0
235,60.960858,0,1.907708,0,37.841691,24.960692,0.800074,2.850206,0,89.626278,0,14.815037,0,60.816136,33.75331,60.845419,50.023641,33.803011,50,27,0,0,0,0,0,0,0,0
236,60.825398,0,1.906805,0,38.007712,24.881394,0.798027,2.859401,0,88.360077,0,14.840201,0,60.433317,33.866815,60.700193,49.983383,33.722329,50,27,0,0,0,0,0,0,0,0
237,60.960082,0,1.895668,0,38.024736,25.055931,0.800785,2.858348,0,89.578195,0,14.878193,0,60.79019,33.615539,60.510352,49.930994,33.616862,50,27,0,0,0,0,0,0,0,0
238,60.720845,0,1.906102,0,38.036652,25.016701,0.799698,2.856776,0,89.355501,0,14.825883,0,60.600527,33.873446,60.882202,50.034115,33.823445,50,27,0,0,0,0,0,0,0,0
239,61.019676,0,1.908977,0,38.097996,24.985693,0.798682,2.844559,0,88.932194,0,14.774126,0,60.797485,33.701658,60.699188,49.983361,33.721771,50,27,0,0,0,0,0,0,0,0
240,60.869292,0,1.898341,0,38.121641,24.942862,0.799092,2.840406,0,89.045095,0,14.890147,0,60.808519,33.742196,60.801878,50.011827,33.778821,50,27,0,0,0,0,0,0,0,0
241,60.967733,0,1.894782,0,37.926991,25.102,0.804913,2.864951,0,88.911598,0,14.921642,0,60.825808,33.748987,60.833906,50.020621,33.796615,50,27,0,0,0,0,0,0,0,0
242,60.829114,0,1.896881,0,37.902427,25.073025,0.802072,2.852599,0,89.562066,0,14.875382,0,60.618553,33.927499,61.002694,50.067171,33.890385,50,27,0,0,0,0,0,0,0,0
243,60.935946,0,1.897621,0,38.011409,24.915799,0.80337,2.858103,0,88.834654,0,14.852409,0,60.409867,33.850765,60.608137,49.957782,33.671187,50,27,0,0,0,0,0,0,0,0
244,60.87459,0,1.905548,0,38.001612,24.852601,0.799242,2.844041,0,89.493418,0,14.840603,0,61.044106,33.693326,60.897886,50.038078,33.832159,50,27,0,0,0,0,0,0,0,0
245,60.572341,0,1.894313,0,37.982658,25.049516,0.799233,2.851126,0,89.450833,0,14.875891,0,60.676775,33.837568,60.843956,50.022983,33.802198,50,27,0,0,0,0,0,0,0,0
246,61.115507,0,1.905399,0,37.939319,24.965376,0.799221,2.864101,0,89.186523,0,14.861747,0,60.865605,33.691868,60.715001,49.987225,33.730556,50,27,0,0,0,0,0,0,0,0
247,60.470756,0,1.905259,0,37.93302,25.081197,0.794835,2.853266,0,89.031553,0,14.905781,0,61.129282,33.639792,60.878242,50.032408,33.821245,50,27,0,0,0,0,0,0,0,0
248,61.004281,0,1.897909,0,37.724133,25.046311,0.79918,2.841914,0,88.699066,0,14.846737,0,60.741374,33.794044,60.831399,50.0193,33.795222,50,27,0,0,0,0,0,0,0,0
249,61.067492,0,1.892556,0,38.121781,24.881967,0.801175,2.852456,0,89.563418,0,14.858758,0,60.548788,33.793098,60.631191,49.963867,33.683995,50,27,0,0,0,0,0,0,0,0
250,60.713564,0,1.893929,0,37.920695,25.0058,0.796374,2.843724,0,89.260419,0,14.869946,0,60.862402,33.72043,60.786372,50.006938,33.770206,50,27,0,0,0,0,0,0,0,0
251,60.933596,0,1.896568,0,38.155564,24.943701,0.800115,2.837841,0,89.192674,0,14.865772,0,60.936581,33.662179,60.742428,49.994758,33.745793,50,27,0,0,0,0,0,0,0,0
252,60.794011,0,1.895706,0,37.805245,25.002046,0.803118,2.837947,0,88.839644,0,14.840402,0,60.989393,33.628672,60.736697,49.9932,33.742609,50,27,0,0,0,0,0,0,0,0
253,60.388758,0,1.899735,0,38.004063,24.994932,0.796936,2.852081,0,88.538847,0,14.865438,0,60.354333,33.862098,60.609814,49.958164,33.672119,50,27,0,0,0,0,0,0,0,0
254,60.933487,0,1.910018,0,37.698545,25.081101,0.797331,2.845342,0,89.031593,0,14.856885,0,60.722026,33.694206,60.607391,49.957702,33.670773,50,27,0,0,0,0,0,0,0,0
255,60.61885,0,1.897146,0,37.88663,24.98206,0.799999,2.842669,0,89.328405,0,14.885221,0,60.659513,33.749588,60.668865,49.974904,33.704925,50,27,0,0,0,0,0,0,0,0
256,61.050707,0,1.907303,0,38.074262,25.049421,0.797127,2.849723,0,89.202371,0,14.827688,0,60.554283,33.841081,60.756044,49.999124,33.753358,50,27,0,0,0,0,0,0,0,0
257,60.542327,0,1.889073,0,38.148496,25.044323,0.798966,2.853661,0,89.350644,0,14.833761,0,61.228081,33.582151,60.871051,50.030916,33.81725,50,27,0,0,0,0,0,0,0,0
258,60.659442,0,1.886407,0,38.042851,24.923446,0.798354,2.860876,0,89.506883,0,14.85187,0,60.878768,33.74269,60.882689,50.033979,33.823716,50,27,0,0,0,0,0,0,0,0
259,60.674405,0,1.904462,0,38.230808,24.988889,0.797318,2.852781,0,89.212012,0,14.85333,0,60.387885,34.009777,60.954947,50.053782,33.863859,50,27,0,0,0,0,0,0,0,0
260,60.624424,0,1.899666,0,38.013646,25.020826,0.804483,2.849268,0,89.20453,0,14.817278,0,61.022488,33.594516,60.678167,49.977014,33.710093,50,27,0,0,0,0,0,0,0,0
261,60.745736,0,1.897885,0,37.932249,24.933496,0.797437,2.845281,0,89.273322,0,14.853282,0,60.913644,33.776868,60.975493,50.059308,33.875274,50,27,0,0,0,0,0,0,0,0
262,60.57695,0,1.899201,0,38.191711,24.908135,0.800036,2.85011,0,89.011392,0,14.812107,0,60.629364,33.916853,60.982628,50.060985,33.879238,50,27,0,0,0,0,0,0,0,0
263,60.692175,0,1.891909,0,38.109979,24.877049,0.800448,2.836494,0,89.129184,0,14.853131,0,60.695075,33.806447,60.793373,50.008372,33.774096,50,27,0,0,0,0,0,0,0,0
264,60.504559,0,1.901508,0,38.006834,25.037985,0.804076,2.851978,0,89.408437,0,14.892205,0,60.827335,33.710961,60.718074,49.987518,33.732263,50,27,0,0,0,0,0,0,0,0
265,60.939899,0,1.898853,0,37.836107,24.971449,0.79927,2.849649,0,89.431066,0,14.853275,0,60.79124,33.764105,60.800908,50.010475,33.778282,50,27,0,0,0,0,0,0,0,0
266,60.587433,0,1.901024,0,37.880878,25.042103,0.801408,2.844171,0,89.260777,0,14.84855,0,61.003678,33.737839,60.957336,50.053659,33.865187,50,27,0,0,0,0,0,0,0,0
267,60.776916,0,1.899066,0,38.183378,25.120615,0.801789,2.84585,0,89.516691,0,14.917038,0,60.662659,33.784964,60.718617,49.987411,33.732565,50,27,0,0,0,0,0,0,0,0
268,60.608102,0,1.900588,0,37.762683,25.125155,0.797532,2.840775,0,89.526619,0,14.845242,0,60.751059,33.819487,60.876342,50.031068,33.82019,50,27,0,0,0,0,0,0,0,0
269,60.767571,0,1.896349,0,38.091762,25.09207,0.803092,2.842485,0,89.142825,0,14.818079,0,61.208597,33.483531,60.617393,49.959341,33.67633,50,27,0,0,0,0,0,0,0,0
270,60.618188,0,1.893946,0,38.122826,25.072708,0.800602,2.862226,0,89.03004,0,14.93261,0,60.421402,33.806883,60.549219,49.940701,33.638455,50,27,0,0,0,0,0,0,0,0
271,60.92206,0,1.904824,0,38.072868,25.107985,0.800072,2.842494,0,89.479099,0,14.859356,0,60.520979,33.854439,60.741121,49.994036,33.745067,50,27,0,0,0,0,0,0,0,0
272,60.518908,0,1.889527,0,37.942513,24.981043,0.803218,2.853984,0,89.156355,0,14.779679,0,60.588646,33.783812,60.64605,49.967789,33.69225,50,27,0,0,0,0,0,0,0,0
273,60.611989,0,1.896523,0,38.085983,24.964127,0.799466,2.84969,0,88.838655,0,14.759499,0,60.766281,33.718786,60.682933,49.978143,33.71274,50,27,0,0,0,0,0,0,0,0
274,60.48207,0,1.897979,0,38.032859,24.954663,0.799776,2.846226,0,89.05795,0,14.749443,0,60.348761,34.033374,60.934207,50.047703,33.852337,50,27,0,0,0,0,0,0,0,0
275,60.724272,0,1.891329,0,37.808488,25.00547,0.79957,2.858458,0,89.638795,0,14.8951,0,60.839142,33.751261,60.792915,50.008413,33.773842,50,27,0,0,0,0,0,0,0,0
276,60.623138,0,1.891869,0,38.100099,25.077535,0.801618,2.840132,0,89.128496,0,14.850644,0,60.711754,33.795041,60.760764,49.999485,33.75598,50,27,0,0,0,0,0,0,0,0
277,60.854077,0,1.901256,0,38.221685,25.014074,0.802861,2.845101,0,89.54262,0,14.836587,0,60.948677,33.756323,60.912953,50.041552,33.84053,50,27,0,0,0,0,0,0,0,0
278,60.635817,0,1.897712,0,37.78007,24.973731,0.800384,2.840793,0,88.979734,0,14.920713,0,60.926528,33.673677,60.718707,49.987657,33.732615,50,27,0,0,0,0,0,0,0,0
279,60.644011,0,1.896969,0,37.837956,24.937984,0.801858,2.854552,0,89.411232,0,14.829366,0,60.843717,33.821777,60.961281,50.054764,33.867378,50,27,0,0,0,0,0,0,0,0
280,60.558065,0,1.908018,0,37.918575,24.949928,0.801568,2.836937,0,89.129016,0,14.880863,0,61.086767,33.626032,60.784086,50.005516,33.768937,50,27,0,0,0,0,0,0,0,0
281,61.019685,0,1.902728,0,38.026871,24.982306,0.800827,2.854105,0,89.062226,0,14.831047,0,60.407102,33.918488,60.740237,49.993369,33.744576,50,27,0,0,0,0,0,0,0,0
282,60.923549,0,1.887968,0,38.126771,24.866263,0.80116,2.838317,0,88.829956,0,14.815526,0,60.585829,33.965483,60.997273,50.064446,33.887374,50,27,0,0,0,0,0,0,0,0
283,60.934554,0,1.902906,0,37.7355,25.084389,0.805389,2.851783,0,89.111458,0,14.816555,0,60.729582,33.900578,60.978401,50.058909,33.876889,50,27,0,0,0,0,0,0,0,0
284,60.95569,0,1.8949,0,38.11663,24.862062,0.804586,2.847125,0,89.404764,0,14.913272,0,60.669639,33.903661,60.909411,50.039547,33.838561,50,27,0,0,0,0,0,0,0,0
285,60.789123,0,1.90022,0,38.102945,24.969977,0.800586,2.864452,0,89.146504,0,14.912245,0,61.139558,33.633342,60.794139,50.00749,33.774522,50,27,0,0,0,0,0,0,0,0
286,60.933995,0,1.89618,0,38.271623,25.08018,0.800046,2.851935,0,89.623134,0,14.910469,0,60.731492,33.838636,60.840705,50.020323,33.800392,50,27,0,0,0,0,0,0,0,0
287,60.70353,0,1.892483,0,37.798025,25.051717,0.794394,2.84407,0,89.421224,0,14.896266,0,61.002529,33.682768,60.776131,50.002374,33.764517,50,27,0,0,0,0,0,0,0,0
288,60.734338,0,1.895312,0,38.094135,24.889426,0.799446,2.849292,0,88.981039,0,14.873727,0,60.818552,33.762637,60.774777,50.001988,33.763765,50,27,0,0,0,0,0,0,0,0
289,60.822421,0,1.898685,0,38.105444,24.935112,0.805277,2.85708,0,89.273316,0,14.873686,0,60.776521,33.847136,60.913723,50.040382,33.840957,50,27,0,0,0,0,0,0,0,0
290,61.049324,0,1.905291,0,38.114542,25.05615,0.802536,2.846403,0,89.486463,0,14.893547,0,60.654026,33.873472,60.838205,50.019308,33.799003,50,27,0,0,0,0,0,0,0,0
291,60.958375,0,1.907816,0,38.101919,25.000708,0.8006,2.853557,0,89.389677,0,14.852734,0,61.27967,33.627937,60.934413,50.045804,33.852451,50,27,0,0,0,0,0,0,0,0
292,60.68154,0,1.893289,0,38.056773,24.971598,0.797712,2.828067,0,89.425453,0,14.838546,0,60.92893,33.677188,60.709141,49.983312,33.727301,50,27,0,0,0,0,0,0,0,0
293,60.988987,0,1.898271,0,37.775164,24.994599,0.802894,2.843481,0,88.520111,0,14.880218,0,61.062246,33.738352,60.985212,50.0597,33.880673,50,27,0,0,0,0,0,0,0,0
294,60.536795,0,1.907522,0,38.220391,25.006894,0.80135,2.844941,0,89.359285,0,14.875983,0,60.813455,33.765078,60.79761,50.00755,33.77645,50,27,0,0,0,0,0,0,0,0
295,60.844984,0,1.895452,0,37.888559,24.937721,0.796212,2.857333,0,88.745058,0,14.84994,0,60.942242,33.72336,60.839389,50.01906,33.799661,50,27,0,0,0,0,0,0,0,0
296,60.838447,0,1.89963,0,37.960324,24.996072,0.798901,2.843543,0,88.913937,0,14.837649,0,60.701438,33.937087,61.055844,50.078792,33.919913,50,27,0,0,0,0,0,0,0,0
297,60.879695,0,1.898255,0,38.052759,24.913901,0.797984,2.844412,0,89.430462,0,14.790197,0,60.778391,33.794117,60.809069,50.010193,33.782816,50,27,0,0,0,0,0,0,0,0
298,60.580818,0,1.905049,0,38.028878,25.002618,0.800232,2.864345,0,89.188963,0,14.84398,0,60.884693,33.763487,60.848843,50.021136,33.804913,50,27,0,0,0,0,0,0,0,0
299,60.80905,0,1.905004,0,38.079216,25.019391,0.803742,2.860496,0,89.07157,0,14.897799,0,60.852949,33.613433,60.502819,49.925391,33.612677,50,27,0,0,0,0,0,0,0,0
300,61.124524,0,1.899773,0,38.17282,25.081747,0.7961,2.852515,0,88.959689,0,14.819719,0,60.873573,33.604103,60.525646,49.932071,33.625359,50,27,0,0,0,0,0,0,0,0
301,60.660916,0,1.904805,0,38.022788,24.924753,0.798878,2.850007,0,88.872568,0,14.857266,0,60.825137,33.768494,60.845717,50.020876,33.803176,50,27,0,0,0,0,0,0,0,0
302,60.884938,0,1.914728,0,38.025398,25.021711,0.79757,2.853716,0,88.782946,0,14.843599,0,60.901657,33.586853,60.537802,49.935665,33.632112,50,27,0,0,0,0,0,0,0,0
303,60.576282,0,1.893785,0,38.029995,25.055577,0.795173,2.853452,0,88.653047,0,14.809035,0,60.796022,33.774765,60.851285,50.022631,33.806269,50,27,0,0,0,0,0,0,0,0
304,60.651679,0,1.90478,0,37.915703,25.066841,0.801839,2.847257,0,88.401417,0,14.954596,0,60.906124,33.632559,60.657967,49.969086,33.698871,50,27,0,0,0,0,0,0,0,0
305,60.753092,0,1.913055,0,38.006021,25.027137,0.803421,2.848559,0,88.953349,0,14.93112,0,61.234016,33.436653,60.588131,49.949937,33.660073,50,27,0,0,0,0,0,0,0,0
306,60.743926,0,1.891558,0,38.187164,24.991458,0.797891,2.835393,0,89.214434,0,14.809255,0,60.72764,33.77898,60.844218,50.020968,33.802343,50,27,0,0,0,0,0,0,0,0
307,60.592118,0,1.898073,0,38.097644,24.996117,0.801219,2.839425,0,88.999024,0,14.828445,0,60.69078,33.874454,61.001462,50.064325,33.889701,50,27,0,0,0,0,0,0,0,0
308,60.909802,0,1.904544,0,38.169688,25.035338,0.796274,2.846437,0,89.449307,0,14.812429,0,60.590706,33.881846,60.897564,50.035288,33.83198,50,27,0,0,0,0,0,0,0,0
309,60.540456,0,1.898759,0,37.876714,25.167809,0.800603,2.842941,0,89.173388,0,14.852089,0,60.552733,34.048035,61.190965,50.116207,33.994981,50,27,0,0,0,0,0,0,0,0
310,60.59188,0,1.894292,0,37.913291,24.959303,0.8014,2.838041,0,89.147039,0,14.856645,0,60.451587,33.99031,60.928168,50.042993,33.848982,50,27,0,0,0,0,0,0,0,0
311,60.705537,0,1.894396,0,38.098068,25.028327,0.79655,2.845675,0,89.336606,0,14.857193,0,60.808589,33.78242,60.816865,50.012016,33.787147,50,27,0,0,0,0,0,0,0,0
312,60.753595,0,1.894843,0,37.946804,24.944767,0.800071,2.858708,0,89.112141,0,14.817969,0,61.261588,33.436012,60.538642,49.935056,33.632579,50,27,0,0,0,0,0,0,0,0
313,61.024982,0,1.894401,0,38.148907,24.966932,0.799216,2.847951,0,89.974512,0,14.882498,0,60.951522,33.636862,60.697428,49.979267,33.720793,50,27,0,0,0,0,0,0,0,0
314,60.54257,0,1.904338,0,38.07219,24.981313,0.799909,2.837807,0,89.151707,0,14.853936,0,60.83522,33.665963,60.658391,49.968581,33.699106,50,27,0,0,0,0,0,0,0,0
315,61.019763,0,1.899902,0,38.08756,25.101182,0.799073,2.841731,0,89.151118,0,14.799607,0,60.339503,33.851275,60.564619,49.942819,33.64701,50,27,0,0,0,0,0,0,0,0
316,60.399493,0,1.899962,0,37.992956,25.092004,0.801205,2.840517,0,89.336827,0,14.863245,0,60.745181,33.868743,60.993075,50.061527,33.885042,50,27,0,0,0,0,0,0,0,0
317,60.622777,0,1.899266,0,37.988324,25.117658,0.799913,2.849989,0,88.959333,0,14.908682,0,60.69605,33.691916,60.555455,49.940264,33.641919,50,27,0,0,0,0,0,0,0,0
318,60.523505,0,1.887395,0,38.080921,24.834896,0.797049,2.848554,0,89.167817,0,14.798012,0,60.842631,33.703064,60.734338,49.990004,33.741299,50,27,0,0,0,0,0,0,0,0
319,60.908553,0,1.892088,0,37.986632,25.054127,0.797437,2.843099,0,89.397621,0,14.834254,0,60.787892,33.689589,60.657945,49.968939,33.698858,50,27,0,0,0,0,0,0,0,0
320,60.738927,0,1.903555,0,37.906166,25.006351,0.798331,2.858626,0,89.582797,0,14.806072,0,60.609178,33.721487,60.554637,49.94054,33.641465,50,27,0,0,0,0,0,0,0,0
321,61.138639,0,1.906018,0,37.891968,24.953204,0.801561,2.842483,0,88.791539,0,14.822738,0,60.400429,33.776292,60.464901,49.916033,33.591612,50,27,0,0,0,0,0,0,0,0
322,60.913893,0,1.897877,0,37.855856,25.008676,0.800679,2.855857,0,89.048437,0,14.869299,0,61.049617,33.614217,60.768183,50.000276,33.760102,50,27,0,0,0,0,0,0,0,0
323,60.824236,0,1.893215,0,37.963605,25.041381,0.798175,2.846591,0,88.99003,0,14.8942,0,60.49684,33.830645,60.689522,49.978533,33.716401,50,27,0,0,0,0,0,0,0,0
324,60.619983,0,1.9029,0,37.979517,24.900594,0.802042,2.83989,0,88.864183,0,14.899024,0,61.099255,33.4558,60.489206,49.923274,33.605115,50,27,0,0,0,0,0,0,0,0
325,60.826641,0,1.898904,0,38.134983,24.966058,0.799103,2.854602,0,89.247429,0,14.821421,0,60.398363,33.835522,60.627419,49.961857,33.681899,50,27,0,0,0,0,0,0,0,0
326,60.807585,0,1.896416,0,38.004945,25.074489,0.797602,2.84694,0,88.661576,0,14.81513,0,60.738014,33.736469,60.743814,49.994218,33.746563,50,27,0,0,0,0,0,0,0,0
327,60.840045,0,1.896689,0,38.036512,24.855527,0.800998,2.864358,0,89.455027,0,14.941559,0,60.676427,33.711542,60.629284,49.962591,33.682936,50,27,0,0,0,0,0,0,0,0
328,60.545418,0,1.900712,0,37.93765,24.986239,0.797168,2.849904,0,89.390078,0,14.81226,0,60.764444,33.631637,60.551698,49.941332,33.639832,50,27,0,0,0,0,0,0,0,0
329,60.913522,0,1.892339,0,37.946043,25.041943,0.799449,2.832102,0,88.906096,0,14.90265,0,60.913305,33.645212,60.74249,49.994359,33.745828,50,27,0,0,0,0,0,0,0,0
330,60.939022,0,1.898089,0,38.010158,25.061576,0.801444,2.869743,0,89.07097,0,14.912748,0,60.819381,33.734723,60.848055,50.023564,33.804475,50,27,0,0,0,0,0,0,0,0
331,60.763887,0,1.903413,0,37.96728,25.060847,0.80004,2.836623,0,88.803839,0,14.803096,0,60.467132,33.806633,60.645698,49.967516,33.692054,50,27,0,0,0,0,0,0,0,0
332,60.688328,0,1.892688,0,38.13766,24.985195,0.796089,2.847877,0,89.071151,0,14.841756,0,60.48153,33.845421,60.730754,49.991187,33.739308,50,27,0,0,0,0,0,0,0,0
333,60.739032,0,1.902955,0,37.970087,24.911223,0.799065,2.848844,0,88.585728,0,14.875509,0,60.775438,33.76707,60.843816,50.022481,33.80212,50,27,0,0,0,0,0,0,0,0
334,60.820715,0,1.909404,0,38.221498,24.972251,0.797702,2.851625,0,89.226481,0,14.810472,0,60.712564,33.895748,61.048097,50.078832,33.91561,50,27,0,0,0,0,0,0,0,0
335,61.034637,0,1.903764,0,37.975292,25.012824,0.799726,2.847563,0,88.57473,0,14.821202,0,61.053959,33.633169,60.814644,50.013914,33.785913,50,27,0,0,0,0,0,0,0,0
336,60.64162,0,1.906032,0,38.048084,24.903398,0.799487,2.848507,0,89.250369,0,14.930554,0,60.651402,33.696999,60.561686,49.943928,33.645381,50,27,0,0,0,0,0,0,0,0
337,60.67166,0,1.907005,0,38.177166,25.007958,0.799914,2.856611,0,89.343218,0,14.813535,0,60.615228,33.895314,60.94944,50.051381,33.8608,50,27,0,0,0,0,0,0,0,0
338,60.585079,0,1.909103,0,37.820126,24.982868,0.797973,2.862103,0,89.441713,0,14.846708,0,60.697622,33.861829,60.940313,50.048602,33.855729,50,27,0,0,0,0,0,0,0,0
339,60.729185,0,1.894862,0,38.138187,24.929458,0.803133,2.853677,0,88.680405,0,14.926679,0,60.65009,33.878758,60.913322,50.0409,33.840735,50,27,0,0,0,0,0,0,0,0
340,60.540584,0,1.891393,0,38.037936,24.913883,0.801393,2.853934,0,89.498388,0,14.829161,0,60.922941,33.668607,60.726433,49.989042,33.736907,50,27,0,0,0,0,0,0,0,0
341,60.963562,0,1.904178,0,37.947745,25.080937,0.803368,2.865276,0,89.574026,0,14.88654,0,60.740801,33.764368,60.758572,49.997979,33.754762,50,27,0,0,0,0,0,0,0,0
342,60.641474,0,1.905307,0,38.065762,25.066002,0.798313,2.855166,0,89.304829,0,14.913161,0,60.855911,33.790799,60.928324,50.044908,33.849069,50,27,0,0,0,0,0,0,0,0
343,60.645582,0,1.906535,0,38.065609,24.946044,0.795792,2.849789,0,89.579739,0,14.824389,0,60.817647,33.70242,60.69911,49.981331,33.721728,50,27,0,0,0,0,0,0,0,0
344,60.952756,0,1.901123,0,37.894429,25.057622,0.799918,2.861126,0,89.298068,0,14.869259,0,60.499686,33.778406,60.54884,49.93989,33.638244,50,27,0,0,0,0,0,0,0,0
345,60.615662,0,1.89971,0,37.919819,25.159485,0.802335,2.85451,0,89.222126,0,14.784953,0,60.650248,33.858337,60.864934,50.027556,33.813852,50,27,0,0,0,0,0,0,0,0
346,60.745576,0,1.899285,0,38.075633,24.95413,0.799453,2.856675,0,88.991655,0,14.860107,0,60.586871,33.735488,60.529006,49.934569,33.627225,50,27,0,0,0,0,0,0,0,0
347,60.773502,0,1.898429,0,38.026513,25.021423,0.799685,2.849404,0,89.121404,0,14.94638,0,60.900642,33.689509,60.749406,49.995813,33.74967,50,27,0,0,0,0,0,0,0,0
348,60.564907,0,1.902271,0,37.978213,24.982875,0.804473,2.859995,0,89.085689,0,14.79551,0,60.600531,33.788118,60.66675,49.972988,33.70375,50,27,0,0,0,0,0,0,0,0
349,60.999305,0,1.904323,0,38.060206,25.114835,0.801602,2.858562,0,89.710352,0,14.82386,0,60.59491,33.732534,60.539743,49.938018,33.633191,50,27,0,0,0,0,0,0,0,0
350,60.820824,0,1.895377,0,38.038699,24.998967,0.801045,2.857636,0,89.182527,0,14.836172,0,60.974859,33.770966,61.004207,50.066702,33.891226,50,27,0,0,0,0,0,0,0,0
351,60.758544,0,1.893358,0,38.086334,25.000814,0.800185,2.844581,0,89.234884,0,14.930971,0,60.664692,33.810961,60.776569,50.003452,33.764761,50,27,0,0,0,0,0,0,0,0
352,60.759844,0,1.915125,0,38.034592,25.09173,0.797906,2.852218,0,88.59719,0,14.841198,0,60.960275,33.67926,60.787355,50.006416,33.770753,50,27,0,0,0,0,0,0,0,0
353,60.660013,0,1.886075,0,37.988307,24.905098,0.799234,2.843841,0,88.708743,0,14.913051,0,60.701567,33.762935,60.715956,49.98665,33.731086,50,27,0,0,0,0,0,0,0,0
354,60.697633,0,1.907174,0,37.893656,25.009048,0.798748,2.845721,0,88.962874,0,14.84382,0,60.637445,33.995251,61.140976,50.10419,33.967209,50,27,0,0,0,0,0,0,0,0
355,60.466944,0,1.91109,0,37.993462,25.039516,0.796063,2.870305,0,89.355175,0,14.892033,0,60.481461,34.035241,61.037875,50.075175,33.909931,50,27,0,0,0,0,0,0,0,0
356,60.401793,0,1.909074,0,37.980922,24.852709,0.803916,2.847139,0,89.088732,0,14.87825,0,61.015483,33.719002,60.870055,50.028416,33.816697,50,27,0,0,0,0,0,0,0,0
357,60.786759,0,1.900942,0,37.886241,25.016774,0.802759,2.849284,0,89.24301,0,14.837723,0,61.012698,33.734586,60.909232,50.039103,33.838462,50,27,0,0,0,0,0,0,0,0
358,60.602311,0,1.900757,0,37.979338,24.958522,0.801543,2.858924,0,89.368344,0,14.933856,0,60.954162,33.693234,60.769937,50.000408,33.761076,50,27,0,0,0,0,0,0,0,0
359,60.905238,0,1.89772,0,38.090896,25.118262,0.804626,2.862027,0,89.47876,0,14.84754,0,60.887647,33.872171,61.092379,50.089528,33.940211,50,27,0,0,0,0,0,0,0,0
360,60.582635,0,1.896906,0,37.994973,25.030625,0.801804,2.866038,0,89.457155,0,14.836713,0,60.737209,33.808187,60.794181,50.006662,33.774545,50,27,0,0,0,0,0,0,0,0
361,60.437185,0,1.902022,0,38.074963,24.890505,0.799752,2.851805,0,89.362345,0,14.848889,0,60.939643,33.740115,60.849463,50.021908,33.805257,50,27,0,0,0,0,0,0,0,0
362,60.578931,0,1.901696,0,38.157041,24.96061,0.800047,2.847782,0,89.606042,0,14.880113,0,60.617705,33.793731,60.646258,49.965634,33.692366,50,27,0,0,0,0,0,0,0,0
363,60.706944,0,1.910309,0,38.107495,25.011318,0.799376,2.834557,0,89.036815,0,14.83686,0,60.955614,33.579797,60.531116,49.93398,33.628398,50,27,0,0,0,0,0,0,0,0
364,60.89606,0,1.905596,0,37.783147,24.995956,0.799547,2.849694,0,89.830789,0,14.928242,0,60.803779,33.771623,60.810445,50.011514,33.783581,50,27,0,0,0,0,0,0,0,0
365,60.305945,0,1.904694,0,38.125974,24.940006,0.802066,2.85757,0,89.604109,0,14.783517,0,60.789669,33.86559,60.994129,50.062226,33.885627,50,27,0,0,0,0,0,0,0,0
366,60.65368,0,1.903418,0,37.862053,24.967411,0.79779,2.845619,0,89.245559,0,14.785236,0,60.821939,33.766864,60.805372,50.009745,33.780762,50,27,0,0,0,0,0,0,0,0
367,60.791702,0,1.901634,0,38.020481,24.97314,0.80049,2.852686,0,88.601697,0,14.824846,0,60.991573,33.678889,60.790468,50.005577,33.772482,50,27,0,0,0,0,0,0,0,0
368,61.209498,0,1.900853,0,38.02019,24.996747,0.796867,2.841634,0,89.135409,0,14.895564,0,60.822933,33.814694,60.92086,50.041589,33.844922,50,27,0,0,0,0,0,0,0,0
369,60.984075,0,1.898721,0,38.044684,25.153271,0.800858,2.855658,0,89.198602,0,14.863029,0,60.676579,33.805443,60.748872,49.993846,33.749373,50,27,0,0,0,0,0,0,0,0
370,60.933423,0,1.888687,0,37.975967,24.934427,0.799299,2.852155,0,89.015362,0,14.85875,0,60.928311,33.688103,60.748571,49.993793,33.749206,50,27,0,0,0,0,0,0,0,0
371,60.59456,0,1.893858,0,38.070191,24.962341,0.798471,2.846484,0,89.550201,0,14.817368,0,61.123825,33.710071,61.001657,50.063776,33.88981,50,27,0,0,0,0,0,0,0,0
372,60.509269,0,1.892758,0,37.910526,24.979939,0.800193,2.837,0,88.917963,0,14.893915,0,60.460161,33.79748,60.530008,49.933097,33.627782,50,27,0,0,0,0,0,0,0,0
373,60.790888,0,1.896963,0,38.090307,24.932337,0.796544,2.832761,0,89.174349,0,14.820941,0,60.861433,33.746949,60.820326,50.013672,33.78907,50,27,0,0,0,0,0,0,0,0
374,60.639885,0,1.903948,0,37.926831,24.986379,0.800391,2.851695,0,89.271346,0,14.792822,0,60.847023,33.761767,60.839742,50.018971,33.799857,50,27,0,0,0,0,0,0,0,0
375,60.54354,0,1.902717,0,37.894205,25.002186,0.801229,2.832197,0,88.819501,0,14.907476,0,60.69046,33.746953,60.652385,49.967092,33.695769,50,27,0,0,0,0,0,0,0,0
376,60.843492,0,1.900851,0,38.15644,25.110392,0.796809,2.850507,0,89.325286,0,14.886216,0,60.684018,33.787651,60.734172,49.989861,33.741206,50,27,0,0,0,0,0,0,0,0
377,60.777513,0,1.900275,0,38.029218,24.860295,0.798321,2.853031,0,88.637371,0,14.936269,0,60.880622,33.734585,60.815703,50.012446,33.786502,50,27,0,0,0,0,0,0,0,0
378,60.735561,0,1.894454,0,37.742142,24.998782,0.796857,2.844461,0,88.803591,0,14.833597,0,60.67467,33.896311,60.95495,50.050872,33.863861,50,27,0,0,0,0,0,0,0,0
379,60.46003,0,1.8989,0,37.88858,25.006508,0.796988,2.85273,0,88.900989,0,14.848099,0,60.80569,33.629205,60.505026,49.926262,33.613903,50,27,0,0,0,0,0,0,0,0
380,61.03912,0,1.904162,0,37.992544,24.936126,0.797326,2.861467,0,89.259857,0,14.762314,0,61.023821,33.711698,60.915956,50.040208,33.842198,50,27,0,0,0,0,0,0,0,0
381,60.636086,0,1.906207,0,38.054878,24.775,0.803279,2.846408,0,89.31848,0,14.847456,0,60.626459,33.757911,60.622818,49.958985,33.679343,50,27,0,0,0,0,0,0,0,0
382,60.78784,0,1.900764,0,38.01279,25.073406,0.795114,2.862258,0,89.064436,0,14.989819,0,60.697012,33.81164,60.806932,50.010078,33.781629,50,27,0,0,0,0,0,0,0,0
383,60.777924,0,1.906016,0,37.882525,25.108258,0.799672,2.864316,0,88.994485,0,14.885606,0,60.532588,33.861616,60.741057,49.99182,33.745032,50,27,0,0,0,0,0,0,0,0
384,60.822055,0,1.902499,0,38.181778,24.979797,0.796282,2.855538,0,88.695074,0,14.819341,0,60.830946,33.677774,60.638593,49.96354,33.688107,50,27,0,0,0,0,0,0,0,0
385,60.770366,0,1.912385,0,38.042703,25.06157,0.800064,2.844824,0,89.070498,0,14.950209,0,60.802321,33.643389,60.54946,49.939086,33.638589,50,27,0,0,0,0,0,0,0,0
386,60.801944,0,1.908483,0,38.045158,24.913863,0.802854,2.841589,0,89.324254,0,14.880277,0,60.555153,33.772203,60.589812,49.950542,33.661007,50,27,0,0,0,0,0,0,0,0
387,60.653167,0,1.887532,0,37.843719,24.911022,0.797516,2.835473,0,88.695555,0,14.856013,0,60.646122,33.868619,60.881992,50.031545,33.823329,50,27,0,0,0,0,0,0,0,0
388,60.804079,0,1.892839,0,38.132486,24.988455,0.799531,2.845617,0,89.166125,0,14.848869,0,60.650886,33.752102,60.626236,49.960699,33.681242,50,27,0,0,0,0,0,0,0,0
389,60.840505,0,1.894488,0,37.997371,24.855203,0.801615,2.854363,0,88.539381,0,14.929811,0,60.432138,33.98124,60.892367,50.034451,33.829093,50,27,0,0,0,0,0,0,0,0
390,60.874635,0,1.901433,0,38.166353,25.151209,0.802689,2.863377,0,89.170663,0,14.838186,0,60.912587,33.73383,60.822172,50.014878,33.790095,50,27,0,0,0,0,0,0,0,0
391,60.963856,0,1.902378,0,38.022794,24.928751,0.801946,2.85396,0,89.611882,0,14.875624,0,60.852759,33.817784,60.945086,50.048777,33.858381,50,27,0,0,0,0,0,0,0,0
392,60.718599,0,1.904355,0,37.934805,24.86602,0.797518,2.860496,0,89.32053,0,14.86353,0,60.843437,33.767006,60.822882,50.014758,33.79049,50,27,0,0,0,0,0,0,0,0
393,60.963383,0,1.898496,0,38.015529,25.070165,0.80133,2.850938,0,89.315982,0,14.90174,0,60.851104,33.578888,60.435024,49.907482,33.575013,50,27,0,0,0,0,0,0,0,0
394,60.805041,0,1.900496,0,38.145332,24.884708,0.803274,2.850608,0,88.81879,0,14.858977,0,60.846141,33.683656,60.67706,49.97484,33.709478,50,27,0,0,0,0,0,0,0,0
395,60.480436,0,1.901017,0,38.216937,24.89725,0.80045,2.845785,0,89.093517,0,14.882387,0,60.6995,33.759263,60.700469,49.981436,33.722483,50,27,0,0,0,0,0,0,0,0
396,61.086706,0,1.913118,0,37.794897,25.046713,0.79883,2.858225,0,89.19398,0,14.869008,0,60.537886,33.895949,60.827117,50.016533,33.792843,50,27,0,0,0,0,0,0,0,0
397,60.852557,0,1.909863,0,37.920843,24.775,0.802568,2.852114,0,88.943662,0,14.848957,0,60.655698,33.78722,60.697501,49.980625,33.720834,50,27,0,0,0,0,0,0,0,0
398,60.573755,0,1.89848,0,38.06364,25.062558,0.80254,2.853856,0,89.114143,0,14.912734,0,60.821188,33.67754,60.629023,49.961795,33.68279,50,27,0,0,0,0,0,0,0,0
399,60.242811,0,1.906371,0,37.968141,24.937501,0.800974,2.854397,0,89.01428,0,14.805348,0,61.089234,33.556985,60.654783,49.969105,33.697102,50,27,0,0,0,0,0,0,0,0
400,60.608683,0,1.891969,0,38.015659,25.026248,0.799413,2.851738,0,89.246665,0,14.797856,0,60.608584,33.68663,60.474758,49.9195,33.597088,50,27,0,0,0,0,0,0,0,0
401,60.753091,0,1.898254,0,37.810678,24.8868,0.798717,2.836273,0,88.946917,0,14.778135,0,60.811113,33.841982,61.013346,50.068764,33.896303,50,27,0,0,0,0,0,0,0,0
402,60.921877,0,1.901632,0,38.126343,25.039662,0.796571,2.844858,0,89.024416,0,14.860177,0,60.919719,33.7846,60.988272,50.061492,33.882373,50,27,0,0,0,0,0,0,0,0
403,61.119377,0,1.90273,0,38.139315,24.943137,0.801761,2.858483,0,89.326968,0,14.862905,0,60.395479,33.796494,60.484836,49.922038,33.602687,50,27,0,0,0,0,0,0,0,0
404,60.545257,0,1.910088,0,37.810345,25.025613,0.798915,2.840489,0,88.754468,0,14.854453,0,61.032819,33.614021,60.731689,49.990655,33.739827,50,27,0,0,0,0,0,0,0,0
405,60.732514,0,1.897161,0,37.877375,24.99787,0.798675,2.864828,0,89.087044,0,14.900732,0,60.935131,33.602851,60.629258,49.96239,33.682921,50,27,0,0,0,0,0,0,0,0
406,60.833178,0,1.889534,0,38.081767,25.100835,0.796426,2.849299,0,89.098483,0,14.797115,0,60.798147,33.796456,60.919777,50.042876,33.844321,50,27,0,0,0,0,0,0,0,0
407,60.761762,0,1.890604,0,37.992174,24.92089,0.796995,2.855778,0,89.301545,0,14.872468,0,60.772036,33.713548,60.711179,49.985007,33.728433,50,27,0,0,0,0,0,0,0,0
408,60.73521,0,1.898657,0,37.91641,24.915945,0.795119,2.845861,0,89.373966,0,14.911432,0,60.807028,33.859132,61.057068,50.080683,33.920593,50,27,0,0,0,0,0,0,0,0
409,60.714925,0,1.899181,0,37.869267,24.949117,0.799923,2.836966,0,89.055552,0,14.870663,0,60.775781,33.821462,60.930733,50.045364,33.850407,50,27,0,0,0,0,0,0,0,0
410,60.689265,0,1.895265,0,37.897787,25.034054,0.796983,2.868981,0,89.058755,0,14.908136,0,60.962675,33.607744,60.65713,49.969515,33.698406,50,27,0,0,0,0,0,0,0,0
411,60.67972,0,1.904626,0,38.001373,24.992834,0.803156,2.841016,0,89.468349,0,14.814017,0,60.74723,33.651285,60.552626,49.940782,33.640348,50,27,0,0,0,0,0,0,0,0
412,60.744349,0,1.895562,0,38.255463,24.943529,0.801224,2.855742,0,88.663248,0,14.862213,0,60.632703,33.880742,60.934273,50.046563,33.852374,50,27,0,0,0,0,0,0,0,0
413,60.562297,0,1.889896,0,37.875776,24.956402,0.79776,2.853972,0,89.161881,0,14.88939,0,60.657028,33.832993,60.839029,50.020006,33.79946,50,27,0,0,0,0,0,0,0,0
414,60.739329,0,1.903468,0,37.806699,24.983188,0.803647,2.833945,0,89.175843,0,14.820543,0,60.66186,33.837446,60.84188,50.020695,33.801045,50,27,0,0,0,0,0,0,0,0
415,60.578419,0,1.895826,0,37.927246,24.921268,0.800427,2.84862,0,89.260361,0,14.89163,0,60.805815,33.675703,60.633407,49.96297,33.685226,50,27,0,0,0,0,0,0,0,0
416,60.773907,0,1.899102,0,37.878082,24.964812,0.799817,2.843098,0,88.98823,0,14.904557,0,60.623364,33.842466,60.813496,50.012931,33.785276,50,27,0,0,0,0,0,0,0,0
417,60.490063,0,1.906161,0,37.894347,25.159539,0.800095,2.843159,0,88.968935,0,14.979093,0,60.911322,33.593302,60.563992,49.943904,33.646662,50,27,0,0,0,0,0,0,0,0
418,60.921506,0,1.899729,0,37.971,25.049754,0.802312,2.839761,0,89.838745,0,14.876386,0,60.517048,33.819004,60.667515,49.972797,33.704175,50,27,0,0,0,0,0,0,0,0
419,60.643278,0,1.903448,0,38.032044,25.032695,0.797263,2.841801,0,89.204219,0,14.911365,0,60.813666,33.757706,60.825429,50.016579,33.791905,50,27,0,0,0,0,0,0,0,0
420,60.731647,0,1.897895,0,38.057227,24.930055,0.798323,2.851116,0,89.010223,0,14.798257,0,60.513803,33.912879,60.852149,50.023882,33.80675,50,27,0,0,0,0,0,0,0,0
421,60.788541,0,1.905452,0,37.933435,24.944934,0.800925,2.855056,0,88.769973,0,14.775566,0,60.913269,33.743922,60.874074,50.029823,33.81893,50,27,0,0,0,0,0,0,0,0
422,60.398183,0,1.90241,0,38.015032,25.041804,0.800613,2.844563,0,89.308116,0,14.856816,0,60.948715,33.76803,60.962822,50.054204,33.868234,50,27,0,0,0,0,0,0,0,0
423,60.693723,0,1.88838,0,37.778447,24.984127,0.803391,2.848981,0,89.82033,0,14.895983,0,61.133924,33.712066,61.029101,50.072254,33.905056,50,27,0,0,0,0,0,0,0,0
424,60.928742,0,1.912513,0,37.925298,24.972814,0.800074,2.835154,0,88.950664,0,14.794393,0,60.574405,33.701547,60.453944,49.912923,33.585524,50,27,0,0,0,0,0,0,0,0
425,60.850135,0,1.90809,0,38.211598,25.005642,0.801766,2.853137,0,88.931887,0,14.874048,0,60.28672,34.120603,61.057735,50.080242,33.920964,50,27,0,0,0,0,0,0,0,0
426,60.837339,0,1.90708,0,37.917266,25.040804,0.800512,2.848247,0,89.254546,0,14.955017,0,60.537281,33.758228,60.495723,49.924505,33.608735,50,27,0,0,0,0,0,0,0,0
427,60.801429,0,1.903792,0,37.914598,24.952971,0.804135,2.855956,0,89.837554,0,14.852609,0,60.769715,33.708705,60.626292,49.960969,33.681273,50,27,0,0,0,0,0,0,0,0
428,60.695943,0,1.898006,0,37.926964,24.957852,0.800112,2.847077,0,88.823093,0,14.812409,0,60.743646,33.73531,60.665307,49.971947,33.702948,50,27,0,0,0,0,0,0,0,0
429,60.370244,0,1.899167,0,37.899175,24.813277,0.799442,2.841707,0,88.663556,0,14.926514,0,60.586816,33.757187,60.55952,49.942847,33.644178,50,27,0,0,0,0,0,0,0,0
430,60.797708,0,1.899708,0,38.08848,24.96346,0.800424,2.834189,0,89.027666,0,14.871962,0,60.713252,33.680662,60.526241,49.933934,33.62569,50,27,0,0,0,0,0,0,0,0
431,60.508783,0,1.906919,0,37.934326,24.911813,0.801002,2.856958,0,88.965271,0,14.878325,0,60.980338,33.650432,60.74125,49.99369,33.745139,50,27,0,0,0,0,0,0,0,0
432,60.782736,0,1.905434,0,37.970889,24.959215,0.799438,2.865912,0,89.339555,0,14.843588,0,60.497488,33.958212,60.922567,50.043836,33.84587,50,27,0,0,0,0,0,0,0,0
433,60.538066,0,1.90153,0,37.933402,25.036073,0.797117,2.846173,0,89.338739,0,14.834287,0,60.979997,33.672563,60.775966,50.003098,33.764426,50,27,0,0,0,0,0,0,0,0
434,60.95067,0,1.901938,0,38.091531,25.036218,0.798971,2.853702,0,89.296165,0,14.9014,0,61.278112,33.586143,60.90454,50.03862,33.835856,50,27,0,0,0,0,0,0,0,0
435,60.762638,0,1.896001,0,37.984328,25.087503,0.799042,2.846344,0,89.096644,0,14.868839,0,61.064003,33.605831,60.75531,49.997182,33.75295,50,27,0,0,0,0,0,0,0,0
436,60.757113,0,1.900118,0,38.054157,24.923621,0.801322,2.856916,0,89.418081,0,14.938239,0,61.134602,33.465832,60.549891,49.940419,33.638828,50,27,0,0,0,0,0,0,0,0
437,60.628941,0,1.898446,0,38.104179,25.14071,0.801446,2.846936,0,89.454043,0,14.897891,0,60.642884,33.901301,61.013286,50.068796,33.89627,50,27,0,0,0,0,0,0,0,0
438,60.635588,0,1.897038,0,37.994439,24.974794,0.803372,2.8447,0,89.221268,0,14.812737,0,60.176472,33.997042,60.725677,49.988959,33.736487,50,27,0,0,0,0,0,0,0,0
439,60.392347,0,1.902268,0,37.937855,24.964272,0.803103,2.842503,0,89.052778,0,14.798015,0,60.881357,33.623915,60.609173,49.956813,33.671763,50,27,0,0,0,0,0,0,0,0
440,60.833185,0,1.90605,0,37.936732,24.931752,0.802281,2.83948,0,89.097274,0,14.864828,0,60.845084,33.788764,60.937639,50.047814,33.854244,50,27,0,0,0,0,0,0,0,0
441,60.899581,0,1.888328,0,37.848353,25.114052,0.801028,2.859613,0,88.874802,0,14.840033,0,60.841157,33.74598,60.837679,50.019948,33.79871,50,27,0,0,0,0,0,0,0,0
442,60.575032,0,1.906705,0,38.028467,24.999082,0.798657,2.849526,0,89.122973,0,14.880773,0,60.974763,33.587447,60.637098,49.964409,33.687277,50,27,0,0,0,0,0,0,0,0
443,60.787857,0,1.903394,0,37.987342,25.04122,0.79376,2.861716,0,89.245527,0,14.870247,0,60.664238,33.736936,60.663005,49.971747,33.701669,50,27,0,0,0,0,0,0,0,0
444,61.050838,0,1.901646,0,38.056518,24.924042,0.798,2.845243,0,89.247331,0,14.853457,0,60.553017,33.76688,60.615025,49.958626,33.675014,50,27,0,0,0,0,0,0,0,0
445,60.86936,0,1.894584,0,38.049446,25.031754,0.800415,2.849857,0,89.142947,0,14.842951,0,61.010869,33.546377,60.603878,49.955751,33.668821,50,27,0,0,0,0,0,0,0,0
446,61.049339,0,1.89833,0,37.91726,24.829407,0.802657,2.858817,0,89.172376,0,14.887426,0,60.83378,33.592723,60.549987,49.941076,33.638882,50,27,0,0,0,0,0,0,0,0
447,60.883187,0,1.911725,0,38.100838,25.006843,0.799302,2.857934,0,88.702427,0,14.806028,0,60.57935,33.7226,60.587253,49.951669,33.659585,50,27,0,0,0,0,0,0,0,0
448,60.45759,0,1.898518,0,38.165631,25.056239,0.802137,2.855858,0,88.629644,0,14.864878,0,60.642051,33.796023,60.804337,50.011911,33.780187,50,27,0,0,0,0,0,0,0,0
449,60.389978,0,1.894169,0,37.890129,25.044182,0.798434,2.866096,0,88.952391,0,14.818205,0,60.577959,33.796334,60.730758,49.991514,33.73931,50,27,0,0,0,0,0,0,0,0
450,60.836272,0,1.903005,0,37.897621,25.052227,0.802155,2.841094,0,89.102902,0,14.83371,0,60.844185,33.604408,60.58259,49.950603,33.656994,50,27,0,0,0,0,0,0,0,0
451,60.737501,0,1.893914,0,38.20312,25.055637,0.802421,2.852921,0,89.023418,0,14.933406,0,60.713661,33.714465,60.700566,49.983457,33.722537,50,27,0,0,0,0,0,0,0,0
452,60.631059,0,1.897969,0,37.903857,25.062149,0.800509,2.852489,0,89.08043,0,14.817921,0,60.745349,33.727425,60.76041,50.00008,33.755783,50,27,0,0,0,0,0,0,0,0
453,60.753065,0,1.903583,0,37.925126,25.072356,0.802246,2.850531,0,88.966975,0,14.831435,0,60.57252,33.757001,60.649026,49.969294,33.693903,50,27,0,0,0,0,0,0,0,0
454,60.999957,0,1.909498,0,38.135159,24.859769,0.804662,2.859378,0,88.947119,0,14.868008,0,60.745882,33.753991,60.811258,50.014287,33.784032,50,27,0,0,0,0,0,0,0,0
455,60.708071,0,1.889316,0,38.122648,25.145511,0.802719,2.842392,0,89.619433,0,14.878986,0,60.767415,33.772868,60.868524,50.030044,33.815847,50,27,0,0,0,0,0,0,0,0
456,60.669141,0,1.892552,0,38.059,24.960355,0.798611,2.830501,0,88.915858,0,14.806882,0,60.918786,33.647508,60.749144,49.996898,33.749525,50,27,0,0,0,0,0,0,0,0
457,60.877005,0,1.90179,0,38.015718,25.001835,0.800526,2.843978,0,89.555747,0,14.847606,0,60.257693,34.039608,60.92574,50.045724,33.847633,50,27,0,0,0,0,0,0,0,0
458,60.71169,0,1.897651,0,37.86889,25.053412,0.799867,2.864771,0,89.356536,0,14.829194,0,60.404643,33.808537,60.543521,49.939853,33.635289,50,27,0,0,0,0,0,0,0,0
459,60.92514,0,1.898892,0,37.873875,25.025502,0.800176,2.86056,0,88.911166,0,14.881998,0,60.812361,33.606824,60.517072,49.932842,33.620596,50,27,0,0,0,0,0,0,0,0
460,60.583734,0,1.90448,0,37.969918,24.939116,0.796782,2.843193,0,88.974618,0,14.964501,0,60.61467,33.859224,60.870241,50.03079,33.816801,50,27,0,0,0,0,0,0,0,0
461,60.848924,0,1.904483,0,38.069486,24.893098,0.800186,2.854304,0,89.06681,0,14.943857,0,60.359548,33.874999,60.632422,49.964905,33.684679,50,27,0,0,0,0,0,0,0,0
462,61.285534,0,1.903805,0,37.870953,24.960359,0.798408,2.840234,0,89.262253,0,14.844562,0,61.02519,33.682308,60.874552,50.032003,33.819195,50,27,0,0,0,0,0,0,0,0
463,60.783045,0,1.900552,0,38.177594,24.91335,0.800701,2.843274,0,89.494031,0,14.904172,0,60.872536,33.663265,60.691143,49.981151,33.717302,50,27,0,0,0,0,0,0,0,0
464,60.702945,0,1.902174,0,37.876833,25.056234,0.799939,2.863203,0,89.513603,0,14.859491,0,60.634428,33.754253,60.656303,49.971615,33.697946,50,27,0,0,0,0,0,0,0,0
465,60.497421,0,1.902061,0,38.075312,24.961147,0.797566,2.849257,0,89.053972,0,14.784595,0,60.969385,33.683198,60.84001,50.022532,33.800005,50,27,0,0,0,0,0,0,0,0
466,61.01429,0,1.895694,0,37.807696,24.969178,0.802356,2.85865,0,89.683891,0,14.882864,0,60.665041,33.767644,60.72188,49.989769,33.734378,50,27,0,0,0,0,0,0,0,0
467,60.764961,0,1.893695,0,38.110699,24.974324,0.798709,2.851382,0,89.154101,0,14.840103,0,60.838803,33.698881,60.747042,49.996775,33.748357,50,27,0,0,0,0,0,0,0,0
468,60.826502,0,1.894164,0,37.987738,24.977746,0.804907,2.839963,0,88.89798,0,14.898137,0,60.510188,33.770853,60.575979,49.949509,33.653321,50,27,0,0,0,0,0,0,0,0
469,60.734529,0,1.906398,0,38.198433,24.916593,0.802433,2.847731,0,89.085718,0,14.897665,0,61.164793,33.335326,60.307781,49.875632,33.504323,50,27,0,0,0,0,0,0,0,0
470,61.006915,0,1.901653,0,38.023981,25.038624,0.800745,2.869262,0,89.141556,0,14.826761,0,60.703363,33.874435,61.037097,50.077831,33.909499,50,27,0,0,0,0,0,0,0,0
471,60.888206,0,1.893019,0,38.008761,25.076351,0.803384,2.853507,0,88.981503,0,14.907943,0,60.523336,33.691028,60.449338,49.914989,33.582966,50,27,0,0,0,0,0,0,0,0
472,61.244474,0,1.887921,0,37.875649,25.054538,0.800964,2.85057,0,89.553493,0,14.89842,0,60.670328,33.761542,60.749696,49.99843,33.749831,50,27,0,0,0,0,0,0,0,0
473,60.446963,0,1.904806,0,37.947832,24.960361,0.799297,2.859538,0,89.09142,0,14.852575,0,60.645633,33.812058,60.826597,50.019693,33.792554,50,27,0,0,0,0,0,0,0,0
474,60.661203,0,1.907121,0,38.033871,24.993344,0.799227,2.86276,0,89.373941,0,14.88783,0,60.733359,33.665472,60.593809,49.955253,33.663227,50,27,0,0,0,0,0,0,0,0
475,61.005476,0,1.892252,0,37.930971,25.044352,0.79971,2.860084,0,88.768692,0,14.79131,0,60.517188,33.890151,60.860291,50.02913,33.811273,50,27,0,0,0,0,0,0,0,0
476,60.566198,0,1.887297,0,38.055014,25.071048,0.801594,2.851617,0,89.24069,0,14.835237,0,60.850148,33.657067,60.680145,49.979194,33.711192,50,27,0,0,0,0,0,0,0,0
477,60.920948,0,1.905222,0,37.900767,25.002898,0.801426,2.855993,0,89.244396,0,14.835128,0,60.726958,33.789974,60.847931,50.025673,33.804406,50,27,0,0,0,0,0,0,0,0
478,60.487859,0,1.906734,0,37.889918,24.99856,0.803688,2.850676,0,89.164231,0,14.808296,0,60.637133,33.651152,60.457718,49.917692,33.587621,50,27,0,0,0,0,0,0,0,0
479,60.806033,0,1.892346,0,37.909899,25.029194,0.801741,2.865619,0,89.107833,0,14.787534,0,60.720394,33.713776,60.684291,49.980725,33.713495,50,27,0,0,0,0,0,0,0,0
480,60.786926,0,1.898471,0,37.933835,25.048648,0.800185,2.842827,0,88.948725,0,14.804908,0,60.533991,33.695591,60.461785,49.919321,33.589881,50,27,0,0,0,0,0,0,0,0
481,60.85841,0,1.899279,0,37.967268,24.882294,0.801909,2.846756,0,89.189257,0,14.770032,0,60.686045,33.897265,61.043759,50.080578,33.913199,50,27,0,0,0,0,0,0,0,0
482,60.796171,0,1.89898,0,38.30603,24.953935,0.801077,2.852619,0,88.834693,0,14.809232,0,60.720474,33.802573,60.856088,50.028305,33.808938,50,27,0,0,0,0,0,0,0,0
483,60.884175,0,1.894903,0,37.943156,25.084405,0.80035,2.84879,0,88.712512,0,14.901024,0,60.780113,33.827804,60.960473,50.057016,33.866929,50,27,0,0,0,0,0,0,0,0
484,60.940248,0,1.89438,0,37.982712,24.889917,0.801747,2.839595,0,89.01225,0,14.918662,0,60.406437,34.016521,60.973599,50.060361,33.874222,50,27,0,0,0,0,0,0,0,0
485,60.387512,0,1.897578,0,38.137947,24.933741,0.801716,2.856395,0,89.150162,0,14.880406,0,60.655161,33.740873,60.605431,49.9583,33.669684,50,27,0,0,0,0,0,0,0,0
486,60.567029,0,1.896809,0,37.979159,25.016393,0.799367,2.84008,0,89.291573,0,14.925114,0,60.828801,33.789481,60.884711,50.035699,33.824839,50,27,0,0,0,0,0,0,0,0
487,60.723935,0,1.896946,0,38.075067,25.03661,0.803091,2.848138,0,88.943645,0,14.851294,0,60.59987,34.030159,61.159966,50.111601,33.977759,50,27,0,0,0,0,0,0,0,0
488,60.302715,0,1.892828,0,38.039612,24.932192,0.797667,2.85122,0,89.608254,0,14.916332,0,60.692467,33.769215,60.667128,49.974827,33.70396,50,27,0,0,0,0,0,0,0,0
489,60.519786,0,1.899928,0,38.020236,25.003194,0.798051,2.856206,0,88.58672,0,14.968982,0,60.784903,33.729485,60.677343,49.977776,33.709635,50,27,0,0,0,0,0,0,0,0
490,60.460327,0,1.897618,0,37.889896,24.895536,0.797987,2.862842,0,89.199103,0,14.892125,0,61.029662,33.552739,60.556001,49.944348,33.642223,50,27,0,0,0,0,0,0,0,0
491,60.415721,0,1.901402,0,37.904358,25.050849,0.801891,2.847184,0,88.915626,0,14.970536,0,60.642598,33.872918,60.873917,50.032496,33.818843,50,27,0,0,0,0,0,0,0,0
492,60.691366,0,1.908294,0,37.755314,25.073861,0.797677,2.87565,0,89.157048,0,14.843455,0,60.877905,33.775999,60.890329,50.03687,33.827961,50,27,0,0,0,0,0,0,0,0
493,60.989511,0,1.907594,0,38.047726,25.05113,0.804362,2.85345,0,88.916907,0,14.907799,0,60.867323,33.843369,61.02108,50.072826,33.9006,50,27,0,0,0,0,0,0,0,0
494,60.836353,0,1.908268,0,38.01607,25.041932,0.802282,2.850375,0,89.20836,0,14.942278,0,60.741483,33.641963,60.460789,49.917601,33.589327,50,27,0,0,0,0,0,0,0,0
495,60.709734,0,1.904313,0,38.022885,25.024584,0.801019,2.853741,0,89.193025,0,14.895787,0,60.83454,33.702294,60.698651,49.983755,33.721473,50,27,0,0,0,0,0,0,0,0
496,61.018835,0,1.894328,0,37.842112,25.050562,0.807002,2.855565,0,89.175561,0,14.913814,0,60.960664,33.56419,60.541954,49.940526,33.634419,50,27,0,0,0,0,0,0,0,0
497,60.8569,0,1.902507,0,38.162176,24.980585,0.797153,2.863634,0,89.072273,0,14.841213,0,60.545317,33.848,60.751438,49.998722,33.750799,50,27,0,0,0,0,0,0,0,0
498,60.840164,0,1.907095,0,38.101283,25.062497,0.802067,2.849921,0,89.214117,0,14.778853,0,60.588145,33.96632,61.030964,50.075989,33.906091,50,27,0,0,0,0,0,0,0,0
499,60.611165,0,1.897791,0,37.949359,24.992425,0.793976,2.857298,0,89.084007,0,14.957037,0,60.918978,33.793486,60.969549,50.058636,33.871972,50,27,0,0,0,0,0,0,0,0
500,60.525474,0,1.909295,0,38.023409,25.055967,0.79833,2.855001,0,89.410431,0,14.790032,0,60.632563,33.914859,60.935994,50.049069,33.85333,50,27,0,0,0,0,0,0,0,0
501,60.83752,0,1.906913,0,37.980773,25.07638,0.804625,2.838241,0,88.987741,0,14.884185,0,60.751247,33.895687,60.995274,50.06521,33.886264,50,27,0,0,0,0,0,0,0,0
502,60.75492,0,1.893848,0,37.800671,25.079914,0.8045,2.847936,0,88.567459,0,14.883458,0,60.699052,33.889898,60.915615,50.042868,33.842008,50,27,0,0,0,0,0,0,0,0
503,61.066432,0,1.898267,0,38.079096,24.998702,0.800581,2.846905,0,89.308603,0,14.868195,0,60.694263,33.7895,60.685514,49.979056,33.714175,50,27,0,0,0,0,0,0,0,0
504,60.563448,0,1.894533,0,37.834339,25.088779,0.801216,2.841254,0,89.372712,0,14.907066,0,60.733656,33.955376,61.075349,50.086909,33.930749,50,27,0,0,0,0,0,0,0,0
505,60.548701,0,1.905364,0,38.173387,25.033726,0.805893,2.855633,0,89.156278,0,14.867781,0,60.876138,33.557623,60.357465,49.888056,33.531925,50,27,0,0,0,0,0,0,0,0
506,60.878772,0,1.902012,0,38.07021,25.056565,0.800088,2.855562,0,89.143823,0,14.92139,0,60.883992,33.68978,60.676505,49.976795,33.70917,50,27,0,0,0,0,0,0,0,0
507,60.548287,0,1.900338,0,38.070117,24.904947,0.803214,2.855724,0,89.339444,0,14.920551,0,61.385156,33.51788,60.828035,50.018792,33.793353,50,27,0,0,0,0,0,0,0,0
508,60.519152,0,1.90836,0,38.148852,24.807936,0.800811,2.840907,0,89.191619,0,14.902248,0,60.76755,33.792181,60.823853,50.017543,33.791029,50,27,0,0,0,0,0,0,0,0
509,60.689117,0,1.899511,0,38.018348,24.942789,0.80067,2.844488,0,89.005225,0,14.848559,0,60.89562,33.677407,60.706302,49.984965,33.725723,50,27,0,0,0,0,0,0,0,0
510,60.571721,0,1.900417,0,37.868348,24.937026,0.79423,2.862956,0,89.090484,0,14.836564,0,60.980707,33.749664,60.955638,50.053955,33.864244,50,27,0,0,0,0,0,0,0,0
511,60.407708,0,1.897939,0,38.038109,25.018412,0.798037,2.847572,0,88.984737,0,14.798353,0,60.600858,33.878378,60.848862,50.024175,33.804924,50,27,0,0,0,0,0,0,0,0
512,60.791607,0,1.908969,0,37.942216,25.112138,0.801161,2.848295,0,89.153977,0,14.897485,0,61.004637,33.629683,60.71255,49.986378,33.729195,50,27,0,0,0,0,0,0,0,0
513,60.613815,0,1.893071,0,37.814399,25.057597,0.802392,2.836468,0,89.603,0,14.877624,0,60.757239,33.801349,60.845515,50.023197,33.803064,50,27,0,0,0,0,0,0,0,0
514,61.065578,0,1.904298,0,37.915814,24.996946,0.796574,2.85431,0,88.764466,0,14.844344,0,60.677385,33.711801,60.571254,49.947277,33.650697,50,27,0,0,0,0,0,0,0,0
515,60.27591,0,1.91105,0,38.102932,25.053142,0.798738,2.843524,0,89.25567,0,14.758045,0,61.025885,33.608254,60.707968,49.985326,33.726649,50,27,0,0,0,0,0,0,0,0
516,61.047534,0,1.906744,0,38.013155,25.067414,0.79847,2.846112,0,89.01705,0,14.91197,0,60.60539,33.926155,60.977916,50.060012,33.87662,50,27,0,0,0,0,0,0,0,0
517,60.747196,0,1.907314,0,38.154715,24.992234,0.802967,2.832969,0,89.460532,0,14.815637,0,60.698353,33.756734,60.690224,49.980196,33.716791,50,27,0,0,0,0,0,0,0,0
518,60.984904,0,1.911277,0,38.065408,24.897135,0.798035,2.857544,0,89.615795,0,14.879706,0,60.954669,33.584605,60.583962,49.950925,33.657757,50,27,0,0,0,0,0,0,0,0
519,60.968353,0,1.885535,0,38.211943,25.099776,0.798221,2.860484,0,88.94987,0,14.820954,0,60.970893,33.567681,60.587655,49.95219,33.659809,50,27,0,0,0,0,0,0,0,0
520,60.818203,0,1.897638,0,37.948488,25.054457,0.802249,2.868322,0,88.98717,0,14.933286,0,60.705631,33.739496,60.70877,49.985903,33.727094,50,27,0,0,0,0,0,0,0,0
521,60.672713,0,1.896566,0,37.852652,24.960132,0.800893,2.848141,0,89.004873,0,14.835463,0,60.888793,33.766883,60.949505,50.052511,33.860836,50,27,0,0,0,0,0,0,0,0
522,60.693622,0,1.895772,0,38.064122,24.998004,0.804661,2.849961,0,89.121023,0,14.88678,0,60.819215,33.690825,60.715698,49.987627,33.730943,50,27,0,0,0,0,0,0,0,0
523,60.615481,0,1.890388,0,38.121356,24.964265,0.798485,2.866548,0,88.910321,0,14.779111,0,60.626522,33.875128,60.918239,50.04367,33.843466,50,27,0,0,0,0,0,0,0,0
524,60.676627,0,1.901674,0,38.047858,25.071973,0.800943,2.847976,0,89.008964,0,14.802771,0,60.552426,33.944018,60.971224,50.058097,33.872902,50,27,0,0,0,0,0,0,0,0
525,60.718927,0,1.904814,0,37.818991,25.094518,0.800545,2.863428,0,89.076327,0,14.792639,0,60.221724,34.117656,60.980615,50.060404,33.87812,50,27,0,0,0,0,0,0,0,0
526,60.958796,0,1.901932,0,37.848482,25.109141,0.804666,2.864933,0,89.412448,0,14.953341,0,60.733412,33.884742,60.95357,50.052628,33.863094,50,27,0,0,0,0,0,0,0,0
527,60.952491,0,1.904272,0,37.821784,24.893225,0.794379,2.848761,0,88.687203,0,14.910569,0,60.87678,33.739501,60.776811,50.003511,33.764895,50,27,0,0,0,0,0,0,0,0
528,60.537747,0,1.905576,0,38.052217,24.846692,0.799547,2.844665,0,89.547741,0,14.831988,0,60.87649,33.821384,60.955491,50.05288,33.864162,50,27,0,0,0,0,0,0,0,0
529,60.767361,0,1.907488,0,37.910497,24.982141,0.798982,2.839028,0,89.28807,0,14.869044,0,60.725026,33.842241,60.843083,50.021548,33.801713,50,27,0,0,0,0,0,0,0,0
530,60.547732,0,1.895291,0,38.072418,25.045003,0.800753,2.856629,0,89.623911,0,14.770522,0,61.148453,33.473424,60.48116,49.921406,33.600644,50,27,0,0,0,0,0,0,0,0
531,60.611997,0,1.913239,0,37.89041,25.089416,0.801182,2.861584,0,89.260496,0,14.836611,0,61.036052,33.736738,60.96589,50.055775,33.869939,50,27,0,0,0,0,0,0,0,0
532,60.96187,0,1.89697,0,38.088289,24.988348,0.805768,2.845317,0,88.732497,0,14.857833,0,60.664807,33.643687,60.402753,49.899849,33.557085,50,27,0,0,0,0,0,0,0,0
533,60.691242,0,1.908791,0,38.106773,25.072172,0.798782,2.844796,0,89.283945,0,14.894311,0,60.838277,33.727707,60.769829,50.001805,33.761016,50,27,0,0,0,0,0,0,0,0
534,60.626206,0,1.909459,0,38.093353,25.09962,0.801665,2.844332,0,89.228746,0,14.882751,0,60.826013,33.646731,60.591035,49.952378,33.661686,50,27,0,0,0,0,0,0,0,0
535,60.770951,0,1.894859,0,37.891235,24.986506,0.800825,2.861333,0,88.666347,0,14.878141,0,61.058888,33.561099,60.657967,49.971115,33.698871,50,27,0,0,0,0,0,0,0,0
536,60.961586,0,1.904038,0,38.05875,24.896713,0.799324,2.843884,0,89.129106,0,14.897677,0,60.463496,33.912699,60.829288,50.018611,33.794049,50,27,0,0,0,0,0,0,0,0
537,60.748587,0,1.905034,0,38.121786,24.926502,0.797474,2.853426,0,88.993715,0,14.795966,0,60.739931,33.724809,60.686531,49.979061,33.714739,50,27,0,0,0,0,0,0,0,0
538,60.679667,0,1.898558,0,37.992227,25.072112,0.800831,2.85391,0,88.966859,0,14.807749,0,60.255322,33.992436,60.769785,50.002176,33.760991,50,27,0,0,0,0,0,0,0,0
539,60.589782,0,1.893404,0,38.025226,24.858336,0.797198,2.862095,0,89.005278,0,14.805116,0,60.340132,33.963765,60.761964,50.000004,33.756646,50,27,0,0,0,0,0,0,0,0
540,60.743012,0,1.899403,0,37.988591,25.081634,0.798754,2.840191,0,89.149377,0,14.865397,0,60.460664,33.878493,60.676261,49.976316,33.709034,50,27,0,0,0,0,0,0,0,0
541,60.655954,0,1.900786,0,37.922047,25.136858,0.800153,2.857175,0,88.844587,0,14.852191,0,60.900772,33.761178,60.855431,50.025956,33.808573,50,27,0,0,0,0,0,0,0,0
542,60.699409,0,1.903026,0,38.047517,24.957032,0.801048,2.852795,0,89.389311,0,14.871802,0,60.735925,33.739013,60.646666,49.968125,33.692592,50,27,0,0,0,0,0,0,0,0
543,60.694247,0,1.899748,0,37.970486,24.974024,0.799154,2.851863,0,89.85424,0,14.885386,0,60.75605,33.802606,60.806511,50.012464,33.781395,50,27,0,0,0,0,0,0,0,0
544,60.928087,0,1.898854,0,38.184888,25.041891,0.794074,2.841334,0,89.223589,0,14.929024,0,61.092561,33.527315,60.559175,49.944039,33.643986,50,27,0,0,0,0,0,0,0,0
545,60.773123,0,1.904671,0,37.994961,24.830916,0.802858,2.841286,0,89.148891,0,14.852774,0,60.719161,33.841057,60.880911,50.033244,33.822728,50,27,0,0,0,0,0,0,0,0
546,60.781812,0,1.892896,0,38.025354,25.044557,0.797078,2.845238,0,89.183994,0,14.938847,0,60.56602,33.730516,60.48449,49.923509,33.602494,50,27,0,0,0,0,0,0,0,0
547,60.919897,0,1.898714,0,37.931519,24.943468,0.801905,2.855509,0,89.519537,0,14.886224,0,60.756964,33.719281,60.656829,49.971524,33.698239,50,27,0,0,0,0,0,0,0,0
548,60.673499,0,1.913754,0,38.206493,25.000736,0.794019,2.849066,0,88.770975,0,14.822667,0,60.93506,33.832603,61.080222,50.08869,33.933457,50,27,0,0,0,0,0,0,0,0
549,60.746031,0,1.900915,0,38.150745,24.985111,0.801924,2.849286,0,89.256242,0,14.851798,0,60.88245,33.513141,60.344675,49.884946,33.52482,50,27,0,0,0,0,0,0,0,0
550,60.578692,0,1.908734,0,38.061082,24.90418,0.80044,2.84583,0,88.701115,0,14.858367,0,61.03075,33.501658,60.502364,49.929103,33.612424,50,27,0,0,0,0,0,0,0,0
551,60.878426,0,1.90321,0,38.103852,24.978469,0.798425,2.855883,0,89.357581,0,14.975552,0,60.795656,33.662253,60.639048,49.967235,33.68836,50,27,0,0,0,0,0,0,0,0
552,60.762572,0,1.904661,0,37.81833,25.169982,0.797471,2.854481,0,88.909168,0,14.752813,0,60.828408,33.800323,60.97283,50.059654,33.873794,50,27,0,0,0,0,0,0,0,0
553,60.816197,0,1.909275,0,38.055613,25.051165,0.797948,2.853525,0,88.943372,0,14.836843,0,60.712432,33.556794,60.334135,49.882824,33.518964,50,27,0,0,0,0,0,0,0,0
554,60.795608,0,1.89992,0,37.845597,25.087321,0.800528,2.854556,0,89.253231,0,14.769653,0,60.238305,34.10415,61.038229,50.078016,33.910127,50,27,0,0,0,0,0,0,0,0
555,60.974497,0,1.903055,0,37.962515,24.916068,0.799288,2.840747,0,89.345166,0,14.849114,0,60.684429,33.765552,60.720127,49.989706,33.733404,50,27,0,0,0,0,0,0,0,0
556,60.5017,0,1.901414,0,38.182527,25.201937,0.800265,2.837339,0,89.159436,0,14.877411,0,60.954341,33.631629,60.705314,49.985663,33.725175,50,27,0,0,0,0,0,0,0,0
557,61.175576,0,1.905899,0,37.994106,25.02113,0.799058,2.841992,0,89.189024,0,14.901257,0,60.54971,33.901397,60.885291,50.035479,33.825162,50,27,0,0,0,0,0,0,0,0
558,60.784134,0,1.891902,0,37.803045,25.127196,0.798215,2.837286,0,89.2111,0,14.844726,0,60.921564,33.774893,60.969326,50.058529,33.871848,50,27,0,0,0,0,0,0,0,0
559,60.779224,0,1.895518,0,38.184672,25.067743,0.801823,2.851495,0,89.321418,0,14.919429,0,60.979529,33.684506,60.833647,50.020737,33.79647,50,27,0,0,0,0,0,0,0,0
560,60.560168,0,1.901765,0,38.135592,24.90512,0.798416,2.8685,0,89.488971,0,14.831219,0,60.953783,33.66517,60.776229,50.004764,33.764572,50,27,0,0,0,0,0,0,0,0
561,60.808281,0,1.905316,0,37.926621,24.980518,0.803951,2.839745,0,89.564883,0,14.924824,0,60.875744,33.649048,60.675281,49.976838,33.708489,50,27,0,0,0,0,0,0,0,0
562,60.885469,0,1.901136,0,37.829174,25.043362,0.798592,2.8589,0,89.030198,0,14.862149,0,60.444215,33.933664,60.856643,50.027081,33.809246,50,27,0,0,0,0,0,0,0,0
563,60.879809,0,1.903384,0,38.006325,24.891971,0.802678,2.839325,0,89.467608,0,14.904414,0,60.753623,33.783213,60.822916,50.017625,33.790509,50,27,0,0,0,0,0,0,0,0
564,60.496299,0,1.897517,0,38.014722,25.002849,0.804168,2.845977,0,88.778386,0,14.855447,0,60.708441,33.728393,60.657768,49.971891,33.69876,50,27,0,0,0,0,0,0,0,0
565,61.207529,0,1.902456,0,38.040005,24.997446,0.801823,2.838959,0,89.223545,0,14.882743,0,60.890485,33.753854,60.896685,50.038066,33.831492,50,27,0,0,0,0,0,0,0,0
566,60.580153,0,1.91087,0,37.82463,24.997824,0.801298,2.843785,0,89.195052,0,14.826214,0,60.760827,33.7437,60.745222,49.996013,33.747345,50,27,0,0,0,0,0,0,0,0
567,60.81868,0,1.891256,0,38.126042,25.046822,0.802755,2.841441,0,89.233804,0,14.796763,0,60.612258,34.078206,61.303227,50.150263,34.057349,50,27,0,0,0,0,0,0,0,0
568,60.728972,0,1.892264,0,38.085541,24.998124,0.79831,2.828755,0,88.871425,0,14.876852,0,60.867544,33.62949,60.568816,49.946528,33.649342,50,27,0,0,0,0,0,0,0,0
569,60.64363,0,1.900708,0,37.991779,24.878607,0.801772,2.846337,0,88.992883,0,14.851211,0,60.885032,33.701091,60.756007,49.998532,33.753337,50,27,0,0,0,0,0,0,0,0
570,60.538699,0,1.908231,0,37.886355,25.095942,0.801711,2.837363,0,88.892658,0,14.885427,0,60.875476,33.607372,60.556828,49.943487,33.642682,50,27,0,0,0,0,0,0,0,0
571,60.622034,0,1.903772,0,38.230045,25.091116,0.802774,2.859079,0,88.932901,0,14.868153,0,60.942465,33.627354,60.685882,49.979438,33.714379,50,27,0,0,0,0,0,0,0,0
572,60.597632,0,1.907121,0,37.816664,25.096771,0.800583,2.842532,0,89.338973,0,14.81063,0,60.966749,33.575079,60.615935,49.960208,33.675519,50,27,0,0,0,0,0,0,0,0
573,60.786827,0,1.894485,0,38.004975,24.950504,0.801085,2.869912,0,88.882829,0,14.871771,0,60.657305,33.716982,60.627743,49.963669,33.68208,50,27,0,0,0,0,0,0,0,0
574,60.799369,0,1.893247,0,37.931981,25.143347,0.802964,2.8467,0,88.936689,0,14.852332,0,60.34966,33.845803,60.593677,49.954434,33.663154,50,27,0,0,0,0,0,0,0,0
575,61.080261,0,1.90038,0,38.070317,25.040669,0.80024,2.838257,0,89.452343,0,14.894906,0,60.639673,33.664098,60.485156,49.924666,33.602864,50,27,0,0,0,0,0,0,0,0
576,60.995516,0,1.893155,0,37.901151,25.103767,0.800721,2.856704,0,88.969211,0,14.875248,0,60.675625,33.692904,60.591529,49.954442,33.66196,50,27,0,0,0,0,0,0,0,0
577,60.795179,0,1.895566,0,37.831276,25.086013,0.798884,2.840988,0,88.615773,0,14.854691,0,60.597034,33.805597,60.755905,50.000102,33.75328,50,27,0,0,0,0,0,0,0,0
578,60.623599,0,1.903089,0,37.990937,25.013077,0.799354,2.851082,0,89.460471,0,14.843499,0,60.875242,33.598386,60.587098,49.953444,33.659499,50,27,0,0,0,0,0,0,0,0
579,60.525943,0,1.908809,0,38.184007,24.963796,0.801498,2.838161,0,89.064776,0,14.860701,0,60.666282,33.883828,60.99825,50.067316,33.887917,50,27,0,0,0,0,0,0,0,0
580,60.8005,0,1.904187,0,38.028416,24.993398,0.800613,2.849126,0,88.879346,0,14.829001,0,60.854201,33.738299,60.858446,50.02834,33.810248,50,27,0,0,0,0,0,0,0,0
581,60.591755,0,1.908819,0,37.878547,24.95448,0.806217,2.856156,0,89.02056,0,14.859712,0,60.590896,33.717485,60.550971,49.943214,33.639428,50,27,0,0,0,0,0,0,0,0
582,61.058173,0,1.907974,0,38.205166,24.977928,0.804604,2.848626,0,89.519831,0,14.83219,0,60.665037,33.83795,60.881713,50.034912,33.823174,50,27,0,0,0,0,0,0,0,0
583,60.913593,0,1.910232,0,38.217226,25.056199,0.800753,2.84543,0,89.094809,0,14.80884,0,60.725566,33.778009,60.802262,50.012779,33.779034,50,27,0,0,0,0,0,0,0,0
584,60.568363,0,1.898261,0,37.831981,24.92168,0.803662,2.845728,0,89.375766,0,14.835159,0,60.91796,33.689439,60.803035,50.012929,33.779464,50,27,0,0,0,0,0,0,0,0
585,60.726735,0,1.899586,0,38.034631,25.02522,0.803022,2.863312,0,89.019939,0,14.865577,0,60.853428,33.793964,60.966168,50.057954,33.870093,50,27,0,0,0,0,0,0,0,0
586,60.688896,0,1.893252,0,37.874884,25.000491,0.800357,2.857183,0,88.946055,0,14.859584,0,60.700117,33.70151,60.610791,49.959441,33.672662,50,27,0,0,0,0,0,0,0,0
587,60.987162,0,1.896188,0,37.97814,25.048514,0.800712,2.855979,0,89.096258,0,14.899231,0,60.646338,33.79094,60.751237,49.998461,33.750687,50,27,0,0,0,0,0,0,0,0
588,60.852104,0,1.89456,0,38.01237,24.955371,0.797008,2.845328,0,89.467025,0,14.848508,0,60.673499,33.660678,60.497071,49.928218,33.609484,50,27,0,0,0,0,0,0,0,0
589,60.829015,0,1.888267,0,37.829236,24.995056,0.800373,2.860862,0,89.311115,0,14.879078,0,61.203543,33.612627,60.936785,50.05011,33.853769,50,27,0,0,0,0,0,0,0,0
590,60.435609,0,1.905081,0,38.098981,25.093969,0.798567,2.857723,0,89.232939,0,14.861864,0,60.655801,33.857572,60.922394,50.045884,33.845774,50,27,0,0,0,0,0,0,0,0
591,60.578056,0,1.900657,0,38.154102,24.986295,0.798616,2.853589,0,89.00912,0,14.835675,0,60.297001,34.011035,60.870645,50.031352,33.817025,50,27,0,0,0,0,0,0,0,0
592,60.828805,0,1.89918,0,37.822738,25.225,0.799689,2.843019,0,89.237539,0,14.879408,0,60.808718,33.719996,60.732598,49.993041,33.740332,50,27,0,0,0,0,0,0,0,0
593,61.209898,0,1.905281,0,37.929919,25.135404,0.801109,2.845074,0,89.041706,0,14.90612,0,61.210371,33.599187,60.884176,50.034971,33.824542,50,27,0,0,0,0,0,0,0,0
594,60.762651,0,1.898792,0,37.945655,25.043444,0.799819,2.844021,0,88.945109,0,14.929822,0,60.649439,33.752416,60.66685,49.974729,33.703805,50,27,0,0,0,0,0,0,0,0
595,60.427768,0,1.906973,0,38.064535,24.896979,0.799586,2.842755,0,89.084318,0,14.796843,0,60.594864,33.706281,60.51387,49.932572,33.618817,50,27,0,0,0,0,0,0,0,0
596,60.542835,0,1.898571,0,38.042535,25.133619,0.800109,2.8433,0,89.064836,0,14.839453,0,60.86112,33.758655,60.895664,50.038433,33.830924,50,27,0,0,0,0,0,0,0,0
597,60.651599,0,1.899585,0,38.03428,25.068025,0.799202,2.840104,0,89.148268,0,14.818418,0,60.91792,33.637548,60.694845,49.982737,33.719359,50,27,0,0,0,0,0,0,0,0
598,60.729301,0,1.897667,0,38.117453,25.051246,0.7988,2.855819,0,88.886175,0,14.898953,0,60.749788,33.767862,60.815536,50.016181,33.786409,50,27,0,0,0,0,0,0,0,0
599,60.803292,0,1.897126,0,38.054356,25.005662,0.800797,2.853416,0,88.925395,0,14.838089,0,60.669303,33.716401,60.622392,49.962716,33.679107,50,27,0,0,0,0,0,0,0,0
600,60.651954,0,1.893017,0,38.008728,25.070764,0.799505,2.845138,0,89.439144,0,14.776023,0,60.773946,33.609229,60.503901,49.930151,33.613278,50,27,0,0,0,0,0,0,0,0
601,60.965607,0,1.897403,0,37.943971,24.893772,0.799665,2.843531,0,89.034406,0,14.850948,0,60.538289,33.943761,60.990775,50.065069,33.883764,50,27,0,0,0,0,0,0,0,0
602,60.520887,0,1.907383,0,38.043869,24.965596,0.802992,2.839895,0,88.572095,0,14.782877,0,60.779526,33.779053,60.856301,50.027577,33.809056,50,27,0,0,0,0,0,0,0,0
603,60.520081,0,1.891427,0,38.029605,24.938164,0.799784,2.850639,0,88.820449,0,14.827302,0,60.592453,33.772729,60.65109,49.97072,33.69505,50,27,0,0,0,0,0,0,0,0
604,60.722974,0,1.904622,0,38.016371,25.0699,0.798782,2.859817,0,89.256723,0,14.799335,0,60.776915,33.735283,60.752899,49.999005,33.75161,50,27,0,0,0,0,0,0,0,0
605,60.71138,0,1.892271,0,37.747228,24.97999,0.797576,2.834064,0,88.856715,0,14.863945,0,60.860361,33.839747,61.058201,50.083395,33.921223,50,27,0,0,0,0,0,0,0,0
606,60.622539,0,1.902241,0,37.927199,25.02846,0.798047,2.845249,0,88.771173,0,14.860603,0,60.628314,33.886858,60.913163,50.042892,33.840646,50,27,0,0,0,0,0,0,0,0
607,61.014359,0,1.910206,0,37.990784,25.073172,0.799971,2.839542,0,89.535756,0,14.808606,0,60.654742,33.939976,61.033833,50.076031,33.907685,50,27,0,0,0,0,0,0,0,0
608,60.827238,0,1.898941,0,37.931743,24.92259,0.80275,2.853273,0,89.423391,0,14.73739,0,60.736708,33.693611,60.57243,49.948123,33.65135,50,27,0,0,0,0,0,0,0,0
609,60.574382,0,1.891503,0,38.148745,24.893193,0.798218,2.855224,0,89.64557,0,14.823453,0,60.908731,33.719092,60.80847,50.013621,33.782483,50,27,0,0,0,0,0,0,0,0
610,60.83214,0,1.91158,0,38.031093,25.023579,0.802236,2.858087,0,89.144051,0,14.797284,0,60.77818,33.820271,60.897608,50.038191,33.832005,50,27,0,0,0,0,0,0,0,0
611,60.635403,0,1.894267,0,37.952897,24.995841,0.799513,2.860634,0,89.139456,0,14.89937,0,60.789598,33.79612,60.850619,50.025013,33.805899,50,27,0,0,0,0,0,0,0,0
612,60.50193,0,1.90781,0,37.980568,25.020346,0.805313,2.86065,0,89.143789,0,14.82069,0,60.923643,33.710963,60.801222,50.011236,33.778457,50,27,0,0,0,0,0,0,0,0
613,60.505185,0,1.889684,0,38.100224,25.169189,0.800029,2.872018,0,89.627237,0,14.826728,0,61.196619,33.534211,60.709013,49.985694,33.727229,50,27,0,0,0,0,0,0,0,0
614,61.223289,0,1.886702,0,37.946785,25.049064,0.799447,2.855093,0,88.9174,0,14.804063,0,60.780869,33.8442,60.977622,50.060007,33.876457,50,27,0,0,0,0,0,0,0,0
615,60.942031,0,1.904349,0,37.908471,25.133043,0.797459,2.852473,0,89.341117,0,14.880626,0,60.903031,33.722349,60.830458,50.019033,33.794699,50,27,0,0,0,0,0,0,0,0
616,60.899214,0,1.907787,0,37.98479,25.00428,0.802939,2.839646,0,89.342639,0,14.839471,0,61.007819,33.6493,60.785693,50.006566,33.76983,50,27,0,0,0,0,0,0,0,0
617,60.836805,0,1.90292,0,38.059748,24.98772,0.797861,2.854821,0,89.381283,0,14.765916,0,60.451314,33.83514,60.635078,49.964904,33.686154,50,27,0,0,0,0,0,0,0,0
618,60.785448,0,1.895923,0,37.884838,24.981254,0.802483,2.862182,0,89.430141,0,14.904133,0,60.770593,33.760325,60.785059,50.006532,33.769477,50,27,0,0,0,0,0,0,0,0
619,60.898215,0,1.898575,0,38.042002,24.938286,0.795349,2.847973,0,89.073211,0,14.806957,0,60.658821,33.898272,60.963365,50.055783,33.868536,50,27,0,0,0,0,0,0,0,0
620,60.391201,0,1.897598,0,38.040924,25.117522,0.800533,2.863906,0,88.917768,0,14.813774,0,60.723741,33.741103,60.677721,49.976555,33.709845,50,27,0,0,0,0,0,0,0,0
621,60.57755,0,1.901617,0,38.157336,25.080073,0.798804,2.854128,0,89.290068,0,14.87403,0,60.973565,33.613074,60.660362,49.971873,33.700201,50,27,0,0,0,0,0,0,0,0
622,60.738674,0,1.893185,0,38.104567,24.954256,0.805051,2.86599,0,88.914769,0,14.860422,0,60.689726,33.699077,60.577509,49.949113,33.654172,50,27,0,0,0,0,0,0,0,0
623,60.963761,0,1.894031,0,38.113675,24.884084,0.802066,2.848011,0,88.950926,0,14.831522,0,60.411408,33.999135,60.93914,50.04932,33.855078,50,27,0,0,0,0,0,0,0,0
624,60.532981,0,1.897007,0,37.827975,25.030065,0.799573,2.846469,0,89.049872,0,14.887674,0,60.625791,33.963567,61.045514,50.078476,33.914175,50,27,0,0,0,0,0,0,0,0
625,60.880462,0,1.907638,0,37.902618,24.952977,0.799078,2.866903,0,89.204716,0,14.849259,0,60.878841,33.731118,60.782009,50.005254,33.767783,50,27,0,0,0,0,0,0,0,0
626,60.638731,0,1.896205,0,37.891136,24.992936,0.802721,2.859636,0,89.216633,0,14.833197,0,60.704487,33.806733,60.773208,50.002795,33.762893,50,27,0,0,0,0,0,0,0,0
627,60.808131,0,1.905422,0,37.949156,24.965477,0.800899,2.840767,0,89.248164,0,14.888695,0,60.793424,33.796179,60.835587,50.020022,33.797549,50,27,0,0,0,0,0,0,0,0
628,60.701395,0,1.899211,0,37.883776,24.957412,0.803017,2.851739,0,90.042875,0,14.855526,0,60.940795,33.672625,60.7197,49.987892,33.733167,50,27,0,0,0,0,0,0,0,0
629,60.766859,0,1.889479,0,38.012208,25.018058,0.798495,2.845982,0,89.322612,0,14.845933,0,61.054527,33.577066,60.645681,49.967494,33.692045,50,27,0,0,0,0,0,0,0,0
630,60.890156,0,1.897624,0,38.066507,24.988826,0.799923,2.849491,0,89.489714,0,14.86937,0,60.639214,33.801786,60.729939,49.990944,33.738855,50,27,0,0,0,0,0,0,0,0
631,60.65801,0,1.907086,0,38.045583,24.992298,0.802033,2.849771,0,89.717752,0,14.908062,0,60.869795,33.680288,60.698566,49.982318,33.721426,50,27,0,0,0,0,0,0,0,0
632,60.600604,0,1.906717,0,37.774076,25.043524,0.802006,2.861717,0,89.203181,0,14.889944,0,60.738958,33.794951,60.820299,50.016052,33.789055,50,27,0,0,0,0,0,0,0,0
633,60.484845,0,1.894886,0,38.010393,24.84815,0.798952,2.853605,0,89.30072,0,14.92041,0,60.58654,34.015156,61.127291,50.100823,33.959606,50,27,0,0,0,0,0,0,0,0
634,60.630309,0,1.89552,0,37.983093,24.925242,0.80028,2.842032,0,88.662795,0,14.882484,0,60.729187,33.801252,60.784937,50.005697,33.769409,50,27,0,0,0,0,0,0,0,0
635,60.812971,0,1.897153,0,38.101593,24.927294,0.800577,2.848427,0,89.004084,0,14.913622,0,61.052736,33.530301,60.533464,49.936162,33.629702,50,27,0,0,0,0,0,0,0,0
636,60.764791,0,1.897882,0,37.935928,24.890707,0.796373,2.840044,0,89.12029,0,14.812123,0,60.920718,33.618804,60.620586,49.96056,33.678103,50,27,0,0,0,0,0,0,0,0
637,60.61429,0,1.902634,0,38.208417,24.932678,0.800931,2.85804,0,89.165134,0,14.874407,0,60.492776,33.860916,60.722109,49.988817,33.734505,50,27,0,0,0,0,0,0,0,0
638,60.900018,0,1.898349,0,37.899124,24.922688,0.800027,2.847989,0,88.985226,0,14.840601,0,60.591724,33.847897,60.779262,50.004669,33.766257,50,27,0,0,0,0,0,0,0,0
639,60.44976,0,1.902383,0,38.150542,25.048821,0.803204,2.853634,0,89.642156,0,14.865017,0,60.749416,33.939087,61.117586,50.098157,33.954215,50,27,0,0,0,0,0,0,0,0
640,60.766692,0,1.901681,0,38.110341,25.041816,0.797823,2.85427,0,88.736955,0,14.868791,0,60.968605,33.578838,60.553864,49.941859,33.641036,50,27,0,0,0,0,0,0,0,0
641,60.576033,0,1.898,0,37.96032,25.060346,0.79539,2.846236,0,89.615937,0,14.819461,0,60.529666,33.850828,60.714576,49.986568,33.73032,50,27,0,0,0,0,0,0,0,0
642,60.500867,0,1.902047,0,38.149043,25.149487,0.798736,2.846182,0,89.304035,0,14.820049,0,60.639065,33.861236,60.834373,50.019746,33.796874,50,27,0,0,0,0,0,0,0,0
643,60.90474,0,1.903549,0,37.902373,24.984917,0.802224,2.840694,0,89.402762,0,14.854551,0,60.311416,34.009923,60.808153,50.012401,33.782307,50,27,0,0,0,0,0,0,0,0
644,60.836157,0,1.901025,0,38.00318,25.051187,0.80069,2.859261,0,89.418883,0,14.897268,0,60.726559,33.743962,60.631238,49.96344,33.684021,50,27,0,0,0,0,0,0,0,0
645,60.655936,0,1.899122,0,37.906267,25.103311,0.800888,2.843792,0,89.373169,0,14.904247,0,61.242131,33.636998,60.927142,50.045409,33.848412,50,27,0,0,0,0,0,0,0,0
646,60.769329,0,1.895288,0,37.941907,25.054531,0.800792,2.846674,0,89.385873,0,14.808784,0,61.036074,33.654394,60.777464,50.003813,33.765258,50,27,0,0,0,0,0,0,0,0
647,60.400032,0,1.908425,0,37.746447,25.030062,0.802217,2.866342,0,89.496364,0,14.734906,0,60.362737,33.93777,60.718038,49.987369,33.732243,50,27,0,0,0,0,0,0,0,0
648,60.630024,0,1.9017,0,38.004744,24.957881,0.801268,2.858686,0,89.33095,0,14.844159,0,60.804132,33.743554,60.727552,49.990061,33.737529,50,27,0,0,0,0,0,0,0,0
649,60.594191,0,1.902303,0,37.694538,25.201043,0.8009,2.845997,0,89.364746,0,14.971676,0,61.371316,33.559721,60.91175,50.041022,33.839861,50,27,0,0,0,0,0,0,0,0
650,60.788837,0,1.897489,0,38.202548,25.035721,0.798606,2.831256,0,88.958925,0,14.771266,0,60.865355,33.715776,60.763691,49.999895,33.757606,50,27,0,0,0,0,0,0,0,0
651,60.670547,0,1.897756,0,37.980005,24.903759,0.79796,2.858856,0,89.253746,0,14.856405,0,60.794611,33.700575,60.667236,49.973236,33.70402,50,27,0,0,0,0,0,0,0,0
652,60.79833,0,1.89966,0,37.901098,25.058422,0.803512,2.841953,0,89.302425,0,14.85256,0,60.780253,33.788845,60.847033,50.023064,33.803907,50,27,0,0,0,0,0,0,0,0
653,60.589518,0,1.897915,0,38.163091,25.15961,0.800216,2.848271,0,89.220556,0,14.874176,0,60.761561,33.80224,60.852422,50.024439,33.806901,50,27,0,0,0,0,0,0,0,0
654,60.527563,0,1.895121,0,37.916354,24.927581,0.799501,2.843755,0,88.993115,0,14.758775,0,60.887442,33.572917,60.488897,49.923841,33.604943,50,27,0,0,0,0,0,0,0,0
655,60.536588,0,1.892112,0,38.192897,24.94808,0.799276,2.863045,0,88.834906,0,14.822246,0,60.70784,33.723214,60.651236,49.969089,33.695131,50,27,0,0,0,0,0,0,0,0
656,60.588953,0,1.896849,0,38.020982,25.0342,0.798316,2.866662,0,89.183035,0,14.857285,0,60.861048,33.684868,60.727095,49.99021,33.737275,50,27,0,0,0,0,0,0,0,0
657,60.726834,0,1.898268,0,38.075277,24.982288,0.803371,2.832926,0,89.510924,0,14.916229,0,60.630573,33.821814,60.793863,50.008713,33.774368,50,27,0,0,0,0,0,0,0,0
658,60.49175,0,1.895453,0,37.812188,24.976756,0.79836,2.848049,0,89.394446,0,14.845146,0,60.949879,33.6282,60.694558,49.981223,33.719199,50,27,0,0,0,0,0,0,0,0
659,60.962946,0,1.897483,0,37.978952,25.041771,0.795824,2.852303,0,88.927211,0,14.791997,0,60.450087,33.962124,60.915096,50.042272,33.84172,50,27,0,0,0,0,0,0,0,0
660,60.933816,0,1.903261,0,38.065605,24.827139,0.800816,2.843832,0,89.336682,0,14.826816,0,60.539354,33.842566,60.723106,49.988996,33.735059,50,27,0,0,0,0,0,0,0,0
661,60.366325,0,1.903264,0,37.987936,25.192889,0.798307,2.841896,0,88.900609,0,14.84257,0,60.553948,33.805748,60.648553,49.968445,33.69364,50,27,0,0,0,0,0,0,0,0
662,60.751286,0,1.89333,0,38.002305,24.957566,0.801596,2.835864,0,89.723971,0,14.889886,0,60.591611,33.803465,60.675488,49.976046,33.708604,50,27,0,0,0,0,0,0,0,0
663,60.778459,0,1.896368,0,38.107612,24.963221,0.799501,2.853431,0,89.154694,0,14.854533,0,60.94116,33.711843,60.826529,50.017913,33.792516,50,27,0,0,0,0,0,0,0,0
664,60.986579,0,1.909872,0,38.178471,24.886415,0.795961,2.838798,0,89.480359,0,14.867802,0,61.214427,33.518413,60.698943,49.98256,33.721635,50,27,0,0,0,0,0,0,0,0
665,60.580696,0,1.898512,0,38.094513,25.078554,0.805081,2.852614,0,88.873671,0,14.838544,0,60.84341,33.623915,60.582689,49.950514,33.65705,50,27,0,0,0,0,0,0,0,0
666,60.755872,0,1.886142,0,38.050262,25.004345,0.802091,2.852347,0,88.915014,0,14.802845,0,60.878813,33.547352,60.472887,49.920411,33.596048,50,27,0,0,0,0,0,0,0,0
667,60.948095,0,1.89434,0,38.183759,24.996853,0.805449,2.851096,0,88.702028,0,14.86551,0,60.66293,33.84855,60.917714,50.043756,33.843175,50,27,0,0,0,0,0,0,0,0
668,60.775388,0,1.900952,0,38.051732,24.948839,0.799219,2.839193,0,89.280315,0,14.82254,0,60.564251,33.807567,60.716661,49.987968,33.731478,50,27,0,0,0,0,0,0,0,0
669,60.66809,0,1.898885,0,37.904263,25.046868,0.799577,2.850894,0,89.039392,0,14.805627,0,60.787523,33.816864,60.950019,50.052527,33.861122,50,27,0,0,0,0,0,0,0,0
670,60.503958,0,1.899557,0,37.975948,24.946425,0.804637,2.874437,0,89.692303,0,14.853111,0,60.791838,33.618241,60.525207,49.934849,33.625115,50,27,0,0,0,0,0,0,0,0
671,60.46949,0,1.893929,0,38.016296,25.059763,0.799134,2.849391,0,88.966091,0,14.874684,0,60.668372,33.708325,60.608427,49.958175,33.671349,50,27,0,0,0,0,0,0,0,0
672,60.979871,0,1.904046,0,37.986432,24.959464,0.802662,2.840214,0,89.187302,0,14.878748,0,60.980776,33.649642,60.800793,50.011552,33.778218,50,27,0,0,0,0,0,0,0,0
673,60.904116,0,1.904955,0,37.905199,25.11438,0.796566,2.84964,0,89.076474,0,14.813968,0,60.532247,33.847336,60.780523,50.005892,33.766957,50,27,0,0,0,0,0,0,0,0
674,60.877935,0,1.899892,0,37.874856,24.974955,0.795456,2.85058,0,88.818655,0,14.858858,0,60.518892,33.841856,60.740093,49.994688,33.744496,50,27,0,0,0,0,0,0,0,0
675,60.725652,0,1.902916,0,38.014409,24.919456,0.79862,2.855028,0,88.9549,0,14.875601,0,60.57873,33.816309,60.732216,49.992538,33.74012,50,27,0,0,0,0,0,0,0,0
676,60.856098,0,1.906668,0,37.894346,24.993812,0.801557,2.855184,0,88.977364,0,14.805965,0,60.448325,33.832632,60.62665,49.963397,33.681472,50,27,0,0,0,0,0,0,0,0
677,61.219886,0,1.892578,0,38.056089,24.95904,0.796347,2.859309,0,89.241256,0,14.832939,0,60.488144,33.781454,60.547371,49.941666,33.637428,50,27,0,0,0,0,0,0,0,0
678,60.901854,0,1.895841,0,38.129373,25.144028,0.799161,2.857072,0,88.822496,0,14.83672,0,61.005228,33.527195,60.524426,49.935615,33.624681,50,27,0,0,0,0,0,0,0,0
679,60.7284,0,1.903542,0,38.024561,24.948326,0.798751,2.847518,0,89.255014,0,14.896277,0,60.81626,33.600108,60.519309,49.934521,33.621838,50,27,0,0,0,0,0,0,0,0
680,60.682981,0,1.89721,0,38.196035,25.154227,0.800572,2.861838,0,88.793313,0,14.878814,0,60.65321,33.891475,60.989421,50.064783,33.883011,50,27,0,0,0,0,0,0,0,0
681,60.565121,0,1.895062,0,37.758264,25.061953,0.805143,2.852383,0,88.854286,0,14.843,0,60.553169,33.899249,60.884764,50.035535,33.824869,50,27,0,0,0,0,0,0,0,0
682,60.530966,0,1.901678,0,38.073106,25.122415,0.798878,2.85261,0,88.930138,0,14.83136,0,60.505699,34.038371,61.11003,50.09762,33.950017,50,27,0,0,0,0,0,0,0,0
683,60.854822,0,1.90003,0,37.88596,25.058916,0.80122,2.8695,0,89.354083,0,14.912181,0,60.777721,33.818461,60.880409,50.033668,33.82245,50,27,0,0,0,0,0,0,0,0
684,60.803465,0,1.897906,0,38.044149,24.952816,0.803361,2.859567,0,89.36181,0,14.810879,0,60.854896,33.914605,61.15397,50.109112,33.974428,50,27,0,0,0,0,0,0,0,0
685,60.571413,0,1.899638,0,37.988566,24.996719,0.797239,2.83271,0,89.287492,0,14.916866,0,61.102928,33.53958,60.592241,49.95331,33.662356,50,27,0,0,0,0,0,0,0,0
686,60.840755,0,1.89682,0,37.788595,24.928243,0.799306,2.848651,0,89.125656,0,14.870849,0,61.03223,33.47706,60.421582,49.906372,33.567546,50,27,0,0,0,0,0,0,0,0
687,60.403561,0,1.912873,0,37.991965,25.067972,0.80249,2.875017,0,89.198081,0,14.814137,0,61.0065,33.65152,60.802019,50.011989,33.778899,50,27,0,0,0,0,0,0,0,0
688,60.761472,0,1.90418,0,38.082763,24.848803,0.800042,2.852266,0,88.81217,0,14.836401,0,60.586455,33.690752,60.477509,49.922237,33.598616,50,27,0,0,0,0,0,0,0,0
689,60.685714,0,1.899502,0,38.061164,24.93548,0.797563,2.855226,0,89.578215,0,14.866805,0,60.891743,33.752406,60.919658,50.044831,33.844254,50,27,0,0,0,0,0,0,0,0
690,60.817828,0,1.915609,0,38.086138,24.851486,0.803907,2.843987,0,88.743417,0,14.874235,0,60.736874,33.773662,60.807881,50.013714,33.782156,50,27,0,0,0,0,0,0,0,0
691,60.804298,0,1.899433,0,37.97701,25.022187,0.795865,2.850147,0,89.404188,0,14.802332,0,60.414524,33.888241,60.722783,49.990125,33.73488,50,27,0,0,0,0,0,0,0,0
692,60.858198,0,1.898661,0,38.171298,24.924549,0.80084,2.856312,0,88.896058,0,14.840787,0,60.504128,33.846046,60.704116,49.985014,33.724509,50,27,0,0,0,0,0,0,0,0
693,60.584324,0,1.909541,0,38.065751,24.967615,0.798676,2.863014,0,89.519877,0,14.921321,0,60.685952,33.743896,60.657967,49.972334,33.69887,50,27,0,0,0,0,0,0,0,0
694,60.694714,0,1.900158,0,38.137407,25.083051,0.802108,2.842313,0,89.048541,0,14.866652,0,60.747852,33.824839,60.892356,50.037255,33.829087,50,27,0,0,0,0,0,0,0,0
695,60.943328,0,1.901299,0,37.955058,24.9466,0.804648,2.869179,0,89.572558,0,14.883851,0,60.636316,33.88839,60.905842,50.040797,33.836579,50,27,0,0,0,0,0,0,0,0
696,60.635786,0,1.900158,0,37.987017,24.931378,0.803097,2.848137,0,89.010897,0,14.90598,0,60.950951,33.653297,60.707732,49.985838,33.726518,50,27,0,0,0,0,0,0,0,0
697,61.018506,0,1.910077,0,37.808696,24.966343,0.798963,2.84667,0,89.120648,0,14.836376,0,60.781137,33.611868,60.465731,49.91902,33.592073,50,27,0,0,0,0,0,0,0,0
698,60.67236,0,1.88858,0,38.052257,25.101129,0.803076,2.838405,0,88.837621,0,14.982551,0,60.978347,33.5616,60.576618,49.950072,33.653677,50,27,0,0,0,0,0,0,0,0
699,60.752251,0,1.903395,0,37.972706,25.025118,0.798669,2.862633,0,89.247275,0,14.831236,0,60.960633,33.61621,60.699206,49.984203,33.721781,50,27,0,0,0,0,0,0,0,0
700,60.910292,0,1.901594,0,37.86991,25.055345,0.801561,2.844985,0,89.467239,0,14.950225,0,60.590233,33.834676,60.805972,50.013791,33.781095,50,27,0,0,0,0,0,0,0,0
701,61.043572,0,1.900932,0,37.920851,25.093471,0.79644,2.854285,0,89.056504,0,14.819058,0,60.770131,33.733376,60.758706,50.000659,33.754837,50,27,0,0,0,0,0,0,0,0
702,60.78056,0,1.904295,0,38.092983,25.039439,0.800383,2.844416,0,89.474721,0,14.816706,0,60.462498,33.910174,60.82472,50.018901,33.791511,50,27,0,0,0,0,0,0,0,0
703,60.572853,0,1.89505,0,38.117404,24.901815,0.798306,2.856084,0,88.702405,0,14.801118,0,60.765764,33.778766,60.828159,50.019758,33.793422,50,27,0,0,0,0,0,0,0,0
704,60.855753,0,1.894976,0,38.151472,25.097141,0.80412,2.851004,0,89.286819,0,14.852442,0,60.555291,33.81514,60.690513,49.981615,33.716952,50,27,0,0,0,0,0,0,0,0
705,60.670631,0,1.89884,0,37.86164,24.884522,0.79962,2.848714,0,89.396605,0,14.865558,0,60.869364,33.768159,60.897034,50.038788,33.831685,50,27,0,0,0,0,0,0,0,0
706,60.3489,0,1.897868,0,38.047326,24.97967,0.801923,2.859886,0,89.405739,0,14.876368,0,60.892647,33.694778,60.763799,50.001769,33.757666,50,27,0,0,0,0,0,0,0,0
707,60.79539,0,1.899634,0,38.054518,25.063221,0.795452,2.854871,0,89.039961,0,14.920718,0,60.829015,33.795165,60.919975,50.044927,33.844431,50,27,0,0,0,0,0,0,0,0
708,60.911302,0,1.90128,0,38.015124,24.951034,0.80094,2.869478,0,88.86474,0,14.884686,0,60.563917,33.939927,60.95455,50.054259,33.863639,50,27,0,0,0,0,0,0,0,0
709,60.565199,0,1.902239,0,38.159571,24.991227,0.796283,2.838496,0,89.638164,0,14.853394,0,60.643819,33.874993,60.873067,50.031468,33.81837,50,27,0,0,0,0,0,0,0,0
710,60.61203,0,1.895322,0,37.74654,24.961561,0.801578,2.83445,0,89.417788,0,14.779395,0,60.701439,33.750649,60.654069,49.970781,33.696705,50,27,0,0,0,0,0,0,0,0
711,60.956327,0,1.903295,0,37.998932,24.946671,0.801192,2.855473,0,88.885735,0,14.811508,0,60.678147,33.798453,60.734575,49.993178,33.741431,50,27,0,0,0,0,0,0,0,0
712,60.406044,0,1.906065,0,37.866242,24.900857,0.797489,2.860152,0,89.471122,0,14.878822,0,60.760676,33.785243,60.785712,50.007346,33.76984,50,27,0,0,0,0,0,0,0,0
713,60.626842,0,1.909636,0,38.010543,24.897985,0.795468,2.839559,0,89.270862,0,14.903755,0,60.804285,33.896238,61.061886,50.083643,33.92327,50,27,0,0,0,0,0,0,0,0
714,60.693046,0,1.903512,0,38.062427,24.90804,0.798936,2.864945,0,89.229071,0,14.906258,0,60.591507,33.787494,60.603628,49.956566,33.668682,50,27,0,0,0,0,0,0,0,0
715,60.841523,0,1.893415,0,38.165919,24.974044,0.799007,2.852053,0,89.122665,0,14.859116,0,60.532,33.988112,60.966541,50.05709,33.870301,50,27,0,0,0,0,0,0,0,0
716,60.658978,0,1.902362,0,37.920641,24.960504,0.797022,2.860258,0,89.076706,0,14.872043,0,60.843156,33.760881,60.771222,50.002821,33.76179,50,27,0,0,0,0,0,0,0,0
717,60.867087,0,1.896223,0,38.069994,25.062379,0.799702,2.859147,0,89.318906,0,14.852225,0,60.810329,33.766255,60.754228,49.99811,33.752349,50,27,0,0,0,0,0,0,0,0
718,60.641397,0,1.896787,0,37.804668,24.979774,0.797948,2.847039,0,89.233047,0,14.758106,0,61.005086,33.699627,60.811946,50.014072,33.784415,50,27,0,0,0,0,0,0,0,0
719,60.728639,0,1.901082,0,37.829275,25.019479,0.798985,2.862388,0,89.151354,0,14.915537,0,60.776893,33.82438,60.858977,50.027001,33.810543,50,27,0,0,0,0,0,0,0,0
720,60.636032,0,1.890027,0,38.035846,25.066352,0.801261,2.8628,0,89.515173,0,14.865044,0,60.812805,33.74269,60.717442,49.987747,33.731912,50,27,0,0,0,0,0,0,0,0
721,60.698271,0,1.912052,0,38.016919,24.965439,0.800688,2.836557,0,89.302472,0,14.920454,0,60.870162,33.850791,61.008786,50.068334,33.89377,50,27,0,0,0,0,0,0,0,0
722,60.959432,0,1.896884,0,38.049899,24.900578,0.799086,2.853773,0,89.590238,0,14.889038,0,60.647295,33.884918,60.849242,50.023897,33.805134,50,27,0,0,0,0,0,0,0,0
723,60.939016,0,1.905678,0,37.906188,25.151374,0.797758,2.853678,0,89.079417,0,14.943083,0,60.958448,33.830391,61.032755,50.0745,33.907086,50,27,0,0,0,0,0,0,0,0
724,60.839728,0,1.899309,0,38.148764,25.050885,0.79633,2.860075,0,89.234965,0,14.865246,0,61.190199,33.588998,60.750674,49.996164,33.750375,50,27,0,0,0,0,0,0,0,0
725,60.772492,0,1.902123,0,37.983332,25.017277,0.800845,2.858475,0,89.350011,0,14.94338,0,61.111712,33.677517,60.886376,50.03369,33.825764,50,27,0,0,0,0,0,0,0,0
726,60.534802,0,1.895019,0,38.079766,25.024825,0.794911,2.84897,0,89.302792,0,14.939651,0,61.141027,33.52364,60.605191,49.955804,33.669551,50,27,0,0,0,0,0,0,0,0
727,60.548476,0,1.897282,0,38.072255,25.056537,0.800631,2.845438,0,89.526008,0,14.832112,0,60.93214,33.739637,60.885411,50.033476,33.825228,50,27,0,0,0,0,0,0,0,0
728,60.664876,0,1.899779,0,37.940308,24.887893,0.801343,2.851992,0,89.420771,0,14.857511,0,60.154468,33.960336,60.576198,49.947844,33.653443,50,27,0,0,0,0,0,0,0,0
729,60.904593,0,1.891937,0,37.907425,25.015307,0.799939,2.851841,0,89.009594,0,14.827785,0,60.717034,33.77045,60.711864,49.985601,33.728813,50,27,0,0,0,0,0,0,0,0
730,61.056317,0,1.908474,0,37.943389,24.989466,0.797649,2.847472,0,89.293787,0,14.882979,0,60.849148,33.959462,61.243,50.132477,34.023889,50,27,0,0,0,0,0,0,0,0
731,60.792291,0,1.914608,0,37.870133,24.926602,0.80147,2.853849,0,89.241465,0,14.878139,0,60.683901,33.674525,60.452097,49.913215,33.584498,50,27,0,0,0,0,0,0,0,0
732,60.645366,0,1.898956,0,37.981938,24.925523,0.800402,2.85109,0,89.414259,0,14.843803,0,60.96387,33.672346,60.741957,49.993763,33.745532,50,27,0,0,0,0,0,0,0,0
733,60.886067,0,1.901889,0,37.77086,24.928533,0.801222,2.848541,0,89.351174,0,14.830961,0,60.651636,33.799685,60.712199,49.985569,33.728999,50,27,0,0,0,0,0,0,0,0
734,60.783262,0,1.903468,0,38.091625,25.029788,0.800668,2.841361,0,89.230642,0,14.915542,0,60.718818,33.939328,61.070156,50.084579,33.927865,50,27,0,0,0,0,0,0,0,0
735,60.859064,0,1.897645,0,37.742254,25.091545,0.803568,2.860622,0,88.994153,0,14.892736,0,60.864325,33.7475,60.789068,50.006466,33.771704,50,27,0,0,0,0,0,0,0,0
736,60.695645,0,1.902701,0,38.15601,25.043376,0.797738,2.854248,0,89.325123,0,14.886709,0,61.038846,33.73869,60.949707,50.050834,33.860948,50,27,0,0,0,0,0,0,0,0
737,60.760295,0,1.905381,0,37.899513,24.904592,0.798394,2.85117,0,89.141407,0,14.940562,0,60.509409,33.888715,60.7423,49.993255,33.745722,50,27,0,0,0,0,0,0,0,0
738,60.794466,0,1.90209,0,37.943005,24.903751,0.798478,2.840729,0,89.325728,0,14.853526,0,60.896343,33.761301,60.845916,50.021927,33.803287,50,27,0,0,0,0,0,0,0,0
739,60.763064,0,1.901418,0,37.952682,24.995282,0.801734,2.850503,0,89.483089,0,14.898824,0,60.94533,33.539295,60.42976,49.906794,33.572089,50,27,0,0,0,0,0,0,0,0
740,60.444368,0,1.903495,0,37.917474,25.08692,0.798521,2.856306,0,89.199846,0,14.911953,0,60.84105,33.808181,60.924885,50.044109,33.847158,50,27,0,0,0,0,0,0,0,0
741,60.937286,0,1.904731,0,38.069766,24.976943,0.796671,2.859406,0,89.144888,0,14.80746,0,61.021149,33.630121,60.724148,49.988406,33.735638,50,27,0,0,0,0,0,0,0,0
742,60.867099,0,1.886808,0,37.734382,24.991569,0.797859,2.841156,0,88.782903,0,14.828473,0,60.682465,33.613723,60.369437,49.890423,33.538576,50,27,0,0,0,0,0,0,0,0
743,60.825099,0,1.899939,0,38.224072,25.095461,0.800112,2.843674,0,89.112533,0,14.861901,0,60.66898,33.691876,60.540371,49.938214,33.633539,50,27,0,0,0,0,0,0,0,0
744,60.675705,0,1.905053,0,37.964124,25.017854,0.799128,2.853387,0,89.651375,0,14.826079,0,60.799521,33.752643,60.80713,50.012252,33.781739,50,27,0,0,0,0,0,0,0,0
745,60.624157,0,1.899501,0,38.23994,24.966085,0.799271,2.858573,0,89.123986,0,14.88712,0,60.392517,33.959334,60.835639,50.020071,33.797577,50,27,0,0,0,0,0,0,0,0
746,61.079932,0,1.901042,0,38.293861,24.965338,0.799199,2.858639,0,88.907785,0,14.880063,0,60.864567,33.685553,60.702487,49.983169,33.723604,50,27,0,0,0,0,0,0,0,0
747,60.597208,0,1.9088,0,37.854644,24.99027,0.797576,2.859617,0,88.651843,0,14.856664,0,60.656478,33.760408,60.662426,49.97218,33.701348,50,27,0,0,0,0,0,0,0,0
748,61.178195,0,1.906388,0,37.868407,24.94879,0.803422,2.861815,0,89.086772,0,14.845899,0,60.748101,33.765195,60.763774,50.00033,33.757652,50,27,0,0,0,0,0,0,0,0
749,60.644361,0,1.897046,0,37.936725,24.976016,0.799345,2.839784,0,89.369534,0,14.830457,0,60.9461,33.556812,60.521237,49.933292,33.622909,50,27,0,0,0,0,0,0,0,0
750,60.814916,0,1.895344,0,38.040677,24.934014,0.801532,2.840431,0,89.806668,0,14.837118,0,60.791956,33.861418,61.036174,50.075951,33.908986,50,27,0,0,0,0,0,0,0,0
751,60.520254,0,1.905972,0,38.167194,24.934038,0.796035,2.85668,0,89.226732,0,14.844865,0,60.702177,33.813055,60.829116,50.018343,33.793953,50,27,0,0,0,0,0,0,0,0
752,60.705229,0,1.910393,0,37.892639,25.048947,0.797163,2.841586,0,89.286352,0,14.835148,0,61.00949,33.510315,60.489903,49.924495,33.605502,50,27,0,0,0,0,0,0,0,0
753,60.708305,0,1.891184,0,38.058923,24.999791,0.802937,2.846697,0,89.061834,0,14.833611,0,60.834169,33.523015,60.373846,49.892793,33.541026,50,27,0,0,0,0,0,0,0,0
754,60.738402,0,1.897401,0,38.058628,24.839933,0.798091,2.857735,0,89.190755,0,14.891683,0,60.584333,33.869061,60.88272,50.033977,33.823734,50,27,0,0,0,0,0,0,0,0
755,60.956233,0,1.90788,0,37.990601,25.028048,0.803981,2.842626,0,88.898376,0,14.775661,0,60.648215,33.916743,61.028532,50.07411,33.90474,50,27,0,0,0,0,0,0,0,0
756,60.494785,0,1.901062,0,38.069036,24.94634,0.797816,2.848159,0,88.796763,0,14.832663,0,60.482818,33.802134,60.597611,49.954636,33.66534,50,27,0,0,0,0,0,0,0,0
757,61.03066,0,1.904033,0,38.049627,24.966828,0.803887,2.860215,0,89.121993,0,14.929382,0,60.679597,33.611193,60.38445,49.895945,33.546917,50,27,0,0,0,0,0,0,0,0
758,60.695259,0,1.901156,0,37.728506,24.973111,0.798747,2.867353,0,88.823572,0,14.909913,0,60.910571,33.712461,60.847484,50.024443,33.804158,50,27,0,0,0,0,0,0,0,0
759,60.832587,0,1.902885,0,37.842617,24.928776,0.800895,2.848216,0,89.182671,0,14.803586,0,61.104768,33.705069,61.030031,50.074777,33.905573,50,27,0,0,0,0,0,0,0,0
760,60.542172,0,1.897598,0,37.882135,24.869287,0.796559,2.847997,0,89.84491,0,14.892163,0,60.897615,33.595802,60.597064,49.954735,33.665036,50,27,0,0,0,0,0,0,0,0
761,60.633881,0,1.903697,0,37.900036,25.019163,0.800507,2.861771,0,88.847455,0,14.837292,0,60.621682,33.837386,60.849506,50.024734,33.805281,50,27,0,0,0,0,0,0,0,0
762,61.175226,0,1.897496,0,37.658,24.928953,0.794019,2.85694,0,89.147508,0,14.827656,0,60.979799,33.758346,61.026659,50.073575,33.9037,50,27,0,0,0,0,0,0,0,0
763,60.965481,0,1.895046,0,38.156196,24.960336,0.80143,2.850219,0,89.448944,0,14.862613,0,60.532261,33.782626,60.627407,49.962857,33.681893,50,27,0,0,0,0,0,0,0,0
764,60.789644,0,1.897941,0,37.8182,25.053902,0.799045,2.853401,0,89.42826,0,14.860547,0,60.609995,33.867159,60.877507,50.032169,33.820837,50,27,0,0,0,0,0,0,0,0
765,60.759025,0,1.90847,0,38.140588,25.117365,0.802179,2.859485,0,88.845986,0,14.852775,0,60.751723,33.764694,60.786378,50.006821,33.77021,50,27,0,0,0,0,0,0,0,0
766,60.727195,0,1.892782,0,38.056737,24.826457,0.801586,2.865621,0,89.052597,0,14.828057,0,60.692597,33.84217,60.888512,50.035017,33.826951,50,27,0,0,0,0,0,0,0,0
767,60.579322,0,1.8934,0,37.991304,24.998455,0.800763,2.841846,0,89.44935,0,14.832235,0,60.737133,33.744624,60.715043,49.986896,33.73058,50,27,0,0,0,0,0,0,0,0
768,60.878479,0,1.900787,0,37.938362,25.202025,0.797966,2.853388,0,89.471241,0,14.819382,0,60.639883,33.818379,60.774751,50.003464,33.76375,50,27,0,0,0,0,0,0,0,0
769,60.737785,0,1.891503,0,37.89642,24.999591,0.801432,2.862384,0,88.83624,0,14.842863,0,60.730951,33.750789,60.714817,49.986882,33.730454,50,27,0,0,0,0,0,0,0,0
770,60.818153,0,1.90195,0,38.112825,25.068553,0.797813,2.84424,0,89.288729,0,14.865782,0,60.653066,33.857858,60.86379,50.028122,33.813216,50,27,0,0,0,0,0,0,0,0
771,60.964098,0,1.9084,0,37.832069,25.085886,0.79948,2.83682,0,88.96119,0,14.802083,0,60.941356,33.569401,60.530445,49.935847,33.628025,50,27,0,0,0,0,0,0,0,0
772,60.950797,0,1.900775,0,37.964379,25.038261,0.797176,2.846209,0,89.693197,0,14.832901,0,60.864925,33.697017,60.748885,49.996543,33.749381,50,27,0,0,0,0,0,0,0,0
773,60.781976,0,1.90004,0,38.204127,25.034465,0.799531,2.858294,0,89.014959,0,14.868172,0,60.684952,33.787385,60.766785,50.001507,33.759325,50,27,0,0,0,0,0,0,0,0
774,60.941621,0,1.903111,0,37.930438,24.988165,0.7994,2.856536,0,89.637063,0,14.958341,0,60.734354,33.608272,60.433256,49.909313,33.574031,50,27,0,0,0,0,0,0,0,0
775,60.91921,0,1.892496,0,38.016352,25.028938,0.801788,2.845846,0,88.889874,0,14.860681,0,60.938335,33.745464,60.945444,50.051331,33.85858,50,27,0,0,0,0,0,0,0,0
776,60.730268,0,1.900382,0,37.888487,24.95545,0.799569,2.847502,0,88.740656,0,14.822514,0,60.701114,33.818537,60.861917,50.027989,33.812176,50,27,0,0,0,0,0,0,0,0
777,60.794755,0,1.893209,0,37.897724,25.113244,0.797599,2.855638,0,88.986673,0,14.803266,0,60.443638,33.875842,60.71527,49.987318,33.730706,50,27,0,0,0,0,0,0,0,0
778,61.04698,0,1.891029,0,38.136372,25.010411,0.798145,2.856394,0,89.139913,0,14.908087,0,60.738159,33.859781,60.958935,50.054729,33.866075,50,27,0,0,0,0,0,0,0,0
779,60.7995,0,1.903762,0,37.996687,24.876415,0.801467,2.849238,0,89.660461,0,14.870034,0,60.84551,33.644392,60.598152,49.954737,33.66564,50,27,0,0,0,0,0,0,0,0
780,60.84584,0,1.907131,0,38.085657,24.997966,0.796818,2.848576,0,89.09011,0,14.838909,0,60.666761,33.799041,60.761074,49.999994,33.756152,50,27,0,0,0,0,0,0,0,0
781,60.522941,0,1.90269,0,38.067155,24.890859,0.798424,2.846554,0,89.315811,0,14.828891,0,60.871647,33.753675,60.864373,50.028545,33.81354,50,27,0,0,0,0,0,0,0,0
782,60.644431,0,1.894742,0,37.976477,24.900234,0.797874,2.854142,0,88.819592,0,14.79303,0,60.495991,33.946503,60.895918,50.037122,33.831065,50,27,0,0,0,0,0,0,0,0
783,60.825721,0,1.896438,0,37.930151,24.875058,0.80144,2.852411,0,89.445403,0,14.996181,0,60.989659,33.404356,60.220999,49.850393,33.456111,50,27,0,0,0,0,0,0,0,0
784,60.827691,0,1.903186,0,38.064865,24.927995,0.797077,2.842275,0,89.444931,0,14.919881,0,60.576082,33.738089,60.559431,49.944678,33.644129,50,27,0,0,0,0,0,0,0,0
785,60.983315,0,1.904818,0,37.870967,25.108304,0.79608,2.835576,0,89.271497,0,14.829318,0,60.92354,33.553738,60.519065,49.933796,33.621703,50,27,0,0,0,0,0,0,0,0
786,61.256327,0,1.906477,0,37.965651,25.017709,0.803832,2.845445,0,89.086459,0,14.817293,0,60.565902,33.815029,60.737866,49.994601,33.743259,50,27,0,0,0,0,0,0,0,0
787,60.901955,0,1.890969,0,37.911891,24.961985,0.799545,2.850453,0,88.693031,0,14.777784,0,60.758443,33.547396,60.35512,49.888839,33.530622,50,27,0,0,0,0,0,0,0,0
788,60.736373,0,1.897899,0,38.180871,25.069979,0.803408,2.837489,0,89.146525,0,14.900759,0,60.569056,33.634251,60.374152,49.894652,33.541195,50,27,0,0,0,0,0,0,0,0
789,60.815097,0,1.901532,0,37.84262,25.070055,0.799937,2.855609,0,88.791666,0,14.772234,0,60.423582,33.955272,60.918013,50.045497,33.843341,50,27,0,0,0,0,0,0,0,0
790,60.843692,0,1.894816,0,38.086393,25.0272,0.798674,2.838214,0,88.957012,0,14.85622,0,60.564926,33.856897,60.820945,50.018442,33.789414,50,27,0,0,0,0,0,0,0,0
791,61.080113,0,1.898872,0,38.026671,25.115931,0.800014,2.842828,0,89.082851,0,14.878971,0,60.565189,33.744291,60.56768,49.948348,33.648711,50,27,0,0,0,0,0,0,0,0
792,60.772234,0,1.900315,0,37.993127,25.043195,0.797836,2.844025,0,88.91182,0,14.890844,0,60.603788,33.918829,60.974289,50.060991,33.874605,50,27,0,0,0,0,0,0,0,0
793,60.8503,0,1.904694,0,38.020975,24.998259,0.798848,2.853044,0,89.17186,0,14.8117,0,60.85212,33.670413,60.675461,49.978092,33.708589,50,27,0,0,0,0,0,0,0,0
794,60.489102,0,1.901601,0,37.929311,25.022957,0.798385,2.852768,0,89.473693,0,14.85482,0,61.129446,33.510125,60.625721,49.964453,33.680956,50,27,0,0,0,0,0,0,0,0
795,60.679336,0,1.9001,0,37.940055,24.829491,0.79971,2.851879,0,88.765403,0,14.865336,0,60.774546,33.543018,60.371687,49.894416,33.539826,50,27,0,0,0,0,0,0,0,0
796,60.756139,0,1.907696,0,37.971337,24.966073,0.804241,2.843179,0,89.133135,0,14.826467,0,60.729622,33.715194,60.715127,49.989867,33.730626,50,27,0,0,0,0,0,0,0,0
797,60.718955,0,1.902969,0,38.051176,24.942778,0.801493,2.852051,0,89.034561,0,14.806037,0,60.547674,33.667213,60.432875,49.911904,33.573819,50,27,0,0,0,0,0,0,0,0
798,60.644358,0,1.902318,0,38.212707,25.021744,0.80494,2.849248,0,88.859054,0,14.800152,0,60.362315,33.783939,60.500908,49.931147,33.611616,50,27,0,0,0,0,0,0,0,0
799,60.765727,0,1.899522,0,37.892946,24.918149,0.795458,2.848362,0,89.24951,0,14.89113,0,60.460596,33.879819,60.792775,50.01216,33.773764,50,27,0,0,0,0,0,0,0,0
800,60.573006,0,1.896591,0,38.015859,24.95812,0.801953,2.858744,0,88.702069,0,14.854412,0,60.67594,33.740328,60.69312,49.984555,33.7184,50,27,0,0,0,0,0,0,0,0
801,60.532664,0,1.904632,0,37.820245,24.994259,0.797118,2.840832,0,89.393399,0,14.737041,0,60.619718,33.598818,60.337326,49.886292,33.520737,50,27,0,0,0,0,0,0,0,0
802,60.742613,0,1.899596,0,37.781517,25.022955,0.799695,2.849711,0,88.782307,0,14.799001,0,60.987032,33.701084,60.938007,50.052883,33.854448,50,27,0,0,0,0,0,0,0,0
803,60.562329,0,1.901784,0,38.165289,25.130607,0.796469,2.855523,0,89.187574,0,14.823921,0,60.706046,33.752509,60.76856,50.005786,33.760311,50,27,0,0,0,0,0,0,0,0
804,60.715602,0,1.896258,0,38.103985,24.910997,0.802808,2.850778,0,89.168673,0,14.794418,0,60.921773,33.631046,60.724168,49.993487,33.735649,50,27,0,0,0,0,0,0,0,0
805,60.806426,0,1.890304,0,37.894207,25.045159,0.802837,2.844096,0,89.546657,0,14.873813,0,60.799168,33.800841,60.972073,50.06204,33.873374,50,27,0,0,0,0,0,0,0,0
806,60.766679,0,1.902481,0,37.839148,24.918507,0.801031,2.829884,0,88.498642,0,14.893399,0,60.589881,33.809167,60.769543,50.005752,33.760857,50,27,0,0,0,0,0,0,0,0
807,60.763564,0,1.899568,0,38.160114,24.938438,0.805217,2.835533,0,89.018746,0,14.822232,0,60.612409,33.851342,60.869806,50.033436,33.816559,50,27,0,0,0,0,0,0,0,0
808,60.737015,0,1.900855,0,37.963925,25.002643,0.799659,2.860118,0,89.194996,0,14.938507,0,60.499253,34.005302,61.065321,50.087309,33.925178,50,27,0,0,0,0,0,0,0,0
809,60.863258,0,1.895791,0,37.98805,25.074518,0.803587,2.859949,0,89.341127,0,14.878834,0,60.687126,33.571734,60.303257,49.876244,33.50181,50,27,0,0,0,0,0,0,0,0
810,60.611738,0,1.894886,0,38.132198,24.935923,0.796953,2.84737,0,89.646229,0,14.859967,0,60.956838,33.728596,60.927842,50.049492,33.848801,50,27,0,0,0,0,0,0,0,0
811,61.106262,0,1.901311,0,38.084859,25.067793,0.799386,2.841819,0,89.378438,0,14.899507,0,61.198579,33.554734,60.804656,50.015198,33.780364,50,27,0,0,0,0,0,0,0,0
812,60.878517,0,1.893485,0,37.739874,24.930463,0.799438,2.833043,0,89.257728,0,14.904128,0,60.818816,33.700227,60.756411,50.001787,33.753562,50,27,0,0,0,0,0,0,0,0
813,60.795991,0,1.898169,0,37.858515,25.219251,0.794843,2.855563,0,89.638505,0,14.861873,0,60.626924,33.753517,60.680828,49.980888,33.711571,50,27,0,0,0,0,0,0,0,0
814,60.450828,0,1.900492,0,38.022058,24.947424,0.79772,2.854371,0,89.315505,0,14.841822,0,60.45431,33.905037,60.824458,50.020682,33.791366,50,27,0,0,0,0,0,0,0,0
815,61.072495,0,1.898362,0,38.278485,24.949961,0.79876,2.844489,0,89.110829,0,14.794498,0,60.670132,33.624132,60.424612,49.910063,33.569229,50,27,0,0,0,0,0,0,0,0
816,60.624691,0,1.904508,0,38.059494,24.898557,0.795088,2.8523,0,89.000705,0,14.856464,0,60.629415,33.770452,60.707883,49.988805,33.726602,50,27,0,0,0,0,0,0,0,0
817,60.238418,0,1.90535,0,37.909826,25.012507,0.802447,2.860725,0,89.057857,0,14.841258,0,60.439496,33.963701,60.920696,50.047682,33.844831,50,27,0,0,0,0,0,0,0,0
818,60.902552,0,1.907035,0,38.201712,24.969754,0.802119,2.84869,0,88.495016,0,14.935731,0,60.557685,33.907164,60.889551,50.038836,33.827528,50,27,0,0,0,0,0,0,0,0
819,60.79018,0,1.9009,0,37.897335,25.092244,0.798094,2.862302,0,89.413123,0,14.869987,0,60.962289,33.67532,60.784368,50.00957,33.769093,50,27,0,0,0,0,0,0,0,0
820,61.159233,0,1.891774,0,37.97574,25.04151,0.802222,2.851758,0,88.94591,0,14.880612,0,60.746661,33.824451,60.894433,50.039944,33.83024,50,27,0,0,0,0,0,0,0,0
821,60.799805,0,1.895821,0,38.015297,25.100943,0.797735,2.844784,0,88.994266,0,14.912433,0,60.876192,33.757058,60.872571,50.033703,33.818095,50,27,0,0,0,0,0,0,0,0
822,60.596163,0,1.901517,0,37.850639,25.006141,0.797789,2.853703,0,89.054144,0,14.864251,0,61.107098,33.687415,60.956801,50.056816,33.864889,50,27,0,0,0,0,0,0,0,0
823,60.479252,0,1.895954,0,38.118,25.040144,0.799736,2.841982,0,89.083231,0,14.879403,0,60.76825,33.869307,61.011024,50.071521,33.895013,50,27,0,0,0,0,0,0,0,0
824,60.800982,0,1.89769,0,37.935102,25.17197,0.799724,2.859809,0,88.90995,0,14.946901,0,60.728864,33.649076,60.491916,49.927686,33.60662,50,27,0,0,0,0,0,0,0,0
825,61.058037,0,1.903208,0,37.950759,25.043287,0.801293,2.854169,0,89.747738,0,14.888871,0,60.926677,33.74213,60.900823,50.041065,33.833791,50,27,0,0,0,0,0,0,0,0
826,60.82435,0,1.899677,0,38.050797,25.015149,0.798975,2.859918,0,89.464383,0,14.838656,0,60.767804,33.866109,61.005085,50.069679,33.891714,50,27,0,0,0,0,0,0,0,0
827,60.76526,0,1.897118,0,38.026064,24.981979,0.797427,2.862875,0,88.992993,0,14.835075,0,60.574224,33.859423,60.78257,50.00783,33.768095,50,27,0,0,0,0,0,0,0,0
828,60.882532,0,1.904863,0,38.152288,25.140357,0.803229,2.857395,0,89.140399,0,14.870123,0,60.811895,33.697382,60.665414,49.97541,33.703008,50,27,0,0,0,0,0,0,0,0
829,60.804246,0,1.892415,0,37.828528,25.128306,0.801545,2.851698,0,89.54749,0,14.837834,0,61.03005,33.618833,60.727036,49.992564,33.737242,50,27,0,0,0,0,0,0,0,0
830,60.779496,0,1.90048,0,37.936348,25.095256,0.800997,2.839157,0,88.947303,0,14.902687,0,60.524859,33.806182,60.635972,49.967431,33.686651,50,27,0,0,0,0,0,0,0,0
831,60.873085,0,1.899469,0,38.09863,24.950869,0.800585,2.849865,0,89.20877,0,14.886116,0,60.677113,33.636815,60.424024,49.909012,33.568902,50,27,0,0,0,0,0,0,0,0
832,60.399851,0,1.907652,0,37.925071,25.03955,0.800896,2.859517,0,89.171242,0,14.82727,0,61.01631,33.685488,60.881708,50.035966,33.823171,50,27,0,0,0,0,0,0,0,0
833,60.719511,0,1.896201,0,37.987326,24.877549,0.802527,2.862611,0,88.981198,0,14.930933,0,60.596487,33.771305,60.651318,49.972108,33.695176,50,27,0,0,0,0,0,0,0,0
834,60.678248,0,1.900981,0,38.061685,24.985177,0.802792,2.857133,0,88.96396,0,14.862395,0,60.641967,33.726481,60.598821,49.957737,33.666012,50,27,0,0,0,0,0,0,0,0
835,60.559856,0,1.902973,0,37.999823,24.903043,0.801142,2.844301,0,89.191663,0,14.872139,0,60.949269,33.562033,60.561936,49.947753,33.64552,50,27,0,0,0,0,0,0,0,0
836,60.850493,0,1.899652,0,38.093327,24.942406,0.801058,2.841434,0,89.626366,0,14.858002,0,60.701485,33.788737,60.816565,50.018391,33.786981,50,27,0,0,0,0,0,0,0,0
837,60.895376,0,1.901293,0,38.025949,25.044951,0.796712,2.847477,0,88.935641,0,14.833876,0,60.242681,34.003806,60.80423,50.01489,33.780128,50,27,0,0,0,0,0,0,0,0
838,60.959109,0,1.904573,0,37.988909,24.901564,0.798603,2.846731,0,89.659007,0,14.81928,0,60.603998,33.766107,60.629054,49.966398,33.682808,50,27,0,0,0,0,0,0,0,0
839,60.518382,0,1.904227,0,37.996206,24.956751,0.799369,2.848834,0,88.952138,0,14.774132,0,61.050828,33.677419,60.88724,50.037927,33.826245,50,27,0,0,0,0,0,0,0,0
840,60.657554,0,1.891984,0,37.915551,24.996937,0.799964,2.858975,0,88.981355,0,14.794478,0,60.544922,33.825177,60.703236,49.98688,33.72402,50,27,0,0,0,0,0,0,0,0
841,60.81505,0,1.898974,0,38.076731,24.98889,0.800749,2.85588,0,89.305978,0,14.896579,0,60.599873,33.889555,60.88409,50.036933,33.824494,50,27,0,0,0,0,0,0,0,0
842,60.821187,0,1.910408,0,38.01311,24.869411,0.800689,2.850117,0,89.02951,0,14.8903,0,61.276144,33.62985,60.994783,50.067344,33.88599,50,27,0,0,0,0,0,0,0,0
843,60.943918,0,1.89274,0,37.96016,25.039229,0.800312,2.845499,0,89.221203,0,14.81581,0,60.819315,33.699448,60.702346,49.986181,33.723525,50,27,0,0,0,0,0,0,0,0
844,60.710866,0,1.897496,0,38.183992,24.957777,0.800639,2.866329,0,88.777497,0,14.860142,0,60.549914,33.850478,60.758835,50.001863,33.754908,50,27,0,0,0,0,0,0,0,0
845,60.721694,0,1.898864,0,38.081671,24.918664,0.801084,2.843771,0,89.250304,0,14.842394,0,61.014582,33.722942,60.941423,50.05232,33.856346,50,27,0,0,0,0,0,0,0,0
846,60.787778,0,1.89238,0,37.98303,25.050682,0.801282,2.850552,0,89.474463,0,14.838519,0,61.0983,33.658697,60.894197,50.039007,33.83011,50,27,0,0,0,0,0,0,0,0
847,60.907942,0,1.904563,0,38.262374,25.034743,0.797904,2.854428,0,89.354199,0,14.871905,0,61.211808,33.458817,60.598841,49.957178,33.666023,50,27,0,0,0,0,0,0,0,0
848,60.918977,0,1.910999,0,38.177468,24.97287,0.802464,2.84403,0,89.3243,0,14.819536,0,61.091613,33.522542,60.651376,49.971911,33.695209,50,27,0,0,0,0,0,0,0,0
849,60.911586,0,1.902768,0,37.879608,25.024789,0.798278,2.85251,0,88.70684,0,14.844491,0,60.855808,33.571339,60.546016,49.94293,33.636675,50,27,0,0,0,0,0,0,0,0
850,60.753205,0,1.893072,0,37.987662,25.021043,0.797114,2.863821,0,88.760888,0,14.722778,0,60.721137,33.672424,60.643933,49.970278,33.691074,50,27,0,0,0,0,0,0,0,0
851,60.495813,0,1.894403,0,37.997716,24.981291,0.798477,2.855133,0,88.546377,0,14.8492,0,60.669732,33.813413,60.894752,50.039751,33.830418,50,27,0,0,0,0,0,0,0,0
852,60.63206,0,1.903121,0,37.740987,25.004819,0.802287,2.852868,0,89.110335,0,14.776143,0,60.44796,33.764756,60.556281,49.946001,33.642379,50,27,0,0,0,0,0,0,0,0
853,60.826513,0,1.893016,0,38.017206,24.977636,0.79386,2.841547,0,89.303428,0,14.812852,0,60.597562,33.778857,60.728858,49.993969,33.738254,50,27,0,0,0,0,0,0,0,0
854,60.824337,0,1.896671,0,38.342,25.066136,0.801119,2.852502,0,88.602358,0,14.822682,0,60.853934,33.68699,60.783241,50.00903,33.768467,50,27,0,0,0,0,0,0,0,0
855,60.864204,0,1.895971,0,37.911544,24.965573,0.800001,2.851323,0,89.319664,0,14.906034,0,60.521212,33.712512,60.508773,49.933124,33.615985,50,27,0,0,0,0,0,0,0,0
856,60.679071,0,1.892938,0,38.067281,24.910745,0.801881,2.856128,0,89.285696,0,14.791386,0,60.547564,33.771268,60.659842,49.975211,33.699912,50,27,0,0,0,0,0,0,0,0
857,60.967676,0,1.894839,0,38.008861,25.046086,0.798471,2.848448,0,89.259825,0,14.764456,0,60.766285,33.746582,60.819472,50.019456,33.788595,50,27,0,0,0,0,0,0,0,0
858,60.515478,0,1.904149,0,37.975084,24.895971,0.801161,2.854494,0,89.081971,0,14.780727,0,60.732257,33.655693,60.590401,49.956045,33.661334,50,27,0,0,0,0,0,0,0,0
859,60.462148,0,1.902381,0,37.881033,24.965079,0.80278,2.853443,0,89.379213,0,14.802181,0,60.430182,33.915815,60.845888,50.026879,33.803271,50,27,0,0,0,0,0,0,0,0
860,60.345115,0,1.902502,0,37.982514,24.962867,0.798773,2.848268,0,89.153519,0,14.81578,0,60.396237,33.941037,60.839163,50.024886,33.799535,50,27,0,0,0,0,0,0,0,0
861,60.957295,0,1.901422,0,37.988471,25.083711,0.798822,2.865693,0,88.641611,0,14.771874,0,60.86606,33.621409,60.607089,49.960618,33.670605,50,27,0,0,0,0,0,0,0,0
862,60.681566,0,1.895334,0,37.925319,24.983046,0.799416,2.843708,0,88.857877,0,14.834066,0,60.597632,33.814698,60.762565,50.003787,33.75698,50,27,0,0,0,0,0,0,0,0
863,60.797884,0,1.896057,0,37.8581,24.953447,0.797442,2.846524,0,88.790591,0,14.888586,0,60.953934,33.659102,60.780349,50.008684,33.76686,50,27,0,0,0,0,0,0,0,0
864,60.576828,0,1.890514,0,37.864922,25.111608,0.803601,2.839586,0,89.261778,0,14.873986,0,60.633684,33.823294,60.817289,50.018851,33.787383,50,27,0,0,0,0,0,0,0,0
865,61.042674,0,1.907224,0,38.06876,24.90253,0.801586,2.84345,0,89.337803,0,14.859766,0,60.914038,33.62334,60.66439,49.976496,33.702439,50,27,0,0,0,0,0,0,0,0
866,60.8319,0,1.900763,0,38.211288,25.086438,0.802223,2.847249,0,88.914826,0,14.90944,0,60.558864,33.816082,60.731386,49.99513,33.739659,50,27,0,0,0,0,0,0,0,0
867,60.852147,0,1.893343,0,38.004597,25.114781,0.801867,2.850962,0,88.87059,0,14.875344,0,60.65484,33.802574,60.788085,50.010826,33.771158,50,27,0,0,0,0,0,0,0,0
868,60.864057,0,1.904823,0,37.985953,24.850893,0.797595,2.837098,0,89.025243,0,14.882868,0,60.963896,33.72447,60.924063,50.048356,33.846702,50,27,0,0,0,0,0,0,0,0
869,60.50005,0,1.896696,0,38.005297,24.938241,0.801978,2.860978,0,88.888255,0,14.895652,0,60.734816,33.660016,60.561513,49.947908,33.645285,50,27,0,0,0,0,0,0,0,0
870,60.919833,0,1.900309,0,38.031378,24.947019,0.800341,2.838731,0,89.096356,0,14.845038,0,60.765972,33.729195,60.749426,50.000106,33.749681,50,27,0,0,0,0,0,0,0,0
871,61.160181,0,1.900687,0,38.019902,25.04155,0.798334,2.839711,0,89.121652,0,14.884895,0,60.904208,33.723803,60.877322,50.035455,33.820734,50,27,0,0,0,0,0,0,0,0
872,60.791909,0,1.896941,0,37.739209,24.898071,0.79974,2.866383,0,88.946559,0,14.88023,0,60.57095,33.824051,60.757205,50.002079,33.754003,50,27,0,0,0,0,0,0,0,0
873,60.633563,0,1.893614,0,38.015488,25.174642,0.801719,2.854697,0,89.037429,0,14.820482,0,60.836826,33.676624,60.700462,49.986385,33.722479,50,27,0,0,0,0,0,0,0,0
874,60.501174,0,1.899688,0,37.862688,24.939029,0.802164,2.844768,0,89.363838,0,14.809632,0,60.779397,33.679013,60.656594,49.974328,33.698108,50,27,0,0,0,0,0,0,0,0
875,60.704004,0,1.900957,0,38.098824,24.918498,0.795141,2.854035,0,89.235589,0,14.835868,0,60.811934,33.694029,60.728482,49.994325,33.738046,50,27,0,0,0,0,0,0,0,0
876,60.7706,0,1.8929,0,38.05912,25.032074,0.80391,2.854333,0,89.044679,0,14.778583,0,60.630304,33.713546,60.593236,49.956972,33.662909,50,27,0,0,0,0,0,0,0,0
877,60.81427,0,1.900382,0,38.189642,25.039807,0.803381,2.846113,0,88.823449,0,14.859195,0,60.616191,33.791615,60.746116,49.999441,33.747842,50,27,0,0,0,0,0,0,0,0
878,60.65303,0,1.893414,0,37.923525,25.004146,0.803349,2.84627,0,89.402178,0,14.813335,0,60.746492,33.766271,60.814837,50.018438,33.78602,50,27,0,0,0,0,0,0,0,0
879,60.912862,0,1.891389,0,38.143175,25.126522,0.800905,2.845131,0,88.816694,0,14.857485,0,60.551483,33.789665,60.664902,49.976905,33.702724,50,27,0,0,0,0,0,0,0,0
880,60.609645,0,1.898449,0,38.013581,25.059951,0.798262,2.859065,0,89.29398,0,14.890296,0,60.566978,33.790016,60.67405,49.979548,33.707805,50,27,0,0,0,0,0,0,0,0
881,60.944402,0,1.890148,0,38.147484,24.95215,0.797489,2.848457,0,89.132909,0,14.868894,0,60.845283,33.727563,60.813926,50.018311,33.785515,50,27,0,0,0,0,0,0,0,0
882,60.734186,0,1.901866,0,38.169601,25.004944,0.80336,2.840269,0,88.869089,0,14.92275,0,60.868971,33.608994,60.589468,49.956181,33.660815,50,27,0,0,0,0,0,0,0,0
883,60.737212,0,1.899497,0,38.117682,25.046481,0.798863,2.843152,0,89.170474,0,14.82257,0,60.827264,33.662686,60.678486,49.981003,33.71027,50,27,0,0,0,0,0,0,0,0
884,61.185958,0,1.902806,0,37.998837,24.94511,0.80125,2.848438,0,89.073401,0,14.860319,0,60.64869,33.729915,60.651023,49.973507,33.695013,50,27,0,0,0,0,0,0,0,0
885,60.65443,0,1.896747,0,38.180862,24.793097,0.801123,2.859526,0,89.45347,0,14.914256,0,60.731078,33.692497,60.654335,49.974554,33.696853,50,27,0,0,0,0,0,0,0,0
886,60.816159,0,1.896046,0,38.049443,24.978054,0.80023,2.844053,0,88.970391,0,14.86584,0,60.894711,33.542608,60.506592,49.933845,33.614774,50,27,0,0,0,0,0,0,0,0
887,60.383257,0,1.89507,0,38.228008,25.058717,0.798831,2.844771,0,89.326788,0,14.784075,0,60.732494,33.701596,60.703997,49.988736,33.724443,50,27,0,0,0,0,0,0,0,0
888,61.082053,0,1.900966,0,38.042335,25.015569,0.79715,2.856082,0,88.883047,0,14.863601,0,60.659087,33.734221,60.70119,49.988017,33.722883,50,27,0,0,0,0,0,0,0,0
889,60.822646,0,1.895864,0,38.143365,25.002043,0.801043,2.843464,0,89.351815,0,14.934333,0,60.577522,33.934555,61.039573,50.081604,33.910874,50,27,0,0,0,0,0,0,0,0
890,60.89059,0,1.896943,0,38.109654,25.108656,0.79832,2.842961,0,89.036517,0,14.91821,0,60.893926,33.500867,60.412289,49.907819,33.562383,50,27,0,0,0,0,0,0,0,0
891,60.808317,0,1.903929,0,37.95931,24.967262,0.797822,2.868259,0,88.773984,0,14.920353,0,61.026189,33.499897,60.572609,49.952589,33.651449,50,27,0,0,0,0,0,0,0,0
892,60.983567,0,1.903393,0,38.17525,25.050405,0.797385,2.842726,0,89.090481,0,14.901649,0,60.655868,33.770114,60.800626,50.015848,33.778126,50,27,0,0,0,0,0,0,0,0
893,60.861342,0,1.908603,0,37.930368,25.034857,0.798289,2.842712,0,89.060173,0,14.738346,0,60.508221,33.708285,60.513509,49.936412,33.618616,50,27,0,0,0,0,0,0,0,0
894,60.998798,0,1.903754,0,38.040985,24.934301,0.800472,2.826204,0,89.443837,0,14.845571,0,60.717803,33.831256,60.982153,50.066259,33.878974,50,27,0,0,0,0,0,0,0,0
895,60.826673,0,1.900558,0,38.071294,24.987787,0.797119,2.853501,0,88.712321,0,14.895876,0,60.714366,33.593194,60.460033,49.921618,33.588907,50,27,0,0,0,0,0,0,0,0
896,60.807518,0,1.89615,0,38.026064,24.990338,0.797737,2.85207,0,89.151502,0,14.872144,0,60.731211,33.715014,60.749738,50.002081,33.749855,50,27,0,0,0,0,0,0,0,0
897,60.467972,0,1.899934,0,38.059145,24.969904,0.797399,2.855616,0,89.355346,0,14.864283,0,60.751123,33.691496,60.718884,49.993543,33.732713,50,27,0,0,0,0,0,0,0,0
898,60.793801,0,1.889389,0,38.020358,24.96466,0.801639,2.842577,0,89.053055,0,14.849119,0,60.761252,33.672557,60.691078,49.985889,33.717265,50,27,0,0,0,0,0,0,0,0
899,60.737604,0,1.897251,0,38.089515,24.984845,0.800888,2.84928,0,89.165227,0,14.799218,0,60.464516,33.865475,60.805664,50.017631,33.780924,50,27,0,0,0,0,0,0,0,0
900,60.59642,0,1.901838,0,38.069202,24.960901,0.797442,2.843277,0,88.967251,0,14.843235,0,60.628014,33.728947,60.659851,49.977241,33.699917,50,27,0,0,0,0,0,0,0,0
901,60.761149,0,1.896133,0,37.911248,25.073546,0.796129,2.855954,0,89.194546,0,14.870919,0,60.952083,33.716788,60.956283,50.059287,33.864602,50,27,0,0,0,0,0,0,0,0
902,60.843952,0,1.911627,0,37.924785,25.047855,0.797406,2.84536,0,88.912431,0,14.904276,0,60.560498,33.620418,60.361156,49.894501,33.533976,50,27,0,0,0,0,0,0,0,0
903,60.543338,0,1.898513,0,38.08714,25.007184,0.799594,2.842235,0,88.96696,0,14.917823,0,60.889291,33.758437,60.99354,50.069814,33.8853,50,27,0,0,0,0,0,0,0,0
904,61.082746,0,1.897123,0,37.949768,24.916104,0.800604,2.85878,0,88.474077,0,14.882261,0,60.811549,33.652738,60.686324,49.984554,33.714624,50,27,0,0,0,0,0,0,0,0
905,60.647087,0,1.895685,0,38.035307,25.113769,0.802469,2.850259,0,89.221489,0,14.902105,0,60.673665,33.830987,60.93226,50.052606,33.851255,50,27,0,0,0,0,0,0,0,0
906,60.901464,0,1.900026,0,38.058869,24.882937,0.800091,2.86524,0,89.272188,0,14.828656,0,60.540663,33.873844,60.873499,50.036103,33.81861,50,27,0,0,0,0,0,0,0,0
907,60.757421,0,1.891378,0,37.944757,24.98142,0.798834,2.841309,0,89.377365,0,14.884152,0,60.608609,33.809659,60.785253,50.011533,33.769585,50,27,0,0,0,0,0,0,0,0
908,60.687069,0,1.902033,0,37.760251,25.025111,0.800649,2.846873,0,88.943235,0,14.918855,0,60.600617,33.726099,60.589961,49.957497,33.661089,50,27,0,0,0,0,0,0,0,0
909,60.406292,0,1.909679,0,37.888368,24.976333,0.799105,2.867221,0,89.252207,0,14.838816,0,60.904924,33.81786,61.088492,50.095501,33.938051,50,27,0,0,0,0,0,0,0,0
910,60.392735,0,1.909796,0,38.026011,24.997127,0.798826,2.865176,0,89.198783,0,14.787985,0,60.922814,33.515264,60.456619,49.920379,33.587011,50,27,0,0,0,0,0,0,0,0
911,60.735301,0,1.8829,0,37.668696,24.969249,0.797431,2.842405,0,89.552485,0,14.843796,0,60.786397,33.847741,61.050658,50.084965,33.917032,50,27,0,0,0,0,0,0,0,0
912,60.715361,0,1.89992,0,37.876723,24.947672,0.798573,2.864453,0,88.891401,0,14.954606,0,60.825207,33.606339,60.563746,49.949962,33.646526,50,27,0,0,0,0,0,0,0,0
913,60.732942,0,1.897627,0,38.076946,25.041807,0.801886,2.85071,0,89.251705,0,14.877087,0,61.111118,33.511168,60.665245,49.978264,33.702914,50,27,0,0,0,0,0,0,0,0
914,60.888107,0,1.899886,0,37.934127,24.988746,0.801955,2.851779,0,89.53822,0,14.792446,0,60.49494,33.77976,60.643497,49.972361,33.690832,50,27,0,0,0,0,0,0,0,0
915,60.874321,0,1.90635,0,37.732984,24.881686,0.802896,2.859311,0,88.601064,0,14.798462,0,60.741989,33.63287,60.571414,49.952576,33.650786,50,27,0,0,0,0,0,0,0,0
916,60.771458,0,1.912437,0,38.120097,24.996654,0.798384,2.84932,0,88.85013,0,14.80054,0,60.43089,33.932323,60.902634,50.044359,33.834797,50,27,0,0,0,0,0,0,0,0
917,60.553762,0,1.913171,0,37.952829,24.896883,0.80063,2.870381,0,88.505404,0,14.855377,0,60.523632,33.713106,60.503483,49.933815,33.613046,50,27,0,0,0,0,0,0,0,0
918,60.456152,0,1.901486,0,37.997688,24.948791,0.801933,2.859489,0,88.811525,0,14.821902,0,60.741247,33.759351,60.819905,50.021602,33.788836,50,27,0,0,0,0,0,0,0,0
919,60.662415,0,1.899909,0,37.948754,25.069594,0.797555,2.837853,0,89.104289,0,14.879052,0,60.703619,33.883845,61.039966,50.082318,33.911092,50,27,0,0,0,0,0,0,0,0
920,60.81239,0,1.903826,0,37.917237,25.096232,0.800283,2.860977,0,89.409691,0,14.846264,0,60.857105,33.587887,60.548143,49.945971,33.637857,50,27,0,0,0,0,0,0,0,0
921,60.627779,0,1.90085,0,37.925218,25.092494,0.800655,2.850941,0,89.313156,0,14.913021,0,60.806715,33.672712,60.69599,49.987104,33.719994,50,27,0,0,0,0,0,0,0,0
922,60.699965,0,1.894539,0,38.14497,24.788289,0.796684,2.87565,0,89.017268,0,14.82958,0,60.571271,33.650992,60.421652,49.911342,33.567584,50,27,0,0,0,0,0,0,0,0
923,60.651114,0,1.899962,0,38.037309,25.009497,0.797904,2.851395,0,89.108302,0,14.871448,0,60.487134,33.96139,61.001611,50.072082,33.889784,50,27,0,0,0,0,0,0,0,0
924,60.628333,0,1.905068,0,38.050944,24.996992,0.79611,2.843657,0,89.2549,0,14.854698,0,60.833258,33.508822,60.360945,49.894646,33.533858,50,27,0,0,0,0,0,0,0,0
925,60.775466,0,1.891093,0,37.77723,25.004314,0.80278,2.844905,0,89.159275,0,14.844546,0,60.743343,33.602225,60.497571,49.932933,33.609762,50,27,0,0,0,0,0,0,0,0
926,60.782639,0,1.901521,0,37.947017,24.880502,0.801101,2.841331,0,89.089558,0,14.829687,0,61.15255,33.61133,60.941345,50.055924,33.856303,50,27,0,0,0,0,0,0,0,0
927,60.434615,0,1.898484,0,37.978199,25.15993,0.802967,2.848629,0,88.449521,0,14.889254,0,60.451676,33.916895,60.898222,50.043726,33.832346,50,27,0,0,0,0,0,0,0,0
928,60.687725,0,1.894013,0,38.096387,25.061501,0.796462,2.862412,0,89.350515,0,14.895215,0,60.814659,33.715787,60.809084,50.018871,33.782824,50,27,0,0,0,0,0,0,0,0
929,60.898222,0,1.899848,0,38.049498,25.019924,0.798067,2.853297,0,88.942478,0,14.841906,0,60.467037,33.789026,60.6163,49.965493,33.675722,50,27,0,0,0,0,0,0,0,0
930,60.77769,0,1.909682,0,38.140682,25.030538,0.799572,2.848291,0,89.176385,0,14.862155,0,60.248409,33.841351,60.498715,49.933165,33.610397,50,27,0,0,0,0,0,0,0,0
931,60.93884,0,1.905624,0,38.047219,25.016816,0.797306,2.86103,0,89.131418,0,14.832564,0,60.606592,33.750424,60.649456,49.975161,33.694142,50,27,0,0,0,0,0,0,0,0
932,61.048227,0,1.903871,0,37.969061,25.096759,0.800317,2.844595,0,88.814419,0,14.872153,0,60.800483,33.764049,60.869407,50.036078,33.816337,50,27,0,0,0,0,0,0,0,0
933,61.053093,0,1.903503,0,38.093561,25.052093,0.797459,2.848912,0,88.804724,0,14.80616,0,60.917513,33.540656,60.510909,49.936812,33.617172,50,27,0,0,0,0,0,0,0,0
934,60.902778,0,1.896715,0,38.12338,24.965941,0.805312,2.846935,0,88.9702,0,14.853343,0,60.911612,33.729317,60.928378,50.052513,33.849099,50,27,0,0,0,0,0,0,0,0
935,60.851471,0,1.898239,0,38.173769,25.086528,0.803195,2.857978,0,89.402748,0,14.864141,0,60.639441,33.793847,60.791277,50.014357,33.772932,50,27,0,0,0,0,0,0,0,0
936,60.749201,0,1.911635,0,38.010564,25.225,0.800659,2.849425,0,89.217885,0,14.749186,0,60.562092,33.942717,61.018462,50.077079,33.899145,50,27,0,0,0,0,0,0,0,0
937,60.473762,0,1.894509,0,37.823358,25.091378,0.801142,2.840445,0,89.052138,0,14.846273,0,60.830384,33.672311,60.687842,49.985313,33.715468,50,27,0,0,0,0,0,0,0,0
938,60.606339,0,1.903699,0,37.911884,25.063217,0.800839,2.845034,0,89.000767,0,14.840113,0,60.970555,33.639075,60.766816,50.007214,33.759342,50,27,0,0,0,0,0,0,0,0
939,60.636647,0,1.900504,0,38.020761,24.915805,0.798442,2.845719,0,89.72799,0,14.899151,0,60.929474,33.76434,61.0027,50.072376,33.890389,50,27,0,0,0,0,0,0,0,0
940,60.920862,0,1.888259,0,37.911004,25.032654,0.799424,2.857265,0,89.286323,0,14.916912,0,60.613336,33.789988,60.736086,49.998325,33.74227,50,27,0,0,0,0,0,0,0,0
941,60.264032,0,1.888546,0,38.137696,25.044164,0.799172,2.867043,0,89.592481,0,14.807243,0,61.069904,33.596775,60.777424,50.009759,33.765236,50,27,0,0,0,0,0,0,0,0
942,61.065423,0,1.893965,0,37.695376,25.030126,0.797212,2.851174,0,88.444722,0,14.838352,0,60.71682,33.754008,60.774283,50.008842,33.76349,50,27,0,0,0,0,0,0,0,0
943,60.698684,0,1.898322,0,38.047406,24.994353,0.803201,2.855453,0,88.943054,0,14.838066,0,60.556663,33.784412,60.674668,49.981265,33.708149,50,27,0,0,0,0,0,0,0,0
944,60.882239,0,1.895986,0,38.013324,24.998383,0.802241,2.838059,0,89.196792,0,14.89967,0,60.769587,33.798564,60.910067,50.046422,33.838926,50,27,0,0,0,0,0,0,0,0
945,60.780079,0,1.884311,0,38.120301,24.939766,0.799164,2.848914,0,88.977596,0,14.821544,0,60.687407,33.844784,60.916603,50.047997,33.842557,50,27,0,0,0,0,0,0,0,0
946,60.712109,0,1.906053,0,37.827174,24.849546,0.796519,2.848908,0,89.335495,0,14.832105,0,60.454794,33.804996,60.585738,49.956309,33.658743,50,27,0,0,0,0,0,0,0,0
947,60.773919,0,1.895159,0,37.891044,25.221228,0.799901,2.844857,0,89.261363,0,14.823379,0,60.570221,33.938803,60.97523,50.06418,33.875128,50,27,0,0,0,0,0,0,0,0
948,61.08296,0,1.893382,0,37.965336,25.053029,0.797173,2.839957,0,89.325527,0,14.847141,0,60.601763,33.758565,60.601269,49.960499,33.667372,50,27,0,0,0,0,0,0,0,0
949,60.440318,0,1.890226,0,38.082009,24.98627,0.802717,2.845755,0,89.78949,0,14.816364,0,60.529762,33.9334,60.898091,50.042736,33.832273,50,27,0,0,0,0,0,0,0,0
950,60.823625,0,1.904165,0,38.152768,25.120153,0.79794,2.858612,0,88.919237,0,14.899994,0,60.48166,33.845267,60.641064,49.971482,33.68948,50,27,0,0,0,0,0,0,0,0
951,60.921427,0,1.887488,0,37.931007,24.95155,0.801126,2.85502,0,89.165711,0,14.877523,0,60.711939,33.776757,60.716867,49.992576,33.731593,50,27,0,0,0,0,0,0,0,0
952,60.557344,0,1.895842,0,37.943734,25.055071,0.799587,2.837001,0,89.518356,0,14.820912,0,60.83751,33.69373,60.666995,49.978828,33.703886,50,27,0,0,0,0,0,0,0,0
953,60.910457,0,1.896938,0,37.919662,25.037577,0.799091,2.854673,0,89.085012,0,14.874669,0,60.62485,33.780513,60.64805,49.973697,33.693361,50,27,0,0,0,0,0,0,0,0
954,60.778512,0,1.909418,0,37.761064,25.004086,0.798976,2.83705,0,88.728843,0,14.897482,0,60.470037,33.897967,60.739542,49.999116,33.74419,50,27,0,0,0,0,0,0,0,0
955,60.89772,0,1.888621,0,37.995308,25.053208,0.796712,2.850044,0,89.112324,0,14.867495,0,61.020227,33.610597,60.666716,49.978992,33.703731,50,27,0,0,0,0,0,0,0,0
956,60.845423,0,1.8954,0,38.156134,25.026545,0.797298,2.844934,0,89.417353,0,14.895174,0,60.833341,33.662189,60.610751,49.963628,33.672639,50,27,0,0,0,0,0,0,0,0
957,60.844516,0,1.902568,0,37.957024,25.043869,0.795872,2.854716,0,88.690206,0,14.913388,0,60.480255,33.72178,60.397278,49.904806,33.554043,50,27,0,0,0,0,0,0,0,0
958,60.767918,0,1.903452,0,38.1517,24.944173,0.802017,2.849988,0,89.291803,0,14.842877,0,61.072964,33.59144,60.720237,49.994544,33.733465,50,27,0,0,0,0,0,0,0,0
959,60.739668,0,1.891716,0,38.00308,24.989824,0.804183,2.86336,0,89.267043,0,14.822117,0,60.826134,33.562042,60.433441,49.915302,33.574134,50,27,0,0,0,0,0,0,0,0
960,60.796569,0,1.900733,0,38.092437,25.07462,0.799381,2.854114,0,89.332241,0,14.838516,0,60.77801,33.784732,60.879595,50.039038,33.821997,50,27,0,0,0,0,0,0,0,0
961,60.549543,0,1.906447,0,38.044752,24.950738,0.802317,2.84509,0,88.674639,0,14.839188,0,60.961624,33.685949,60.848491,50.030247,33.804717,50,27,0,0,0,0,0,0,0,0
962,60.506176,0,1.899706,0,38.089562,24.968095,0.796912,2.857255,0,88.95658,0,14.85653,0,60.628519,33.552285,60.24051,49.862053,33.46695,50,27,0,0,0,0,0,0,0,0
963,60.788259,0,1.899498,0,37.932482,24.987384,0.80482,2.854327,0,89.203147,0,14.831254,0,60.824123,33.883583,61.159196,50.11666,33.977331,50,27,0,0,0,0,0,0,0,0
964,60.64118,0,1.90519,0,37.866941,25.000716,0.799795,2.870899,0,89.006612,0,14.829873,0,60.708965,33.753337,60.748358,50.002526,33.749088,50,27,0,0,0,0,0,0,0,0
965,60.527366,0,1.896429,0,37.868726,25.077654,0.800343,2.835954,0,88.747549,0,14.817403,0,60.552767,33.719691,60.518724,49.939044,33.621514,50,27,0,0,0,0,0,0,0,0
966,60.760136,0,1.892995,0,37.973932,24.989131,0.800565,2.854811,0,89.710121,0,14.848778,0,60.591786,33.705228,60.529364,49.942288,33.627425,50,27,0,0,0,0,0,0,0,0
967,60.846235,0,1.892505,0,38.166021,24.830345,0.80338,2.842269,0,88.910112,0,14.841655,0,60.402695,33.810655,60.56656,49.952856,33.648089,50,27,0,0,0,0,0,0,0,0
968,61.057895,0,1.891913,0,38.104169,24.868725,0.802296,2.85682,0,88.723138,0,14.862215,0,60.77978,33.702285,60.704811,49.991302,33.724895,50,27,0,0,0,0,0,0,0,0
969,60.747198,0,1.899143,0,37.907299,24.994494,0.796125,2.845697,0,89.376198,0,14.867775,0,60.518461,33.823423,60.703702,49.991039,33.724279,50,27,0,0,0,0,0,0,0,0
970,60.593077,0,1.89138,0,37.838127,24.914479,0.80361,2.864064,0,89.313243,0,14.880208,0,60.797072,33.738445,60.791486,50.015347,33.773048,50,27,0,0,0,0,0,0,0,0
971,60.934103,0,1.898726,0,38.150476,25.057412,0.80244,2.851644,0,88.806491,0,14.920602,0,60.716766,33.806803,60.855721,50.033025,33.808734,50,27,0,0,0,0,0,0,0,0
972,60.971925,0,1.892581,0,38.040691,24.908888,0.799932,2.852699,0,89.144006,0,14.783996,0,60.626257,33.739737,60.61506,49.966343,33.675033,50,27,0,0,0,0,0,0,0,0
973,60.904808,0,1.884343,0,38.034354,24.979844,0.79869,2.838673,0,89.145898,0,14.825448,0,60.792476,33.712209,60.723913,49.996597,33.735507,50,27,0,0,0,0,0,0,0,0
974,60.648754,0,1.894914,0,38.00492,24.93169,0.802405,2.850817,0,88.879392,0,14.886469,0,60.451997,33.989633,60.972909,50.065435,33.873838,50,27,0,0,0,0,0,0,0,0
975,60.780933,0,1.902668,0,37.979148,24.970778,0.79997,2.850524,0,89.029332,0,14.869623,0,60.610862,33.760449,60.615783,49.966401,33.675435,50,27,0,0,0,0,0,0,0,0
976,60.720022,0,1.904417,0,38.099072,25.048882,0.797138,2.860977,0,89.032142,0,14.829879,0,61.134557,33.614919,60.832193,50.026383,33.795663,50,27,0,0,0,0,0,0,0,0
977,60.986531,0,1.907331,0,37.943758,25.073448,0.798558,2.853442,0,89.312556,0,14.908624,0,60.747452,33.951318,61.173577,50.120609,33.985321,50,27,0,0,0,0,0,0,0,0
978,60.627783,0,1.909921,0,38.186251,24.939179,0.800351,2.846479,0,88.87473,0,14.827948,0,60.932147,33.770154,60.949497,50.058074,33.860831,50,27,0,0,0,0,0,0,0,0
979,60.814513,0,1.905048,0,37.970108,25.133466,0.804515,2.851768,0,88.92374,0,14.798662,0,60.986487,33.635212,60.718108,49.993831,33.732282,50,27,0,0,0,0,0,0,0,0
980,60.914362,0,1.894185,0,37.970032,24.857552,0.800074,2.825476,0,88.979351,0,14.953289,0,60.872454,33.632016,60.614107,49.965116,33.674504,50,27,0,0,0,0,0,0,0,0
981,60.892216,0,1.897274,0,38.016391,24.986015,0.798428,2.846224,0,88.970593,0,14.819811,0,60.752961,33.711997,60.679472,49.983356,33.710818,50,27,0,0,0,0,0,0,0,0
982,60.758205,0,1.904098,0,37.990436,24.934165,0.798117,2.84761,0,88.9183,0,14.850153,0,60.7467,33.761744,60.782739,50.011981,33.768188,50,27,0,0,0,0,0,0,0,0
983,60.83914,0,1.891418,0,37.96187,24.822993,0.797212,2.857234,0,88.674848,0,14.82655,0,60.91725,33.654031,60.72383,49.995639,33.735461,50,27,0,0,0,0,0,0,0,0
984,60.962524,0,1.889784,0,37.914894,24.978977,0.797408,2.847774,0,89.326067,0,14.842457,0,60.717541,33.692946,60.618296,49.966492,33.676831,50,27,0,0,0,0,0,0,0,0
985,60.495303,0,1.899715,0,37.936014,24.797844,0.800578,2.858394,0,88.995902,0,14.840439,0,60.742273,33.856139,60.993465,50.070354,33.885258,50,27,0,0,0,0,0,0,0,0
986,60.558978,0,1.909823,0,38.2201,25.002998,0.800907,2.848717,0,89.093752,0,14.864369,0,60.591595,33.876487,60.870009,50.035881,33.816672,50,27,0,0,0,0,0,0,0,0
987,60.795884,0,1.896778,0,37.869915,25.056565,0.798649,2.85748,0,89.325805,0,14.918263,0,60.725867,33.635543,60.47864,49.92753,33.599244,50,27,0,0,0,0,0,0,0,0
988,60.504485,0,1.906379,0,37.83466,24.921352,0.802247,2.851939,0,88.766575,0,14.877295,0,60.444881,33.899548,60.76999,50.008418,33.761105,50,27,0,0,0,0,0,0,0,0
989,60.655892,0,1.904147,0,38.03011,25.079064,0.803395,2.836327,0,88.683954,0,14.845663,0,60.599683,33.789042,60.671375,49.98112,33.70632,50,27,0,0,0,0,0,0,0,0
990,60.613776,0,1.906541,0,37.952949,24.984076,0.802018,2.861682,0,88.842532,0,14.807625,0,60.808344,33.583833,60.442692,49.918007,33.579273,50,27,0,0,0,0,0,0,0,0
991,60.469893,0,1.896946,0,38.026744,25.027869,0.799771,2.832661,0,89.684234,0,14.934395,0,60.616177,33.864506,60.865422,50.035255,33.814123,50,27,0,0,0,0,0,0,0,0
992,60.88414,0,1.901186,0,38.120367,25.116261,0.801236,2.846894,0,89.040878,0,14.881158,0,60.538269,33.773376,60.57971,49.95611,33.655395,50,27,0,0,0,0,0,0,0,0
993,60.784448,0,1.905154,0,37.971839,24.972976,0.79793,2.850401,0,89.065871,0,14.918978,0,60.713375,33.790544,60.78844,50.014021,33.771356,50,27,0,0,0,0,0,0,0,0
994,60.973546,0,1.896388,0,37.991406,24.952299,0.800759,2.872476,0,89.210027,0,14.83383,0,60.668495,33.682613,60.511201,49.937323,33.617334,50,27,0,0,0,0,0,0,0,0
995,60.846681,0,1.901705,0,38.031065,24.775,0.80343,2.852225,0,89.221291,0,14.819925,0,61.018593,33.748073,61.009208,50.075282,33.894005,50,27,0,0,0,0,0,0,0,0
996,60.794551,0,1.901991,0,38.114988,24.995675,0.794378,2.850498,0,89.337582,0,14.853234,0,60.51183,33.917396,60.860198,50.033722,33.811221,50,27,0,0,0,0,0,0,0,0
997,60.8196,0,1.899013,0,37.983655,24.951389,0.803411,2.844505,0,89.059565,0,14.849279,0,60.556599,33.743606,60.516607,49.938587,33.620337,50,27,0,0,0,0,0,0,0,0
998,60.955954,0,1.895402,0,37.989059,25.027434,0.800968,2.843686,0,89.524217,0,14.920264,0,60.910163,33.614005,60.599292,49.961746,33.666273,50,27,0,0,0,0,0,0,0,0
999,60.660455,0,1.90273,0,38.110573,25.069858,0.802853,2.852321,0,89.195171,0,14.921862,0,60.950783,33.656716,60.749436,50.003436,33.749687,50,27,0,0,0,0,0,0,0,0
1000,60.641425,0,1.90337,0,38.118453,25.070445,0.803615,2.84473,0,89.017155,0,14.84018,0,60.806782,33.831155,60.985977,50.068798,33.881098,50,27,0,0,0,0,0,0,0,0
1001,60.548322,0,1.897588,0,38.030662,25.079218,0.798534,2.838369,0,89.02519,0,14.890196,0,60.69216,33.761452,60.713125,49.99304,33.729514,50,27,0,0,0,0,0,0,0,0
1002,60.543977,0,1.891734,0,38.065381,24.963664,0.803384,2.844304,0,89.321219,0,14.888578,0,60.764762,33.775862,60.814812,50.021181,33.786006,50,27,0,0,0,0,0,0,0,0
1003,60.693531,0,1.898017,0,37.748172,24.949363,0.796238,2.861651,0,88.880769,0,14.888276,0,60.924755,33.635269,60.675115,49.982464,33.708397,50,27,0,0,0,0,0,0,0,0
1004,60.722136,0,1.894407,0,38.217473,25.153658,0.803238,2.853239,0,88.604894,0,14.841844,0,60.792518,33.678115,60.648858,49.975294,33.69381,50,27,0,0,0,0,0,0,0,0
1005,60.874854,0,1.90004,0,37.827462,24.996365,0.799894,2.862698,0,89.267841,0,14.7989,0,60.45124,34.013996,61.025057,50.079396,33.90281,50,27,0,0,0,0,0,0,0,0
1006,60.778424,0,1.907474,0,38.002338,25.1347,0.800151,2.837042,0,88.576112,0,14.799237,0,61.036295,33.835033,61.196749,50.126456,33.998194,50,27,0,0,0,0,0,0,0,0
1007,60.602639,0,1.899575,0,38.019214,25.031151,0.79947,2.848953,0,89.160255,0,14.875899,0,60.930353,33.775377,60.954942,50.058993,33.863857,50,27,0,0,0,0,0,0,0,0
1008,60.779001,0,1.905222,0,37.908054,25.000161,0.796766,2.845293,0,88.7357,0,14.870757,0,61.137476,33.761626,61.131521,50.107505,33.961956,50,27,0,0,0,0,0,0,0,0
1009,60.951332,0,1.896008,0,37.883705,25.186403,0.798719,2.837774,0,89.006294,0,14.847865,0,60.717005,33.814124,60.822161,50.021464,33.790089,50,27,0,0,0,0,0,0,0,0
1010,61.261594,0,1.900161,0,38.250439,25.109296,0.798617,2.859368,0,89.101528,0,14.831715,0,60.550707,33.913739,60.859415,50.031654,33.810786,50,27,0,0,0,0,0,0,0,0
1011,60.521219,0,1.902383,0,38.107277,25.093983,0.799485,2.848185,0,88.991817,0,14.927296,0,60.800183,33.75549,60.755791,50.002856,33.753217,50,27,0,0,0,0,0,0,0,0
1012,60.851737,0,1.908517,0,37.972002,25.111041,0.798968,2.831534,0,89.470505,0,14.912581,0,60.772836,33.897874,61.03156,50.079063,33.906422,50,27,0,0,0,0,0,0,0,0
1013,60.714376,0,1.897502,0,38.192053,24.924211,0.80277,2.835944,0,89.059647,0,14.882362,0,60.94275,33.76044,60.895404,50.041037,33.83078,50,27,0,0,0,0,0,0,0,0
1014,60.748384,0,1.89392,0,38.006824,25.009978,0.800808,2.845581,0,89.20814,0,14.863,0,60.847621,33.716632,60.710827,49.989816,33.728237,50,27,0,0,0,0,0,0,0,0
1015,60.428318,0,1.900265,0,38.10657,25.113252,0.798869,2.854724,0,89.446518,0,14.877982,0,60.815659,33.803772,60.871224,50.0342,33.817347,50,27,0,0,0,0,0,0,0,0
1016,60.513571,0,1.900978,0,38.045467,25.001864,0.801429,2.849562,0,89.385197,0,14.883386,0,60.806892,33.810505,60.873188,50.034572,33.818438,50,27,0,0,0,0,0,0,0,0
1017,60.615321,0,1.901966,0,38.261542,24.977402,0.801382,2.851513,0,89.266668,0,14.819971,0,61.12782,33.601305,60.748692,49.99999,33.749273,50,27,0,0,0,0,0,0,0,0
1018,60.887617,0,1.899456,0,38.155585,25.103849,0.801883,2.837579,0,89.131468,0,14.877224,0,60.887993,33.547804,60.419706,49.90906,33.566503,50,27,0,0,0,0,0,0,0,0
1019,60.435866,0,1.907155,0,37.839082,24.899612,0.797352,2.856206,0,89.012538,0,14.89168,0,60.92962,33.804524,61.032119,50.078781,33.906733,50,27,0,0,0,0,0,0,0,0
1020,61.010807,0,1.891054,0,38.113034,24.930168,0.799481,2.840259,0,89.044808,0,14.821789,0,60.47715,33.938506,60.855861,50.029672,33.808812,50,27,0,0,0,0,0,0,0,0
1021,60.755474,0,1.904477,0,37.964934,24.893728,0.796602,2.870113,0,89.440494,0,14.855849,0,60.392651,34.009735,60.897941,50.041155,33.832189,50,27,0,0,0,0,0,0,0,0
1022,60.654632,0,1.897796,0,37.847806,25.026546,0.801648,2.855348,0,89.265089,0,14.869928,0,60.575873,33.72866,60.45669,49.91899,33.58705,50,27,0,0,0,0,0,0,0,0
1023,60.694875,0,1.906771,0,37.991634,24.981192,0.795798,2.859162,0,89.509666,0,14.872854,0,60.759192,33.725286,60.640341,49.970154,33.689078,50,27,0,0,0,0,0,0,0,0
1024,60.705084,0,1.89567,0,37.861845,25.0122,0.801249,2.84124,0,89.004673,0,14.902909,0,61.016068,33.482573,60.392673,49.901848,33.551485,50,27,0,0,0,0,0,0,0,0
1025,60.708033,0,1.896395,0,38.237974,24.969417,0.800419,2.842674,0,89.219269,0,14.91784,0,61.276316,33.593336,60.925523,50.049614,33.847513,50,27,0,0,0,0,0,0,0,0
1026,60.77115,0,1.90023,0,38.184912,25.015502,0.800508,2.849514,0,89.006135,0,14.876793,0,61.097506,33.688093,60.968517,50.06125,33.871398,50,27,0,0,0,0,0,0,0,0
1027,60.84137,0,1.894566,0,37.938345,25.069014,0.800134,2.853177,0,89.057756,0,14.796113,0,60.454964,34.072419,61.144724,50.109648,33.969291,50,27,0,0,0,0,0,0,0,0
1028,60.688577,0,1.897037,0,37.910468,25.061964,0.79808,2.828663,0,89.353034,0,14.852349,0,60.53418,33.987584,61.001881,50.069622,33.889934,50,27,0,0,0,0,0,0,0,0
1029,60.822894,0,1.901253,0,38.01116,25.064817,0.797916,2.849389,0,89.378078,0,14.873683,0,60.775889,33.648089,60.498237,49.93007,33.610132,50,27,0,0,0,0,0,0,0,0
1030,60.512258,0,1.903071,0,37.977372,24.864956,0.797823,2.852423,0,89.922092,0,14.904482,0,60.590122,33.864008,60.785276,50.009754,33.769598,50,27,0,0,0,0,0,0,0,0
1031,60.760206,0,1.894769,0,37.959905,25.016119,0.800378,2.863297,0,89.43116,0,14.890579,0,60.940439,33.696246,60.769525,50.005352,33.760847,50,27,0,0,0,0,0,0,0,0
1032,60.559122,0,1.901579,0,38.13748,24.970212,0.804125,2.840719,0,89.310587,0,14.947373,0,60.756061,33.793371,60.800702,50.013943,33.778168,50,27,0,0,0,0,0,0,0,0
1033,60.712654,0,1.908325,0,38.015431,24.968476,0.802015,2.845591,0,88.991349,0,14.894203,0,61.061342,33.68224,60.868774,50.032688,33.815986,50,27,0,0,0,0,0,0,0,0
1034,60.898557,0,1.894991,0,38.214757,25.070476,0.796471,2.854212,0,89.323429,0,14.868364,0,60.595394,33.778322,60.617535,49.963084,33.676408,50,27,0,0,0,0,0,0,0,0
1035,60.529344,0,1.903699,0,37.906544,24.947568,0.796352,2.83847,0,89.160212,0,14.797373,0,60.717675,33.738706,60.654868,49.973587,33.697149,50,27,0,0,0,0,0,0,0,0
1036,60.692756,0,1.897309,0,37.94981,24.93714,0.79857,2.864834,0,89.738122,0,14.86164,0,60.755517,33.666038,60.543351,49.942895,33.635195,50,27,0,0,0,0,0,0,0,0
1037,60.588221,0,1.893441,0,38.006047,24.859205,0.796994,2.853212,0,89.002124,0,14.824244,0,60.687344,33.884703,60.949684,50.055488,33.860936,50,27,0,0,0,0,0,0,0,0
1038,60.830431,0,1.898385,0,38.134609,24.987697,0.801825,2.844993,0,89.280128,0,14.890474,0,60.867035,33.66391,60.647243,49.971619,33.692913,50,27,0,0,0,0,0,0,0,0
1039,60.454848,0,1.899417,0,38.066388,25.052361,0.799529,2.842817,0,89.247365,0,14.850692,0,60.581225,33.795668,60.653099,49.973378,33.696166,50,27,0,0,0,0,0,0,0,0
1040,60.548022,0,1.907606,0,37.827764,25.129931,0.799705,2.842747,0,89.383741,0,14.833974,0,60.692331,33.85154,60.877567,50.035553,33.820871,50,27,0,0,0,0,0,0,0,0
1041,61.058054,0,1.890368,0,38.047504,24.908651,0.797961,2.852036,0,89.31886,0,14.839455,0,60.647615,33.784305,60.679451,49.980618,33.710806,50,27,0,0,0,0,0,0,0,0
1042,60.958887,0,1.89982,0,37.996215,24.909141,0.797911,2.838327,0,89.910932,0,14.842696,0,60.622279,33.7416,60.562044,49.948263,33.64558,50,27,0,0,0,0,0,0,0,0
1043,60.857285,0,1.891211,0,37.859512,25.1257,0.798945,2.844773,0,89.03238,0,14.799989,0,60.803427,33.5474,60.337316,49.886407,33.520731,50,27,0,0,0,0,0,0,0,0
1044,60.713279,0,1.911077,0,38.210291,24.958665,0.799488,2.843429,0,88.668262,0,14.876378,0,60.756489,33.79679,60.845568,50.027451,33.803093,50,27,0,0,0,0,0,0,0,0
1045,60.578159,0,1.901781,0,37.971559,25.07233,0.800163,2.830955,0,89.243775,0,14.753536,0,60.825746,33.554116,60.397366,49.903433,33.554092,50,27,0,0,0,0,0,0,0,0
1046,60.846231,0,1.900414,0,37.958963,24.930679,0.805294,2.844607,0,89.012029,0,14.765565,0,60.749167,33.734704,60.728489,49.995434,33.738049,50,27,0,0,0,0,0,0,0,0
1047,60.621433,0,1.896668,0,38.014852,24.95567,0.798597,2.834252,0,89.476047,0,14.936671,0,60.60379,33.845362,60.817823,50.020149,33.78768,50,27,0,0,0,0,0,0,0,0
1048,60.656305,0,1.896997,0,38.007647,25.033388,0.800263,2.838912,0,88.992176,0,14.864203,0,60.594267,33.9333,60.980417,50.064989,33.87801,50,27,0,0,0,0,0,0,0,0
1049,60.818382,0,1.895804,0,38.056956,25.083257,0.803181,2.852278,0,88.879714,0,14.890636,0,60.661278,33.875722,60.90184,50.042947,33.834356,50,27,0,0,0,0,0,0,0,0
1050,60.618855,0,1.898097,0,38.014147,25.06658,0.799923,2.840884,0,89.083794,0,14.892099,0,61.012868,33.700072,60.867883,50.033348,33.815491,50,27,0,0,0,0,0,0,0,0
1051,60.710824,0,1.899545,0,38.039088,25.035436,0.797786,2.850697,0,89.361268,0,14.893346,0,60.694638,33.726028,60.613465,49.962862,33.674147,50,27,0,0,0,0,0,0,0,0
1052,60.940692,0,1.892268,0,38.05213,25.029678,0.806188,2.853066,0,89.264478,0,14.892886,0,60.559246,33.75401,60.542172,49.943342,33.63454,50,27,0,0,0,0,0,0,0,0
1053,60.853733,0,1.906753,0,37.943368,25.033501,0.797021,2.841294,0,89.376406,0,14.909498,0,61.064454,33.413892,60.331011,49.885259,33.517228,50,27,0,0,0,0,0,0,0,0
1054,60.767882,0,1.902587,0,37.860345,24.837595,0.803034,2.842781,0,89.128074,0,14.795162,0,60.804264,33.706591,60.734072,49.997235,33.741151,50,27,0,0,0,0,0,0,0,0
1055,60.370734,0,1.900612,0,37.922247,25.079572,0.801099,2.844474,0,88.806206,0,14.87127,0,60.60141,33.849166,60.836349,50.025517,33.797972,50,27,0,0,0,0,0,0,0,0
1056,60.705563,0,1.898492,0,38.041923,24.958443,0.799286,2.852135,0,89.082326,0,14.898131,0,60.684005,33.722533,60.637145,49.970331,33.687303,50,27,0,0,0,0,0,0,0,0
1057,60.928572,0,1.899285,0,38.003131,25.131836,0.802349,2.848866,0,89.020687,0,14.884406,0,60.375486,33.910956,60.729008,49.995869,33.738338,50,27,0,0,0,0,0,0,0,0
1058,61.039946,0,1.901022,0,37.954155,24.969085,0.796589,2.857079,0,88.68747,0,14.827762,0,60.403382,33.977837,60.875887,50.036487,33.819937,50,27,0,0,0,0,0,0,0,0
1059,60.404228,0,1.90025,0,38.006654,24.978321,0.799485,2.863259,0,89.030196,0,14.853156,0,60.709411,33.645152,60.450627,49.918765,33.583682,50,27,0,0,0,0,0,0,0,0
1060,60.81454,0,1.900459,0,38.104389,25.046441,0.797175,2.865238,0,89.359345,0,14.915775,0,60.471176,33.930806,60.831118,50.024335,33.795065,50,27,0,0,0,0,0,0,0,0
1061,60.243595,0,1.892593,0,37.833039,24.906229,0.800239,2.858011,0,89.252936,0,14.913371,0,60.911264,33.671826,60.702423,49.988643,33.723568,50,27,0,0,0,0,0,0,0,0
1062,60.548951,0,1.908415,0,38.003224,25.084341,0.800069,2.847786,0,89.415827,0,14.906424,0,61.115425,33.552834,60.668638,49.979362,33.704799,50,27,0,0,0,0,0,0,0,0
1063,60.391856,0,1.894944,0,38.089371,24.905865,0.800606,2.87565,0,89.454551,0,14.871565,0,60.867644,33.74529,60.854743,50.030903,33.808191,50,27,0,0,0,0,0,0,0,0
1064,60.799754,0,1.900394,0,37.902515,25.015777,0.803392,2.862426,0,89.131662,0,14.810134,0,60.905815,33.708313,60.815721,50.019964,33.786512,50,27,0,0,0,0,0,0,0,0
1065,60.531402,0,1.900427,0,37.938199,24.954233,0.801879,2.851694,0,89.195362,0,14.777272,0,60.705219,33.700439,60.604148,49.961387,33.668971,50,27,0,0,0,0,0,0,0,0
1066,61.288516,0,1.906781,0,37.899887,25.041714,0.800648,2.859557,0,89.15924,0,14.878293,0,60.476875,33.892768,60.787813,50.012343,33.771007,50,27,0,0,0,0,0,0,0,0
1067,60.295069,0,1.902956,0,37.807123,25.021765,0.798072,2.84986,0,88.95778,0,14.765805,0,60.54887,33.93186,60.922836,50.049601,33.84602,50,27,0,0,0,0,0,0,0,0
1068,60.624232,0,1.902553,0,38.169697,24.894243,0.800914,2.846703,0,88.983648,0,14.947027,0,60.57681,33.925322,60.913613,50.046805,33.840896,50,27,0,0,0,0,0,0,0,0
1069,60.746145,0,1.89625,0,37.923665,24.900813,0.803016,2.849763,0,89.404407,0,14.941362,0,60.55875,33.899768,60.820598,50.020864,33.789221,50,27,0,0,0,0,0,0,0,0
1070,60.835887,0,1.889976,0,38.112975,24.995471,0.799626,2.852479,0,89.215285,0,14.879621,0,61.047311,33.65924,60.785431,50.01104,33.769684,50,27,0,0,0,0,0,0,0,0
1071,60.761253,0,1.896008,0,38.09372,24.89835,0.797207,2.84946,0,89.170569,0,14.925746,0,60.841946,33.656001,60.5896,49.956858,33.660889,50,27,0,0,0,0,0,0,0,0
1072,60.672204,0,1.896303,0,37.990008,25.104213,0.802178,2.858945,0,89.323426,0,14.903674,0,60.866267,33.792991,60.918656,50.048022,33.843698,50,27,0,0,0,0,0,0,0,0
1073,60.524713,0,1.894761,0,38.059935,24.953488,0.800045,2.850778,0,88.524711,0,14.881704,0,60.949324,33.756586,60.921647,50.04861,33.84536,50,27,0,0,0,0,0,0,0,0
1074,60.891164,0,1.916881,0,38.048295,25.009394,0.801482,2.857707,0,89.101627,0,14.934172,0,60.600869,33.744405,60.549228,49.945433,33.63846,50,27,0,0,0,0,0,0,0,0
1075,60.554341,0,1.900218,0,37.990904,25.124593,0.802473,2.853102,0,89.457463,0,14.856842,0,60.504851,33.93619,60.860983,50.031872,33.811657,50,27,0,0,0,0,0,0,0,0
1076,60.656908,0,1.893838,0,38.075002,24.95423,0.794731,2.852954,0,89.309281,0,14.910657,0,60.9083,33.717242,60.780331,50.009422,33.766851,50,27,0,0,0,0,0,0,0,0
1077,60.716596,0,1.908214,0,38.152128,24.872618,0.80073,2.857823,0,89.011381,0,14.826668,0,60.857913,33.738262,60.782282,50.009915,33.767935,50,27,0,0,0,0,0,0,0,0
1078,60.764291,0,1.897095,0,37.874836,25.059849,0.801774,2.873501,0,89.03366,0,14.897457,0,60.736008,33.819099,60.835618,50.024607,33.797566,50,27,0,0,0,0,0,0,0,0
1079,60.797003,0,1.895645,0,38.031782,25.028793,0.799929,2.84437,0,89.016027,0,14.815309,0,60.780905,33.85341,60.946665,50.055178,33.859259,50,27,0,0,0,0,0,0,0,0
1080,60.87445,0,1.89959,0,38.071852,24.989093,0.800552,2.850261,0,89.366702,0,14.849245,0,60.967328,33.697596,60.794058,50.012723,33.774477,50,27,0,0,0,0,0,0,0,0
1081,60.761016,0,1.893811,0,38.086526,25.025826,0.798749,2.83492,0,89.057548,0,14.828352,0,60.754927,33.86332,60.94206,50.053567,33.8567,50,27,0,0,0,0,0,0,0,0
1082,60.723435,0,1.905237,0,38.113058,24.93067,0.800717,2.855814,0,89.212486,0,14.823336,0,60.581467,33.946174,60.931674,50.05043,33.85093,50,27,0,0,0,0,0,0,0,0
1083,60.741005,0,1.906188,0,37.982124,24.986442,0.796805,2.838758,0,89.315351,0,14.886665,0,60.77963,33.689882,60.567334,49.949477,33.648519,50,27,0,0,0,0,0,0,0,0
1084,60.954502,0,1.899671,0,38.16116,24.978633,0.794807,2.850259,0,89.272686,0,14.914518,0,60.498425,33.904574,60.752263,50.000842,33.751257,50,27,0,0,0,0,0,0,0,0
1085,60.614056,0,1.904268,0,38.051223,24.944759,0.805067,2.863484,0,89.189403,0,14.894613,0,61.004149,33.729016,60.871804,50.033878,33.817669,50,27,0,0,0,0,0,0,0,0
1086,60.71928,0,1.892123,0,37.921063,24.977442,0.798744,2.835603,0,89.369018,0,14.870962,0,60.685263,33.822231,60.757815,50.002204,33.754342,50,27,0,0,0,0,0,0,0,0
1087,60.728881,0,1.89171,0,38.129108,24.99639,0.800934,2.87213,0,88.959874,0,14.866202,0,60.768222,33.712277,60.604304,49.959763,33.669058,50,27,0,0,0,0,0,0,0,0
1088,60.440524,0,1.90874,0,38.02054,24.987119,0.80219,2.845394,0,89.050068,0,14.850527,0,60.95552,33.615802,60.598345,49.958316,33.665747,50,27,0,0,0,0,0,0,0,0
1089,60.815501,0,1.89573,0,38.149617,25.06669,0.802752,2.846242,0,88.79918,0,14.882803,0,61.013414,33.559449,60.559695,49.947841,33.644275,50,27,0,0,0,0,0,0,0,0
1090,60.680955,0,1.899773,0,38.189229,24.955492,0.796799,2.838682,0,89.194818,0,14.823916,0,60.729028,33.72902,60.661354,49.976198,33.700752,50,27,0,0,0,0,0,0,0,0
1091,60.853158,0,1.904134,0,37.917557,24.964681,0.805736,2.854923,0,89.216157,0,14.840675,0,60.664052,33.722325,60.586486,49.955623,33.659159,50,27,0,0,0,0,0,0,0,0
1092,60.930016,0,1.905596,0,37.992329,24.978642,0.801653,2.852696,0,88.792481,0,14.841299,0,60.807073,33.722645,60.73503,49.996901,33.741683,50,27,0,0,0,0,0,0,0,0
1093,60.723163,0,1.909795,0,37.997297,24.976786,0.799222,2.849704,0,89.065701,0,14.787849,0,60.42859,33.863257,60.657654,49.97553,33.698696,50,27,0,0,0,0,0,0,0,0
1094,60.437005,0,1.89582,0,37.890732,25.120883,0.799484,2.857554,0,88.583137,0,14.853085,0,60.610689,33.777169,60.643844,49.971835,33.691025,50,27,0,0,0,0,0,0,0,0
1095,60.627123,0,1.892568,0,37.972679,25.000626,0.799267,2.838753,0,89.401992,0,14.867715,0,60.793391,33.782297,60.835292,50.02489,33.797384,50,27,0,0,0,0,0,0,0,0
1096,60.723232,0,1.9146,0,37.875939,25.021952,0.798396,2.85726,0,89.011969,0,14.812893,0,60.654818,33.759114,60.645198,49.972225,33.691777,50,27,0,0,0,0,0,0,0,0
1097,60.815565,0,1.898153,0,38.028575,25.005058,0.797902,2.863939,0,88.826999,0,14.84125,0,61.178479,33.607911,60.850514,50.029112,33.805841,50,27,0,0,0,0,0,0,0,0
1098,60.6761,0,1.898739,0,38.155927,25.053044,0.800499,2.842805,0,88.919561,0,14.866485,0,60.760278,33.662089,60.567094,49.950631,33.648386,50,27,0,0,0,0,0,0,0,0
1099,60.727205,0,1.897393,0,38.120177,24.96572,0.803101,2.835113,0,89.57908,0,14.904648,0,60.691663,33.931763,61.079397,50.092475,33.932999,50,27,0,0,0,0,0,0,0,0
1100,60.995835,0,1.897089,0,38.012903,24.876242,0.799501,2.843316,0,89.526461,0,14.827032,0,60.715479,33.870893,60.950581,50.056411,33.861434,50,27,0,0,0,0,0,0,0,0
1101,60.878657,0,1.896157,0,37.914611,24.933954,0.79735,2.846927,0,89.069523,0,14.875385,0,60.764636,33.759953,60.75103,50.000975,33.750572,50,27,0,0,0,0,0,0,0,0
1102,60.58682,0,1.899162,0,37.936663,24.971257,0.802051,2.849662,0,89.151881,0,14.804301,0,60.925905,33.60611,60.588637,49.956086,33.660354,50,27,0,0,0,0,0,0,0,0
1103,60.975866,0,1.893813,0,37.88665,24.952434,0.803191,2.851458,0,89.478001,0,14.910595,0,60.658555,33.855354,60.868116,50.033551,33.81562,50,27,0,0,0,0,0,0,0,0
1104,60.95437,0,1.899496,0,38.129899,24.953518,0.804113,2.85571,0,89.083675,0,14.900153,0,60.789557,33.752621,60.769319,50.006077,33.760733,50,27,0,0,0,0,0,0,0,0
1105,60.788868,0,1.899836,0,38.25947,25.146056,0.801433,2.86177,0,88.864688,0,14.863786,0,61.080861,33.63082,60.804962,50.015898,33.780535,50,27,0,0,0,0,0,0,0,0
1106,61.176878,0,1.89765,0,37.878878,25.04406,0.802306,2.855796,0,89.647548,0,14.803879,0,60.540847,33.766164,60.567683,49.950236,33.648713,50,27,0,0,0,0,0,0,0,0
1107,60.890697,0,1.899017,0,37.980714,25.031192,0.800891,2.844112,0,89.212972,0,14.921704,0,60.839369,33.670988,60.663765,49.977041,33.702092,50,27,0,0,0,0,0,0,0,0
1108,60.91454,0,1.905203,0,37.862726,25.040979,0.799114,2.86385,0,89.079596,0,14.834001,0,60.891453,33.773587,60.943246,50.054402,33.857359,50,27,0,0,0,0,0,0,0,0
1109,60.955811,0,1.892249,0,38.169706,25.000281,0.797676,2.857443,0,88.913402,0,14.802344,0,60.629291,33.751667,60.631609,49.967996,33.684227,50,27,0,0,0,0,0,0,0,0
1110,60.66881,0,1.900567,0,38.083339,24.959612,0.796963,2.845806,0,88.9902,0,14.840007,0,60.983139,33.590607,60.645576,49.972016,33.691987,50,27,0,0,0,0,0,0,0,0
1111,61.025798,0,1.901217,0,38.151882,25.079709,0.803578,2.851197,0,89.507224,0,14.881655,0,60.641777,33.832979,60.836566,50.024944,33.798092,50,27,0,0,0,0,0,0,0,0
1112,60.705624,0,1.887822,0,37.964173,24.944329,0.799953,2.860756,0,89.158097,0,14.828303,0,60.70501,33.797939,60.813711,50.018503,33.785395,50,27,0,0,0,0,0,0,0,0
1113,60.976492,0,1.897176,0,37.861996,24.96849,0.799265,2.852334,0,89.157248,0,14.803052,0,60.748591,33.686361,60.61514,49.963526,33.675078,50,27,0,0,0,0,0,0,0,0
1114,60.616959,0,1.899283,0,37.942,24.989034,0.79888,2.84496,0,89.152093,0,14.889757,0,60.571931,33.865157,60.823968,50.021427,33.791094,50,27,0,0,0,0,0,0,0,0
1115,60.695181,0,1.895091,0,37.973809,24.983348,0.801856,2.852623,0,89.378233,0,14.921216,0,60.502298,33.862709,60.733419,49.996293,33.740788,50,27,0,0,0,0,0,0,0,0
1116,60.537557,0,1.89162,0,38.074658,25.097825,0.799713,2.846809,0,88.826539,0,14.897266,0,60.688189,33.817009,60.808466,50.017054,33.782481,50,27,0,0,0,0,0,0,0,0
1117,61.076153,0,1.885417,0,38.100619,25.019881,0.798762,2.837518,0,88.737268,0,14.899294,0,61.243581,33.466123,60.61619,49.963825,33.675661,50,27,0,0,0,0,0,0,0,0
1118,60.817724,0,1.899152,0,37.852855,24.949149,0.802596,2.852228,0,89.015955,0,14.86533,0,60.448589,33.85704,60.685,49.983024,33.713889,50,27,0,0,0,0,0,0,0,0
1119,60.961589,0,1.890897,0,37.93721,24.951168,0.80214,2.861804,0,88.882135,0,14.855283,0,60.647204,33.86202,60.879344,50.036824,33.821858,50,27,0,0,0,0,0,0,0,0
1120,60.805292,0,1.899669,0,38.036215,25.008768,0.802608,2.857252,0,89.247049,0,14.911983,0,60.64336,33.925031,60.993907,50.068306,33.885504,50,27,0,0,0,0,0,0,0,0
1121,60.615239,0,1.893177,0,38.154395,25.025194,0.797451,2.857283,0,89.341797,0,14.884272,0,60.460726,33.918703,60.776015,50.007742,33.764453,50,27,0,0,0,0,0,0,0,0
1122,60.523905,0,1.901474,0,38.177001,24.874829,0.798481,2.862099,0,88.683199,0,14.830981,0,60.606799,33.886535,60.834527,50.023876,33.79696,50,27,0,0,0,0,0,0,0,0
1123,60.69464,0,1.895628,0,38.006703,25.000096,0.799307,2.857365,0,89.562167,0,14.874848,0,60.929448,33.668847,60.683758,49.982085,33.713199,50,27,0,0,0,0,0,0,0,0
1124,60.94749,0,1.903279,0,38.039444,25.04948,0.801216,2.853982,0,88.99427,0,14.876438,0,60.814158,33.757696,60.77124,50.006354,33.7618,50,27,0,0,0,0,0,0,0,0
1125,60.648796,0,1.894546,0,38.159331,25.060739,0.798762,2.842322,0,89.301751,0,14.870193,0,60.730903,33.729013,60.630163,49.967329,33.683424,50,27,0,0,0,0,0,0,0,0
1126,60.593396,0,1.902557,0,37.968419,24.995595,0.798255,2.849271,0,89.305249,0,14.829091,0,60.514554,33.824392,60.621301,49.965042,33.678501,50,27,0,0,0,0,0,0,0,0
1127,60.808889,0,1.90029,0,38.096513,25.059102,0.798311,2.857516,0,88.838809,0,14.887548,0,61.182548,33.633618,60.880208,50.036777,33.822338,50,27,0,0,0,0,0,0,0,0
1128,60.924648,0,1.902764,0,38.039205,25.016967,0.798341,2.856664,0,89.263524,0,14.859763,0,60.693173,33.719244,60.590347,49.956478,33.661304,50,27,0,0,0,0,0,0,0,0
1129,60.853944,0,1.908886,0,38.071217,24.92696,0.799182,2.840269,0,89.406151,0,14.863983,0,60.543916,33.850613,60.724625,49.993808,33.735903,50,27,0,0,0,0,0,0,0,0
1130,60.843666,0,1.905841,0,37.673239,24.919952,0.8021,2.851841,0,89.043153,0,14.852827,0,60.799431,33.716963,60.686927,49.983419,33.714959,50,27,0,0,0,0,0,0,0,0
1131,60.729385,0,1.908084,0,37.806908,25.03186,0.800271,2.836341,0,89.811402,0,14.901446,0,60.447161,33.951513,60.836441,50.024827,33.798023,50,27,0,0,0,0,0,0,0,0
1132,60.637137,0,1.904819,0,38.04928,24.939316,0.794118,2.856212,0,89.584022,0,14.801003,0,60.803341,33.803573,60.85623,50.030173,33.809017,50,27,0,0,0,0,0,0,0,0
1133,60.666702,0,1.907684,0,37.97612,24.989431,0.801326,2.863894,0,89.190866,0,14.899163,0,60.818894,33.79456,60.849466,50.028153,33.805259,50,27,0,0,0,0,0,0,0,0
1134,60.911787,0,1.895549,0,38.122429,24.930369,0.794156,2.852728,0,89.048256,0,14.835843,0,60.862569,33.793745,60.889511,50.039081,33.827506,50,27,0,0,0,0,0,0,0,0
1135,60.755841,0,1.908596,0,38.11552,25.101983,0.800939,2.843409,0,89.006811,0,14.959287,0,60.798223,33.801415,60.839661,50.025108,33.799811,50,27,0,0,0,0,0,0,0,0
1136,60.434252,0,1.892279,0,37.825765,25.004977,0.805321,2.858502,0,89.215622,0,14.903067,0,60.765076,33.711633,60.614541,49.962761,33.674745,50,27,0,0,0,0,0,0,0,0
1137,61.035696,0,1.896391,0,37.888277,24.854835,0.802537,2.849662,0,89.635465,0,14.941725,0,60.842118,33.691268,60.658032,49.974967,33.698907,50,27,0,0,0,0,0,0,0,0
1138,60.770506,0,1.893537,0,38.032944,25.169949,0.798382,2.862924,0,88.948587,0,14.872278,0,60.670139,33.912575,60.964379,50.059765,33.869099,50,27,0,0,0,0,0,0,0,0
1139,60.642361,0,1.901664,0,38.264239,25.068347,0.798011,2.851656,0,88.98948,0,14.879677,0,60.835799,33.752687,60.774386,50.006954,33.763548,50,27,0,0,0,0,0,0,0,0
1140,60.821554,0,1.890773,0,37.770132,25.178143,0.798198,2.860624,0,89.049083,0,14.882412,0,60.620532,33.741173,60.538669,49.941768,33.632594,50,27,0,0,0,0,0,0,0,0
1141,60.821277,0,1.89993,0,38.234288,24.974368,0.799948,2.842068,0,89.261798,0,14.802755,0,60.970304,33.606596,60.609683,49.961686,33.672046,50,27,0,0,0,0,0,0,0,0
1142,60.516244,0,1.897811,0,37.987749,25.033253,0.800621,2.840182,0,89.275979,0,14.848948,0,60.817001,33.805935,60.8994,50.041953,33.833,50,27,0,0,0,0,0,0,0,0
1143,60.8875,0,1.899139,0,37.948064,25.002131,0.799039,2.847311,0,89.283281,0,14.80074,0,60.381262,33.960697,60.784962,50.010115,33.769423,50,27,0,0,0,0,0,0,0,0
1144,60.403389,0,1.897479,0,38.007558,24.972466,0.801026,2.850268,0,89.039496,0,14.839964,0,60.704579,33.815603,60.77699,50.007861,33.764995,50,27,0,0,0,0,0,0,0,0
1145,60.960114,0,1.899834,0,38.342,25.112811,0.800615,2.841612,0,89.335805,0,14.906938,0,60.636032,33.817694,60.70833,49.988844,33.72685,50,27,0,0,0,0,0,0,0,0
1146,60.774781,0,1.893969,0,38.105486,25.162478,0.800801,2.856415,0,89.25431,0,14.864205,0,60.781758,33.884431,60.99031,50.066838,33.883506,50,27,0,0,0,0,0,0,0,0
1147,60.615084,0,1.905835,0,38.036396,24.97183,0.797645,2.8465,0,88.481606,0,14.831037,0,60.960549,33.717151,60.803209,50.014791,33.779561,50,27,0,0,0,0,0,0,0,0
1148,60.890597,0,1.900054,0,38.027048,24.99496,0.796534,2.850024,0,89.468081,0,14.876257,0,60.926053,33.663151,60.66464,49.976418,33.702578,50,27,0,0,0,0,0,0,0,0
1149,60.8027,0,1.905326,0,37.979383,24.796595,0.802608,2.83843,0,89.366203,0,14.91452,0,60.848506,33.674123,60.626576,49.966015,33.681431,50,27,0,0,0,0,0,0,0,0
1150,61.152993,0,1.908175,0,38.322954,24.930551,0.800191,2.847241,0,88.938172,0,14.832873,0,60.48978,33.856093,60.665564,49.97696,33.703091,50,27,0,0,0,0,0,0,0,0
1151,60.824935,0,1.90133,0,38.194453,24.978167,0.798075,2.862874,0,88.988524,0,14.836934,0,61.113552,33.57811,60.691978,49.984375,33.717766,50,27,0,0,0,0,0,0,0,0
1152,61.050846,0,1.898767,0,37.926995,25.125138,0.801258,2.835885,0,89.099382,0,14.859559,0,60.589785,33.778258,60.616748,49.96366,33.675971,50,27,0,0,0,0,0,0,0,0
1153,60.932674,0,1.89337,0,37.783116,25.010016,0.797407,2.847606,0,89.165181,0,14.886572,0,60.375101,33.917392,60.693865,49.985155,33.718814,50,27,0,0,0,0,0,0,0,0
1154,60.441509,0,1.892076,0,38.004472,25.055908,0.79995,2.832329,0,89.295696,0,14.939693,0,60.835774,33.706766,60.690326,49.984251,33.716848,50,27,0,0,0,0,0,0,0,0
1155,60.839821,0,1.913192,0,38.056534,25.03341,0.798748,2.836699,0,89.072581,0,14.863823,0,60.799582,33.689363,60.626515,49.966692,33.681397,50,27,0,0,0,0,0,0,0,0
1156,60.641895,0,1.900913,0,38.07574,25.079676,0.798603,2.856848,0,88.952555,0,14.894422,0,60.801948,33.583841,60.417112,49.90898,33.565062,50,27,0,0,0,0,0,0,0,0
1157,60.638431,0,1.901273,0,38.055759,24.974241,0.799633,2.856277,0,88.841075,0,14.918505,0,60.706056,33.842515,60.890912,50.040389,33.828284,50,27,0,0,0,0,0,0,0,0
1158,60.654918,0,1.901753,0,38.00568,25.084127,0.800181,2.841451,0,89.301192,0,14.798644,0,60.694222,33.843104,60.868768,50.034067,33.815982,50,27,0,0,0,0,0,0,0,0
1159,60.826504,0,1.899112,0,38.034315,25.143225,0.800815,2.841854,0,89.477513,0,14.876666,0,60.965188,33.69069,60.807326,50.016916,33.781848,50,27,0,0,0,0,0,0,0,0
1160,60.696836,0,1.885807,0,38.14998,25.000353,0.800904,2.856979,0,88.873206,0,14.810992,0,60.790782,33.668035,60.594999,49.958145,33.663889,50,27,0,0,0,0,0,0,0,0
1161,61.022478,0,1.900863,0,38.114202,25.049919,0.799213,2.8688,0,89.024006,0,14.85395,0,60.691062,33.806432,60.799447,50.014862,33.77747,50,27,0,0,0,0,0,0,0,0
1162,60.624134,0,1.900205,0,38.073721,24.839789,0.797355,2.843186,0,89.179701,0,14.797174,0,60.755853,33.789326,60.82138,50.02085,33.789656,50,27,0,0,0,0,0,0,0,0
1163,60.644413,0,1.908942,0,38.085615,24.907931,0.799046,2.84579,0,89.468554,0,14.773721,0,60.711227,33.760333,60.711503,49.990377,33.728613,50,27,0,0,0,0,0,0,0,0
1164,60.779629,0,1.890592,0,38.075415,24.960394,0.801057,2.852933,0,89.136118,0,14.861398,0,60.387449,33.859057,60.595952,49.958487,33.664418,50,27,0,0,0,0,0,0,0,0
1165,60.634518,0,1.896688,0,37.99502,25.071107,0.799846,2.854011,0,88.759046,0,14.883034,0,60.963772,33.78426,61.001469,50.070777,33.889705,50,27,0,0,0,0,0,0,0,0
1166,60.919452,0,1.899189,0,38.037669,24.981927,0.802578,2.855877,0,89.541635,0,14.823953,0,61.028712,33.53945,60.547657,49.944993,33.637587,50,27,0,0,0,0,0,0,0,0
1167,60.776005,0,1.900409,0,37.927048,24.960854,0.797946,2.851425,0,89.061529,0,14.892788,0,60.622107,33.803985,60.729122,49.995423,33.738401,50,27,0,0,0,0,0,0,0,0
1168,60.490057,0,1.896051,0,37.877921,25.030993,0.802757,2.859608,0,89.251547,0,14.943065,0,61.001464,33.647764,60.772261,50.007369,33.762367,50,27,0,0,0,0,0,0,0,0
1169,60.891204,0,1.901784,0,38.020916,24.928883,0.796357,2.852987,0,88.763375,0,14.904672,0,60.765499,33.707441,60.676503,49.980865,33.709168,50,27,0,0,0,0,0,0,0,0
1170,60.932553,0,1.893731,0,38.088351,24.98591,0.803871,2.846138,0,88.986341,0,14.850158,0,61.018074,33.59347,60.694232,49.985861,33.719018,50,27,0,0,0,0,0,0,0,0
1171,60.555,0,1.895828,0,37.954625,24.85843,0.801501,2.85594,0,88.929837,0,14.865699,0,60.89821,33.667705,60.751198,50.001676,33.750666,50,27,0,0,0,0,0,0,0,0
1172,60.510447,0,1.899876,0,37.966578,25.006372,0.79952,2.854349,0,88.893353,0,14.867425,0,60.755616,33.780299,60.855294,50.03044,33.808497,50,27,0,0,0,0,0,0,0,0
1173,60.641122,0,1.889118,0,37.999836,24.913956,0.800253,2.845346,0,88.985869,0,14.824704,0,60.573661,33.852698,60.819826,50.020485,33.788792,50,27,0,0,0,0,0,0,0,0
1174,60.71332,0,1.898276,0,37.658,24.976153,0.80295,2.864599,0,88.964316,0,14.873391,0,60.717567,33.766815,60.767188,50.005834,33.759549,50,27,0,0,0,0,0,0,0,0
1175,60.49152,0,1.89594,0,38.014394,25.133381,0.79758,2.852254,0,89.227754,0,14.815709,0,60.820482,33.638863,60.597102,49.958794,33.665057,50,27,0,0,0,0,0,0,0,0
1176,61.084803,0,1.901711,0,38.05471,25.212101,0.800073,2.837926,0,89.446332,0,14.881341,0,61.158081,33.688191,61.052713,50.084928,33.918174,50,27,0,0,0,0,0,0,0,0
1177,60.848786,0,1.91353,0,38.295508,25.103081,0.800928,2.836372,0,89.6893,0,14.894413,0,60.931709,33.50027,60.436531,49.914195,33.575851,50,27,0,0,0,0,0,0,0,0
1178,60.470149,0,1.89634,0,37.865579,25.110981,0.801093,2.854069,0,89.174398,0,14.845478,0,60.720823,33.554606,60.37121,49.896568,33.539561,50,27,0,0,0,0,0,0,0,0
1179,60.879866,0,1.909234,0,37.976287,25.068696,0.801647,2.841578,0,88.953502,0,14.865963,0,60.660675,33.76051,60.767242,50.006544,33.759579,50,27,0,0,0,0,0,0,0,0
1180,60.664511,0,1.899984,0,37.871138,24.908123,0.798726,2.856585,0,88.916167,0,14.831415,0,60.592692,33.828394,60.83579,50.025458,33.797661,50,27,0,0,0,0,0,0,0,0
1181,60.607259,0,1.898769,0,38.107488,24.894595,0.799271,2.840967,0,89.764425,0,14.888216,0,60.997241,33.586731,60.715388,49.992052,33.730771,50,27,0,0,0,0,0,0,0,0
1182,60.456147,0,1.903244,0,37.805868,25.045956,0.80257,2.868179,0,89.621767,0,14.823139,0,60.745851,33.780395,60.890123,50.040388,33.827846,50,27,0,0,0,0,0,0,0,0
1183,60.546981,0,1.903528,0,37.959207,24.98366,0.802066,2.847371,0,89.162019,0,14.793191,0,60.328868,33.856818,60.62533,49.966999,33.680739,50,27,0,0,0,0,0,0,0,0
1184,60.54701,0,1.89902,0,37.892622,25.15655,0.801787,2.843978,0,88.745967,0,14.860916,0,60.702163,33.715247,60.681468,49.98268,33.711927,50,27,0,0,0,0,0,0,0,0
1185,60.724963,0,1.895994,0,38.00466,24.918642,0.801027,2.848802,0,88.97017,0,14.833193,0,60.520542,33.740546,60.554506,49.947674,33.641392,50,27,0,0,0,0,0,0,0,0
1186,61.119864,0,1.898115,0,38.020358,25.016715,0.796135,2.864946,0,89.196552,0,14.880632,0,60.529146,33.86412,60.821651,50.021772,33.789806,50,27,0,0,0,0,0,0,0,0
1187,60.860256,0,1.898046,0,38.128235,25.03547,0.800813,2.853933,0,89.285252,0,14.869352,0,60.832926,33.614572,60.580759,49.955083,33.655977,50,27,0,0,0,0,0,0,0,0
1188,60.684519,0,1.904412,0,38.129331,24.893052,0.797512,2.853885,0,89.339887,0,14.831998,0,60.654828,33.641791,60.475836,49.926306,33.597687,50,27,0,0,0,0,0,0,0,0
1189,60.698772,0,1.900426,0,38.08069,25.041091,0.802181,2.861338,0,89.053122,0,14.818048,0,60.820652,33.783072,60.950862,50.057967,33.86159,50,27,0,0,0,0,0,0,0,0
1190,60.692354,0,1.898643,0,37.837587,24.967861,0.801967,2.842288,0,88.82887,0,14.883612,0,60.575675,33.883737,60.910087,50.046409,33.838937,50,27,0,0,0,0,0,0,0,0
1191,60.584158,0,1.895568,0,38.026031,24.854838,0.798697,2.85557,0,89.238666,0,14.796753,0,60.754185,33.738789,60.761946,50.005233,33.756637,50,27,0,0,0,0,0,0,0,0
1192,60.852603,0,1.89748,0,38.24012,25.023356,0.803421,2.853127,0,89.161276,0,14.892201,0,60.694367,33.722768,60.66785,49.979199,33.704361,50,27,0,0,0,0,0,0,0,0
1193,60.902387,0,1.906459,0,38.077123,25.049892,0.799704,2.861511,0,89.250049,0,14.768758,0,60.649211,33.713002,60.60375,49.961585,33.66875,50,27,0,0,0,0,0,0,0,0
1194,60.853112,0,1.902721,0,38.012304,25.083576,0.797019,2.850994,0,88.943378,0,14.865601,0,60.568148,33.857149,60.829589,50.024197,33.794216,50,27,0,0,0,0,0,0,0,0
1195,61.067808,0,1.897741,0,38.040591,25.174176,0.803381,2.844646,0,89.634719,0,14.862,0,60.638305,33.762416,60.683579,49.983721,33.7131,50,27,0,0,0,0,0,0,0,0
1196,60.947387,0,1.892932,0,37.810895,24.951214,0.802234,2.843828,0,89.075189,0,14.883519,0,60.542388,33.88189,60.836848,50.026164,33.798249,50,27,0,0,0,0,0,0,0,0
1197,60.486201,0,1.899758,0,37.886011,25.044283,0.797023,2.854031,0,89.566885,0,14.929991,0,60.649859,33.713052,60.569773,49.952216,33.649874,50,27,0,0,0,0,0,0,0,0
1198,60.943072,0,1.899869,0,37.935353,24.957784,0.801795,2.855145,0,88.937182,0,14.841167,0,60.868873,33.708592,60.784385,50.011771,33.769103,50,27,0,0,0,0,0,0,0,0
1199,60.939607,0,1.896795,0,37.926053,24.96132,0.799137,2.868422,0,88.973752,0,14.874358,0,60.844403,33.628983,60.597269,49.959995,33.66515,50,27,0,0,0,0,0,0,0,0
1200,60.720804,0,1.898666,0,38.107254,24.976167,0.803186,2.843606,0,89.310981,0,14.886297,0,60.568866,33.757762,60.60882,49.963387,33.671567,50,27,0,0,0,0,0,0,0,0
1201,61.019156,0,1.89777,0,37.942588,24.964805,0.80035,2.846171,0,89.025286,0,14.787543,0,60.737396,33.791919,60.846905,50.029374,33.803836,50,27,0,0,0,0,0,0,0,0
1202,60.908391,0,1.893245,0,38.164057,24.955437,0.799206,2.850721,0,89.407297,0,14.85409,0,60.518943,33.809068,60.65778,49.976955,33.698767,50,27,0,0,0,0,0,0,0,0
1203,60.723289,0,1.899515,0,37.938373,24.940685,0.799915,2.84897,0,89.394055,0,14.859239,0,60.892677,33.588194,60.55693,49.949195,33.642739,50,27,0,0,0,0,0,0,0,0
1204,61.240584,0,1.899366,0,38.019462,24.975288,0.799964,2.866133,0,89.425892,0,14.896414,0,60.539816,33.851863,60.78123,50.011443,33.76735,50,27,0,0,0,0,0,0,0,0
1205,60.870608,0,1.906299,0,37.773333,25.042887,0.802271,2.846365,0,88.953507,0,14.816058,0,60.857594,33.689776,60.742019,50.000548,33.745566,50,27,0,0,0,0,0,0,0,0
1206,60.579926,0,1.906211,0,37.922445,25.017379,0.798822,2.857292,0,89.453145,0,14.860475,0,60.94725,33.515792,60.4719,49.925886,33.5955,50,27,0,0,0,0,0,0,0,0
1207,60.732682,0,1.900985,0,37.898463,24.913722,0.801537,2.853088,0,88.721508,0,14.855403,0,60.63658,33.795361,60.780655,50.011593,33.767031,50,27,0,0,0,0,0,0,0,0
1208,60.759556,0,1.902133,0,37.946866,25.133364,0.80338,2.848177,0,89.294251,0,14.808204,0,60.770313,33.674411,60.650253,49.975493,33.694585,50,27,0,0,0,0,0,0,0,0
1209,60.803628,0,1.897098,0,38.070849,25.010458,0.801292,2.859082,0,88.897795,0,14.889542,0,60.596658,33.910859,60.98286,50.067546,33.879367,50,27,0,0,0,0,0,0,0,0
1210,60.75898,0,1.902871,0,37.952706,25.036295,0.796394,2.837104,0,89.325937,0,14.782214,0,60.871148,33.711694,60.813099,50.020289,33.785055,50,27,0,0,0,0,0,0,0,0
1211,60.612631,0,1.905167,0,37.963754,25.098633,0.796507,2.842129,0,88.959154,0,14.893116,0,60.717988,33.790797,60.830425,50.024977,33.794681,50,27,0,0,0,0,0,0,0,0
1212,60.867184,0,1.900974,0,37.958819,25.031571,0.796736,2.849478,0,88.816383,0,14.886136,0,60.598296,33.7944,60.711305,49.991928,33.728503,50,27,0,0,0,0,0,0,0,0
1213,60.588112,0,1.899112,0,37.81072,25.030479,0.802342,2.845112,0,89.116811,0,14.822561,0,60.795356,33.806026,60.925827,50.051261,33.847682,50,27,0,0,0,0,0,0,0,0
1214,60.618193,0,1.898968,0,38.091475,24.965739,0.80065,2.847906,0,89.339441,0,14.872989,0,60.896477,33.533614,60.444175,49.91788,33.580097,50,27,0,0,0,0,0,0,0,0
1215,60.742638,0,1.899367,0,38.233163,24.920154,0.799895,2.863007,0,89.703545,0,14.869311,0,60.550384,33.812232,60.71406,49.992884,33.730034,50,27,0,0,0,0,0,0,0,0
1216,60.955316,0,1.910672,0,37.919102,24.998928,0.802948,2.829553,0,88.986906,0,14.849783,0,60.756108,33.62248,60.509295,49.936323,33.616275,50,27,0,0,0,0,0,0,0,0
1217,60.721944,0,1.897743,0,38.078884,24.96915,0.803263,2.85703,0,89.658182,0,14.759693,0,60.432277,33.85224,60.685542,49.985354,33.71419,50,27,0,0,0,0,0,0,0,0
1218,60.567385,0,1.902613,0,38.019217,24.982365,0.7928,2.858287,0,89.05092,0,14.833144,0,60.539411,33.868883,60.811952,50.020366,33.784418,50,27,0,0,0,0,0,0,0,0
1219,60.595835,0,1.899725,0,37.926164,24.933174,0.80165,2.838024,0,89.248424,0,14.86689,0,60.7696,33.809832,60.900547,50.044752,33.833637,50,27,0,0,0,0,0,0,0,0
1220,60.959246,0,1.902684,0,37.971083,24.909914,0.800866,2.850081,0,89.425071,0,14.784961,0,60.818852,33.680016,60.667783,49.980194,33.704324,50,27,0,0,0,0,0,0,0,0
1221,60.72252,0,1.900634,0,37.957131,25.081021,0.798295,2.841471,0,89.232471,0,14.915355,0,60.717572,33.598839,60.404712,49.907581,33.558173,50,27,0,0,0,0,0,0,0,0
1222,60.627141,0,1.892204,0,38.117051,25.065187,0.797383,2.856267,0,89.305626,0,14.866261,0,60.829401,33.78899,60.937194,50.055216,33.853997,50,27,0,0,0,0,0,0,0,0
1223,60.390172,0,1.903468,0,38.007612,25.109358,0.797157,2.856958,0,88.905698,0,14.857701,0,60.973202,33.716394,60.921128,50.050501,33.845071,50,27,0,0,0,0,0,0,0,0
1224,60.431072,0,1.898245,0,38.126299,24.996892,0.799478,2.852762,0,89.207175,0,14.821706,0,60.487253,33.870531,60.763565,50.0067,33.757536,50,27,0,0,0,0,0,0,0,0
1225,60.957088,0,1.895261,0,38.159734,24.803214,0.801648,2.85909,0,89.097453,0,14.814732,0,61.083027,33.573776,60.716103,49.993548,33.731168,50,27,0,0,0,0,0,0,0,0
1226,60.783838,0,1.903723,0,37.894112,24.933963,0.802501,2.855908,0,89.555689,0,14.89095,0,60.713431,33.835711,60.921959,50.050478,33.845533,50,27,0,0,0,0,0,0,0,0
1227,60.497836,0,1.898847,0,38.005528,24.949587,0.799425,2.850453,0,89.065665,0,14.820572,0,60.389034,33.992897,60.916093,50.048606,33.842274,50,27,0,0,0,0,0,0,0,0
1228,60.667167,0,1.900948,0,37.937502,25.136469,0.800379,2.843051,0,89.262694,0,14.85178,0,60.693288,33.733146,60.639493,49.971913,33.688607,50,27,0,0,0,0,0,0,0,0
1229,60.728519,0,1.900172,0,38.018601,25.030329,0.799492,2.847724,0,89.080683,0,14.882125,0,60.745294,33.783036,60.800097,50.016443,33.777832,50,27,0,0,0,0,0,0,0,0
1230,60.801819,0,1.896598,0,38.228378,25.050089,0.80326,2.842035,0,89.348629,0,14.867448,0,60.736992,33.775388,60.772238,50.008661,33.762354,50,27,0,0,0,0,0,0,0,0
1231,60.894497,0,1.896754,0,37.969531,25.120779,0.798704,2.849464,0,88.942697,0,14.860351,0,61.023823,33.695895,60.889186,50.040942,33.827326,50,27,0,0,0,0,0,0,0,0
1232,60.815048,0,1.913347,0,38.081261,25.095155,0.799564,2.847059,0,88.839559,0,14.796212,0,60.666451,33.848826,60.862818,50.03345,33.812677,50,27,0,0,0,0,0,0,0,0
1233,60.70604,0,1.899354,0,37.987918,25.032336,0.798559,2.852076,0,89.062038,0,14.890507,0,60.779315,33.91945,61.11238,50.102262,33.951322,50,27,0,0,0,0,0,0,0,0
1234,60.62571,0,1.898033,0,38.101801,24.933932,0.80185,2.853745,0,89.045006,0,14.867777,0,60.472787,33.998424,60.951622,50.05732,33.862012,50,27,0,0,0,0,0,0,0,0
1235,60.404857,0,1.89765,0,38.013139,24.91503,0.800298,2.848809,0,89.151505,0,14.895644,0,60.561414,33.91783,60.840319,50.026271,33.800177,50,27,0,0,0,0,0,0,0,0
1236,60.638443,0,1.904062,0,38.023766,25.218948,0.801902,2.85187,0,89.322658,0,14.872988,0,60.629037,33.776099,60.591547,49.957381,33.66197,50,27,0,0,0,0,0,0,0,0
1237,61.066675,0,1.896303,0,37.918697,24.95574,0.801614,2.846971,0,89.360714,0,14.844677,0,61.306809,33.470294,60.626604,49.967282,33.681446,50,27,0,0,0,0,0,0,0,0
1238,60.603081,0,1.903243,0,37.901377,25.059513,0.802442,2.840441,0,88.511439,0,14.869314,0,60.963529,33.634696,60.672622,49.980164,33.707012,50,27,0,0,0,0,0,0,0,0
1239,61.083366,0,1.88928,0,37.803533,25.05889,0.798099,2.849131,0,89.274945,0,14.915174,0,60.876154,33.613541,60.558806,49.948805,33.643781,50,27,0,0,0,0,0,0,0,0
1240,60.546599,0,1.906683,0,37.950679,25.000279,0.803311,2.841921,0,89.235236,0,14.910313,0,60.516901,33.969637,60.970527,50.062857,33.872515,50,27,0,0,0,0,0,0,0,0
1241,60.690406,0,1.899185,0,37.93204,24.923719,0.798817,2.841796,0,89.182103,0,14.89516,0,60.616731,33.750658,60.580095,49.954631,33.655608,50,27,0,0,0,0,0,0,0,0
1242,60.564497,0,1.903446,0,38.127528,24.947141,0.800069,2.845403,0,89.507884,0,14.870477,0,60.879377,33.622802,60.575335,49.953541,33.652964,50,27,0,0,0,0,0,0,0,0
1243,60.784241,0,1.906261,0,37.775449,25.037124,0.800921,2.845335,0,89.396227,0,14.9414,0,60.940507,33.580457,60.566147,49.951233,33.64786,50,27,0,0,0,0,0,0,0,0
1244,60.921402,0,1.900557,0,38.195817,25.000326,0.801277,2.840606,0,88.52331,0,14.872486,0,60.62352,33.732722,60.593741,49.959102,33.663189,50,27,0,0,0,0,0,0,0,0
1245,60.595261,0,1.896721,0,38.10931,24.999909,0.798807,2.860014,0,89.103168,0,14.866806,0,60.45895,33.866869,60.714,49.992545,33.73,50,27,0,0,0,0,0,0,0,0
1246,60.737135,0,1.9035,0,38.149883,25.022519,0.803886,2.838486,0,89.211567,0,14.809388,0,60.623325,33.894663,60.921061,50.049813,33.845034,50,27,0,0,0,0,0,0,0,0
1247,60.954594,0,1.904896,0,38.063272,25.027221,0.800064,2.852421,0,89.287485,0,14.802749,0,60.604711,33.939393,60.978191,50.065355,33.876773,50,27,0,0,0,0,0,0,0,0
1248,60.38559,0,1.900555,0,37.76672,24.948894,0.79483,2.85895,0,89.041519,0,14.831176,0,60.95089,33.607675,60.601309,49.960862,33.667394,50,27,0,0,0,0,0,0,0,0
1249,60.660517,0,1.887733,0,38.037406,25.093087,0.800633,2.860961,0,89.162966,0,14.947283,0,61.288452,33.591798,60.92723,50.051139,33.848461,50,27,0,0,0,0,0,0,0,0
1250,60.793355,0,1.894603,0,38.1438,25.071438,0.79853,2.848796,0,89.127474,0,14.81744,0,60.698149,33.705999,60.600396,49.960549,33.666887,50,27,0,0,0,0,0,0,0,0
1251,60.873303,0,1.898553,0,38.025945,25.021098,0.804866,2.853335,0,89.540494,0,14.847861,0,60.690232,33.734955,60.659668,49.977128,33.699816,50,27,0,0,0,0,0,0,0,0
1252,61.041207,0,1.901096,0,38.337411,25.050913,0.799888,2.844948,0,88.878098,0,14.815954,0,60.353373,33.791035,60.443013,49.917359,33.579452,50,27,0,0,0,0,0,0,0,0
1253,60.43773,0,1.911421,0,37.877377,24.985327,0.80018,2.846519,0,88.535674,0,14.897911,0,60.689869,33.758668,60.705632,49.990358,33.725351,50,27,0,0,0,0,0,0,0,0
1254,60.721244,0,1.892967,0,37.986092,25.068966,0.800467,2.850333,0,88.772577,0,14.817097,0,60.565716,33.785891,60.637917,49.971689,33.687731,50,27,0,0,0,0,0,0,0,0
1255,60.653184,0,1.901619,0,37.851576,25.028297,0.797363,2.848637,0,88.897396,0,14.854982,0,60.693431,33.662083,60.499964,49.9337,33.611091,50,27,0,0,0,0,0,0,0,0
1256,60.741739,0,1.89817,0,38.231909,24.968868,0.801725,2.863607,0,89.107617,0,14.790184,0,60.661937,33.73585,60.636162,49.971675,33.686757,50,27,0,0,0,0,0,0,0,0
1257,60.533009,0,1.896146,0,38.198631,24.838924,0.801577,2.857581,0,89.008868,0,14.922479,0,60.771436,33.663422,60.594496,49.960299,33.663609,50,27,0,0,0,0,0,0,0,0
1258,60.52055,0,1.900662,0,38.101638,25.048942,0.802523,2.849138,0,89.138531,0,14.859323,0,60.555105,33.733895,60.537876,49.944848,33.632153,50,27,0,0,0,0,0,0,0,0
1259,60.934928,0,1.898385,0,38.008285,25.123673,0.802028,2.849912,0,89.227135,0,14.925691,0,60.888079,33.679414,60.757007,50.005689,33.753893,50,27,0,0,0,0,0,0,0,0
1260,60.616079,0,1.896593,0,37.983974,24.936449,0.798013,2.860327,0,89.021052,0,14.771941,0,60.805042,33.584811,60.482609,49.929818,33.60145,50,27,0,0,0,0,0,0,0,0
1261,60.945191,0,1.891609,0,38.158732,24.925431,0.797058,2.830879,0,88.909462,0,14.761517,0,60.75789,33.644662,60.581857,49.957599,33.656587,50,27,0,0,0,0,0,0,0,0
1262,60.744071,0,1.898613,0,38.008333,25.026574,0.801501,2.851096,0,89.075778,0,14.838626,0,60.750527,33.473189,60.223795,49.858843,33.457664,50,27,0,0,0,0,0,0,0,0
1263,60.667382,0,1.90313,0,37.860565,25.112729,0.799902,2.873212,0,88.600233,0,14.852671,0,60.76769,33.575691,60.490095,49.933149,33.605608,50,27,0,0,0,0,0,0,0,0
1264,60.582194,0,1.899987,0,38.010693,25.109676,0.795431,2.85263,0,88.787214,0,14.751155,0,60.701927,33.688055,60.678698,49.985611,33.710388,50,27,0,0,0,0,0,0,0,0
1265,60.756297,0,1.902974,0,37.963934,24.913673,0.796044,2.853462,0,89.041614,0,14.799642,0,60.768695,33.628797,60.621919,49.969989,33.678844,50,27,0,0,0,0,0,0,0,0
1266,60.608467,0,1.893939,0,38.206375,25.042044,0.802169,2.862803,0,89.063042,0,14.778105,0,60.595121,33.663618,60.530972,49.945001,33.628318,50,27,0,0,0,0,0,0,0,0
1267,60.708613,0,1.895638,0,38.035037,25.010897,0.797525,2.85713,0,88.83669,0,14.796557,0,60.611764,33.808672,60.857595,50.035552,33.809775,50,27,0,0,0,0,0,0,0,0
1268,60.814445,0,1.900358,0,37.993553,25.066836,0.802576,2.852662,0,89.25756,0,14.816118,0,60.38802,33.831441,60.666515,49.982562,33.70362,50,27,0,0,0,0,0,0,0,0
1269,60.417315,0,1.902165,0,37.920825,25.029988,0.801448,2.847642,0,89.138215,0,14.865245,0,60.515716,33.639453,60.371831,49.901199,33.539906,50,27,0,0,0,0,0,0,0,0
1270,60.995532,0,1.902134,0,37.974709,25.046529,0.801918,2.841977,0,89.187275,0,14.959068,0,60.455414,33.710719,60.470849,49.929059,33.594916,50,27,0,0,0,0,0,0,0,0
1271,60.577087,0,1.894643,0,38.040008,25.002378,0.801045,2.85234,0,89.5872,0,14.820318,0,60.421539,33.971395,60.985874,50.071762,33.881041,50,27,0,0,0,0,0,0,0,0
1272,60.865221,0,1.903351,0,37.971285,24.917194,0.80429,2.862876,0,89.327472,0,14.848906,0,60.781336,33.655841,60.644777,49.977127,33.691543,50,27,0,0,0,0,0,0,0,0
1273,60.300105,0,1.908571,0,37.917514,25.022071,0.799652,2.859234,0,89.35927,0,14.82659,0,60.69027,33.826065,60.921313,50.053675,33.845174,50,27,0,0,0,0,0,0,0,0
1274,60.390213,0,1.896314,0,38.093032,25.016106,0.803258,2.861414,0,88.81348,0,14.882899,0,60.607793,33.690617,60.538685,49.947651,33.632603,50,27,0,0,0,0,0,0,0,0
1275,60.656246,0,1.899537,0,37.969517,24.957,0.799472,2.849769,0,89.06293,0,14.890035,0,60.761831,33.82658,60.983837,50.07095,33.87991,50,27,0,0,0,0,0,0,0,0
1276,60.528926,0,1.894025,0,37.994567,25.06778,0.801371,2.860621,0,89.101912,0,14.881085,0,60.899173,33.626671,60.685622,49.988171,33.714234,50,27,0,0,0,0,0,0,0,0
1277,60.48202,0,1.907054,0,37.912108,24.844662,0.801951,2.85633,0,89.25194,0,14.863453,0,60.560094,33.663089,60.43671,49.919432,33.57595,50,27,0,0,0,0,0,0,0,0
1278,60.823876,0,1.9071,0,38.131488,24.965001,0.802696,2.838225,0,88.973683,0,14.847575,0,60.807999,33.655476,60.676267,49.986045,33.709037,50,27,0,0,0,0,0,0,0,0
1279,60.639133,0,1.889412,0,38.021385,24.911353,0.798621,2.84012,0,88.702365,0,14.856414,0,60.748418,33.886391,61.112006,50.106551,33.951114,50,27,0,0,0,0,0,0,0,0
1280,60.635791,0,1.894627,0,38.148376,24.985992,0.797484,2.840622,0,89.210928,0,14.894812,0,60.734935,33.787654,60.867526,50.038448,33.815292,50,27,0,0,0,0,0,0,0,0
1281,60.685398,0,1.912615,0,37.889218,24.98844,0.80188,2.859069,0,89.236033,0,14.8595,0,61.032619,33.672363,60.913731,50.051027,33.840961,50,27,0,0,0,0,0,0,0,0
1282,60.918831,0,1.903065,0,37.96359,25.110204,0.801,2.857707,0,89.177697,0,14.80101,0,60.936171,33.565173,60.59861,49.963675,33.665894,50,27,0,0,0,0,0,0,0,0
1283,60.714591,0,1.901918,0,37.88644,25.003329,0.799715,2.850355,0,89.240935,0,14.840056,0,60.838104,33.589785,60.573556,49.956931,33.651975,50,27,0,0,0,0,0,0,0,0
1284,60.7877,0,1.900186,0,37.688796,24.928111,0.799629,2.851162,0,88.947652,0,14.825589,0,60.731897,33.709453,60.736307,50.002129,33.742393,50,27,0,0,0,0,0,0,0,0
1285,61.148879,0,1.904608,0,37.962446,24.990575,0.804431,2.84875,0,89.11312,0,14.792978,0,60.445736,33.90765,60.867944,50.038502,33.815524,50,27,0,0,0,0,0,0,0,0
1286,60.843512,0,1.900417,0,38.139331,25.07704,0.806663,2.845227,0,88.798939,0,14.837426,0,60.712076,33.788129,60.855779,50.034949,33.808766,50,27,0,0,0,0,0,0,0,0
1287,60.60815,0,1.909202,0,37.987009,25.020609,0.80518,2.862345,0,89.212513,0,14.828953,0,60.658846,33.759691,60.733583,50.001,33.740879,50,27,0,0,0,0,0,0,0,0
1288,60.502958,0,1.8989,0,37.980542,25.10131,0.800178,2.857098,0,89.210778,0,14.891836,0,60.784134,33.582846,60.481168,49.931229,33.600649,50,27,0,0,0,0,0,0,0,0
1289,60.76427,0,1.897011,0,37.827506,25.025049,0.798694,2.839254,0,89.49259,0,14.843805,0,60.841274,33.701458,60.80744,50.021751,33.781911,50,27,0,0,0,0,0,0,0,0
1290,60.928932,0,1.901925,0,38.223791,24.961506,0.801143,2.839096,0,88.768409,0,14.846065,0,60.741977,33.784899,60.886266,50.04343,33.825704,50,27,0,0,0,0,0,0,0,0
1291,61.140504,0,1.889332,0,38.013798,24.922443,0.802952,2.843839,0,88.841335,0,14.903322,0,60.846838,33.546306,60.478826,49.930599,33.599348,50,27,0,0,0,0,0,0,0,0
1292,60.677775,0,1.897566,0,38.162756,24.999953,0.798972,2.850823,0,88.966403,0,14.870718,0,60.467314,33.937869,60.948256,50.060693,33.860142,50,27,0,0,0,0,0,0,0,0
1293,60.707775,0,1.898636,0,38.229238,25.06842,0.803714,2.848932,0,89.091655,0,14.845892,0,60.468984,33.860615,60.75691,50.007504,33.753839,50,27,0,0,0,0,0,0,0,0
1294,60.602763,0,1.900484,0,38.077179,24.97099,0.797261,2.859054,0,89.411007,0,14.874242,0,60.669639,33.860999,60.940379,50.058177,33.855766,50,27,0,0,0,0,0,0,0,0
1295,60.89191,0,1.900747,0,37.919472,24.950864,0.799708,2.852453,0,89.144671,0,14.962771,0,60.558494,33.946837,60.993377,50.072535,33.885209,50,27,0,0,0,0,0,0,0,0
1296,60.851303,0,1.899781,0,37.957358,25.045822,0.798146,2.841241,0,89.416764,0,14.866464,0,61.015331,33.691127,60.883647,50.041846,33.824248,50,27,0,0,0,0,0,0,0,0
1297,60.688226,0,1.906617,0,37.973542,25.008008,0.802367,2.862155,0,89.129453,0,14.919467,0,60.723338,33.891551,61.022653,50.080058,33.901474,50,27,0,0,0,0,0,0,0,0
1298,60.544599,0,1.902953,0,37.954697,24.877157,0.80118,2.851933,0,89.073571,0,14.893748,0,60.714509,33.866024,60.94127,50.057166,33.856261,50,27,0,0,0,0,0,0,0,0
1299,60.665875,0,1.892917,0,37.812944,24.986204,0.799287,2.834834,0,89.12691,0,14.823047,0,61.104229,33.612064,60.781122,50.012617,33.76729,50,27,0,0,0,0,0,0,0,0
1300,60.733158,0,1.901619,0,37.945703,24.977356,0.803075,2.85308,0,89.226086,0,14.899701,0,60.813923,33.745588,60.792662,50.015744,33.773701,50,27,0,0,0,0,0,0,0,0
1301,60.916236,0,1.901927,0,37.885651,25.062192,0.801154,2.852881,0,89.008981,0,14.875001,0,60.606023,33.906419,60.925343,50.052338,33.847413,50,27,0,0,0,0,0,0,0,0
1302,60.809524,0,1.908157,0,38.085942,24.859642,0.80087,2.860418,0,89.205798,0,14.880568,0,61.128633,33.556194,60.68924,49.98682,33.716244,50,27,0,0,0,0,0,0,0,0
1303,60.949548,0,1.903205,0,37.806941,25.018686,0.798713,2.854298,0,89.288609,0,14.892621,0,60.406034,33.973188,60.873699,50.037869,33.818722,50,27,0,0,0,0,0,0,0,0
1304,60.395299,0,1.895221,0,38.10973,24.943421,0.803855,2.855023,0,88.98314,0,14.912418,0,60.893818,33.741997,60.844587,50.029635,33.802548,50,27,0,0,0,0,0,0,0,0
1305,60.942803,0,1.893357,0,37.879057,24.886251,0.797571,2.837985,0,89.122801,0,14.925495,0,60.818758,33.851225,61.003005,50.073273,33.890559,50,27,0,0,0,0,0,0,0,0
1306,61.171431,0,1.894944,0,37.834936,25.073322,0.800323,2.857122,0,89.185116,0,14.913461,0,60.926674,33.645888,60.666273,49.979837,33.703485,50,27,0,0,0,0,0,0,0,0
1307,60.790197,0,1.900973,0,38.263825,24.95073,0.804071,2.83288,0,89.563912,0,14.853807,0,60.903145,33.767617,60.915791,50.048903,33.842106,50,27,0,0,0,0,0,0,0,0
1308,60.479158,0,1.893159,0,38.03975,24.990835,0.803685,2.856193,0,89.484295,0,14.94865,0,60.778872,33.763784,60.782642,50.011858,33.768135,50,27,0,0,0,0,0,0,0,0
1309,61.163812,0,1.905389,0,37.918808,24.93945,0.802124,2.840146,0,89.090653,0,14.92237,0,61.109392,33.671299,60.917842,50.049168,33.843245,50,27,0,0,0,0,0,0,0,0
1310,60.584968,0,1.903571,0,37.926103,24.943514,0.800767,2.84516,0,89.634691,0,14.882547,0,60.721894,33.82766,60.87214,50.036292,33.817856,50,27,0,0,0,0,0,0,0,0
1311,60.679154,0,1.898745,0,37.774073,25.018139,0.803157,2.85972,0,89.418553,0,14.900197,0,61.017984,33.617111,60.714713,49.992599,33.730396,50,27,0,0,0,0,0,0,0,0
1312,60.721435,0,1.905309,0,37.909101,24.939376,0.804154,2.852406,0,88.585976,0,14.923882,0,60.977814,33.633378,60.72781,49.996256,33.737672,50,27,0,0,0,0,0,0,0,0
1313,60.668395,0,1.903058,0,38.080424,25.225,0.799924,2.850094,0,88.783135,0,14.851176,0,60.762147,33.700225,60.668775,49.979957,33.704875,50,27,0,0,0,0,0,0,0,0
1314,60.533355,0,1.896393,0,38.014409,24.886453,0.795898,2.831577,0,89.084311,0,14.785116,0,61.040532,33.560263,60.657763,49.977013,33.698757,50,27,0,0,0,0,0,0,0,0
1315,60.866709,0,1.9007,0,37.800367,24.9934,0.798538,2.845886,0,88.927063,0,14.873676,0,60.618311,33.536542,60.209428,49.85321,33.449682,50,27,0,0,0,0,0,0,0,0
1316,60.705685,0,1.906688,0,37.991873,24.955009,0.798443,2.841165,0,89.242855,0,14.863727,0,60.472057,33.895809,60.846558,50.03004,33.803643,50,27,0,0,0,0,0,0,0,0
1317,60.83665,0,1.906355,0,38.051787,24.941744,0.799967,2.86253,0,88.946818,0,14.834283,0,60.440411,33.824588,60.641273,49.973151,33.689596,50,27,0,0,0,0,0,0,0,0
1318,60.708913,0,1.893976,0,38.052056,25.092583,0.799729,2.845556,0,89.303698,0,14.810063,0,60.685934,33.887775,61.007528,50.074516,33.893071,50,27,0,0,0,0,0,0,0,0
1319,60.767913,0,1.895717,0,37.832861,24.952787,0.796743,2.842966,0,88.888746,0,14.830846,0,60.77816,33.708695,60.701907,49.989672,33.723282,50,27,0,0,0,0,0,0,0,0
1320,60.655288,0,1.897647,0,38.219946,24.892783,0.800801,2.853365,0,88.73596,0,14.842423,0,61.036209,33.428539,60.373768,49.899028,33.540982,50,27,0,0,0,0,0,0,0,0
1321,60.857112,0,1.907294,0,37.927278,24.981473,0.801832,2.847297,0,89.267559,0,14.923114,0,61.045215,33.544952,60.669734,49.981334,33.705408,50,27,0,0,0,0,0,0,0,0
1322,60.833469,0,1.899214,0,38.035357,24.832994,0.797342,2.853534,0,89.071517,0,14.818632,0,60.642671,33.672784,60.560306,49.951181,33.644614,50,27,0,0,0,0,0,0,0,0
1323,60.635459,0,1.890674,0,38.060515,24.907829,0.801694,2.835893,0,89.340625,0,14.877163,0,60.702696,33.679409,60.639452,49.9733,33.688585,50,27,0,0,0,0,0,0,0,0
1324,60.41181,0,1.912704,0,37.981475,24.902137,0.805511,2.857803,0,88.890637,0,14.781104,0,60.978641,33.784216,61.140427,50.1119,33.966904,50,27,0,0,0,0,0,0,0,0
1325,60.921946,0,1.889437,0,37.944645,24.97048,0.79924,2.854515,0,88.718591,0,14.861248,0,60.677278,33.813674,60.891091,50.042428,33.828384,50,27,0,0,0,0,0,0,0,0
1326,60.717937,0,1.902716,0,38.046359,25.002223,0.794235,2.843815,0,89.1321,0,14.827974,0,60.652869,33.717682,60.650836,49.975811,33.694909,50,27,0,0,0,0,0,0,0,0
1327,60.535907,0,1.898313,0,38.143066,24.937858,0.802019,2.851463,0,88.615545,0,14.887864,0,60.833554,33.7804,60.963943,50.062473,33.868857,50,27,0,0,0,0,0,0,0,0
1328,60.76163,0,1.90012,0,37.951273,24.846139,0.797253,2.853069,0,88.504336,0,14.825312,0,60.64338,33.725673,60.65018,49.975439,33.694544,50,27,0,0,0,0,0,0,0,0
1329,60.489403,0,1.907273,0,38.063085,25.026574,0.799382,2.858441,0,88.791349,0,14.7831,0,60.994663,33.627259,60.793445,50.015159,33.774136,50,27,0,0,0,0,0,0,0,0
1330,61.064551,0,1.893223,0,38.00911,25.019926,0.804472,2.844034,0,89.300882,0,14.887315,0,60.858098,33.661468,60.741618,50.000759,33.745343,50,27,0,0,0,0,0,0,0,0
1331,60.613462,0,1.89856,0,37.97807,25.03797,0.798684,2.854336,0,89.542398,0,14.833547,0,60.554159,33.687233,60.499305,49.933781,33.610725,50,27,0,0,0,0,0,0,0,0
1332,60.805339,0,1.900661,0,37.990537,25.059071,0.802613,2.865822,0,89.274849,0,14.845118,0,60.761528,33.786101,60.918653,50.050017,33.843696,50,27,0,0,0,0,0,0,0,0
1333,60.781436,0,1.900839,0,38.048676,24.932659,0.803564,2.84013,0,89.198717,0,14.80485,0,60.5966,33.872422,60.925987,50.051795,33.84777,50,27,0,0,0,0,0,0,0,0
1334,60.89213,0,1.898691,0,38.052478,25.054708,0.804064,2.83854,0,89.10564,0,14.843256,0,60.595308,33.632231,60.397455,49.905453,33.554142,50,27,0,0,0,0,0,0,0,0
1335,60.837186,0,1.903891,0,38.097302,25.021954,0.800839,2.844233,0,89.191037,0,14.960265,0,60.924073,33.67336,60.825343,50.02419,33.791857,50,27,0,0,0,0,0,0,0,0
1336,60.521983,0,1.909356,0,37.860301,25.125394,0.801122,2.841103,0,89.568737,0,14.870421,0,60.635356,33.794398,60.798112,50.016543,33.776729,50,27,0,0,0,0,0,0,0,0
1337,60.26515,0,1.90463,0,37.952868,25.011051,0.798976,2.857795,0,89.531084,0,14.779931,0,60.583918,33.770862,60.686856,49.98571,33.71492,50,27,0,0,0,0,0,0,0,0
1338,60.930143,0,1.906,0,38.01933,24.997127,0.804207,2.864247,0,88.784956,0,14.841007,0,60.892771,33.722105,60.886428,50.040942,33.825793,50,27,0,0,0,0,0,0,0,0
1339,60.638595,0,1.907432,0,38.003906,25.026287,0.803348,2.844053,0,89.604523,0,14.792198,0,60.911695,33.662618,60.780266,50.011396,33.766815,50,27,0,0,0,0,0,0,0,0
1340,60.759357,0,1.907559,0,38.086852,25.113441,0.798222,2.86667,0,89.079898,0,14.892585,0,60.741883,33.821199,60.953177,50.059131,33.862876,50,27,0,0,0,0,0,0,0,0
1341,60.504866,0,1.897462,0,38.156949,24.888752,0.801874,2.853675,0,89.255147,0,14.82194,0,61.086756,33.575667,60.766926,50.007358,33.759403,50,27,0,0,0,0,0,0,0,0
1342,60.779927,0,1.89967,0,38.016873,25.003772,0.798143,2.857063,0,89.382829,0,14.874926,0,60.621827,33.707141,60.599312,49.960993,33.666284,50,27,0,0,0,0,0,0,0,0
1343,60.982591,0,1.894425,0,38.110356,25.005443,0.796533,2.859851,0,89.252668,0,14.85084,0,60.462136,33.958549,60.971343,50.064015,33.872968,50,27,0,0,0,0,0,0,0,0
1344,60.656772,0,1.895457,0,38.123397,25.136997,0.795276,2.840901,0,88.866718,0,14.8734,0,60.64671,33.828344,60.849441,50.030004,33.805245,50,27,0,0,0,0,0,0,0,0
1345,60.799399,0,1.90454,0,37.978715,24.944001,0.801292,2.863324,0,88.917684,0,14.925971,0,60.92299,33.71689,60.877951,50.037734,33.821084,50,27,0,0,0,0,0,0,0,0
1346,60.512761,0,1.891911,0,37.953009,24.95974,0.802653,2.861645,0,89.726667,0,14.822088,0,60.93598,33.657681,60.768862,50.007395,33.760479,50,27,0,0,0,0,0,0,0,0
1347,61.032564,0,1.91345,0,37.948569,24.879764,0.80163,2.848276,0,89.383108,0,14.879668,0,60.752408,33.638379,60.55502,49.948253,33.641678,50,27,0,0,0,0,0,0,0,0
1348,60.779449,0,1.894202,0,37.933204,25.023259,0.800274,2.862706,0,89.566329,0,14.862877,0,60.533838,33.849026,60.79312,50.01432,33.773956,50,27,0,0,0,0,0,0,0,0
1349,60.637562,0,1.895957,0,37.98812,25.009486,0.796667,2.846732,0,89.275133,0,14.754178,0,60.467884,33.931775,60.885509,50.039785,33.825283,50,27,0,0,0,0,0,0,0,0
1350,60.894787,0,1.899055,0,37.957079,25.050519,0.799671,2.857094,0,88.789599,0,14.850996,0,60.664092,33.876496,60.939013,50.054375,33.855007,50,27,0,0,0,0,0,0,0,0
1351,60.980452,0,1.902003,0,38.285399,25.026298,0.798707,2.846899,0,89.354825,0,14.919586,0,61.05215,33.600861,60.728469,49.995911,33.738038,50,27,0,0,0,0,0,0,0,0
1352,60.442689,0,1.914915,0,38.044398,24.968219,0.801354,2.858854,0,89.178886,0,14.847022,0,60.885789,33.678483,60.746072,50.000797,33.747818,50,27,0,0,0,0,0,0,0,0
1353,60.943806,0,1.895414,0,38.126373,25.135924,0.803869,2.855943,0,89.52604,0,14.797224,0,61.106907,33.570528,60.748206,50.001383,33.749003,50,27,0,0,0,0,0,0,0,0
1354,60.681758,0,1.894058,0,37.931584,25.052533,0.801786,2.843262,0,89.356208,0,14.760364,0,60.801851,33.780678,60.908853,50.045778,33.838252,50,27,0,0,0,0,0,0,0,0
1355,60.537919,0,1.904147,0,38.039299,25.034293,0.798639,2.865271,0,89.042057,0,14.917671,0,60.19152,34.001233,60.757068,50.003598,33.753927,50,27,0,0,0,0,0,0,0,0
1356,60.96513,0,1.900101,0,38.082892,25.225,0.799377,2.859793,0,89.012045,0,14.915626,0,60.719458,33.680051,60.572167,49.952474,33.651204,50,27,0,0,0,0,0,0,0,0
1357,60.462291,0,1.901702,0,38.108531,24.956749,0.797223,2.855349,0,89.118814,0,14.944122,0,60.599144,33.706894,60.51768,49.93765,33.620934,50,27,0,0,0,0,0,0,0,0
1358,60.777535,0,1.895454,0,38.12943,25.00514,0.802826,2.850214,0,89.058612,0,14.90868,0,60.695531,33.699164,60.602852,49.961502,33.668251,50,27,0,0,0,0,0,0,0,0
1359,60.705714,0,1.895584,0,38.044501,25.015866,0.797163,2.858144,0,88.659338,0,14.789767,0,60.691646,33.718134,60.644777,49.973281,33.691543,50,27,0,0,0,0,0,0,0,0
1360,60.542104,0,1.89803,0,38.058321,25.00086,0.801207,2.862025,0,89.143326,0,14.912201,0,60.663094,33.832893,60.861222,50.033239,33.81179,50,27,0,0,0,0,0,0,0,0
1361,60.93671,0,1.893209,0,37.988448,25.035607,0.799562,2.852669,0,89.698088,0,14.860306,0,61.031725,33.586516,60.697769,49.987896,33.720983,50,27,0,0,0,0,0,0,0,0
1362,60.567428,0,1.899918,0,37.994293,25.088083,0.801573,2.84887,0,89.189551,0,14.82145,0,60.93297,33.672935,60.802177,50.016813,33.778987,50,27,0,0,0,0,0,0,0,0
1363,60.635794,0,1.901497,0,38.005812,25.033553,0.798758,2.844594,0,89.186733,0,14.889648,0,60.574619,33.883585,60.896341,50.042756,33.8313,50,27,0,0,0,0,0,0,0,0
1364,60.978674,0,1.898375,0,37.783836,25.001782,0.797719,2.844614,0,88.948499,0,14.767857,0,60.64082,33.717048,60.591143,49.958188,33.661746,50,27,0,0,0,0,0,0,0,0
1365,60.713171,0,1.891136,0,38.046389,24.972977,0.799583,2.84169,0,89.137047,0,14.875184,0,60.598792,33.897203,60.932236,50.052673,33.851242,50,27,0,0,0,0,0,0,0,0
1366,60.594608,0,1.899182,0,37.788517,25.055987,0.797856,2.828659,0,89.253023,0,14.834083,0,60.568222,33.851137,60.783653,50.011343,33.768696,50,27,0,0,0,0,0,0,0,0
1367,60.900796,0,1.889039,0,38.165056,24.980673,0.801346,2.852953,0,89.277764,0,14.841005,0,60.664196,33.874196,60.914805,50.047537,33.841558,50,27,0,0,0,0,0,0,0,0
1368,60.809879,0,1.895544,0,37.968944,25.039719,0.802378,2.843586,0,88.912169,0,14.869648,0,60.835105,33.732472,60.7711,50.007581,33.761722,50,27,0,0,0,0,0,0,0,0
1369,60.563804,0,1.885565,0,37.990423,24.972693,0.802929,2.859393,0,89.144477,0,14.965413,0,60.940944,33.630614,60.666084,49.978517,33.70338,50,27,0,0,0,0,0,0,0,0
1370,60.697654,0,1.905939,0,37.945603,24.980854,0.798278,2.842814,0,89.23995,0,14.903506,0,61.058974,33.698476,60.944438,50.05556,33.858021,50,27,0,0,0,0,0,0,0,0
1371,60.806412,0,1.897885,0,37.887601,25.093876,0.797495,2.860678,0,89.369821,0,14.80825,0,60.585807,33.59568,60.261594,49.866548,33.478664,50,27,0,0,0,0,0,0,0,0
1372,60.923847,0,1.903198,0,38.01485,25.039557,0.799761,2.850094,0,89.039802,0,14.922019,0,60.691187,33.607279,60.411706,49.908702,33.562059,50,27,0,0,0,0,0,0,0,0
1373,60.735549,0,1.909997,0,37.881749,25.01896,0.802086,2.856386,0,89.569504,0,14.836531,0,60.87922,33.781574,60.984859,50.067574,33.880477,50,27,0,0,0,0,0,0,0,0
1374,60.802846,0,1.898899,0,38.119147,24.908494,0.802867,2.86321,0,88.815616,0,14.83513,0,60.932333,33.581406,60.609141,49.963391,33.671745,50,27,0,0,0,0,0,0,0,0
1375,60.842433,0,1.898423,0,37.955553,24.953807,0.800877,2.847003,0,88.91415,0,14.825853,0,60.806372,33.710264,60.775189,50.009468,33.763994,50,27,0,0,0,0,0,0,0,0
1376,60.827168,0,1.897275,0,37.782668,24.989649,0.800796,2.838058,0,88.817085,0,14.871186,0,60.616329,33.825046,60.829213,50.024353,33.794007,50,27,0,0,0,0,0,0,0,0
1377,60.570054,0,1.900204,0,37.93975,25.118569,0.796763,2.857074,0,89.493255,0,14.827321,0,60.771298,33.675886,60.656241,49.976423,33.697912,50,27,0,0,0,0,0,0,0,0
1378,60.73579,0,1.906157,0,38.058436,25.07475,0.799162,2.853143,0,89.28783,0,14.938579,0,60.635038,33.891193,60.981335,50.066395,33.87852,50,27,0,0,0,0,0,0,0,0
1379,60.964584,0,1.898762,0,37.836408,25.019443,0.802078,2.850371,0,88.950793,0,14.869146,0,60.682581,33.803043,60.821294,50.02183,33.789608,50,27,0,0,0,0,0,0,0,0
1380,60.578578,0,1.888544,0,37.868495,24.980828,0.793852,2.845148,0,89.130559,0,14.84382,0,60.737615,33.78254,60.82441,50.022582,33.791339,50,27,0,0,0,0,0,0,0,0
1381,60.657013,0,1.893124,0,37.885632,24.919882,0.798988,2.845674,0,89.504951,0,14.797548,0,60.587098,33.82441,60.756788,50.00378,33.753771,50,27,0,0,0,0,0,0,0,0
1382,60.832474,0,1.902535,0,37.897354,24.889076,0.800077,2.832845,0,89.487819,0,14.913911,0,60.89352,33.781277,60.961621,50.060376,33.867567,50,27,0,0,0,0,0,0,0,0
1383,60.936893,0,1.901228,0,38.135191,24.883038,0.804222,2.857977,0,89.607264,0,14.856301,0,60.746513,33.669834,60.575283,49.953293,33.652935,50,27,0,0,0,0,0,0,0,0
1384,60.991781,0,1.906747,0,37.904748,24.993039,0.80138,2.855071,0,88.574414,0,14.849114,0,60.597868,33.909147,60.94214,50.054923,33.856744,50,27,0,0,0,0,0,0,0,0
1385,60.759493,0,1.89915,0,37.853473,24.963208,0.796452,2.860077,0,89.267275,0,14.864471,0,60.659258,33.862899,60.88446,50.038707,33.8247,50,27,0,0,0,0,0,0,0,0
1386,60.830385,0,1.899432,0,38.187424,24.928027,0.796773,2.845629,0,89.290602,0,14.84924,0,60.6333,33.784182,60.678382,49.981556,33.710212,50,27,0,0,0,0,0,0,0,0
1387,61.10844,0,1.895658,0,37.96413,24.945674,0.802501,2.838924,0,89.042432,0,14.805889,0,60.715687,33.799544,60.790356,50.012597,33.77242,50,27,0,0,0,0,0,0,0,0
1388,60.791438,0,1.908235,0,37.965346,25.00081,0.80032,2.830505,0,89.270368,0,14.888005,0,60.883551,33.775885,60.903647,50.043847,33.83536,50,27,0,0,0,0,0,0,0,0
1389,61.115834,0,1.901909,0,38.07182,24.953782,0.7955,2.848784,0,89.242253,0,14.905488,0,60.982696,33.539064,60.501991,49.932613,33.612217,50,27,0,0,0,0,0,0,0,0
1390,60.699513,0,1.894696,0,38.002344,24.944861,0.799954,2.85575,0,89.725836,0,14.835021,0,60.856702,33.621405,60.579729,49.954435,33.655405,50,27,0,0,0,0,0,0,0,0
1391,60.899013,0,1.902846,0,37.99943,25.027702,0.800487,2.8549,0,88.791012,0,14.83158,0,60.871848,33.750279,60.88403,50.038769,33.824461,50,27,0,0,0,0,0,0,0,0
1392,60.921195,0,1.894321,0,38.064063,25.022263,0.802371,2.852015,0,89.360004,0,14.763944,0,60.795544,33.687031,60.673551,49.980401,33.707529,50,27,0,0,0,0,0,0,0,0
1393,60.78027,0,1.902359,0,38.04161,25.015067,0.798613,2.852489,0,88.95322,0,14.873677,0,60.71686,33.905449,61.063218,50.0882,33.92401,50,27,0,0,0,0,0,0,0,0
1394,60.86076,0,1.900577,0,38.014296,24.925556,0.797295,2.834221,0,89.51167,0,14.859872,0,60.519734,33.775605,60.570554,49.951591,33.650308,50,27,0,0,0,0,0,0,0,0
1395,60.793693,0,1.890313,0,38.014909,25.005438,0.801317,2.847301,0,89.56865,0,14.841665,0,60.644019,33.683949,60.498326,49.931869,33.610181,50,27,0,0,0,0,0,0,0,0
1396,60.75919,0,1.900777,0,37.944595,25.040058,0.800374,2.843139,0,89.163049,0,14.87078,0,60.667146,33.87352,60.930435,50.051641,33.850242,50,27,0,0,0,0,0,0,0,0
1397,60.653882,0,1.897988,0,37.998224,24.985873,0.796883,2.850051,0,88.500911,0,14.862886,0,60.403287,33.967962,60.849334,50.028968,33.805185,50,27,0,0,0,0,0,0,0,0
1398,60.692266,0,1.901891,0,37.82471,24.987928,0.799465,2.857906,0,89.313,0,14.805654,0,60.946402,33.545971,60.474434,49.925203,33.596908,50,27,0,0,0,0,0,0,0,0
1399,61.109437,0,1.900639,0,38.055008,24.990284,0.798873,2.846187,0,89.458663,0,14.830759,0,60.950408,33.572867,60.564671,49.950516,33.64704,50,27,0,0,0,0,0,0,0,0
1400,60.899997,0,1.893335,0,38.132521,25.014836,0.801342,2.84409,0,89.273804,0,14.872288,0,60.996664,33.62927,60.754011,50.003095,33.752228,50,27,0,0,0,0,0,0,0,0
1401,60.60696,0,1.913875,0,37.914881,25.014697,0.802055,2.851089,0,88.710787,0,14.839279,0,60.955045,33.801448,61.090746,50.096152,33.939303,50,27,0,0,0,0,0,0,0,0
1402,60.624437,0,1.908609,0,37.912575,24.93604,0.798624,2.836673,0,88.814643,0,14.809574,0,60.788468,33.771467,60.852446,50.029808,33.806914,50,27,0,0,0,0,0,0,0,0
1403,60.662655,0,1.901556,0,37.924391,25.038174,0.798012,2.86928,0,89.415769,0,14.870668,0,60.733442,33.838344,60.934491,50.052337,33.852495,50,27,0,0,0,0,0,0,0,0
1404,60.759432,0,1.903143,0,38.002059,25.108027,0.804719,2.845052,0,89.309397,0,14.845394,0,60.654265,33.781757,60.723384,49.993728,33.735214,50,27,0,0,0,0,0,0,0,0
1405,60.848009,0,1.903907,0,37.843088,25.088054,0.800891,2.854561,0,89.351259,0,14.831842,0,61.025686,33.684846,60.886065,50.038723,33.825592,50,27,0,0,0,0,0,0,0,0
1406,60.603172,0,1.905018,0,38.275616,25.115453,0.80197,2.855221,0,88.687377,0,14.808384,0,60.593087,33.810281,60.726782,49.994505,33.737101,50,27,0,0,0,0,0,0,0,0
1407,60.898713,0,1.893137,0,37.947143,24.990704,0.798049,2.841083,0,88.751738,0,14.826638,0,60.676381,33.847444,60.88011,50.036912,33.822283,50,27,0,0,0,0,0,0,0,0
1408,60.597018,0,1.910509,0,37.93424,25.142248,0.80064,2.851024,0,89.211169,0,14.843376,0,60.768409,33.818923,60.899243,50.042016,33.832913,50,27,0,0,0,0,0,0,0,0
1409,60.492953,0,1.895579,0,38.150159,24.956967,0.800545,2.862764,0,88.961343,0,14.871271,0,60.959039,33.569744,60.556086,49.94696,33.64227,50,27,0,0,0,0,0,0,0,0
1410,60.835682,0,1.894418,0,37.930416,25.001659,0.799577,2.844568,0,89.02448,0,14.904436,0,60.439718,33.963307,60.89212,50.040103,33.828955,50,27,0,0,0,0,0,0,0,0
1411,60.999487,0,1.90668,0,37.820095,24.97148,0.799576,2.849901,0,89.118789,0,14.886184,0,60.390824,34.032996,60.96195,50.059204,33.86775,50,27,0,0,0,0,0,0,0,0
1412,61.041944,0,1.898082,0,38.204783,24.919931,0.803286,2.854125,0,89.263983,0,14.898072,0,60.849312,33.734276,60.754632,50.001607,33.752573,50,27,0,0,0,0,0,0,0,0
1413,60.72817,0,1.904663,0,38.193002,25.028856,0.805048,2.853414,0,88.682473,0,14.905423,0,61.15527,33.695838,60.985427,50.06539,33.880793,50,27,0,0,0,0,0,0,0,0
1414,60.647973,0,1.893252,0,38.1027,25.106238,0.803094,2.833205,0,89.238696,0,14.747452,0,60.846539,33.701905,60.700107,49.986204,33.722282,50,27,0,0,0,0,0,0,0,0
1415,60.483031,0,1.900304,0,37.913667,24.987945,0.802053,2.859254,0,89.225093,0,14.835326,0,60.683423,33.84053,60.838556,50.024539,33.799198,50,27,0,0,0,0,0,0,0,0
1416,61.062956,0,1.898518,0,37.947489,25.007886,0.796719,2.851786,0,89.386179,0,14.863314,0,61.067452,33.650778,60.812632,50.017252,33.784796,50,27,0,0,0,0,0,0,0,0
1417,60.767494,0,1.898904,0,37.827752,24.934665,0.79892,2.852093,0,89.183294,0,14.896553,0,60.791057,33.947968,61.179048,50.118442,33.98836,50,27,0,0,0,0,0,0,0,0
1418,60.712653,0,1.894677,0,38.049505,24.944395,0.801851,2.867831,0,88.555218,0,14.922954,0,60.690338,34.073123,61.318078,50.15628,34.065599,50,27,0,0,0,0,0,0,0,0
1419,60.539985,0,1.894044,0,38.082721,24.927267,0.80151,2.86256,0,89.153411,0,14.884243,0,60.501943,34.010311,60.957955,50.055966,33.865531,50,27,0,0,0,0,0,0,0,0
1420,60.993199,0,1.901985,0,38.162771,24.910917,0.803305,2.87565,0,89.494848,0,14.934695,0,61.056159,33.594297,60.606142,49.958447,33.670079,50,27,0,0,0,0,0,0,0,0
1421,60.476491,0,1.895676,0,37.894873,24.924104,0.799152,2.842585,0,89.048042,0,14.941624,0,60.797978,33.892944,61.006045,50.069186,33.892247,50,27,0,0,0,0,0,0,0,0
1422,60.807331,0,1.893358,0,38.202651,24.93515,0.798234,2.861187,0,89.367782,0,14.863597,0,60.918462,33.592624,60.480037,49.923455,33.600021,50,27,0,0,0,0,0,0,0,0
1423,60.761296,0,1.900368,0,37.979204,24.931604,0.798839,2.843193,0,88.875013,0,14.85997,0,60.878902,33.694191,60.682122,49.979692,33.71229,50,27,0,0,0,0,0,0,0,0
1424,60.477401,0,1.896648,0,37.891543,25.107093,0.802346,2.852409,0,89.056888,0,14.807978,0,60.725656,33.768992,60.698958,49.984446,33.721643,50,27,0,0,0,0,0,0,0,0
1425,60.675099,0,1.894113,0,38.119432,25.115372,0.800114,2.848038,0,89.050132,0,14.790536,0,60.52081,33.947989,60.873353,50.032725,33.818529,50,27,0,0,0,0,0,0,0,0
1426,60.829176,0,1.901871,0,38.134503,24.928292,0.802627,2.838621,0,89.61411,0,14.877751,0,60.972967,33.673463,60.724397,49.991392,33.735776,50,27,0,0,0,0,0,0,0,0
1427,60.662882,0,1.903666,0,38.027518,25.141038,0.795171,2.859918,0,89.552827,0,14.861378,0,61.021982,33.683941,60.811048,50.015385,33.783916,50,27,0,0,0,0,0,0,0,0
1428,60.968809,0,1.896556,0,37.857287,25.024031,0.804795,2.840997,0,89.187484,0,14.895131,0,60.927184,33.591641,60.534741,49.938938,33.630411,50,27,0,0,0,0,0,0,0,0
1429,60.672269,0,1.891246,0,38.152159,25.012577,0.801913,2.841603,0,89.48235,0,14.872691,0,60.942042,33.534229,60.453022,49.916655,33.585012,50,27,0,0,0,0,0,0,0,0
1430,60.76545,0,1.8934,0,38.10967,25.079677,0.802931,2.842609,0,89.117073,0,14.817595,0,60.682934,33.732528,60.642764,49.969513,33.690424,50,27,0,0,0,0,0,0,0,0
1431,60.788316,0,1.898719,0,37.863369,25.044577,0.799209,2.852739,0,88.866847,0,14.851364,0,60.51263,33.796822,60.610591,49.960773,33.672551,50,27,0,0,0,0,0,0,0,0
1432,60.608867,0,1.892091,0,38.132237,24.946359,0.80474,2.842444,0,89.288273,0,14.779032,0,60.6279,33.743397,60.607046,49.959988,33.670581,50,27,0,0,0,0,0,0,0,0
1433,61.008784,0,1.903622,0,38.007037,25.225,0.798764,2.852654,0,89.251785,0,14.84547,0,60.598595,33.897699,60.904526,50.042409,33.835848,50,27,0,0,0,0,0,0,0,0
1434,60.865047,0,1.891474,0,38.037801,25.089114,0.79708,2.845275,0,89.307145,0,14.833368,0,60.832514,33.797964,60.908945,50.04342,33.838303,50,27,0,0,0,0,0,0,0,0
1435,60.653144,0,1.890616,0,37.975965,24.897122,0.79969,2.85256,0,89.172947,0,14.81167,0,60.9319,33.658446,60.709258,49.988011,33.727365,50,27,0,0,0,0,0,0,0,0
1436,60.952096,0,1.905952,0,38.143951,25.007405,0.799895,2.85141,0,89.1593,0,14.834097,0,60.653043,33.767851,60.675092,49.978627,33.708385,50,27,0,0,0,0,0,0,0,0
1437,60.704544,0,1.896715,0,38.078087,24.957469,0.800359,2.853009,0,89.076235,0,14.875672,0,60.625068,33.733294,60.572845,49.950473,33.651581,50,27,0,0,0,0,0,0,0,0
1438,60.444893,0,1.892658,0,37.910407,25.019946,0.797664,2.842878,0,89.324575,0,14.804605,0,60.960675,33.538175,60.500137,49.930623,33.611187,50,27,0,0,0,0,0,0,0,0
1439,60.451121,0,1.902045,0,37.887879,25.144671,0.800632,2.842122,0,89.253652,0,14.878805,0,60.704289,33.812173,60.850498,50.027807,33.805832,50,27,0,0,0,0,0,0,0,0
1440,61.205878,0,1.90115,0,38.029219,25.02432,0.804299,2.831215,0,88.887259,0,14.871961,0,60.534956,33.703304,60.442382,49.914867,33.579101,50,27,0,0,0,0,0,0,0,0
1441,60.904492,0,1.897389,0,38.004538,24.990157,0.797778,2.854738,0,88.565434,0,14.850141,0,60.977223,33.617058,60.70851,49.988847,33.72695,50,27,0,0,0,0,0,0,0,0
1442,61.169352,0,1.894772,0,38.018882,24.946113,0.798521,2.842716,0,89.241043,0,14.830631,0,60.636794,33.817578,60.807849,50.016359,33.782138,50,27,0,0,0,0,0,0,0,0
1443,60.918032,0,1.904513,0,38.047886,24.947914,0.802146,2.84554,0,89.48231,0,14.842933,0,60.679518,33.889627,60.991858,50.067137,33.884366,50,27,0,0,0,0,0,0,0,0
1444,60.954666,0,1.896502,0,38.202842,24.962694,0.796496,2.84452,0,88.588914,0,14.90425,0,60.729151,33.838065,60.913207,50.045064,33.84067,50,27,0,0,0,0,0,0,0,0
1445,60.773336,0,1.895686,0,37.893044,24.982443,0.798076,2.844845,0,88.765507,0,14.891038,0,60.854549,33.572359,60.466628,49.921408,33.592571,50,27,0,0,0,0,0,0,0,0
1446,60.793315,0,1.899286,0,37.882127,24.986011,0.797561,2.85713,0,89.248428,0,14.800436,0,60.824895,33.617726,60.556914,49.946753,33.64273,50,27,0,0,0,0,0,0,0,0
1447,60.633994,0,1.907841,0,37.910318,24.943433,0.797981,2.861826,0,89.274774,0,14.901209,0,60.521427,33.770092,60.591594,49.956604,33.661996,50,27,0,0,0,0,0,0,0,0
1448,60.767696,0,1.902125,0,38.043581,24.9876,0.79987,2.854644,0,89.149938,0,14.857102,0,60.653349,33.702578,60.576717,49.952708,33.653732,50,27,0,0,0,0,0,0,0,0
1449,60.77417,0,1.902311,0,38.048901,24.936839,0.801171,2.858754,0,88.983616,0,14.816885,0,60.866478,33.835738,61.07552,50.09081,33.930844,50,27,0,0,0,0,0,0,0,0
1450,61.06717,0,1.90115,0,38.01367,25.010372,0.800295,2.841455,0,88.894094,0,14.833983,0,60.542622,33.938318,60.954978,50.057041,33.863877,50,27,0,0,0,0,0,0,0,0
1451,60.847696,0,1.903911,0,38.059525,25.056103,0.803388,2.849481,0,89.228499,0,14.816066,0,61.148243,33.73965,61.115761,50.101197,33.953201,50,27,0,0,0,0,0,0,0,0
1452,61.040759,0,1.90915,0,37.962146,25.004591,0.79526,2.849821,0,88.909643,0,14.784835,0,60.862451,33.570247,60.474665,49.923497,33.597036,50,27,0,0,0,0,0,0,0,0
1453,60.807704,0,1.893877,0,38.062825,25.021127,0.799446,2.843753,0,89.251703,0,14.886419,0,60.792257,33.812844,60.940437,50.052615,33.855798,50,27,0,0,0,0,0,0,0,0
1454,60.538885,0,1.891137,0,38.166614,24.986232,0.8012,2.841428,0,89.050972,0,14.830009,0,60.964691,33.754285,60.980086,50.063312,33.877825,50,27,0,0,0,0,0,0,0,0
1455,60.811227,0,1.903255,0,38.045235,24.88911,0.798891,2.836351,0,89.267047,0,14.876829,0,60.743561,33.805444,60.865908,50.031439,33.814393,50,27,0,0,0,0,0,0,0,0
1456,60.995538,0,1.9057,0,38.009023,24.875762,0.799737,2.850043,0,89.591372,0,14.87687,0,60.895673,33.673563,60.732186,49.994322,33.740104,50,27,0,0,0,0,0,0,0,0
1457,60.514809,0,1.888879,0,37.989545,25.004527,0.797921,2.848949,0,89.256851,0,14.823828,0,60.792024,33.820823,60.949382,50.054383,33.860768,50,27,0,0,0,0,0,0,0,0
1458,60.614155,0,1.896153,0,38.047665,25.031561,0.799112,2.853975,0,89.062397,0,14.948185,0,60.816082,33.6798,60.666135,49.975824,33.703409,50,27,0,0,0,0,0,0,0,0
1459,60.7329,0,1.907017,0,37.920149,24.836166,0.797373,2.846933,0,89.182653,0,14.835055,0,60.813737,33.798331,60.923188,50.046992,33.846215,50,27,0,0,0,0,0,0,0,0
1460,60.808462,0,1.899749,0,37.836539,24.929052,0.803695,2.845431,0,89.116291,0,14.819469,0,60.86338,33.639567,60.631098,49.966026,33.683943,50,27,0,0,0,0,0,0,0,0
1461,60.512879,0,1.906778,0,37.942077,24.959804,0.799382,2.849659,0,89.311983,0,14.86079,0,60.928478,33.801486,61.05226,50.082603,33.917922,50,27,0,0,0,0,0,0,0,0
1462,60.967432,0,1.8985,0,38.183098,24.964006,0.800106,2.860894,0,88.818543,0,14.924724,0,60.825861,33.698768,60.725237,49.991804,33.736243,50,27,0,0,0,0,0,0,0,0
1463,60.380035,0,1.897976,0,38.066283,24.989578,0.800818,2.847002,0,89.047536,0,14.817812,0,60.512304,33.851265,60.739641,49.995826,33.744245,50,27,0,0,0,0,0,0,0,0
1464,60.582829,0,1.905501,0,37.964307,24.969854,0.799629,2.838476,0,88.827131,0,14.92176,0,60.922325,33.936617,61.315494,50.15501,34.064164,50,27,0,0,0,0,0,0,0,0
1465,60.912426,0,1.891161,0,38.059235,25.017194,0.806194,2.858106,0,89.030788,0,14.83976,0,60.835244,33.716762,60.740083,49.995198,33.744491,50,27,0,0,0,0,0,0,0,0
1466,60.744006,0,1.895673,0,37.986325,24.972994,0.798697,2.859874,0,89.175288,0,14.890183,0,60.938287,33.603773,60.610738,49.959471,33.672632,50,27,0,0,0,0,0,0,0,0
1467,60.549344,0,1.895949,0,37.825342,24.910559,0.802171,2.851199,0,89.210491,0,14.807589,0,60.801917,33.796122,60.900575,50.039782,33.833653,50,27,0,0,0,0,0,0,0,0
1468,60.679239,0,1.90544,0,37.976064,24.879923,0.796352,2.833815,0,89.639058,0,14.8792,0,60.725232,33.707732,60.631276,49.965151,33.684042,50,27,0,0,0,0,0,0,0,0
1469,60.566266,0,1.90284,0,37.878365,25.185361,0.802893,2.855666,0,88.848953,0,14.854659,0,60.593349,33.760319,60.616192,49.961156,33.675662,50,27,0,0,0,0,0,0,0,0
1470,60.923819,0,1.898377,0,37.917485,24.978384,0.802273,2.84707,0,89.277681,0,14.816289,0,60.497601,33.968437,60.958016,50.055827,33.865564,50,27,0,0,0,0,0,0,0,0
1471,60.812257,0,1.898837,0,38.13879,24.861839,0.796984,2.857824,0,89.058595,0,14.86339,0,60.814551,33.870813,61.040262,50.078282,33.911257,50,27,0,0,0,0,0,0,0,0
1472,60.689568,0,1.903601,0,37.968252,24.988525,0.793511,2.859933,0,88.996377,0,14.873829,0,60.799552,33.718989,60.690904,49.981332,33.717169,50,27,0,0,0,0,0,0,0,0
1473,60.72612,0,1.895113,0,37.994231,24.961943,0.798115,2.851518,0,89.247038,0,14.881362,0,60.542288,33.854953,60.727229,49.991465,33.73735,50,27,0,0,0,0,0,0,0,0
1474,60.916132,0,1.902293,0,37.925499,24.892339,0.796688,2.842308,0,89.610548,0,14.868366,0,61.134,33.680961,60.940368,50.050418,33.85576,50,27,0,0,0,0,0,0,0,0
1475,60.854565,0,1.890471,0,38.136216,25.096694,0.799449,2.85294,0,88.839441,0,14.870563,0,60.644792,33.857371,60.835377,50.021148,33.797432,50,27,0,0,0,0,0,0,0,0
1476,61.002784,0,1.904028,0,38.02759,25.017431,0.79803,2.848241,0,89.011321,0,14.758468,0,60.899337,33.71274,60.77293,50.003783,33.762739,50,27,0,0,0,0,0,0,0,0
1477,61.037992,0,1.901187,0,38.190862,24.924007,0.797434,2.85,0,89.269096,0,14.887879,0,60.702539,33.888731,60.955263,50.05416,33.864035,50,27,0,0,0,0,0,0,0,0
1478,60.673257,0,1.902611,0,38.165932,24.775,0.793152,2.84758,0,89.191962,0,14.78294,0,60.831746,33.762207,60.801786,50.01147,33.77877,50,27,0,0,0,0,0,0,0,0
1479,60.972303,0,1.899735,0,37.969561,25.091064,0.804314,2.852588,0,88.910913,0,14.866699,0,60.822516,33.732936,60.732687,49.992314,33.740382,50,27,0,0,0,0,0,0,0,0
1480,60.663585,0,1.906708,0,38.12906,24.921096,0.802508,2.844229,0,89.156637,0,14.900271,0,60.777126,33.773966,60.779457,50.00528,33.766365,50,27,0,0,0,0,0,0,0,0
1481,60.949129,0,1.891946,0,37.927595,25.038916,0.797594,2.861258,0,89.138077,0,14.908496,0,60.872376,33.819624,60.970873,50.05816,33.872707,50,27,0,0,0,0,0,0,0,0
1482,60.825317,0,1.906258,0,38.050248,24.931049,0.800192,2.865015,0,89.335339,0,14.868782,0,60.645352,33.711003,60.508571,49.930092,33.615873,50,27,0,0,0,0,0,0,0,0
1483,60.580041,0,1.892824,0,37.913548,25.003346,0.799358,2.841515,0,89.623695,0,14.876853,0,60.924491,33.663235,60.695497,49.982106,33.719721,50,27,0,0,0,0,0,0,0,0
1484,60.560886,0,1.895751,0,38.092064,25.005636,0.797473,2.856854,0,89.141883,0,14.845918,0,60.584482,33.852043,60.768068,50.002253,33.760038,50,27,0,0,0,0,0,0,0,0
1485,60.619551,0,1.897447,0,38.156402,25.040315,0.797711,2.848598,0,89.258022,0,14.917846,0,60.672076,33.779947,60.69211,49.981247,33.717839,50,27,0,0,0,0,0,0,0,0
1486,60.924326,0,1.893288,0,37.912758,24.962262,0.797006,2.842148,0,89.01711,0,14.757556,0,60.468074,33.8778,60.693264,49.981659,33.71848,50,27,0,0,0,0,0,0,0,0
1487,60.981521,0,1.910384,0,38.108663,25.055679,0.797374,2.842386,0,89.32975,0,14.850269,0,60.585409,33.783789,60.598221,49.955481,33.665678,50,27,0,0,0,0,0,0,0,0
1488,60.725316,0,1.898511,0,37.993872,25.061448,0.804107,2.856624,0,89.425809,0,14.797406,0,61.170159,33.57549,60.74279,49.995661,33.745994,50,27,0,0,0,0,0,0,0,0
1489,60.635361,0,1.897078,0,37.967646,24.956918,0.798024,2.854058,0,89.024543,0,14.877233,0,60.828483,33.711141,60.713963,49.987715,33.729979,50,27,0,0,0,0,0,0,0,0
1490,60.365209,0,1.905898,0,37.797466,25.028571,0.798351,2.845201,0,89.449387,0,14.908915,0,60.592561,33.906841,60.898003,50.038644,33.832224,50,27,0,0,0,0,0,0,0,0
1491,61.100452,0,1.900143,0,37.960708,25.099059,0.800317,2.857376,0,89.345373,0,14.879001,0,60.90833,33.787852,60.94369,50.051079,33.857606,50,27,0,0,0,0,0,0,0,0
1492,60.58965,0,1.903128,0,38.020508,25.0448,0.799123,2.849874,0,88.942357,0,14.787898,0,60.645752,33.845829,60.801197,50.011441,33.778443,50,27,0,0,0,0,0,0,0,0
1493,60.968966,0,1.897346,0,37.969863,25.040121,0.803291,2.841877,0,89.05016,0,14.857204,0,60.689372,33.872474,60.891305,50.036289,33.828503,50,27,0,0,0,0,0,0,0,0
1494,60.708991,0,1.895189,0,37.996495,25.073112,0.796847,2.838061,0,89.311162,0,14.910487,0,61.007808,33.766085,60.972707,50.058608,33.873726,50,27,0,0,0,0,0,0,0,0
1495,60.526517,0,1.896275,0,38.108044,25.08403,0.798615,2.837342,0,89.32827,0,14.872243,0,60.663424,33.869263,60.848158,50.023892,33.804532,50,27,0,0,0,0,0,0,0,0
1496,60.951685,0,1.894818,0,38.144007,25.048283,0.803153,2.842453,0,89.3953,0,14.834306,0,60.890095,33.695831,60.697449,49.982117,33.720805,50,27,0,0,0,0,0,0,0,0
1497,60.908608,0,1.909431,0,37.800669,25.111965,0.801825,2.852862,0,89.400163,0,14.901066,0,61.099203,33.562397,60.637135,49.965536,33.687297,50,27,0,0,0,0,0,0,0,0
1498,60.648848,0,1.904454,0,38.247904,25.049554,0.802111,2.843492,0,89.077381,0,14.848969,0,60.655507,33.849038,60.826953,50.018172,33.792752,50,27,0,0,0,0,0,0,0,0
1499,60.629473,0,1.896319,0,38.208803,25.166401,0.798915,2.844458,0,89.329523,0,14.756246,0,60.545305,33.835918,60.67836,49.977011,33.7102,50,27,0,0,0,0,0,0,0,0
1500,61.009387,0,1.897182,0,37.862618,25.005595,0.802867,2.860922,0,89.394068,0,14.873661,0,60.761445,33.726253,60.654859,49.97063,33.697144,50,27,0,0,0,0,0,0,0,0
1501,60.459494,0,1.909654,0,38.125663,25.065753,0.799728,2.849585,0,89.275994,0,14.862346,0,60.792891,33.883162,61.023947,50.072791,33.902193,50,27,0,0,0,0,0,0,0,0
1502,60.871124,0,1.908112,0,38.120342,25.053315,0.801282,2.850388,0,89.25008,0,14.834178,0,60.674552,33.857218,60.83644,50.020602,33.798022,50,27,0,0,0,0,0,0,0,0
1503,60.762767,0,1.906922,0,38.047056,24.947122,0.799316,2.86061,0,88.875331,0,14.879924,0,60.568221,33.916538,60.84512,50.022899,33.802844,50,27,0,0,0,0,0,0,0,0
1504,60.846443,0,1.902127,0,37.910429,25.003662,0.797168,2.851749,0,88.810995,0,14.897051,0,61.172288,33.634176,60.836273,50.02034,33.79793,50,27,0,0,0,0,0,0,0,0
1505,60.536742,0,1.892181,0,37.87109,25.05963,0.798182,2.865357,0,88.952107,0,14.829213,0,60.90108,33.618904,60.553852,49.942179,33.641029,50,27,0,0,0,0,0,0,0,0
1506,60.753088,0,1.904074,0,37.97323,25.079669,0.798539,2.834871,0,88.705014,0,14.894844,0,60.542769,33.823673,60.649179,49.968814,33.693988,50,27,0,0,0,0,0,0,0,0
1507,60.424728,0,1.904276,0,37.920976,24.945346,0.797415,2.856173,0,89.487407,0,14.83684,0,60.581691,33.756171,60.539061,49.938533,33.632812,50,27,0,0,0,0,0,0,0,0
1508,60.886503,0,1.896834,0,37.905528,25.169306,0.798691,2.845912,0,89.179028,0,14.845245,0,61.100239,33.468524,60.45352,49.915196,33.585289,50,27,0,0,0,0,0,0,0,0
1509,60.520583,0,1.894042,0,38.032535,25.073833,0.801526,2.838107,0,89.189216,0,14.766105,0,60.862775,33.684797,60.712675,49.987247,33.729264,50,27,0,0,0,0,0,0,0,0
1510,60.891346,0,1.891313,0,38.152269,25.070437,0.797879,2.851523,0,89.305209,0,14.862222,0,60.405727,33.854807,60.623624,49.962697,33.679791,50,27,0,0,0,0,0,0,0,0
1511,60.719198,0,1.908331,0,37.901736,25.098486,0.796298,2.8577,0,88.86165,0,14.82701,0,60.737372,33.612176,60.42985,49.909324,33.572139,50,27,0,0,0,0,0,0,0,0
1512,60.548683,0,1.897233,0,38.038408,25.087498,0.803873,2.865781,0,89.063019,0,14.867905,0,60.564436,33.927986,60.942295,50.051413,33.85683,50,27,0,0,0,0,0,0,0,0
1513,60.947456,0,1.904351,0,38.066418,24.982341,0.801,2.83435,0,89.340267,0,14.821761,0,60.527626,33.833051,60.681615,49.979107,33.712008,50,27,0,0,0,0,0,0,0,0
1514,60.896387,0,1.903684,0,38.141771,24.959192,0.797595,2.854917,0,88.881775,0,14.755162,0,60.774166,33.73457,60.710799,49.987277,33.728222,50,27,0,0,0,0,0,0,0,0
1515,60.923409,0,1.904074,0,37.959381,25.04263,0.800878,2.845492,0,88.88569,0,14.935069,0,61.115659,33.540375,60.646621,49.969602,33.692567,50,27,0,0,0,0,0,0,0,0
1516,60.664612,0,1.887042,0,37.966123,25.127269,0.803865,2.848847,0,88.967691,0,14.777545,0,60.736808,33.736946,60.711728,49.987748,33.728738,50,27,0,0,0,0,0,0,0,0
1517,60.860528,0,1.90761,0,38.074697,25.007995,0.801828,2.865452,0,88.535351,0,14.962765,0,60.607236,33.748409,60.607903,49.959112,33.671057,50,27,0,0,0,0,0,0,0,0
1518,60.854923,0,1.91399,0,38.272188,25.061366,0.796536,2.844636,0,89.368061,0,14.850443,0,60.477458,33.879063,60.753681,49.999608,33.752045,50,27,0,0,0,0,0,0,0,0
1519,60.514767,0,1.901934,0,37.829846,25.095304,0.797039,2.855937,0,89.301532,0,14.8236,0,60.706902,33.835339,60.873632,50.032764,33.818684,50,27,0,0,0,0,0,0,0,0
1520,60.563102,0,1.903647,0,38.021553,24.805057,0.801774,2.845235,0,89.356958,0,14.895984,0,60.837099,33.770259,60.856131,50.027764,33.808962,50,27,0,0,0,0,0,0,0,0
1521,61.09075,0,1.903963,0,38.104053,25.099685,0.801655,2.831197,0,89.663639,0,14.890097,0,60.981203,33.607748,60.656248,49.972379,33.697915,50,27,0,0,0,0,0,0,0,0
1522,60.746564,0,1.897738,0,38.129066,24.996251,0.797729,2.851868,0,89.282076,0,14.923834,0,60.66124,33.952059,61.082875,50.090434,33.934931,50,27,0,0,0,0,0,0,0,0
1523,60.818832,0,1.915413,0,38.095644,25.065605,0.799244,2.856678,0,89.044113,0,14.844383,0,60.614107,33.799234,60.687026,49.980573,33.715014,50,27,0,0,0,0,0,0,0,0
1524,60.731812,0,1.902807,0,38.129696,25.055809,0.802862,2.84544,0,89.562521,0,14.909354,0,60.855599,33.581623,60.464936,49.919285,33.591631,50,27,0,0,0,0,0,0,0,0
1525,60.782618,0,1.90397,0,37.927549,24.823337,0.803901,2.86291,0,89.321948,0,14.822595,0,60.752886,33.632498,60.493954,49.927707,33.607752,50,27,0,0,0,0,0,0,0,0
1526,60.744467,0,1.89658,0,38.162964,25.12228,0.801855,2.86048,0,88.72183,0,14.807392,0,60.967414,33.574591,60.602518,49.958074,33.668066,50,27,0,0,0,0,0,0,0,0
1527,60.625591,0,1.902214,0,38.046075,24.97879,0.796744,2.854628,0,89.145026,0,14.881371,0,60.790425,33.66069,60.629951,49.965864,33.683306,50,27,0,0,0,0,0,0,0,0
1528,60.720376,0,1.895432,0,38.200835,25.059149,0.798217,2.847644,0,88.839724,0,14.885904,0,60.497692,33.716177,60.46429,49.920246,33.591272,50,27,0,0,0,0,0,0,0,0
1529,60.703907,0,1.901867,0,37.930467,24.954981,0.804811,2.853601,0,89.279342,0,14.841966,0,60.793107,33.56824,60.449737,49.916621,33.583187,50,27,0,0,0,0,0,0,0,0
1530,60.76444,0,1.9171,0,38.174729,24.886155,0.79845,2.846249,0,89.19472,0,14.898986,0,60.605035,33.823571,60.821716,50.019849,33.789842,50,27,0,0,0,0,0,0,0,0
1531,60.827905,0,1.892701,0,38.028757,24.915028,0.803025,2.851399,0,89.256715,0,14.860204,0,60.740396,33.68213,60.645181,49.970957,33.691767,50,27,0,0,0,0,0,0,0,0
1532,60.871847,0,1.896976,0,37.891561,24.998129,0.79858,2.856935,0,88.843814,0,14.797614,0,60.378836,33.900823,60.750879,50.000316,33.750488,50,27,0,0,0,0,0,0,0,0
1533,60.651699,0,1.899991,0,37.990772,24.975706,0.798303,2.855052,0,89.726511,0,14.792594,0,60.599392,33.753103,60.636584,49.968723,33.686991,50,27,0,0,0,0,0,0,0,0
1534,60.882886,0,1.903411,0,38.005411,24.98445,0.80138,2.850217,0,89.017669,0,14.806343,0,60.630435,33.70517,60.564194,49.948871,33.646774,50,27,0,0,0,0,0,0,0,0
1535,60.662424,0,1.897299,0,37.856089,25.015391,0.807069,2.84935,0,89.246176,0,14.806652,0,60.726215,33.741063,60.739825,49.997669,33.744347,50,27,0,0,0,0,0,0,0,0
1536,60.938747,0,1.895535,0,38.189821,24.978444,0.797863,2.859258,0,89.060415,0,14.873151,0,60.599429,33.827077,60.793626,50.012551,33.774236,50,27,0,0,0,0,0,0,0,0
1537,60.421883,0,1.90132,0,38.013028,25.00135,0.797248,2.863356,0,89.236285,0,14.909787,0,60.804471,33.61664,60.54264,49.943117,33.6348,50,27,0,0,0,0,0,0,0,0
1538,60.913224,0,1.9062,0,37.801765,24.944458,0.79542,2.848517,0,88.755812,0,14.845302,0,61.152141,33.684709,61.050257,50.083703,33.916809,50,27,0,0,0,0,0,0,0,0
1539,60.833408,0,1.90085,0,37.749765,24.998564,0.801032,2.855942,0,88.955848,0,14.828121,0,60.68576,33.870531,60.982213,50.064479,33.879007,50,27,0,0,0,0,0,0,0,0
1540,61.025903,0,1.903177,0,37.997569,24.974366,0.802365,2.847579,0,89.426696,0,14.88008,0,60.480708,34.097348,61.237074,50.134601,34.020596,50,27,0,0,0,0,0,0,0,0
1541,60.943256,0,1.905332,0,37.980694,24.945603,0.796775,2.850974,0,89.359037,0,14.943626,0,60.535654,33.909791,60.849119,50.026703,33.805066,50,27,0,0,0,0,0,0,0,0
1542,60.806609,0,1.900954,0,38.019358,24.947394,0.799402,2.844595,0,89.344188,0,14.868904,0,60.801989,33.685089,60.621882,49.963762,33.678823,50,27,0,0,0,0,0,0,0,0
1543,60.629049,0,1.901316,0,38.03665,24.983698,0.800197,2.85923,0,89.542193,0,14.827009,0,60.586824,33.881059,60.831348,50.021838,33.795193,50,27,0,0,0,0,0,0,0,0
1544,60.996185,0,1.893271,0,37.877424,25.032711,0.799978,2.849502,0,88.983548,0,14.838749,0,61.240803,33.543901,60.758851,50.001692,33.754917,50,27,0,0,0,0,0,0,0,0
1545,60.433611,0,1.895352,0,37.812881,25.179167,0.798783,2.852969,0,89.279558,0,14.81555,0,61.038917,33.667625,60.848068,50.026342,33.804482,50,27,0,0,0,0,0,0,0,0
1546,60.90409,0,1.908718,0,38.069215,25.024766,0.79693,2.868475,0,89.103653,0,14.850182,0,60.463506,33.976332,60.935762,50.05045,33.853201,50,27,0,0,0,0,0,0,0,0
1547,61.131189,0,1.901268,0,37.860719,25.057356,0.796651,2.85585,0,88.598092,0,14.827508,0,60.93399,33.744096,60.886858,50.036682,33.826032,50,27,0,0,0,0,0,0,0,0
1548,60.975011,0,1.908696,0,38.022719,24.96503,0.798259,2.850298,0,89.346408,0,14.767374,0,60.890788,33.746019,60.850659,50.026494,33.805922,50,27,0,0,0,0,0,0,0,0
1549,60.744954,0,1.893337,0,37.919408,24.947348,0.801934,2.844332,0,89.312559,0,14.871251,0,60.697572,33.803364,60.780913,50.007085,33.767174,50,27,0,0,0,0,0,0,0,0
1550,61.144918,0,1.903006,0,37.884328,24.959111,0.796503,2.841203,0,89.102392,0,14.833738,0,60.893125,33.754055,60.867246,50.030911,33.815136,50,27,0,0,0,0,0,0,0,0
1551,60.867789,0,1.904091,0,37.946466,24.858707,0.798773,2.868633,0,89.525001,0,14.9219,0,60.863301,33.839058,61.018343,50.07252,33.899079,50,27,0,0,0,0,0,0,0,0
1552,60.868296,0,1.901873,0,37.792822,25.025078,0.800252,2.848912,0,89.121452,0,14.91954,0,60.749457,33.719154,60.641887,49.968109,33.689937,50,27,0,0,0,0,0,0,0,0
1553,60.585027,0,1.904518,0,37.782138,25.094065,0.801645,2.8367,0,88.98509,0,14.862066,0,60.847054,33.825914,60.971402,50.059344,33.873001,50,27,0,0,0,0,0,0,0,0
1554,60.924605,0,1.899153,0,38.112991,24.980054,0.80193,2.852048,0,89.133955,0,14.904424,0,60.645018,33.72432,60.547294,49.941827,33.637385,50,27,0,0,0,0,0,0,0,0
1555,60.92708,0,1.899219,0,38.006327,25.038524,0.798837,2.85857,0,89.411218,0,14.865615,0,60.560494,33.895186,60.829298,50.020061,33.794055,50,27,0,0,0,0,0,0,0,0
1556,60.73577,0,1.901409,0,37.962166,25.146258,0.801096,2.841861,0,88.641281,0,14.859752,0,60.730378,33.761975,60.70139,49.984608,33.722995,50,27,0,0,0,0,0,0,0,0
1557,60.918171,0,1.895862,0,37.768639,25.01819,0.800224,2.848708,0,89.389497,0,14.91971,0,61.023633,33.742392,60.95515,50.054823,33.863972,50,27,0,0,0,0,0,0,0,0
1558,60.63062,0,1.899617,0,38.150604,25.04829,0.798552,2.852398,0,89.156922,0,14.868976,0,60.729896,33.702982,60.582562,49.951568,33.656979,50,27,0,0,0,0,0,0,0,0
1559,60.867031,0,1.897032,0,38.189582,25.154992,0.798796,2.854817,0,89.430592,0,14.856884,0,60.737345,33.767223,60.734729,49.993868,33.741516,50,27,0,0,0,0,0,0,0,0
1560,60.655858,0,1.903287,0,38.13363,25.036521,0.799053,2.84454,0,89.231344,0,14.838855,0,60.638642,33.913887,60.945557,50.05217,33.858643,50,27,0,0,0,0,0,0,0,0
1561,60.780111,0,1.900401,0,38.072276,25.051881,0.803528,2.85274,0,88.936999,0,14.882145,0,61.190784,33.462556,60.526492,49.936083,33.625829,50,27,0,0,0,0,0,0,0,0
1562,60.926017,0,1.896752,0,38.006536,24.962136,0.796594,2.839503,0,89.207523,0,14.838035,0,60.648665,33.970081,61.096451,50.093935,33.942473,50,27,0,0,0,0,0,0,0,0
1563,60.690673,0,1.895152,0,38.004287,25.048336,0.79912,2.865732,0,89.024919,0,14.858401,0,61.181681,33.402119,60.403435,49.901921,33.557464,50,27,0,0,0,0,0,0,0,0
1564,60.679278,0,1.889739,0,38.128834,24.903784,0.795702,2.851705,0,89.310672,0,14.884949,0,60.89179,33.696594,60.783344,50.007414,33.768525,50,27,0,0,0,0,0,0,0,0
1565,60.768976,0,1.902773,0,38.070417,24.929879,0.798783,2.860237,0,89.246382,0,14.883184,0,60.751024,33.752037,60.766305,50.002668,33.759059,50,27,0,0,0,0,0,0,0,0
1566,60.941512,0,1.905733,0,38.0357,24.93009,0.80298,2.860274,0,89.397962,0,14.802007,0,60.738605,33.682564,60.606386,49.958454,33.670215,50,27,0,0,0,0,0,0,0,0
1567,60.825332,0,1.894847,0,38.117214,24.988489,0.801497,2.850101,0,88.916206,0,14.784531,0,60.544062,33.729692,60.519518,49.93465,33.621954,50,27,0,0,0,0,0,0,0,0
1568,61.039977,0,1.895906,0,38.130815,24.933319,0.797662,2.854591,0,89.221743,0,14.854955,0,60.742177,33.66558,60.583932,49.952779,33.65774,50,27,0,0,0,0,0,0,0,0
1569,60.43193,0,1.897714,0,37.775163,24.941185,0.802813,2.850453,0,89.052688,0,14.878014,0,60.770474,33.716521,60.729572,49.993268,33.738651,50,27,0,0,0,0,0,0,0,0
1570,60.525352,0,1.897079,0,37.95477,25.176197,0.797832,2.861461,0,88.608035,0,14.867379,0,60.628497,33.606264,60.357577,49.890484,33.531987,50,27,0,0,0,0,0,0,0,0
1571,61.043848,0,1.895274,0,38.002526,25.051498,0.803509,2.856255,0,88.929746,0,14.864765,0,60.205007,33.989296,60.758977,50.001974,33.754987,50,27,0,0,0,0,0,0,0,0
1572,60.824619,0,1.903619,0,37.912228,25.011375,0.79911,2.840486,0,88.83483,0,14.779393,0,60.598319,33.875557,60.877748,50.034792,33.820971,50,27,0,0,0,0,0,0,0,0
1573,60.855174,0,1.908521,0,37.954734,25.016825,0.800199,2.845379,0,89.125122,0,14.885922,0,60.987181,33.709152,60.898137,50.040254,33.832298,50,27,0,0,0,0,0,0,0,0
1574,60.696609,0,1.895511,0,37.958159,25.079866,0.798475,2.844115,0,89.294591,0,14.957825,0,60.478041,33.899436,60.795942,50.011808,33.775523,50,27,0,0,0,0,0,0,0,0
1575,60.589109,0,1.902505,0,37.929916,25.160293,0.799584,2.853485,0,89.042626,0,14.822591,0,60.999564,33.574369,60.611908,49.960883,33.673282,50,27,0,0,0,0,0,0,0,0
1576,60.811812,0,1.899102,0,38.192213,25.016997,0.802647,2.859003,0,89.301347,0,14.896766,0,60.95164,33.826722,61.12052,50.101656,33.955844,50,27,0,0,0,0,0,0,0,0
1577,60.620733,0,1.899233,0,38.102771,25.013921,0.793277,2.841717,0,89.362072,0,14.854446,0,60.554938,33.842538,60.746624,49.997807,33.748125,50,27,0,0,0,0,0,0,0,0
1578,60.691045,0,1.893664,0,37.945606,25.124749,0.799013,2.853268,0,89.294206,0,14.81721,0,60.735254,33.768121,60.757986,50.000958,33.754436,50,27,0,0,0,0,0,0,0,0
1579,60.73413,0,1.890211,0,38.095074,24.988647,0.80046,2.846951,0,88.988152,0,14.828473,0,60.939712,33.850084,61.133914,50.104858,33.963285,50,27,0,0,0,0,0,0,0,0
1580,60.981198,0,1.909786,0,38.060572,25.008891,0.799916,2.848253,0,89.538891,0,14.837693,0,61.315717,33.450161,60.654194,49.971744,33.696774,50,27,0,0,0,0,0,0,0,0
1581,60.793256,0,1.90408,0,38.163023,24.864182,0.798853,2.862297,0,89.162547,0,14.806295,0,60.695495,33.719231,60.642888,49.96876,33.690493,50,27,0,0,0,0,0,0,0,0
1582,60.508748,0,1.904086,0,37.901485,24.943138,0.800435,2.851918,0,89.439156,0,14.837822,0,60.896912,33.570919,60.534746,49.939025,33.630415,50,27,0,0,0,0,0,0,0,0
1583,60.751674,0,1.908168,0,37.872924,25.130789,0.800324,2.8513,0,88.813444,0,14.841785,0,60.950569,33.652584,60.7833,50.008028,33.7685,50,27,0,0,0,0,0,0,0,0
1584,60.642525,0,1.899206,0,38.17554,24.86463,0.795659,2.843769,0,88.705722,0,14.840104,0,60.711212,33.762342,60.785919,50.008712,33.769955,50,27,0,0,0,0,0,0,0,0
1585,61.014591,0,1.892474,0,37.918703,25.062786,0.803836,2.844814,0,88.985763,0,14.818651,0,60.592824,33.915161,60.985214,50.063753,33.880675,50,27,0,0,0,0,0,0,0,0
1586,60.931119,0,1.899234,0,37.972276,25.060329,0.800152,2.856604,0,89.008071,0,14.796091,0,60.591159,33.747469,60.605299,49.958429,33.669611,50,27,0,0,0,0,0,0,0,0
1587,60.769015,0,1.889081,0,37.72754,24.930353,0.79952,2.845287,0,89.026032,0,14.884566,0,60.919149,33.700562,60.833462,50.021698,33.796368,50,27,0,0,0,0,0,0,0,0
1588,60.800847,0,1.89497,0,38.136178,25.225,0.796673,2.844861,0,88.779643,0,14.814883,0,60.846495,33.765858,60.903896,50.041058,33.835498,50,27,0,0,0,0,0,0,0,0
1589,60.999619,0,1.902151,0,38.095587,25.124579,0.799688,2.845528,0,88.985986,0,14.856642,0,61.128236,33.442563,60.500101,49.929247,33.611167,50,27,0,0,0,0,0,0,0,0
1590,60.489198,0,1.889284,0,37.966913,24.981082,0.801218,2.854261,0,88.601416,0,14.88423,0,60.705294,33.620239,60.491202,49.927139,33.606223,50,27,0,0,0,0,0,0,0,0
1591,60.758323,0,1.900681,0,38.095975,25.040978,0.804171,2.836505,0,89.306356,0,14.857879,0,60.604136,33.720816,60.615578,49.961879,33.675321,50,27,0,0,0,0,0,0,0,0
1592,60.858473,0,1.895048,0,38.14491,24.864353,0.801956,2.853226,0,89.541033,0,14.903788,0,60.785821,33.826863,61.020241,50.073916,33.900134,50,27,0,0,0,0,0,0,0,0
1593,60.811488,0,1.900994,0,38.004134,24.908692,0.800481,2.85874,0,88.959213,0,14.83603,0,60.807799,33.774234,60.916554,50.044889,33.84253,50,27,0,0,0,0,0,0,0,0
1594,61.163609,0,1.904105,0,38.289881,25.048713,0.797701,2.849087,0,89.040102,0,14.866826,0,60.414981,33.953382,60.89483,50.038661,33.830461,50,27,0,0,0,0,0,0,0,0
1595,60.828117,0,1.901809,0,37.952002,25.031174,0.79847,2.853839,0,89.087343,0,14.822239,0,60.688696,33.876093,60.975522,50.060772,33.87529,50,27,0,0,0,0,0,0,0,0
1596,60.672005,0,1.889962,0,38.080936,24.940865,0.798803,2.852675,0,88.860897,0,14.887442,0,60.606785,33.757604,60.625746,49.963793,33.68097,50,27,0,0,0,0,0,0,0,0
1597,60.776757,0,1.905109,0,37.957869,25.000743,0.798233,2.852421,0,89.268227,0,14.851309,0,60.563921,33.819816,60.712925,49.988069,33.729403,50,27,0,0,0,0,0,0,0,0
1598,60.667541,0,1.895141,0,37.91368,25.06762,0.796907,2.836452,0,89.131051,0,14.873837,0,60.829797,33.809996,60.948775,50.053316,33.860431,50,27,0,0,0,0,0,0,0,0
1599,60.664912,0,1.902282,0,38.044543,24.987223,0.799903,2.841779,0,89.11645,0,14.855405,0,60.900453,33.730264,60.843812,50.02404,33.802118,50,27,0,0,0,0,0,0,0,0
1600,60.727494,0,1.905321,0,38.126144,25.042239,0.800679,2.851942,0,89.457223,0,14.87497,0,60.711797,33.708783,60.613383,49.96023,33.674101,50,27,0,0,0,0,0,0,0,0
1601,61.016539,0,1.90131,0,38.179857,25.035449,0.802856,2.846993,0,89.049501,0,14.776793,0,60.688628,33.577539,60.319523,49.879207,33.510846,50,27,0,0,0,0,0,0,0,0
1602,60.836887,0,1.898743,0,38.067239,24.941348,0.804162,2.836147,0,89.206287,0,14.872935,0,60.695444,33.824632,60.870618,50.032128,33.81701,50,27,0,0,0,0,0,0,0,0
1603,60.436349,0,1.908327,0,38.031872,24.962428,0.798995,2.850845,0,89.503048,0,14.852865,0,60.602479,33.618221,60.331308,49.882905,33.517393,50,27,0,0,0,0,0,0,0,0
1604,60.995249,0,1.906145,0,37.994514,25.093897,0.802975,2.837821,0,89.467747,0,14.823058,0,60.999484,33.620325,60.749699,49.999129,33.749833,50,27,0,0,0,0,0,0,0,0
1605,60.931089,0,1.908415,0,38.149464,24.930246,0.79997,2.857448,0,89.070203,0,14.834017,0,60.747322,33.764294,60.816833,50.017689,33.787129,50,27,0,0,0,0,0,0,0,0
1606,60.75864,0,1.903783,0,37.953723,24.991207,0.801973,2.847396,0,89.691881,0,14.842797,0,60.472761,33.854319,60.727824,49.992999,33.73768,50,27,0,0,0,0,0,0,0,0
1607,60.870209,0,1.901451,0,38.074581,25.000953,0.804355,2.838019,0,89.430632,0,14.835126,0,60.665957,33.760196,60.706537,49.987151,33.725854,50,27,0,0,0,0,0,0,0,0
1608,60.779306,0,1.902986,0,37.939909,24.978075,0.799657,2.838827,0,89.043138,0,14.721613,0,60.466303,33.892788,60.784033,50.008634,33.768907,50,27,0,0,0,0,0,0,0,0
1609,60.673637,0,1.901551,0,38.069211,25.14504,0.799504,2.846866,0,89.176726,0,14.938681,0,60.402984,33.940129,60.800716,50.013202,33.778176,50,27,0,0,0,0,0,0,0,0
1610,60.637711,0,1.891815,0,38.192193,24.865862,0.801312,2.858692,0,89.295495,0,14.844966,0,60.926011,33.767658,60.935079,50.050274,33.852822,50,27,0,0,0,0,0,0,0,0
1611,60.684784,0,1.900968,0,38.022362,24.936636,0.796176,2.841573,0,88.774178,0,14.841249,0,60.684094,33.932561,61.040438,50.079145,33.911355,50,27,0,0,0,0,0,0,0,0
1612,60.837839,0,1.895801,0,37.92426,25.058688,0.800693,2.85698,0,89.02459,0,14.835424,0,60.924882,33.641898,60.645838,49.969685,33.692132,50,27,0,0,0,0,0,0,0,0
1613,60.524309,0,1.899341,0,38.004777,24.866938,0.801418,2.849748,0,89.256179,0,14.909428,0,60.859473,33.573342,60.453258,49.916608,33.585143,50,27,0,0,0,0,0,0,0,0
1614,60.638753,0,1.893575,0,38.004477,24.921399,0.800287,2.856861,0,89.838599,0,14.869384,0,60.475863,33.923969,60.834641,50.022435,33.797023,50,27,0,0,0,0,0,0,0,0
1615,60.622322,0,1.901229,0,38.063958,24.999293,0.798209,2.8417,0,88.995823,0,14.851462,0,60.639688,33.765401,60.641562,49.968957,33.689757,50,27,0,0,0,0,0,0,0,0
1616,60.878183,0,1.898931,0,38.063848,25.062183,0.800451,2.850158,0,89.415286,0,14.850106,0,60.805837,33.631229,60.524575,49.936777,33.624764,50,27,0,0,0,0,0,0,0,0
1617,60.87479,0,1.892074,0,37.896922,24.89089,0.801257,2.846868,0,89.153357,0,14.819934,0,60.767976,33.698553,60.646305,49.970737,33.692391,50,27,0,0,0,0,0,0,0,0
1618,60.918722,0,1.903221,0,37.806205,24.975963,0.801613,2.851433,0,88.864511,0,14.850594,0,60.848855,33.735833,60.813424,50.017074,33.785236,50,27,0,0,0,0,0,0,0,0
1619,60.718726,0,1.891105,0,38.138071,25.007757,0.800494,2.839764,0,89.200551,0,14.877702,0,60.702288,33.888971,60.992099,50.066374,33.884499,50,27,0,0,0,0,0,0,0,0
1620,60.813736,0,1.8969,0,37.990895,24.995556,0.798161,2.854674,0,89.01096,0,14.863961,0,60.573229,33.978973,61.034774,50.077839,33.908208,50,27,0,0,0,0,0,0,0,0
1621,60.654874,0,1.910317,0,38.036073,25.07821,0.796293,2.852295,0,89.371352,0,14.82353,0,60.739441,33.524136,60.212718,49.850239,33.45151,50,27,0,0,0,0,0,0,0,0
1622,60.65779,0,1.90127,0,38.071988,24.90725,0.801931,2.857054,0,89.102509,0,14.832159,0,60.608627,33.879926,60.865319,50.03136,33.814066,50,27,0,0,0,0,0,0,0,0
1623,60.761139,0,1.900181,0,37.974677,25.115319,0.800075,2.847591,0,89.667196,0,14.859774,0,60.626976,33.774093,60.644382,49.970138,33.691323,50,27,0,0,0,0,0,0,0,0
1624,60.800396,0,1.894043,0,38.066239,24.900755,0.799187,2.846382,0,89.430596,0,14.829956,0,60.681211,33.816481,60.786943,50.00969,33.770524,50,27,0,0,0,0,0,0,0,0
1625,60.458709,0,1.898466,0,38.044034,24.861642,0.798744,2.849031,0,89.322709,0,14.969579,0,60.816976,33.644685,60.553717,49.945179,33.640954,50,27,0,0,0,0,0,0,0,0
1626,60.694747,0,1.899694,0,37.939771,25.00687,0.801324,2.85518,0,89.131249,0,14.845967,0,61.098728,33.602042,60.761972,50.003012,33.756651,50,27,0,0,0,0,0,0,0,0
1627,60.959635,0,1.903633,0,37.80098,24.89509,0.799784,2.862499,0,88.890569,0,14.825007,0,60.70129,33.791256,60.784704,50.00928,33.76928,50,27,0,0,0,0,0,0,0,0
1628,60.864281,0,1.894144,0,37.926195,24.960346,0.802903,2.84864,0,89.40696,0,14.836414,0,60.465201,33.852983,60.673608,49.978528,33.70756,50,27,0,0,0,0,0,0,0,0
1629,60.334909,0,1.895879,0,37.908255,24.953585,0.801238,2.859483,0,89.083821,0,14.919305,0,60.936222,33.446155,60.273451,49.868033,33.48525,50,27,0,0,0,0,0,0,0,0
1630,60.708921,0,1.910246,0,38.078788,25.00166,0.796858,2.8615,0,89.230207,0,14.88824,0,60.966673,33.663147,60.803043,50.015066,33.779468,50,27,0,0,0,0,0,0,0,0
1631,60.884867,0,1.899067,0,38.190059,24.775,0.798387,2.861057,0,89.072013,0,14.845432,0,60.794966,33.766022,60.858564,50.030337,33.810313,50,27,0,0,0,0,0,0,0,0
1632,60.731433,0,1.897783,0,37.944295,24.964959,0.798724,2.855655,0,89.064266,0,14.800188,0,60.860132,33.602396,60.574607,49.951702,33.652559,50,27,0,0,0,0,0,0,0,0
1633,60.500439,0,1.896795,0,38.031616,25.050029,0.798457,2.854319,0,89.261807,0,14.874096,0,60.593992,33.794172,60.730838,49.995124,33.739355,50,27,0,0,0,0,0,0,0,0
1634,60.702292,0,1.902784,0,38.01374,25.037666,0.801081,2.843905,0,89.013422,0,14.807324,0,60.272589,33.954106,60.738244,49.997195,33.743469,50,27,0,0,0,0,0,0,0,0
1635,60.510042,0,1.895439,0,38.088957,24.816639,0.80044,2.849036,0,89.033269,0,14.81784,0,60.962888,33.673223,60.806954,50.0162,33.781641,50,27,0,0,0,0,0,0,0,0
1636,61.009443,0,1.890786,0,37.987053,25.003131,0.801321,2.865451,0,88.884562,0,14.871264,0,60.658565,33.822891,60.828083,50.021959,33.793379,50,27,0,0,0,0,0,0,0,0
1637,60.820109,0,1.898007,0,37.992234,25.051218,0.800879,2.834887,0,89.420353,0,14.852171,0,60.978965,33.613694,60.696612,49.985512,33.72034,50,27,0,0,0,0,0,0,0,0
1638,60.602317,0,1.911893,0,38.020975,25.023941,0.801979,2.85428,0,89.211494,0,14.852092,0,60.505506,33.91238,60.870841,50.03374,33.817134,50,27,0,0,0,0,0,0,0,0
1639,60.640044,0,1.894648,0,38.104498,24.961384,0.804097,2.845037,0,88.986999,0,14.945193,0,60.625059,33.901735,60.945105,50.054099,33.858392,50,27,0,0,0,0,0,0,0,0
1640,60.751029,0,1.896117,0,38.150959,25.106205,0.79944,2.866945,0,89.514146,0,14.807558,0,60.468176,33.830221,60.617369,49.963245,33.676316,50,27,0,0,0,0,0,0,0,0
1641,60.560836,0,1.896369,0,38.038262,25.078755,0.799639,2.854058,0,89.03537,0,14.828614,0,60.735753,33.871399,60.962483,50.058816,33.868046,50,27,0,0,0,0,0,0,0,0
1642,60.793968,0,1.899547,0,37.991536,24.941197,0.799961,2.841943,0,89.183952,0,14.88947,0,60.900197,33.732541,60.819851,50.0191,33.788806,50,27,0,0,0,0,0,0,0,0
1643,60.759341,0,1.909886,0,38.204703,24.977995,0.801195,2.84407,0,89.322092,0,14.947245,0,60.810608,33.755341,60.783377,50.008924,33.768543,50,27,0,0,0,0,0,0,0,0
1644,60.472542,0,1.894493,0,37.876196,25.119569,0.802453,2.840893,0,89.279464,0,14.888583,0,61.178468,33.505592,60.626127,49.965416,33.681182,50,27,0,0,0,0,0,0,0,0
1645,60.505352,0,1.89587,0,38.04788,25.027922,0.80099,2.853833,0,88.876627,0,14.814872,0,60.774786,33.851537,60.986693,50.065247,33.881496,50,27,0,0,0,0,0,0,0,0
1646,60.716747,0,1.895551,0,38.068529,25.07912,0.798861,2.84358,0,89.449668,0,14.843776,0,60.807696,33.521134,60.309414,49.877725,33.50523,50,27,0,0,0,0,0,0,0,0
1647,60.70638,0,1.89415,0,38.008822,25.084286,0.800707,2.863045,0,89.612569,0,14.835455,0,61.040861,33.54499,60.624045,49.965297,33.680025,50,27,0,0,0,0,0,0,0,0
1648,60.858963,0,1.899836,0,37.925309,25.014545,0.800384,2.853136,0,89.009036,0,14.946108,0,60.613504,33.862293,60.892048,50.039544,33.828916,50,27,0,0,0,0,0,0,0,0
1649,61.000273,0,1.900693,0,38.066478,25.117384,0.799113,2.84954,0,88.717446,0,14.873058,0,60.648328,33.715091,60.598961,49.958339,33.666089,50,27,0,0,0,0,0,0,0,0
1650,60.667734,0,1.899163,0,37.771909,25.03399,0.79761,2.873455,0,89.643302,0,14.86203,0,60.650944,33.979516,61.162432,50.114288,33.979129,50,27,0,0,0,0,0,0,0,0
1651,60.75392,0,1.905913,0,38.121877,24.910252,0.798767,2.841703,0,89.434255,0,14.876348,0,60.810126,33.677388,60.652346,49.972734,33.695748,50,27,0,0,0,0,0,0,0,0
1652,61.192564,0,1.901104,0,38.058078,25.028719,0.79802,2.852047,0,89.428812,0,14.873346,0,60.922307,33.675218,60.769811,50.005336,33.761006,50,27,0,0,0,0,0,0,0,0
1653,60.919037,0,1.901352,0,37.994203,24.996528,0.801785,2.852905,0,88.905925,0,14.89121,0,60.691328,33.75347,60.713426,49.989725,33.729681,50,27,0,0,0,0,0,0,0,0
1654,60.768731,0,1.906001,0,37.912482,24.956635,0.798981,2.852069,0,89.222492,0,14.859229,0,60.787874,33.816108,60.940717,50.052598,33.855954,50,27,0,0,0,0,0,0,0,0
1655,60.986941,0,1.889023,0,38.025139,25.048232,0.798142,2.846992,0,89.088265,0,14.831152,0,60.823343,33.602328,60.515691,49.934861,33.619828,50,27,0,0,0,0,0,0,0,0
1656,60.713636,0,1.896403,0,38.05706,25.02706,0.799284,2.855576,0,89.126931,0,14.937272,0,60.788181,33.92237,61.174845,50.117373,33.986025,50,27,0,0,0,0,0,0,0,0
1657,60.80222,0,1.909632,0,38.035389,25.018097,0.800851,2.842202,0,88.887832,0,14.851111,0,60.616667,33.701485,60.513235,49.933923,33.618464,50,27,0,0,0,0,0,0,0,0
1658,60.924085,0,1.895234,0,38.047863,25.085315,0.801637,2.852801,0,89.288287,0,14.896057,0,60.855551,33.559555,60.4592,49.919316,33.588445,50,27,0,0,0,0,0,0,0,0
1659,61.086756,0,1.891454,0,38.154531,25.010959,0.798692,2.85606,0,89.531846,0,14.928975,0,60.750359,33.789701,60.864246,50.031671,33.81347,50,27,0,0,0,0,0,0,0,0
1660,60.306652,0,1.893611,0,38.102276,25.021753,0.797347,2.856293,0,89.018496,0,14.843441,0,60.810692,33.724865,60.780697,50.00842,33.767054,50,27,0,0,0,0,0,0,0,0
1661,60.463734,0,1.887743,0,38.009158,24.969292,0.801247,2.845692,0,89.06121,0,14.85658,0,61.059791,33.521233,60.602134,49.959024,33.667852,50,27,0,0,0,0,0,0,0,0
1662,60.767072,0,1.889279,0,37.865309,25.00256,0.799175,2.846406,0,89.306615,0,14.840582,0,60.353709,33.822882,60.560945,49.947844,33.64497,50,27,0,0,0,0,0,0,0,0
1663,60.675657,0,1.906846,0,38.085522,25.094344,0.794486,2.854512,0,88.905626,0,14.753579,0,60.322311,33.87607,60.62879,49.966855,33.682661,50,27,0,0,0,0,0,0,0,0
1664,60.74597,0,1.907771,0,38.165901,25.082765,0.801551,2.841234,0,89.07648,0,14.858704,0,60.614439,33.745489,60.62632,49.966338,33.681289,50,27,0,0,0,0,0,0,0,0
1665,60.670528,0,1.908444,0,37.910466,25.009779,0.800248,2.851023,0,89.51813,0,14.900364,0,60.782923,33.809918,60.929966,50.050431,33.849981,50,27,0,0,0,0,0,0,0,0
1666,60.889769,0,1.903451,0,38.119057,25.119126,0.799319,2.85144,0,89.248467,0,14.973355,0,60.214663,34.043325,60.844857,50.026657,33.802698,50,27,0,0,0,0,0,0,0,0
1667,60.790258,0,1.902149,0,37.971863,24.973144,0.796931,2.847265,0,89.308983,0,14.805547,0,60.631018,33.815202,60.740629,49.997716,33.744794,50,27,0,0,0,0,0,0,0,0
1668,60.637241,0,1.902862,0,37.977208,25.005838,0.799905,2.85127,0,89.187884,0,14.922138,0,61.116648,33.719753,61.018071,50.074411,33.898928,50,27,0,0,0,0,0,0,0,0
1669,60.793646,0,1.889506,0,37.96702,24.966498,0.8026,2.851666,0,89.334216,0,14.857143,0,60.824176,33.623258,60.528216,49.938647,33.626787,50,27,0,0,0,0,0,0,0,0
1670,60.870255,0,1.8949,0,38.065906,24.968448,0.800281,2.852682,0,89.326458,0,14.86499,0,60.67542,33.758192,60.682582,49.981619,33.712546,50,27,0,0,0,0,0,0,0,0
1671,60.751538,0,1.899869,0,37.829041,24.966589,0.801843,2.861831,0,89.171574,0,14.829816,0,60.858198,33.616473,60.565975,49.94948,33.647764,50,27,0,0,0,0,0,0,0,0
1672,60.776363,0,1.90766,0,37.887405,25.091006,0.79849,2.856482,0,89.657256,0,14.851031,0,60.489417,33.881264,60.774001,50.007229,33.763334,50,27,0,0,0,0,0,0,0,0
1673,60.772826,0,1.892592,0,38.268376,25.061295,0.80182,2.843234,0,88.811643,0,14.864981,0,60.709805,33.701344,60.597084,49.958294,33.665046,50,27,0,0,0,0,0,0,0,0
1674,60.934061,0,1.901097,0,38.178112,24.93266,0.798347,2.845803,0,89.090261,0,14.805726,0,60.663704,33.908524,60.995048,50.068497,33.886138,50,27,0,0,0,0,0,0,0,0
1675,60.849897,0,1.896043,0,37.919109,24.939163,0.796336,2.838719,0,89.338315,0,14.870048,0,60.715511,33.838012,60.87741,50.035642,33.820783,50,27,0,0,0,0,0,0,0,0
1676,60.871353,0,1.908346,0,37.850636,24.925556,0.802697,2.850099,0,89.129749,0,14.803812,0,60.788117,33.760892,60.777223,50.007773,33.765124,50,27,0,0,0,0,0,0,0,0
1677,60.624801,0,1.903967,0,38.342,24.986828,0.801859,2.859543,0,89.230425,0,14.911238,0,61.058523,33.627063,60.766015,50.004636,33.758897,50,27,0,0,0,0,0,0,0,0
1678,61.01871,0,1.90162,0,37.90292,25.062134,0.79974,2.84875,0,89.062091,0,14.870479,0,60.823287,33.647303,60.591754,49.956448,33.662085,50,27,0,0,0,0,0,0,0,0
1679,60.919399,0,1.892562,0,37.977207,25.043346,0.797325,2.849916,0,88.790808,0,14.928317,0,60.616816,33.816484,60.75662,50.002233,33.753678,50,27,0,0,0,0,0,0,0,0
1680,60.832828,0,1.900187,0,38.05106,24.948063,0.800982,2.852728,0,89.417469,0,14.835459,0,60.80606,33.681908,60.653254,49.973652,33.696252,50,27,0,0,0,0,0,0,0,0
1681,60.785543,0,1.903256,0,37.940101,25.01621,0.801683,2.839643,0,89.074267,0,14.863731,0,60.705471,33.704318,60.609488,49.961687,33.671938,50,27,0,0,0,0,0,0,0,0
1682,60.524828,0,1.907221,0,37.994213,24.95094,0.801325,2.850097,0,88.879256,0,14.872432,0,60.584069,33.743888,60.577552,49.95305,33.654196,50,27,0,0,0,0,0,0,0,0
1683,60.6064,0,1.89672,0,37.971641,24.982481,0.798097,2.865651,0,89.359562,0,14.852639,0,60.81923,33.725474,60.774277,50.007658,33.763487,50,27,0,0,0,0,0,0,0,0
1684,60.555644,0,1.899934,0,37.938679,25.027584,0.799183,2.849807,0,89.290663,0,14.82661,0,61.020484,33.649255,60.817568,50.019585,33.787538,50,27,0,0,0,0,0,0,0,0
1685,60.400072,0,1.901168,0,38.031741,25.080591,0.803566,2.841926,0,88.853889,0,14.754404,0,60.761176,33.665881,60.606011,49.961014,33.670006,50,27,0,0,0,0,0,0,0,0
1686,60.751134,0,1.898215,0,37.872633,24.944448,0.802082,2.845784,0,88.929918,0,14.864886,0,60.61891,33.827348,60.814037,50.018706,33.785576,50,27,0,0,0,0,0,0,0,0
1687,60.547955,0,1.899257,0,38.075038,25.062348,0.798752,2.860747,0,89.090103,0,14.900935,0,60.3851,34.02348,60.981748,50.064967,33.878749,50,27,0,0,0,0,0,0,0,0
1688,60.839461,0,1.89887,0,38.256533,24.948418,0.79575,2.867228,0,88.738915,0,14.790417,0,60.717055,33.697659,60.589134,49.956127,33.66063,50,27,0,0,0,0,0,0,0,0
1689,60.673582,0,1.903262,0,38.058776,25.053635,0.797581,2.861823,0,89.580113,0,14.905155,0,60.989636,33.663271,60.797174,50.013847,33.776208,50,27,0,0,0,0,0,0,0,0
1690,60.502413,0,1.896309,0,37.934223,24.963849,0.803341,2.847972,0,89.295311,0,14.828396,0,60.491099,33.772985,60.542094,49.943275,33.634496,50,27,0,0,0,0,0,0,0,0
1691,60.313324,0,1.896949,0,37.87296,25.011564,0.799159,2.847749,0,89.355076,0,14.869328,0,60.878898,33.52587,60.405446,49.905788,33.558581,50,27,0,0,0,0,0,0,0,0
1692,60.846764,0,1.891797,0,37.984214,25.130954,0.803557,2.844767,0,89.093259,0,14.851312,0,61.250258,33.615316,60.995074,50.069228,33.886152,50,27,0,0,0,0,0,0,0,0
1693,60.908167,0,1.907678,0,38.08869,25.023325,0.796662,2.848216,0,89.494839,0,14.881626,0,60.276648,33.843464,60.51866,49.937205,33.621478,50,27,0,0,0,0,0,0,0,0
1694,60.53167,0,1.900034,0,37.997336,24.953442,0.797857,2.848382,0,88.906227,0,14.783461,0,60.75507,33.854236,61.004679,50.071851,33.891488,50,27,0,0,0,0,0,0,0,0
1695,60.86316,0,1.899333,0,38.109038,24.994556,0.800259,2.855806,0,89.146853,0,14.889054,0,60.69445,33.891589,61.00725,50.072204,33.892916,50,27,0,0,0,0,0,0,0,0
1696,60.668034,0,1.916756,0,38.051463,25.003467,0.804108,2.855128,0,88.973434,0,14.840228,0,60.304906,33.875394,60.563996,49.949331,33.646665,50,27,0,0,0,0,0,0,0,0
1697,60.559813,0,1.89706,0,38.023198,25.029529,0.805224,2.865882,0,88.961889,0,14.803774,0,60.910254,33.567092,60.502826,49.932676,33.612681,50,27,0,0,0,0,0,0,0,0
1698,60.934783,0,1.901847,0,37.984687,24.906844,0.805707,2.854378,0,88.882476,0,14.990925,0,60.86781,33.688889,60.742761,49.999328,33.745978,50,27,0,0,0,0,0,0,0,0
1699,60.604071,0,1.892301,0,38.094502,25.035802,0.796138,2.85194,0,89.410165,0,14.824942,0,60.813786,33.616477,60.543809,49.944342,33.63545,50,27,0,0,0,0,0,0,0,0
1700,60.760471,0,1.902977,0,38.098077,25.026463,0.799079,2.853665,0,89.283409,0,14.802942,0,60.720506,33.756746,60.763282,50.00528,33.757379,50,27,0,0,0,0,0,0,0,0
1701,61.014881,0,1.898916,0,37.926838,24.998358,0.796581,2.843052,0,88.507671,0,14.80088,0,60.567377,33.757446,60.608957,49.962599,33.671643,50,27,0,0,0,0,0,0,0,0
1702,60.686543,0,1.903046,0,38.030583,25.00531,0.804046,2.840026,0,89.285504,0,14.822555,0,60.966261,33.662195,60.804321,50.016783,33.780178,50,27,0,0,0,0,0,0,0,0
1703,60.542549,0,1.900036,0,38.108602,24.866017,0.801047,2.834857,0,89.217455,0,14.779511,0,60.62323,33.820635,60.805622,50.017059,33.780901,50,27,0,0,0,0,0,0,0,0
1704,60.719402,0,1.891586,0,37.850371,24.919567,0.801617,2.850108,0,88.439679,0,14.850234,0,60.754437,33.777389,60.834207,50.024875,33.796782,50,27,0,0,0,0,0,0,0,0
1705,61.123782,0,1.894799,0,37.907759,25.130436,0.798721,2.846094,0,89.128646,0,14.810898,0,60.694679,33.587689,60.369315,49.896257,33.538508,50,27,0,0,0,0,0,0,0,0
1706,60.91467,0,1.90008,0,38.145996,25.036905,0.802409,2.849272,0,88.996335,0,14.913822,0,60.652944,33.718436,60.62371,49.967087,33.679839,50,27,0,0,0,0,0,0,0,0
1707,60.526992,0,1.901826,0,38.047984,24.967996,0.799869,2.847011,0,89.596136,0,14.824007,0,60.892802,33.741923,60.914937,50.047744,33.841632,50,27,0,0,0,0,0,0,0,0
1708,60.912476,0,1.900263,0,37.916395,25.040266,0.799084,2.847932,0,89.086404,0,14.803574,0,60.859714,33.691333,60.773752,50.008484,33.763196,50,27,0,0,0,0,0,0,0,0
1709,60.738595,0,1.90341,0,38.074317,25.042987,0.799623,2.844439,0,89.171271,0,14.891427,0,61.245016,33.525113,60.813806,50.019513,33.785448,50,27,0,0,0,0,0,0,0,0
1710,60.962039,0,1.899934,0,38.060281,24.946494,0.803553,2.849616,0,88.645577,0,14.783245,0,60.677722,33.738547,60.723676,49.994504,33.735376,50,27,0,0,0,0,0,0,0,0
1711,60.496929,0,1.90462,0,37.866228,25.010118,0.798147,2.843104,0,88.911923,0,14.813834,0,60.900996,33.587448,60.625354,49.967355,33.680752,50,27,0,0,0,0,0,0,0,0
1712,60.973452,0,1.905285,0,38.013243,24.924807,0.802862,2.859249,0,88.826213,0,14.797158,0,60.792142,33.597511,60.554953,49.948059,33.641641,50,27,0,0,0,0,0,0,0,0
1713,60.711209,0,1.897697,0,37.968304,24.92388,0.802333,2.856744,0,89.295586,0,14.892079,0,61.021734,33.533182,60.663675,49.978368,33.702042,50,27,0,0,0,0,0,0,0,0
1714,60.355786,0,1.905598,0,38.166178,25.015739,0.797022,2.852222,0,88.974589,0,14.848741,0,60.562985,33.79982,60.789744,50.01332,33.77208,50,27,0,0,0,0,0,0,0,0
1715,60.792535,0,1.895296,0,37.917068,24.81535,0.799538,2.851207,0,89.017512,0,14.811519,0,60.711469,33.652861,60.614066,49.964698,33.674481,50,27,0,0,0,0,0,0,0,0
1716,60.824299,0,1.905789,0,37.997897,25.017875,0.805897,2.854538,0,88.809216,0,14.865508,0,60.434037,33.71266,60.468859,49.924739,33.593811,50,27,0,0,0,0,0,0,0,0
1717,60.911956,0,1.89772,0,38.010263,24.984954,0.803291,2.829616,0,88.661387,0,14.845632,0,60.442203,33.771644,60.599268,49.961158,33.66626,50,27,0,0,0,0,0,0,0,0
1718,60.698094,0,1.905295,0,37.990156,25.038346,0.803364,2.851166,0,89.107532,0,14.849691,0,60.679073,33.66698,60.605546,49.963086,33.669748,50,27,0,0,0,0,0,0,0,0
1719,60.915336,0,1.904354,0,38.145999,24.98069,0.800583,2.835599,0,88.76003,0,14.856423,0,60.536685,33.931998,61.026776,50.079696,33.903764,50,27,0,0,0,0,0,0,0,0
1720,61.133301,0,1.902632,0,37.881796,25.083149,0.801013,2.84791,0,89.437281,0,14.810556,0,60.351492,33.888397,60.718982,49.994226,33.732768,50,27,0,0,0,0,0,0,0,0
1721,60.781363,0,1.907769,0,38.03369,25.04787,0.795949,2.847906,0,88.941896,0,14.720623,0,60.578685,33.840104,60.821337,50.022546,33.789632,50,27,0,0,0,0,0,0,0,0
1722,60.904549,0,1.909295,0,37.888301,25.019631,0.803119,2.854098,0,89.300489,0,14.811305,0,60.570068,33.801035,60.715144,49.993082,33.730636,50,27,0,0,0,0,0,0,0,0
1723,60.745749,0,1.900907,0,38.164677,24.943449,0.803538,2.869989,0,89.141702,0,14.864784,0,60.860465,33.70379,60.791347,50.014179,33.77297,50,27,0,0,0,0,0,0,0,0
1724,60.756445,0,1.908347,0,37.99454,24.986569,0.79835,2.832946,0,89.333535,0,14.883261,0,60.70047,33.922237,61.096459,50.09844,33.942477,50,27,0,0,0,0,0,0,0,0
1725,60.841161,0,1.902971,0,38.091311,24.97755,0.798759,2.845377,0,89.145034,0,14.81638,0,60.68953,33.678756,60.547176,49.946131,33.63732,50,27,0,0,0,0,0,0,0,0
1726,60.89603,0,1.899063,0,37.96422,24.945666,0.79841,2.851711,0,88.976768,0,14.831551,0,60.988235,33.679693,60.856756,50.031965,33.809309,50,27,0,0,0,0,0,0,0,0
1727,60.710385,0,1.898837,0,37.960772,24.982179,0.8011,2.844744,0,89.017591,0,14.822252,0,60.925775,33.671967,60.786216,50.012309,33.77012,50,27,0,0,0,0,0,0,0,0
1728,60.912696,0,1.890435,0,38.053732,25.048045,0.800572,2.848802,0,89.046277,0,14.892805,0,60.729997,33.795383,60.859491,50.032501,33.810828,50,27,0,0,0,0,0,0,0,0
1729,60.928408,0,1.902354,0,37.99308,24.930676,0.799267,2.847363,0,89.194492,0,14.900014,0,60.954303,33.538863,60.534606,49.942542,33.630337,50,27,0,0,0,0,0,0,0,0
1730,60.986311,0,1.89965,0,37.822659,25.010062,0.800096,2.841628,0,88.612963,0,14.832795,0,60.813656,33.485158,60.306907,49.879893,33.503837,50,27,0,0,0,0,0,0,0,0
1731,60.876652,0,1.90058,0,38.154095,24.946171,0.799186,2.848677,0,88.995145,0,14.790266,0,60.822586,33.659544,60.715354,49.993384,33.730752,50,27,0,0,0,0,0,0,0,0
1732,60.849171,0,1.901515,0,38.055619,24.997374,0.80265,2.834427,0,89.15283,0,14.846414,0,60.651963,33.64786,60.526788,49.941298,33.625993,50,27,0,0,0,0,0,0,0,0
1733,60.775501,0,1.902362,0,38.058109,24.903405,0.798073,2.842007,0,89.047689,0,14.847519,0,60.752773,33.707122,60.760427,50.006167,33.755793,50,27,0,0,0,0,0,0,0,0
1734,60.65745,0,1.900289,0,38.066807,24.939974,0.797516,2.841553,0,89.378769,0,14.909659,0,60.640479,33.963601,61.188664,50.124499,33.993702,50,27,0,0,0,0,0,0,0,0
1735,60.598341,0,1.900796,0,37.968241,24.99113,0.801904,2.839827,0,89.031991,0,14.827869,0,60.861355,33.619412,60.649256,49.974789,33.694031,50,27,0,0,0,0,0,0,0,0
1736,60.569543,0,1.895282,0,38.020638,25.223264,0.801673,2.850565,0,88.911076,0,14.78848,0,60.742699,33.757948,60.83608,50.026552,33.797822,50,27,0,0,0,0,0,0,0,0
1737,60.37362,0,1.901262,0,37.903392,25.022781,0.794831,2.846449,0,89.163274,0,14.904824,0,60.402099,33.831714,60.645243,49.973674,33.691802,50,27,0,0,0,0,0,0,0,0
1738,60.661449,0,1.896726,0,38.072119,24.890138,0.797906,2.834344,0,89.266454,0,14.816052,0,60.584393,33.750343,60.640701,49.972549,33.689278,50,27,0,0,0,0,0,0,0,0
1739,60.858837,0,1.897317,0,38.187366,25.054563,0.800939,2.846943,0,89.092964,0,14.832233,0,60.646622,33.786094,60.774822,50.009756,33.76379,50,27,0,0,0,0,0,0,0,0
1740,60.629707,0,1.900421,0,38.21557,25.025538,0.80032,2.844727,0,89.244157,0,14.953454,0,60.894331,33.54143,60.49843,49.933314,33.610239,50,27,0,0,0,0,0,0,0,0
1741,60.952297,0,1.896753,0,37.846115,24.906026,0.799228,2.856991,0,88.93383,0,14.909609,0,60.686223,33.689744,60.627916,49.969435,33.682175,50,27,0,0,0,0,0,0,0,0
1742,60.629536,0,1.901267,0,37.975022,24.905434,0.80475,2.851048,0,89.070568,0,14.8048,0,60.451859,33.918875,60.880518,50.039406,33.82251,50,27,0,0,0,0,0,0,0,0
1743,60.56962,0,1.899702,0,37.924355,24.938119,0.795114,2.849197,0,89.099231,0,14.837977,0,60.760338,33.738844,60.782454,50.012105,33.76803,50,27,0,0,0,0,0,0,0,0
1744,60.574833,0,1.90129,0,38.204261,25.022246,0.800312,2.848231,0,88.932327,0,14.877982,0,60.787476,33.727983,60.785299,50.012831,33.769611,50,27,0,0,0,0,0,0,0,0
1745,60.892611,0,1.901863,0,38.007854,25.10309,0.800289,2.858739,0,88.886581,0,14.828495,0,60.992163,33.552982,60.62098,49.96735,33.678322,50,27,0,0,0,0,0,0,0,0
1746,60.482291,0,1.901016,0,38.177373,25.009022,0.799017,2.853942,0,89.171593,0,14.844399,0,60.902909,33.907924,61.303631,50.156194,34.057573,50,27,0,0,0,0,0,0,0,0
1747,60.829407,0,1.905204,0,37.991391,25.052395,0.800457,2.839593,0,89.090588,0,14.807011,0,60.6794,33.785052,60.795893,50.015081,33.775496,50,27,0,0,0,0,0,0,0,0
1748,60.707977,0,1.903467,0,37.749292,24.976503,0.803112,2.848603,0,89.248819,0,14.888439,0,60.505946,33.846186,60.744112,50.000694,33.746729,50,27,0,0,0,0,0,0,0,0
1749,60.863913,0,1.898103,0,37.919923,25.069096,0.799338,2.839135,0,88.961403,0,14.885169,0,60.65066,33.789072,60.753467,50.003276,33.751926,50,27,0,0,0,0,0,0,0,0
1750,60.598616,0,1.897943,0,37.9559,25.028097,0.799653,2.855079,0,88.967728,0,14.912979,0,60.581968,33.768324,60.634584,49.970401,33.68588,50,27,0,0,0,0,0,0,0,0
1751,60.720953,0,1.896458,0,37.83331,24.976706,0.803352,2.842828,0,89.176593,0,14.850563,0,60.779819,33.725825,60.7395,49.999546,33.744167,50,27,0,0,0,0,0,0,0,0
1752,60.547321,0,1.89834,0,37.906337,24.875288,0.798461,2.850609,0,88.933431,0,14.787417,0,60.741146,33.759536,60.774455,50.00921,33.763586,50,27,0,0,0,0,0,0,0,0
1753,60.651401,0,1.904372,0,37.936939,24.859308,0.797332,2.835182,0,88.788637,0,14.788951,0,60.77783,33.664471,60.608532,49.963304,33.671407,50,27,0,0,0,0,0,0,0,0
1754,60.907763,0,1.899857,0,38.067255,24.953306,0.799612,2.848863,0,88.882935,0,14.800415,0,60.612215,33.806265,60.752593,50.003304,33.751441,50,27,0,0,0,0,0,0,0,0
1755,60.57396,0,1.899535,0,37.988227,25.006732,0.802413,2.866652,0,89.199472,0,14.846881,0,60.928273,33.669604,60.771609,50.008544,33.762005,50,27,0,0,0,0,0,0,0,0
1756,60.787201,0,1.888689,0,37.956419,24.915584,0.801053,2.846191,0,89.224739,0,14.929791,0,60.605275,33.833961,60.805093,50.017756,33.780607,50,27,0,0,0,0,0,0,0,0
1757,60.581895,0,1.901786,0,37.941466,25.084682,0.802671,2.856709,0,88.908107,0,14.874832,0,60.690444,33.870108,60.954021,50.058831,33.863345,50,27,0,0,0,0,0,0,0,0
1758,60.780386,0,1.896587,0,37.929096,24.967671,0.79484,2.838431,0,88.944841,0,14.773923,0,60.608679,33.79859,60.704924,49.989689,33.724958,50,27,0,0,0,0,0,0,0,0
1759,60.616739,0,1.897665,0,38.01637,25.133928,0.799569,2.83827,0,89.158725,0,14.901431,0,60.812536,33.893511,61.10299,50.099764,33.946105,50,27,0,0,0,0,0,0,0,0
1760,60.91673,0,1.902992,0,37.845054,24.925595,0.797412,2.854969,0,88.769196,0,14.875086,0,60.794533,33.751428,60.767126,50.006436,33.759515,50,27,0,0,0,0,0,0,0,0
1761,60.676145,0,1.903953,0,38.033134,24.871929,0.800471,2.838842,0,89.597707,0,14.925144,0,60.634617,33.830418,60.775543,50.008731,33.764191,50,27,0,0,0,0,0,0,0,0
1762,60.659948,0,1.896058,0,37.929366,24.998971,0.796606,2.846248,0,89.098998,0,14.827731,0,60.808413,33.691097,60.646653,49.973062,33.692585,50,27,0,0,0,0,0,0,0,0
1763,61.217088,0,1.896126,0,37.95035,25.028395,0.795694,2.853291,0,88.946645,0,14.887795,0,60.661094,33.796167,60.731074,49.99653,33.739486,50,27,0,0,0,0,0,0,0,0
1764,61.01592,0,1.896095,0,37.914598,24.981447,0.798271,2.855428,0,89.502241,0,14.83983,0,60.755721,33.888563,61.016225,50.075362,33.897903,50,27,0,0,0,0,0,0,0,0
1765,60.939071,0,1.889908,0,38.115907,25.096404,0.800325,2.834861,0,89.05781,0,14.868089,0,60.778167,33.886873,61.018824,50.075705,33.899347,50,27,0,0,0,0,0,0,0,0
1766,60.579668,0,1.891936,0,38.025835,24.989333,0.799006,2.833347,0,88.636008,0,14.87089,0,60.89721,33.674937,60.675775,49.980511,33.708764,50,27,0,0,0,0,0,0,0,0
1767,60.850079,0,1.899978,0,38.034495,25.21485,0.79956,2.86437,0,89.280409,0,14.880677,0,61.413875,33.364939,60.552377,49.946502,33.64021,50,27,0,0,0,0,0,0,0,0
1768,60.805699,0,1.890694,0,38.026456,24.941856,0.802241,2.84759,0,88.993151,0,14.889239,0,60.772779,33.693599,60.658391,49.97607,33.699106,50,27,0,0,0,0,0,0,0,0
1769,60.695927,0,1.891874,0,38.078044,24.996457,0.803594,2.85616,0,89.101697,0,14.827436,0,60.715621,33.655346,60.527693,49.940064,33.626496,50,27,0,0,0,0,0,0,0,0
1770,60.991263,0,1.90429,0,38.105149,24.976576,0.798674,2.849559,0,89.096658,0,14.92277,0,60.835655,33.776868,60.915808,50.047636,33.842116,50,27,0,0,0,0,0,0,0,0
1771,60.804029,0,1.900107,0,37.90217,24.996782,0.799932,2.860915,0,88.859552,0,14.874045,0,60.509142,34.029229,61.116609,50.102899,33.953672,50,27,0,0,0,0,0,0,0,0
1772,60.826374,0,1.890556,0,37.92356,25.043419,0.800665,2.84198,0,89.268725,0,14.878629,0,60.803379,33.822163,60.9361,50.052496,33.853389,50,27,0,0,0,0,0,0,0,0
1773,60.805071,0,1.899568,0,37.976449,25.085277,0.802611,2.859119,0,89.180171,0,14.797012,0,60.75277,33.936118,61.117571,50.102392,33.954206,50,27,0,0,0,0,0,0,0,0
1774,60.945064,0,1.899979,0,38.030458,25.000923,0.798007,2.844196,0,89.332416,0,14.888771,0,60.63307,33.883453,60.863979,50.031791,33.813322,50,27,0,0,0,0,0,0,0,0
1775,60.759673,0,1.896001,0,37.924358,24.964787,0.798288,2.842726,0,89.256897,0,14.904387,0,60.820671,33.766936,60.79137,50.011564,33.772984,50,27,0,0,0,0,0,0,0,0
1776,60.620937,0,1.888082,0,37.956876,24.98876,0.801666,2.846778,0,89.257581,0,14.85762,0,60.771451,33.925315,61.078061,50.090747,33.932256,50,27,0,0,0,0,0,0,0,0
1777,60.934716,0,1.90474,0,38.080763,24.94582,0.800928,2.859218,0,89.355574,0,14.903376,0,60.702928,33.873105,60.880245,50.03562,33.822358,50,27,0,0,0,0,0,0,0,0
1778,60.69688,0,1.898817,0,38.000301,24.965609,0.800672,2.857029,0,89.191835,0,14.889113,0,61.006646,33.63165,60.663563,49.975552,33.701979,50,27,0,0,0,0,0,0,0,0
1779,60.929954,0,1.901996,0,37.915436,25.033561,0.800522,2.841727,0,89.202758,0,14.818158,0,60.8361,33.786345,60.840768,50.024653,33.800427,50,27,0,0,0,0,0,0,0,0
1780,60.965028,0,1.895459,0,38.064111,25.162081,0.800013,2.850277,0,89.083354,0,14.758137,0,60.873201,33.683145,60.659892,49.974537,33.69994,50,27,0,0,0,0,0,0,0,0
1781,60.824293,0,1.903889,0,38.021135,25.090987,0.802319,2.850961,0,89.069164,0,14.865741,0,60.898675,33.762334,60.865737,50.031558,33.814298,50,27,0,0,0,0,0,0,0,0
1782,60.598033,0,1.896726,0,38.033201,24.983435,0.799456,2.841406,0,89.444403,0,14.851689,0,60.525116,34.039429,61.078732,50.090272,33.932629,50,27,0,0,0,0,0,0,0,0
1783,60.750335,0,1.898729,0,37.914348,25.01082,0.795881,2.862603,0,89.427838,0,14.840359,0,60.920524,33.667833,60.655704,49.9729,33.697613,50,27,0,0,0,0,0,0,0,0
1784,60.76396,0,1.897442,0,37.893237,25.02329,0.79679,2.842738,0,89.600483,0,14.885569,0,61.004384,33.584994,60.581378,49.952491,33.656321,50,27,0,0,0,0,0,0,0,0
1785,60.601786,0,1.90534,0,37.989293,25.078452,0.799971,2.850575,0,89.175872,0,14.844062,0,61.013241,33.577223,60.600281,49.957952,33.666823,50,27,0,0,0,0,0,0,0,0
1786,61.029992,0,1.902537,0,37.949454,25.061603,0.79955,2.848626,0,88.976549,0,14.861358,0,60.665558,33.690977,60.518357,49.935518,33.621309,50,27,0,0,0,0,0,0,0,0
1787,60.770109,0,1.897154,0,38.016392,25.156661,0.804266,2.848332,0,89.311091,0,14.866774,0,60.750701,33.634879,60.494367,49.929208,33.607982,50,27,0,0,0,0,0,0,0,0
1788,60.778767,0,1.901472,0,37.98454,24.943757,0.798005,2.858411,0,89.259161,0,14.915459,0,60.883918,33.756606,60.900374,50.041779,33.833541,50,27,0,0,0,0,0,0,0,0
1789,61.003031,0,1.89736,0,37.96999,24.965004,0.801466,2.840201,0,89.583531,0,14.927225,0,60.738973,33.825657,60.900056,50.041483,33.833364,50,27,0,0,0,0,0,0,0,0
1790,60.793721,0,1.889071,0,37.755404,24.920518,0.796656,2.863873,0,88.759669,0,14.851883,0,60.762849,33.739616,60.732371,49.994929,33.740206,50,27,0,0,0,0,0,0,0,0
1791,60.71385,0,1.909153,0,37.828472,24.927708,0.800978,2.844466,0,88.757458,0,14.775453,0,60.665134,33.851955,60.873526,50.033969,33.818625,50,27,0,0,0,0,0,0,0,0
1792,60.858537,0,1.906864,0,37.871634,24.857704,0.800045,2.833164,0,88.865872,0,14.827443,0,60.698757,33.697098,60.567473,49.949208,33.648596,50,27,0,0,0,0,0,0,0,0
1793,60.821179,0,1.900982,0,38.049698,24.958592,0.801788,2.849731,0,89.176065,0,14.859233,0,60.743668,33.69218,60.610214,49.961275,33.672341,50,27,0,0,0,0,0,0,0,0
1794,60.633592,0,1.912513,0,37.90811,24.949774,0.802109,2.849551,0,89.19051,0,14.806105,0,60.80335,33.717031,60.730659,49.994758,33.739255,50,27,0,0,0,0,0,0,0,0
1795,60.849664,0,1.902457,0,37.894155,25.026649,0.79696,2.849803,0,89.075962,0,14.872878,0,60.71965,33.658377,60.527778,49.938708,33.626543,50,27,0,0,0,0,0,0,0,0
1796,60.963554,0,1.898073,0,37.940082,25.047762,0.794155,2.862228,0,89.625004,0,14.840543,0,60.640563,33.781186,60.719733,49.992069,33.733185,50,27,0,0,0,0,0,0,0,0
1797,60.781399,0,1.906504,0,38.000092,25.024545,0.800918,2.856657,0,89.113946,0,14.737261,0,60.660293,33.791475,60.756218,50.002193,33.753454,50,27,0,0,0,0,0,0,0,0
1798,60.987899,0,1.896384,0,38.027203,25.023552,0.799799,2.844209,0,89.227554,0,14.938679,0,60.820509,33.751897,60.826954,50.021733,33.792752,50,27,0,0,0,0,0,0,0,0
1799,60.498853,0,1.901203,0,38.294931,25.048678,0.80132,2.853173,0,89.110788,0,14.878837,0,60.601635,33.816045,60.74299,49.998417,33.746106,50,27,0,0,0,0,0,0,0,0
1800,60.815837,0,1.899029,0,38.197424,25.154398,0.799599,2.858953,0,89.298583,0,14.838603,0,60.751605,33.726667,60.695593,49.985325,33.719774,50,27,0,0,0,0,0,0,0,0
1801,60.623127,0,1.907569,0,38.113536,25.007545,0.799947,2.858009,0,88.656748,0,14.884297,0,60.623834,33.760636,60.642976,49.970855,33.690542,50,27,0,0,0,0,0,0,0,0
1802,61.220753,0,1.898667,0,37.859605,25.136354,0.798933,2.870587,0,89.311703,0,14.842058,0,60.459301,33.910738,60.793867,50.012706,33.774371,50,27,0,0,0,0,0,0,0,0
1803,60.42906,0,1.897126,0,38.05224,24.933771,0.798822,2.836609,0,88.876199,0,14.811657,0,60.90189,33.669898,60.707525,49.988778,33.726403,50,27,0,0,0,0,0,0,0,0
1804,60.50307,0,1.898816,0,38.075222,24.942616,0.798969,2.849602,0,89.073717,0,14.824932,0,61.198769,33.597679,60.864214,50.032142,33.813452,50,27,0,0,0,0,0,0,0,0
1805,60.667007,0,1.897924,0,38.12261,25.065816,0.79623,2.843283,0,88.835082,0,14.884955,0,60.880423,33.651739,60.680811,49.98129,33.711562,50,27,0,0,0,0,0,0,0,0
1806,60.612489,0,1.894802,0,38.184249,25.011826,0.799155,2.848399,0,89.054728,0,14.850429,0,60.757594,33.797732,60.878413,50.035999,33.82134,50,27,0,0,0,0,0,0,0,0
1807,60.673685,0,1.893319,0,38.13289,25.096623,0.805566,2.83655,0,89.359379,0,14.937267,0,60.482414,33.786107,60.571159,49.950897,33.650644,50,27,0,0,0,0,0,0,0,0
1808,60.792771,0,1.903514,0,37.936204,25.048428,0.799618,2.861117,0,89.465946,0,14.871644,0,60.802482,33.785912,60.885269,50.03796,33.825149,50,27,0,0,0,0,0,0,0,0
1809,60.567537,0,1.903153,0,37.88236,25.021746,0.797437,2.849135,0,89.160378,0,14.76568,0,60.717666,33.727656,60.672395,49.978933,33.706886,50,27,0,0,0,0,0,0,0,0
1810,60.629094,0,1.900597,0,38.077299,24.975283,0.80189,2.858667,0,89.308107,0,14.877244,0,60.342596,33.823696,60.50274,49.932146,33.612633,50,27,0,0,0,0,0,0,0,0
1811,60.712498,0,1.903683,0,38.043399,24.871086,0.798833,2.86549,0,88.959497,0,14.809089,0,60.785234,33.782873,60.849257,50.028259,33.805143,50,27,0,0,0,0,0,0,0,0
1812,60.481451,0,1.90826,0,37.918543,25.164711,0.799785,2.856199,0,89.219844,0,14.942713,0,60.519224,33.909428,60.846198,50.027273,33.803443,50,27,0,0,0,0,0,0,0,0
1813,60.995323,0,1.89303,0,38.0182,24.89674,0.799348,2.84922,0,89.202258,0,14.896265,0,60.602775,33.75683,60.587426,49.955614,33.659681,50,27,0,0,0,0,0,0,0,0
1814,60.683005,0,1.903039,0,37.870522,24.804683,0.801714,2.842216,0,89.103244,0,14.915618,0,60.812531,33.900125,61.100404,50.09762,33.944669,50,27,0,0,0,0,0,0,0,0
1815,60.728344,0,1.906312,0,37.983527,24.915191,0.800334,2.84114,0,89.281012,0,14.905249,0,61.190106,33.505817,60.628245,49.966632,33.682358,50,27,0,0,0,0,0,0,0,0
1816,60.781122,0,1.910624,0,38.053225,25.033456,0.798921,2.846997,0,89.335715,0,14.781545,0,61.106322,33.585428,60.747506,49.999761,33.748615,50,27,0,0,0,0,0,0,0,0
1817,60.77556,0,1.91032,0,37.980401,24.872865,0.80087,2.849596,0,89.328017,0,14.86764,0,60.570213,33.803816,60.694485,49.985107,33.719158,50,27,0,0,0,0,0,0,0,0
1818,60.907403,0,1.907434,0,37.990593,25.03031,0.802786,2.839983,0,89.296012,0,14.79439,0,60.839341,33.738378,60.817813,50.019269,33.787674,50,27,0,0,0,0,0,0,0,0
1819,60.762112,0,1.902594,0,37.979634,25.017399,0.800081,2.861394,0,88.654533,0,14.932912,0,60.489494,34.001145,61.023586,50.076048,33.901992,50,27,0,0,0,0,0,0,0,0
1820,60.991519,0,1.89203,0,38.123146,25.067039,0.800103,2.8473,0,89.072216,0,14.901808,0,60.999863,33.678721,60.820461,50.019527,33.789145,50,27,0,0,0,0,0,0,0,0
1821,60.814006,0,1.904724,0,37.755422,24.925346,0.797518,2.845717,0,89.128324,0,14.883531,0,60.713797,33.698908,60.58819,49.95523,33.660105,50,27,0,0,0,0,0,0,0,0
1822,60.561543,0,1.907736,0,38.012588,25.0404,0.800114,2.846018,0,89.252412,0,14.843803,0,60.380568,33.883204,60.651561,49.972969,33.695312,50,27,0,0,0,0,0,0,0,0
1823,60.32119,0,1.889172,0,38.107858,25.02175,0.802339,2.849369,0,89.618543,0,14.900786,0,61.041408,33.674199,60.854593,50.02922,33.808107,50,27,0,0,0,0,0,0,0,0
1824,60.869266,0,1.899391,0,37.974699,25.019241,0.797993,2.842244,0,89.699458,0,14.907714,0,60.753234,33.758433,60.755776,50.001762,33.753209,50,27,0,0,0,0,0,0,0,0
1825,61.057683,0,1.897828,0,37.851759,25.047111,0.798673,2.852766,0,89.250409,0,14.851506,0,60.516013,33.999338,61.026554,50.076596,33.903641,50,27,0,0,0,0,0,0,0,0
1826,60.535219,0,1.897763,0,38.055954,25.132495,0.802149,2.844812,0,88.877498,0,14.85237,0,60.900543,33.660843,60.665164,49.976328,33.702869,50,27,0,0,0,0,0,0,0,0
1827,61.03167,0,1.890244,0,38.032166,24.987203,0.799171,2.841573,0,89.699337,0,14.813196,0,61.087975,33.515319,60.560342,49.947473,33.644635,50,27,0,0,0,0,0,0,0,0
1828,60.761231,0,1.895607,0,38.196869,24.992542,0.798368,2.856313,0,89.145885,0,14.894637,0,61.054447,33.535948,60.603304,49.959609,33.668502,50,27,0,0,0,0,0,0,0,0
1829,60.957742,0,1.899295,0,37.845593,25.098573,0.800996,2.843737,0,88.785589,0,14.866047,0,60.673409,33.718177,60.634854,49.96853,33.68603,50,27,0,0,0,0,0,0,0,0
1830,61.08831,0,1.912207,0,38.09419,25.075596,0.798886,2.84242,0,88.830842,0,14.779284,0,60.749968,33.683128,60.63989,49.970079,33.688828,50,27,0,0,0,0,0,0,0,0
1831,60.927003,0,1.895307,0,38.094455,24.9295,0.802134,2.841332,0,89.238397,0,14.826547,0,60.467888,33.914246,60.852205,50.028911,33.806781,50,27,0,0,0,0,0,0,0,0
1832,60.674409,0,1.891818,0,37.90986,25.120447,0.800484,2.851794,0,89.688184,0,14.864243,0,60.773986,33.696889,60.675796,49.980008,33.708776,50,27,0,0,0,0,0,0,0,0
1833,60.970703,0,1.903946,0,37.885558,24.949258,0.799724,2.846583,0,89.182913,0,14.903954,0,60.814434,33.831827,61.007015,50.071655,33.892786,50,27,0,0,0,0,0,0,0,0
1834,60.810113,0,1.896486,0,37.936131,24.980557,0.800418,2.852575,0,89.23775,0,14.853053,0,60.699138,33.862821,60.945061,50.054175,33.858367,50,27,0,0,0,0,0,0,0,0
1835,60.657632,0,1.906697,0,37.911479,25.096397,0.801366,2.842412,0,89.175944,0,14.895758,0,60.693215,33.732806,60.649516,49.972218,33.694176,50,27,0,0,0,0,0,0,0,0
1836,60.691755,0,1.897679,0,38.116857,24.921161,0.802289,2.845982,0,89.057278,0,14.937123,0,60.851436,33.735483,60.816115,50.018404,33.786731,50,27,0,0,0,0,0,0,0,0
1837,61.185054,0,1.898792,0,38.049817,25.008904,0.797384,2.857595,0,89.195989,0,14.882391,0,60.672159,33.721572,60.609703,49.96126,33.672057,50,27,0,0,0,0,0,0,0,0
1838,60.645461,0,1.894441,0,37.999525,24.963614,0.799383,2.848388,0,89.353913,0,14.866784,0,60.598807,33.801305,60.708442,49.988744,33.726912,50,27,0,0,0,0,0,0,0,0
1839,60.451435,0,1.911863,0,37.975655,25.053215,0.802405,2.843057,0,89.117329,0,14.935614,0,60.701468,33.691621,60.572886,49.951333,33.651603,50,27,0,0,0,0,0,0,0,0
1840,60.841351,0,1.893793,0,37.881909,24.959699,0.80269,2.850448,0,89.326567,0,14.908361,0,60.716739,33.800156,60.825134,50.021296,33.791741,50,27,0,0,0,0,0,0,0,0
1841,60.842426,0,1.900112,0,37.926404,25.014582,0.803169,2.858557,0,89.575217,0,14.824047,0,60.353793,34.047452,60.977052,50.063179,33.87614,50,27,0,0,0,0,0,0,0,0
1842,60.728832,0,1.90006,0,37.88837,25.045832,0.796517,2.861335,0,89.433477,0,14.878072,0,60.630602,33.948562,61.006312,50.070952,33.892395,50,27,0,0,0,0,0,0,0,0
1843,60.521768,0,1.890644,0,37.90711,24.87214,0.799255,2.843505,0,89.503669,0,14.925865,0,60.804056,33.707449,60.647688,49.971477,33.69316,50,27,0,0,0,0,0,0,0,0
1844,60.896349,0,1.908475,0,38.141142,25.052865,0.797421,2.858165,0,89.570046,0,14.953634,0,61.062775,33.59582,60.680713,49.980747,33.711507,50,27,0,0,0,0,0,0,0,0
1845,60.742751,0,1.898864,0,37.812375,25.063511,0.800361,2.852059,0,89.322733,0,14.957331,0,60.546472,33.956262,60.948594,50.054884,33.86033,50,27,0,0,0,0,0,0,0,0
1846,60.540737,0,1.895295,0,37.919423,25.019129,0.796493,2.855559,0,88.946016,0,14.906922,0,60.909256,33.809947,60.977613,50.062631,33.876452,50,27,0,0,0,0,0,0,0,0
1847,60.828388,0,1.895195,0,38.050011,25.054092,0.805497,2.832671,0,88.886221,0,14.880063,0,60.814751,33.722062,60.693454,49.98378,33.718586,50,27,0,0,0,0,0,0,0,0
1848,60.724009,0,1.897214,0,38.09201,24.989104,0.799929,2.852789,0,89.522748,0,14.939525,0,61.047282,33.72201,60.933455,50.050196,33.85192,50,27,0,0,0,0,0,0,0,0
1849,60.786946,0,1.896159,0,37.971649,25.042197,0.801004,2.846997,0,89.019612,0,14.818009,0,60.395416,33.907729,60.680454,49.980017,33.711364,50,27,0,0,0,0,0,0,0,0
1850,60.48622,0,1.906807,0,37.939036,24.993445,0.79793,2.843229,0,88.764262,0,14.837565,0,61.158812,33.751869,61.09727,50.095323,33.942928,50,27,0,0,0,0,0,0,0,0
1851,60.905963,0,1.891976,0,37.966213,25.021785,0.805611,2.845193,0,89.33467,0,14.879804,0,60.853953,33.731066,60.752375,49.999521,33.75132,50,27,0,0,0,0,0,0,0,0
1852,60.530853,0,1.893741,0,38.143801,25.048432,0.802742,2.845969,0,89.454401,0,14.855585,0,60.753329,33.827231,60.860946,50.029532,33.811637,50,27,0,0,0,0,0,0,0,0
1853,60.624988,0,1.90657,0,38.059823,25.057553,0.798072,2.853015,0,89.412859,0,14.770318,0,60.843826,33.804617,60.897019,50.039355,33.831677,50,27,0,0,0,0,0,0,0,0
1854,61.015566,0,1.905539,0,38.087457,25.126605,0.802371,2.851253,0,89.783011,0,14.919523,0,60.792653,33.626938,60.467727,49.920505,33.593182,50,27,0,0,0,0,0,0,0,0
1855,60.913426,0,1.91012,0,38.016923,24.838923,0.799559,2.842181,0,88.82596,0,14.864672,0,60.850304,33.789574,60.888747,50.037269,33.827082,50,27,0,0,0,0,0,0,0,0
1856,61.06584,0,1.891053,0,37.921946,24.951796,0.803992,2.833747,0,89.639144,0,14.885025,0,60.81442,33.798637,60.869577,50.031785,33.816432,50,27,0,0,0,0,0,0,0,0
1857,61.006599,0,1.910897,0,37.893107,25.184918,0.799911,2.850505,0,89.34512,0,14.890198,0,60.586248,33.868071,60.784421,50.00809,33.769123,50,27,0,0,0,0,0,0,0,0
1858,60.683231,0,1.907306,0,37.922994,24.999069,0.799674,2.855157,0,89.260978,0,14.865856,0,60.903778,33.73429,60.807371,50.014393,33.781873,50,27,0,0,0,0,0,0,0,0
1859,60.492181,0,1.908965,0,37.76889,25.030388,0.803495,2.858185,0,89.403885,0,14.870812,0,60.58136,33.867448,60.771857,50.004506,33.762143,50,27,0,0,0,0,0,0,0,0
1860,60.603297,0,1.894209,0,37.860731,24.997164,0.802067,2.851854,0,89.438898,0,14.880999,0,60.658883,33.754367,60.598945,49.956691,33.66608,50,27,0,0,0,0,0,0,0,0
1861,60.807234,0,1.898944,0,37.821904,25.042285,0.798223,2.846451,0,89.022017,0,14.896442,0,60.961605,33.627988,60.638833,49.967931,33.68824,50,27,0,0,0,0,0,0,0,0
1862,60.690401,0,1.900197,0,37.741755,25.06792,0.799099,2.840676,0,88.860669,0,14.839302,0,60.699877,33.746006,60.646222,49.970133,33.692346,50,27,0,0,0,0,0,0,0,0
1863,60.728834,0,1.901713,0,38.181355,25.004636,0.797454,2.849717,0,89.541838,0,14.853606,0,60.584737,33.717655,60.474631,49.922855,33.597017,50,27,0,0,0,0,0,0,0,0
1864,60.779106,0,1.899856,0,37.808952,24.95875,0.802411,2.845476,0,89.114535,0,14.860073,0,60.63189,33.872206,60.854672,50.02828,33.808151,50,27,0,0,0,0,0,0,0,0
1865,60.919244,0,1.889684,0,38.130131,24.976786,0.800999,2.871552,0,88.951383,0,14.871062,0,60.669159,33.720471,60.557952,49.946128,33.643307,50,27,0,0,0,0,0,0,0,0
1866,60.649839,0,1.904173,0,37.878156,25.084763,0.798549,2.848498,0,88.992454,0,14.893201,0,60.767847,33.79304,60.816666,50.017903,33.787037,50,27,0,0,0,0,0,0,0,0
1867,60.802612,0,1.896542,0,38.0137,24.984067,0.799088,2.862088,0,89.23804,0,14.794688,0,60.650616,33.901357,60.924865,50.04772,33.847147,50,27,0,0,0,0,0,0,0,0
1868,60.727721,0,1.894751,0,38.255191,24.95501,0.799218,2.85879,0,89.366179,0,14.937727,0,60.660306,33.887167,60.887481,50.037149,33.826378,50,27,0,0,0,0,0,0,0,0
1869,60.795254,0,1.895153,0,38.015724,25.043536,0.797584,2.857371,0,88.921234,0,14.855937,0,60.96658,33.574432,60.519881,49.935362,33.622156,50,27,0,0,0,0,0,0,0,0
1870,60.874293,0,1.890439,0,37.831749,25.020606,0.801621,2.86387,0,88.901751,0,14.825353,0,61.306558,33.646643,61.040099,50.079469,33.911166,50,27,0,0,0,0,0,0,0,0
1871,60.826308,0,1.91196,0,38.069887,24.964863,0.799242,2.857727,0,89.482567,0,14.828227,0,60.491601,33.790079,60.544355,49.942052,33.635753,50,27,0,0,0,0,0,0,0,0
1872,60.863453,0,1.914315,0,38.087888,25.042715,0.803068,2.845607,0,89.207029,0,14.775292,0,60.946638,33.680067,60.76404,50.00306,33.7578,50,27,0,0,0,0,0,0,0,0
1873,60.768357,0,1.906196,0,37.996258,25.026593,0.801942,2.845853,0,89.341233,0,14.82904,0,60.786717,33.623608,60.496438,49.929081,33.609132,50,27,0,0,0,0,0,0,0,0
1874,60.500377,0,1.891919,0,38.063135,24.997836,0.80137,2.858764,0,89.459456,0,14.889103,0,61.251499,33.538746,60.800357,50.013436,33.777976,50,27,0,0,0,0,0,0,0,0
1875,60.570118,0,1.902326,0,38.09845,24.976173,0.800372,2.856892,0,89.260442,0,14.775494,0,61.038491,33.753239,61.06799,50.087342,33.926661,50,27,0,0,0,0,0,0,0,0
1876,61.008591,0,1.896312,0,37.85901,25.168547,0.797496,2.849082,0,88.697265,0,14.891411,0,60.703481,33.668048,60.551436,49.944134,33.639687,50,27,0,0,0,0,0,0,0,0
1877,60.94697,0,1.897416,0,38.156478,25.049446,0.802396,2.859575,0,89.137557,0,14.847011,0,60.646009,33.882099,60.954981,50.05595,33.863878,50,27,0,0,0,0,0,0,0,0
1878,60.988711,0,1.89094,0,37.864623,25.063251,0.796523,2.840604,0,89.572096,0,14.826105,0,60.813519,33.633399,60.57858,49.951636,33.654767,50,27,0,0,0,0,0,0,0,0
1879,60.847269,0,1.899245,0,38.072543,25.024631,0.799874,2.840213,0,89.306254,0,14.871158,0,60.572811,33.719547,60.534273,49.93963,33.630152,50,27,0,0,0,0,0,0,0,0
1880,61.017135,0,1.907783,0,37.917819,25.068153,0.796878,2.843956,0,89.525748,0,14.825123,0,60.728268,33.651396,60.548383,49.943831,33.63799,50,27,0,0,0,0,0,0,0,0
1881,60.422128,0,1.910981,0,38.014464,25.047892,0.801792,2.849312,0,89.353291,0,14.774546,0,60.506214,33.922084,60.908554,50.04366,33.838086,50,27,0,0,0,0,0,0,0,0
1882,60.837067,0,1.908802,0,37.934021,25.00116,0.798063,2.84489,0,89.220992,0,14.899289,0,60.55007,33.642465,60.337442,49.88559,33.520801,50,27,0,0,0,0,0,0,0,0
1883,60.533627,0,1.894508,0,38.04264,25.069961,0.803038,2.856678,0,88.755751,0,14.810835,0,60.699366,33.8888,61.01964,50.074716,33.8998,50,27,0,0,0,0,0,0,0,0
1884,60.585147,0,1.901655,0,37.880507,25.015035,0.800422,2.842083,0,88.927332,0,14.873997,0,60.763776,33.782008,60.83877,50.024352,33.799317,50,27,0,0,0,0,0,0,0,0
1885,60.830787,0,1.893059,0,37.96151,24.948292,0.797089,2.861868,0,88.853519,0,14.774362,0,60.800102,33.75139,60.805823,50.015125,33.781013,50,27,0,0,0,0,0,0,0,0
1886,61.080195,0,1.898451,0,38.146517,24.993048,0.801799,2.854508,0,89.220065,0,14.972788,0,60.452957,33.745356,60.445593,49.915483,33.580885,50,27,0,0,0,0,0,0,0,0
1887,60.747238,0,1.899542,0,37.933767,24.92272,0.798311,2.84965,0,88.853961,0,14.851063,0,60.804674,33.852343,61.023447,50.07562,33.901915,50,27,0,0,0,0,0,0,0,0
1888,60.759487,0,1.89787,0,38.084535,24.90405,0.798415,2.853917,0,89.161663,0,14.882617,0,60.793211,33.791649,60.870285,50.032911,33.816825,50,27,0,0,0,0,0,0,0,0
1889,60.483941,0,1.902796,0,37.998319,24.940643,0.806469,2.853046,0,89.188569,0,14.836901,0,60.833837,33.700462,60.713744,49.98948,33.729858,50,27,0,0,0,0,0,0,0,0
1890,60.410667,0,1.904261,0,37.907441,25.073186,0.801247,2.854477,0,89.156691,0,14.822173,0,60.871861,33.724583,60.810153,50.016179,33.783419,50,27,0,0,0,0,0,0,0,0
1891,60.695042,0,1.912127,0,38.083879,24.891547,0.794413,2.850983,0,88.764787,0,14.816484,0,60.423772,33.860416,60.652445,49.972509,33.695803,50,27,0,0,0,0,0,0,0,0
1892,60.803273,0,1.903181,0,37.826186,25.016257,0.800375,2.851396,0,88.979409,0,14.850503,0,60.590864,33.876975,60.840174,50.024533,33.800097,50,27,0,0,0,0,0,0,0,0
1893,60.707705,0,1.905824,0,37.902072,24.992356,0.797153,2.855864,0,89.369315,0,14.864591,0,60.490029,33.813791,60.590478,49.955396,33.661377,50,27,0,0,0,0,0,0,0,0
1894,60.815777,0,1.901614,0,38.055562,25.015473,0.800885,2.85461,0,88.94311,0,14.880635,0,60.775273,33.711412,60.653488,49.973033,33.696382,50,27,0,0,0,0,0,0,0,0
1895,60.680929,0,1.89897,0,38.153356,25.014426,0.799933,2.842592,0,89.317483,0,14.931267,0,60.453265,34.019077,60.988074,50.065646,33.882263,50,27,0,0,0,0,0,0,0,0
1896,60.654079,0,1.902326,0,38.004198,24.919546,0.803968,2.84801,0,89.071626,0,14.953905,0,60.816529,33.912586,61.093281,50.094398,33.940712,50,27,0,0,0,0,0,0,0,0
1897,60.816732,0,1.896635,0,37.936712,24.91755,0.797064,2.856257,0,89.235059,0,14.933753,0,61.132882,33.526329,60.577576,49.95139,33.654209,50,27,0,0,0,0,0,0,0,0
1898,61.089944,0,1.901436,0,38.084095,25.003229,0.798845,2.855012,0,89.724427,0,14.838564,0,60.585678,33.753681,60.54465,49.942531,33.635917,50,27,0,0,0,0,0,0,0,0
1899,60.966934,0,1.904734,0,37.861057,25.049948,0.800083,2.865192,0,89.409527,0,14.866223,0,60.926302,33.781858,60.947275,50.054101,33.859597,50,27,0,0,0,0,0,0,0,0
1900,60.733662,0,1.900426,0,37.95619,24.994354,0.798201,2.83636,0,88.933793,0,14.823447,0,60.803876,34.00052,61.284778,50.147116,34.047099,50,27,0,0,0,0,0,0,0,0
1901,60.661743,0,1.904604,0,38.101415,25.015515,0.800492,2.846586,0,89.321545,0,14.93006,0,60.973185,33.651582,60.687989,49.981434,33.715549,50,27,0,0,0,0,0,0,0,0
1902,60.872601,0,1.908284,0,38.226405,24.945511,0.799335,2.852575,0,88.476752,0,14.87311,0,60.864812,33.590541,60.468682,49.920911,33.593712,50,27,0,0,0,0,0,0,0,0
1903,60.975176,0,1.902129,0,37.973918,25.02358,0.80153,2.849203,0,89.099812,0,14.869909,0,60.858617,33.721825,60.764173,50.002977,33.757874,50,27,0,0,0,0,0,0,0,0
1904,60.629761,0,1.898303,0,38.018325,24.912161,0.802408,2.852209,0,88.376206,0,14.773464,0,60.917659,33.777096,60.945705,50.053137,33.858725,50,27,0,0,0,0,0,0,0,0
1905,60.914212,0,1.890887,0,37.909287,25.019489,0.801115,2.857837,0,89.330476,0,14.88874,0,60.653973,33.789401,60.706222,49.98668,33.725679,50,27,0,0,0,0,0,0,0,0
1906,60.597481,0,1.902397,0,38.082556,24.907856,0.804231,2.833702,0,89.110453,0,14.894825,0,60.746948,33.760125,60.734178,49.994473,33.74121,50,27,0,0,0,0,0,0,0,0
1907,60.814578,0,1.905554,0,37.876806,24.951057,0.798718,2.859116,0,89.022918,0,14.884968,0,61.29783,33.458461,60.649535,49.971106,33.694186,50,27,0,0,0,0,0,0,0,0
1908,60.635647,0,1.898428,0,38.117053,24.992585,0.799574,2.841737,0,89.3418,0,14.868818,0,61.168162,33.427845,60.495805,49.928759,33.608781,50,27,0,0,0,0,0,0,0,0
1909,60.708009,0,1.900987,0,37.949516,24.866122,0.800439,2.837181,0,88.565921,0,14.843918,0,60.638557,33.809603,60.813494,50.016922,33.785274,50,27,0,0,0,0,0,0,0,0
1910,60.437928,0,1.897349,0,37.76168,24.97014,0.803856,2.8489,0,89.217218,0,14.916899,0,60.798171,33.772133,60.883135,50.036086,33.823964,50,27,0,0,0,0,0,0,0,0
1911,60.544089,0,1.908561,0,37.929306,25.156054,0.796575,2.859415,0,88.749003,0,14.828482,0,60.624701,33.690532,60.532229,49.938918,33.629016,50,27,0,0,0,0,0,0,0,0
1912,60.51271,0,1.892874,0,38.129234,25.020396,0.801342,2.850864,0,89.245483,0,14.875383,0,60.605563,33.674699,60.485473,49.926298,33.60304,50,27,0,0,0,0,0,0,0,0
1913,60.553058,0,1.885606,0,37.769548,25.165274,0.797617,2.872055,0,88.816101,0,14.803975,0,60.624605,33.746731,60.663961,49.975998,33.702201,50,27,0,0,0,0,0,0,0,0
1914,60.788745,0,1.899462,0,38.036793,24.988162,0.800242,2.853037,0,88.548864,0,14.846983,0,60.368479,33.9998,60.939194,50.052191,33.855108,50,27,0,0,0,0,0,0,0,0
1915,60.701784,0,1.89111,0,37.940297,24.975056,0.799506,2.840303,0,89.285737,0,14.899542,0,60.644051,33.823856,60.807965,50.01566,33.782203,50,27,0,0,0,0,0,0,0,0
1916,60.779484,0,1.89123,0,38.070696,24.891783,0.798877,2.856435,0,89.00034,0,14.929174,0,60.990608,33.789132,61.071031,50.088292,33.92835,50,27,0,0,0,0,0,0,0,0
1917,60.72743,0,1.911653,0,37.928959,24.987954,0.799715,2.855317,0,88.982647,0,14.890843,0,60.725462,33.934425,61.107335,50.097888,33.94852,50,27,0,0,0,0,0,0,0,0
1918,60.540194,0,1.903635,0,38.006568,24.775,0.802752,2.830491,0,88.94376,0,14.852729,0,60.871563,33.798689,60.943252,50.052049,33.857362,50,27,0,0,0,0,0,0,0,0
1919,60.721653,0,1.902138,0,38.123167,24.964877,0.797226,2.840301,0,89.02133,0,14.923616,0,60.833774,33.574498,60.428079,49.909398,33.571155,50,27,0,0,0,0,0,0,0,0
1920,60.858324,0,1.891273,0,38.154184,25.039433,0.798674,2.862353,0,89.188976,0,14.84373,0,60.541474,33.782636,60.600177,49.957416,33.666765,50,27,0,0,0,0,0,0,0,0
1921,61.005166,0,1.903768,0,37.878693,25.1028,0.79746,2.869884,0,89.238639,0,14.834914,0,60.806453,33.635092,60.55026,49.943831,33.639034,50,27,0,0,0,0,0,0,0,0
1922,60.997782,0,1.90015,0,37.842135,25.02087,0.802944,2.848677,0,88.978453,0,14.74864,0,60.793433,33.733578,60.760997,50.002357,33.756109,50,27,0,0,0,0,0,0,0,0
1923,61.296747,0,1.901066,0,37.908806,24.986765,0.798147,2.840364,0,89.337367,0,14.833505,0,60.70714,33.73821,60.686501,49.981755,33.714723,50,27,0,0,0,0,0,0,0,0
1924,60.93266,0,1.888759,0,38.02879,24.899364,0.79967,2.861568,0,89.2634,0,14.8834,0,60.776326,33.846986,60.986427,50.064744,33.881348,50,27,0,0,0,0,0,0,0,0
1925,60.855802,0,1.894696,0,38.03213,25.045124,0.796408,2.844269,0,89.355157,0,14.815033,0,60.540655,33.918521,60.888517,50.03736,33.826954,50,27,0,0,0,0,0,0,0,0
1926,60.935398,0,1.893229,0,38.03871,24.949025,0.796754,2.84314,0,89.237583,0,14.924248,0,60.703078,33.640579,60.442917,49.914012,33.579398,50,27,0,0,0,0,0,0,0,0
1927,60.87863,0,1.905307,0,37.991576,24.921337,0.796404,2.844996,0,89.156921,0,14.85057,0,60.953565,33.725059,60.887864,50.037422,33.826591,50,27,0,0,0,0,0,0,0,0
1928,60.873639,0,1.897414,0,37.986351,25.007483,0.797915,2.847421,0,88.898534,0,14.909984,0,60.550859,33.758815,60.560469,49.946745,33.644705,50,27,0,0,0,0,0,0,0,0
1929,60.696028,0,1.910217,0,38.21899,25.035412,0.801481,2.844855,0,89.170903,0,14.833165,0,60.523763,33.956389,60.949529,50.054544,33.860849,50,27,0,0,0,0,0,0,0,0
1930,60.527927,0,1.894822,0,38.0267,24.947106,0.802455,2.852046,0,89.415862,0,14.83668,0,60.842497,33.672796,60.643448,49.969674,33.690804,50,27,0,0,0,0,0,0,0,0
1931,60.629943,0,1.901439,0,37.759369,24.923561,0.798638,2.857053,0,89.361623,0,14.931083,0,60.780524,33.796265,60.854358,50.028119,33.807977,50,27,0,0,0,0,0,0,0,0
1932,60.709578,0,1.909716,0,38.030788,25.074258,0.7928,2.84928,0,89.014345,0,14.923244,0,61.043324,33.595312,60.688658,49.98218,33.715921,50,27,0,0,0,0,0,0,0,0
1933,60.892277,0,1.903133,0,37.96019,24.878266,0.796171,2.856995,0,89.146573,0,14.900115,0,60.355615,33.867468,60.597195,49.956989,33.665108,50,27,0,0,0,0,0,0,0,0
1934,60.778781,0,1.905667,0,37.713345,25.060386,0.799197,2.858312,0,88.746956,0,14.865298,0,60.803658,33.79629,60.879999,50.035369,33.822222,50,27,0,0,0,0,0,0,0,0
1935,60.693115,0,1.902295,0,37.901927,25.10138,0.800191,2.851998,0,89.258646,0,14.851742,0,61.171857,33.399014,60.405421,49.904022,33.558567,50,27,0,0,0,0,0,0,0,0
1936,60.647906,0,1.900692,0,37.99903,25.046742,0.800226,2.841907,0,88.779808,0,14.904453,0,60.825834,33.749379,60.846352,50.026371,33.803529,50,27,0,0,0,0,0,0,0,0
1937,60.929159,0,1.901342,0,37.92458,24.884633,0.801872,2.846579,0,89.149341,0,14.87458,0,60.619362,33.813223,60.77327,50.00604,33.762928,50,27,0,0,0,0,0,0,0,0
1938,60.786557,0,1.892304,0,38.06513,25.002123,0.800964,2.834173,0,89.27882,0,14.842934,0,60.488293,33.90394,60.823937,50.020014,33.791076,50,27,0,0,0,0,0,0,0,0
1939,60.803197,0,1.905683,0,38.072873,25.107513,0.799544,2.846881,0,89.146763,0,14.854207,0,60.743812,33.615294,60.449614,49.916453,33.583119,50,27,0,0,0,0,0,0,0,0
1940,60.561299,0,1.90324,0,38.105017,24.97321,0.798951,2.842925,0,88.739872,0,14.884595,0,60.976564,33.57392,60.613481,49.962161,33.674156,50,27,0,0,0,0,0,0,0,0
1941,60.745067,0,1.900398,0,37.850535,25.121887,0.8017,2.848882,0,89.169374,0,14.87671,0,60.680332,33.826855,60.873476,50.034211,33.818598,50,27,0,0,0,0,0,0,0,0
1942,60.421267,0,1.906512,0,38.136437,25.02406,0.801684,2.835072,0,89.044866,0,14.891824,0,60.685716,33.779349,60.766581,50.004495,33.759212,50,27,0,0,0,0,0,0,0,0
1943,60.856314,0,1.900182,0,37.884103,24.829387,0.802003,2.85622,0,89.079846,0,14.869404,0,60.530632,33.914692,60.891932,50.039119,33.828851,50,27,0,0,0,0,0,0,0,0
1944,60.640629,0,1.887153,0,38.219337,24.97317,0.800893,2.845583,0,89.627507,0,14.838004,0,60.70826,33.793715,60.791795,50.011247,33.773219,50,27,0,0,0,0,0,0,0,0
1945,60.639407,0,1.900117,0,38.134432,25.030292,0.798592,2.849227,0,89.544612,0,14.791922,0,60.886454,33.814706,61.009044,50.071238,33.893914,50,27,0,0,0,0,0,0,0,0
1946,61.02604,0,1.899471,0,38.049757,24.979154,0.800552,2.851486,0,89.129257,0,14.749005,0,60.968193,33.736256,60.917641,50.04562,33.843134,50,27,0,0,0,0,0,0,0,0
1947,60.760193,0,1.895276,0,37.80523,25.111792,0.800563,2.855977,0,89.393127,0,14.885776,0,60.790051,33.664386,60.591058,49.955127,33.661699,50,27,0,0,0,0,0,0,0,0
1948,60.832002,0,1.907925,0,38.183394,25.109485,0.798967,2.854112,0,89.267705,0,14.87161,0,61.071208,33.646831,60.847622,50.026263,33.804235,50,27,0,0,0,0,0,0,0,0
1949,60.920154,0,1.899471,0,37.966808,24.939358,0.799644,2.848095,0,89.0319,0,14.890837,0,60.821731,33.718755,60.763833,50.002974,33.757685,50,27,0,0,0,0,0,0,0,0
1950,60.588087,0,1.90357,0,38.179893,25.035788,0.79767,2.843218,0,89.544352,0,14.87275,0,60.459915,34.016808,61.034343,50.077727,33.907968,50,27,0,0,0,0,0,0,0,0
1951,60.716423,0,1.902043,0,38.125006,24.955069,0.797693,2.846771,0,88.443453,0,14.893069,0,60.833023,33.715681,60.736357,49.994978,33.742421,50,27,0,0,0,0,0,0,0,0
1952,60.56591,0,1.904368,0,37.905708,25.09572,0.798376,2.847967,0,89.332152,0,14.873798,0,60.526887,34.122754,61.294933,50.149391,34.052741,50,27,0,0,0,0,0,0,0,0
1953,60.747643,0,1.897068,0,37.883369,25.114499,0.798715,2.84088,0,89.265102,0,14.839578,0,60.75259,33.912651,61.029448,50.075269,33.905249,50,27,0,0,0,0,0,0,0,0
1954,60.640038,0,1.898414,0,38.080259,24.913669,0.80083,2.851356,0,89.008916,0,14.960966,0,60.780688,33.592918,60.365804,49.891466,33.536558,50,27,0,0,0,0,0,0,0,0
1955,61.031425,0,1.889034,0,38.030945,24.988695,0.799248,2.840248,0,89.401285,0,14.869079,0,61.276569,33.590909,60.883378,50.035061,33.824099,50,27,0,0,0,0,0,0,0,0
1956,60.808908,0,1.901385,0,37.77568,24.968496,0.799716,2.855518,0,89.027936,0,14.919803,0,60.965063,33.745169,60.92184,50.045518,33.845467,50,27,0,0,0,0,0,0,0,0
1957,60.763299,0,1.91041,0,38.119262,25.182034,0.801319,2.858859,0,89.012893,0,14.768272,0,60.987142,33.525541,60.483343,49.924092,33.601857,50,27,0,0,0,0,0,0,0,0
1958,60.821128,0,1.895821,0,38.005979,25.028477,0.804078,2.846737,0,89.476337,0,14.841628,0,60.799604,33.718247,60.73378,49.99369,33.740989,50,27,0,0,0,0,0,0,0,0
1959,60.820588,0,1.897994,0,37.883812,24.960916,0.797921,2.83856,0,89.100415,0,14.854818,0,60.867827,33.615457,60.589295,49.953786,33.660719,50,27,0,0,0,0,0,0,0,0
1960,60.710213,0,1.901508,0,37.884205,24.994757,0.797472,2.854639,0,89.592864,0,14.825501,0,60.538714,33.907516,60.893651,50.038139,33.829806,50,27,0,0,0,0,0,0,0,0
1961,60.630304,0,1.890675,0,37.884027,25.12762,0.801832,2.872046,0,89.312132,0,14.83941,0,60.592796,33.831583,60.76538,50.002495,33.758544,50,27,0,0,0,0,0,0,0,0
1962,60.777738,0,1.896392,0,37.957472,25.106818,0.803671,2.842525,0,89.064322,0,14.894812,0,60.601592,33.748487,60.588108,49.953486,33.66006,50,27,0,0,0,0,0,0,0,0
1963,60.52219,0,1.903043,0,38.085879,24.983898,0.795679,2.851642,0,89.018361,0,14.877867,0,60.758363,33.80353,60.861829,50.029372,33.812127,50,27,0,0,0,0,0,0,0,0
1964,60.940634,0,1.89997,0,37.913898,25.057565,0.800631,2.856507,0,89.284234,0,14.824375,0,60.811864,33.719522,60.731659,49.993248,33.73981,50,27,0,0,0,0,0,0,0,0
1965,60.827328,0,1.893304,0,37.986362,25.007622,0.797344,2.857781,0,89.425653,0,14.805259,0,60.386972,34.029797,60.966265,50.058126,33.870147,50,27,0,0,0,0,0,0,0,0
1966,61.051366,0,1.897691,0,38.029546,24.928739,0.800715,2.847126,0,89.189764,0,14.767492,0,60.841057,33.82463,60.95137,50.05372,33.861872,50,27,0,0,0,0,0,0,0,0
1967,60.623355,0,1.890577,0,37.915354,25.006068,0.803311,2.857972,0,89.322303,0,14.910658,0,60.971004,33.730988,60.876896,50.032868,33.820498,50,27,0,0,0,0,0,0,0,0
1968,60.479756,0,1.901889,0,38.012858,24.968265,0.79572,2.840414,0,89.2001,0,14.897494,0,60.647214,33.783074,60.668857,49.975204,33.704921,50,27,0,0,0,0,0,0,0,0
1969,60.765061,0,1.9034,0,37.936972,25.040928,0.795882,2.859187,0,88.975054,0,14.800686,0,60.859361,33.59114,60.47479,49.921687,33.597105,50,27,0,0,0,0,0,0,0,0
1970,60.819439,0,1.899249,0,37.839202,24.998961,0.802172,2.858249,0,88.751248,0,14.848076,0,60.601723,33.815405,60.714248,49.988262,33.730138,50,27,0,0,0,0,0,0,0,0
1971,60.7923,0,1.899703,0,37.91418,24.962561,0.801477,2.852307,0,89.199054,0,14.84865,0,60.880464,33.667305,60.673558,49.977074,33.707532,50,27,0,0,0,0,0,0,0,0
1972,60.487012,0,1.905983,0,38.016157,24.924076,0.799654,2.847397,0,89.275178,0,14.887355,0,60.871552,33.744012,60.839382,50.023021,33.799657,50,27,0,0,0,0,0,0,0,0
1973,60.72595,0,1.896462,0,38.201903,24.986184,0.797449,2.843472,0,89.346783,0,14.831678,0,60.792323,33.659742,60.584405,49.952432,33.658003,50,27,0,0,0,0,0,0,0,0
1974,60.475771,0,1.890725,0,38.228354,24.932931,0.800494,2.850012,0,88.938282,0,14.834335,0,61.042151,33.606962,60.735895,49.99454,33.742164,50,27,0,0,0,0,0,0,0,0
1975,60.55662,0,1.902841,0,37.879264,25.115724,0.800619,2.858008,0,89.213615,0,14.828823,0,60.44621,33.83246,60.634755,49.966612,33.685975,50,27,0,0,0,0,0,0,0,0
1976,60.930041,0,1.902954,0,37.992342,25.101842,0.801366,2.866198,0,88.818545,0,14.802471,0,60.579908,33.78699,60.660757,49.973965,33.70042,50,27,0,0,0,0,0,0,0,0
1977,60.771219,0,1.908729,0,38.048705,25.036243,0.800468,2.845633,0,89.457948,0,14.83136,0,60.873953,33.721137,60.810838,50.015577,33.783799,50,27,0,0,0,0,0,0,0,0
1978,60.716657,0,1.911439,0,37.972668,25.123479,0.7989,2.838375,0,88.745299,0,14.843251,0,60.49196,33.915071,60.841871,50.024076,33.801039,50,27,0,0,0,0,0,0,0,0
1979,60.690704,0,1.90096,0,37.897713,24.880924,0.798514,2.855165,0,89.18729,0,14.928766,0,60.945193,33.512756,60.424602,49.908625,33.569223,50,27,0,0,0,0,0,0,0,0
1980,61.156652,0,1.900618,0,37.974964,25.039181,0.80098,2.858191,0,89.098551,0,14.904641,0,60.774791,33.579246,60.426988,49.90974,33.570549,50,27,0,0,0,0,0,0,0,0
1981,60.737567,0,1.904403,0,37.905263,25.118375,0.799639,2.844786,0,89.095503,0,14.867617,0,60.793917,33.731228,60.78844,50.010092,33.771355,50,27,0,0,0,0,0,0,0,0
1982,60.544735,0,1.904514,0,37.93308,25.023239,0.801059,2.860454,0,88.992839,0,14.82738,0,60.732882,33.714724,60.692933,49.983645,33.718296,50,27,0,0,0,0,0,0,0,0
1983,60.947037,0,1.89912,0,37.955396,24.951685,0.800744,2.855588,0,89.20566,0,14.932039,0,60.643553,33.768059,60.718604,49.990821,33.732558,50,27,0,0,0,0,0,0,0,0
1984,60.587531,0,1.896756,0,38.178983,24.912522,0.80294,2.858003,0,88.880078,0,14.86862,0,60.870573,33.760516,60.925023,50.04792,33.847235,50,27,0,0,0,0,0,0,0,0
1985,60.940763,0,1.891777,0,37.837691,25.0665,0.800644,2.848758,0,88.994779,0,14.864534,0,60.770457,33.844734,60.999151,50.06817,33.888417,50,27,0,0,0,0,0,0,0,0
1986,60.658909,0,1.891332,0,37.934369,24.950874,0.800606,2.833477,0,88.913297,0,14.845164,0,60.526426,33.876464,60.807757,50.014931,33.782087,50,27,0,0,0,0,0,0,0,0
1987,60.685663,0,1.893287,0,38.10707,25.155811,0.802436,2.852901,0,89.404923,0,14.885119,0,60.814316,33.756563,60.825147,50.019663,33.791748,50,27,0,0,0,0,0,0,0,0
1988,60.727258,0,1.891852,0,38.060127,25.070193,0.795625,2.859811,0,89.151757,0,14.845925,0,61.000474,33.810242,61.123858,50.102128,33.957699,50,27,0,0,0,0,0,0,0,0
1989,60.811776,0,1.895438,0,38.061793,25.053228,0.8034,2.837053,0,89.312055,0,14.914384,0,60.723104,33.868647,60.961975,50.056876,33.867764,50,27,0,0,0,0,0,0,0,0
1990,60.740455,0,1.894302,0,37.994972,25.178823,0.796015,2.856894,0,89.229407,0,14.906237,0,60.921129,33.663102,60.711497,49.987362,33.72861,50,27,0,0,0,0,0,0,0,0
1991,60.93062,0,1.910693,0,38.045093,25.034222,0.805365,2.848368,0,88.832096,0,14.86142,0,60.391384,34.066074,61.044874,50.079568,33.913819,50,27,0,0,0,0,0,0,0,0
1992,60.6927,0,1.896862,0,37.844074,24.934053,0.800671,2.867121,0,88.535059,0,14.822374,0,60.793621,33.911814,61.080876,50.089123,33.93382,50,27,0,0,0,0,0,0,0,0
1993,60.705797,0,1.904385,0,38.037035,24.988228,0.798301,2.850492,0,89.857723,0,14.834586,0,60.815833,33.685828,60.608446,49.958102,33.671359,50,27,0,0,0,0,0,0,0,0
1994,60.947735,0,1.902214,0,37.906642,25.010524,0.801015,2.849324,0,89.198901,0,14.914622,0,61.289762,33.449075,60.595936,49.954853,33.664409,50,27,0,0,0,0,0,0,0,0
1995,60.810585,0,1.903674,0,37.846329,24.975656,0.802049,2.854279,0,89.303866,0,14.853021,0,60.934401,33.627267,60.659812,49.972733,33.699896,50,27,0,0,0,0,0,0,0,0
1996,60.516701,0,1.90325,0,37.929272,24.989552,0.799185,2.855508,0,89.419447,0,14.807249,0,60.905769,33.697267,60.795998,50.01051,33.775555,50,27,0,0,0,0,0,0,0,0
1997,60.663749,0,1.900531,0,37.927875,24.935303,0.79783,2.859114,0,89.402477,0,14.899987,0,60.534059,33.948721,60.96156,50.056218,33.867533,50,27,0,0,0,0,0,0,0,0
1998,61.038176,0,1.902685,0,38.006167,25.010437,0.800784,2.849667,0,88.89584,0,14.888389,0,61.000443,33.561096,60.58358,49.951466,33.657544,50,27,0,0,0,0,0,0,0,0
1999,60.864969,0,1.89223,0,37.771845,25.078555,0.79936,2.846693,0,89.426059,0,14.830285,0,60.82475,33.65894,60.640329,49.967393,33.689072,50,27,0,0,0,0,0,0,0,0
2000,60.641975,0,1.896476,0,37.965249,24.985348,0.79792,2.842454,0,89.1227,0,14.863085,0,60.666032,33.813425,60.819004,50.01694,33.788336,50,27,0,0,0,0,0,0,0,0
2001,60.536131,0,1.900051,0,38.006913,24.939667,0.802641,2.863315,0,89.020886,0,14.864996,0,60.574621,33.730318,60.542728,49.940494,33.634849,50,27,0,0,0,0,0,0,0,0
2002,60.529917,0,1.901831,0,38.136691,24.98502,0.801071,2.856283,0,89.360939,0,14.74336,0,60.805241,33.807176,60.937464,50.049894,33.854146,50,27,0,0,0,0,0,0,0,0
2003,60.693292,0,1.896726,0,38.056054,24.861261,0.801888,2.848483,0,88.944538,0,14.84896,0,60.821271,33.728196,60.778632,50.005745,33.765906,50,27,0,0,0,0,0,0,0,0
2004,61.092546,0,1.895211,0,38.03928,25.05737,0.797645,2.833239,0,89.094446,0,14.80021,0,60.845491,33.586145,60.505879,49.930329,33.614377,50,27,0,0,0,0,0,0,0,0
2005,60.904037,0,1.898384,0,37.935013,25.128716,0.801443,2.859926,0,89.238346,0,14.80617,0,60.716142,33.814059,60.878512,50.03367,33.821395,50,27,0,0,0,0,0,0,0,0
2006,60.769044,0,1.900498,0,38.028641,24.978997,0.802052,2.872312,0,89.577178,0,14.849158,0,60.610861,33.77167,60.673666,49.976884,33.707592,50,27,0,0,0,0,0,0,0,0
2007,60.722484,0,1.902779,0,37.890879,25.058773,0.798594,2.852591,0,89.397438,0,14.836689,0,60.874546,33.725967,60.837023,50.02215,33.798346,50,27,0,0,0,0,0,0,0,0
2008,60.733541,0,1.899866,0,37.924362,25.089229,0.799925,2.845526,0,89.185665,0,14.76108,0,60.930923,33.586905,60.602411,49.957194,33.668006,50,27,0,0,0,0,0,0,0,0
2009,60.669881,0,1.903596,0,37.85654,24.895561,0.800746,2.847478,0,89.12394,0,14.873814,0,60.486762,33.906562,60.853058,50.026684,33.807254,50,27,0,0,0,0,0,0,0,0
2010,61.028985,0,1.905231,0,37.746666,24.89347,0.800513,2.835434,0,89.18771,0,14.851296,0,61.071539,33.604753,60.778313,50.005893,33.76573,50,27,0,0,0,0,0,0,0,0
2011,60.68228,0,1.904708,0,38.073054,24.92462,0.80254,2.846793,0,89.352133,0,14.838651,0,60.609904,33.796857,60.740223,49.995335,33.744569,50,27,0,0,0,0,0,0,0,0
2012,60.72084,0,1.906082,0,37.728219,25.10482,0.794265,2.837849,0,88.831385,0,14.77662,0,60.445077,33.883562,60.750145,49.998101,33.75008,50,27,0,0,0,0,0,0,0,0
2013,61.029218,0,1.89591,0,37.826904,25.182267,0.800976,2.851925,0,89.771302,0,14.838579,0,61.021406,33.458932,60.411703,49.904566,33.562057,50,27,0,0,0,0,0,0,0,0
2014,60.741784,0,1.895745,0,37.919117,24.925998,0.800713,2.855522,0,89.206572,0,14.830206,0,61.312346,33.382886,60.580342,49.951652,33.655745,50,27,0,0,0,0,0,0,0,0
2015,60.73008,0,1.893095,0,37.807275,24.991223,0.799518,2.827094,0,89.067117,0,14.782221,0,60.81855,33.687679,60.775218,50.005756,33.76401,50,27,0,0,0,0,0,0,0,0
2016,60.779431,0,1.907247,0,38.007098,24.922932,0.79901,2.852725,0,88.942203,0,14.750224,0,60.489049,33.841795,60.773513,50.005256,33.763063,50,27,0,0,0,0,0,0,0,0
2017,60.874685,0,1.887374,0,37.791878,25.015611,0.798138,2.844575,0,88.645057,0,14.917972,0,60.450595,33.81671,60.664367,49.975062,33.702426,50,27,0,0,0,0,0,0,0,0
2018,60.662293,0,1.888261,0,38.01465,25.142286,0.802138,2.843416,0,88.86768,0,14.82009,0,60.593192,33.697305,60.541733,49.941291,33.634296,50,27,0,0,0,0,0,0,0,0
2019,61.067423,0,1.896514,0,37.892867,24.960709,0.799225,2.840187,0,89.334671,0,14.88605,0,60.479827,33.961918,60.989754,50.065414,33.883197,50,27,0,0,0,0,0,0,0,0
2020,60.69365,0,1.891891,0,37.884369,24.937044,0.803279,2.848996,0,89.322181,0,14.82466,0,60.613353,33.77733,60.702044,49.985567,33.723358,50,27,0,0,0,0,0,0,0,0
2021,60.749681,0,1.901654,0,37.933754,25.171102,0.794578,2.856717,0,89.098025,0,14.813117,0,60.6366,33.782582,60.730826,49.993594,33.739348,50,27,0,0,0,0,0,0,0,0
2022,60.839926,0,1.899118,0,38.192497,24.943966,0.800064,2.852966,0,89.156083,0,14.831116,0,60.84532,33.547683,60.438167,49.912736,33.576759,50,27,0,0,0,0,0,0,0,0
2023,60.784075,0,1.893367,0,37.8618,25.067001,0.797788,2.848326,0,88.800915,0,14.851441,0,60.722805,33.805008,60.883893,50.036367,33.824385,50,27,0,0,0,0,0,0,0,0
2024,60.814669,0,1.895439,0,37.880822,25.039284,0.806091,2.853357,0,89.175001,0,14.860864,0,60.77971,33.647379,60.598231,49.95723,33.665684,50,27,0,0,0,0,0,0,0,0
2025,60.389984,0,1.901068,0,38.012065,25.04657,0.79742,2.836848,0,88.687562,0,14.868011,0,60.753524,33.839285,60.98819,50.065226,33.882328,50,27,0,0,0,0,0,0,0,0
2026,60.762348,0,1.906445,0,37.891602,24.850085,0.800241,2.838215,0,89.407094,0,14.837629,0,60.57432,33.773986,60.656579,49.973246,33.698099,50,27,0,0,0,0,0,0,0,0
2027,60.674363,0,1.91067,0,37.83978,25.154617,0.800111,2.847011,0,89.345055,0,14.858377,0,60.851205,33.656719,60.680961,49.980118,33.711645,50,27,0,0,0,0,0,0,0,0
2028,60.945375,0,1.900686,0,37.896061,25.09946,0.796626,2.849043,0,89.157115,0,14.938629,0,60.644351,33.792341,60.770826,50.005055,33.76157,50,27,0,0,0,0,0,0,0,0
2029,60.766685,0,1.899834,0,38.034707,24.979,0.802354,2.845781,0,89.315661,0,14.914338,0,60.675702,33.794424,60.798667,50.012725,33.777037,50,27,0,0,0,0,0,0,0,0
2030,60.823715,0,1.890263,0,37.885031,25.025238,0.797466,2.841605,0,88.853031,0,14.878432,0,60.568786,33.787479,60.669415,49.976937,33.705231,50,27,0,0,0,0,0,0,0,0
2031,60.687791,0,1.89447,0,38.003517,24.929563,0.798728,2.855262,0,89.276499,0,14.805943,0,60.942148,33.722412,60.899237,50.040574,33.83291,50,27,0,0,0,0,0,0,0,0
2032,60.817451,0,1.901271,0,38.171396,25.125313,0.80106,2.861583,0,89.342848,0,14.86569,0,60.977646,33.777209,61.053004,50.082872,33.918335,50,27,0,0,0,0,0,0,0,0
2033,60.665617,0,1.897047,0,38.086087,25.072885,0.804094,2.829994,0,89.24126,0,14.820683,0,60.901774,33.787927,60.99503,50.066436,33.886128,50,27,0,0,0,0,0,0,0,0
2034,60.644347,0,1.908902,0,38.00033,24.960413,0.801328,2.834871,0,88.90176,0,14.883893,0,61.035462,33.59746,60.721125,49.990399,33.733958,50,27,0,0,0,0,0,0,0,0
2035,60.379199,0,1.903242,0,38.019398,25.031955,0.800014,2.855877,0,89.516933,0,14.862547,0,60.69491,33.696149,60.608391,49.959288,33.671328,50,27,0,0,0,0,0,0,0,0
2036,60.532066,0,1.901314,0,38.08544,25.019259,0.803447,2.84633,0,88.978909,0,14.823338,0,60.913645,33.598888,60.627372,49.964737,33.681873,50,27,0,0,0,0,0,0,0,0
2037,60.789464,0,1.903195,0,38.075353,24.988614,0.802184,2.845518,0,89.146026,0,14.826947,0,60.594182,33.782981,60.714122,49.98889,33.730068,50,27,0,0,0,0,0,0,0,0
2038,60.398445,0,1.906734,0,38.126666,24.984507,0.801155,2.856724,0,88.863883,0,14.847497,0,60.783631,33.824532,60.983722,50.063461,33.879846,50,27,0,0,0,0,0,0,0,0
2039,60.528638,0,1.900112,0,37.968377,25.001091,0.797814,2.85348,0,88.882326,0,14.834702,0,60.725071,33.722493,60.697418,49.984012,33.720788,50,27,0,0,0,0,0,0,0,0
2040,60.995611,0,1.897972,0,37.856134,25.178007,0.798936,2.857829,0,89.050641,0,14.931495,0,60.931708,33.684278,60.825175,50.019403,33.791764,50,27,0,0,0,0,0,0,0,0
2041,60.842379,0,1.902735,0,37.925686,25.028598,0.798333,2.847585,0,89.181384,0,14.895487,0,60.668231,33.723735,60.651585,49.971327,33.695325,50,27,0,0,0,0,0,0,0,0
2042,61.016516,0,1.893431,0,37.864939,24.808662,0.796305,2.844804,0,89.312734,0,14.880842,0,60.483452,33.83821,60.709316,49.987426,33.727398,50,27,0,0,0,0,0,0,0,0
2043,60.719794,0,1.89794,0,38.053235,24.962233,0.80001,2.839246,0,89.59637,0,14.837614,0,60.801038,33.764032,60.856317,50.028119,33.809065,50,27,0,0,0,0,0,0,0,0
2044,60.825539,0,1.896241,0,37.898343,25.021351,0.797989,2.857094,0,88.690907,0,14.892674,0,60.472911,33.813077,60.628189,49.964926,33.682327,50,27,0,0,0,0,0,0,0,0
2045,60.710518,0,1.900082,0,38.03409,24.997987,0.801573,2.851279,0,89.247534,0,14.897869,0,60.389829,33.74889,60.400008,49.902032,33.55556,50,27,0,0,0,0,0,0,0,0
2046,60.712184,0,1.893486,0,37.844247,25.070647,0.801375,2.84754,0,89.59965,0,14.890908,0,60.64217,33.823519,60.809134,50.0156,33.782852,50,27,0,0,0,0,0,0,0,0
2047,60.832566,0,1.90009,0,37.898099,24.926694,0.797994,2.851797,0,89.464484,0,14.884361,0,60.753335,33.784731,60.828045,50.02075,33.793358,50,27,0,0,0,0,0,0,0,0
2048,60.872842,0,1.89458,0,38.129285,25.027345,0.799278,2.84883,0,89.23193,0,14.780113,0,60.801537,33.705126,60.70366,49.986267,33.724255,50,27,0,0,0,0,0,0,0,0
2049,60.718312,0,1.890761,0,38.182142,24.961473,0.801209,2.827163,0,89.542976,0,14.807915,0,60.588171,33.914537,60.938138,50.051144,33.854521,50,27,0,0,0,0,0,0,0,0
2050,60.964925,0,1.892407,0,38.124504,24.95952,0.803107,2.837604,0,89.33821,0,14.857422,0,60.607175,33.862767,60.826067,50.019913,33.792259,50,27,0,0,0,0,0,0,0,0
2051,61.100638,0,1.896429,0,38.202701,24.968847,0.803278,2.852481,0,89.738092,0,14.783157,0,60.689438,33.823949,60.812767,50.016138,33.784871,50,27,0,0,0,0,0,0,0,0
2052,60.559951,0,1.908806,0,38.014815,25.003392,0.798667,2.86584,0,89.529399,0,14.865168,0,60.668068,33.929012,61.005307,50.069275,33.891837,50,27,0,0,0,0,0,0,0,0
2053,60.932139,0,1.889387,0,37.818722,25.013832,0.798236,2.840677,0,89.181158,0,14.86364,0,60.826517,33.769281,60.805745,50.013773,33.78097,50,27,0,0,0,0,0,0,0,0
2054,60.556977,0,1.902206,0,38.002468,25.000909,0.802097,2.84577,0,89.71066,0,14.82042,0,60.904798,33.882424,61.123985,50.101664,33.957769,50,27,0,0,0,0,0,0,0,0
2055,60.499868,0,1.897851,0,38.08725,24.906408,0.799907,2.865072,0,89.492778,0,14.861723,0,60.71099,33.89042,60.933345,50.048466,33.851858,50,27,0,0,0,0,0,0,0,0
2056,60.755194,0,1.897124,0,38.061865,25.018978,0.796922,2.855068,0,89.108193,0,14.868635,0,61.045363,33.747549,60.952453,50.053507,33.862474,50,27,0,0,0,0,0,0,0,0
2057,60.602301,0,1.899982,0,37.89924,25.152985,0.802686,2.860679,0,89.342918,0,14.893164,0,60.784552,33.923503,61.068602,50.085343,33.927001,50,27,0,0,0,0,0,0,0,0
2058,60.92809,0,1.893723,0,38.026398,24.927115,0.79935,2.844008,0,89.43407,0,14.841624,0,60.836312,33.686088,60.601811,49.9559,33.667673,50,27,0,0,0,0,0,0,0,0
2059,60.897967,0,1.893543,0,38.068234,24.87806,0.798234,2.854464,0,89.393245,0,14.92589,0,61.088841,33.548235,60.578212,49.949596,33.654562,50,27,0,0,0,0,0,0,0,0
2060,60.713705,0,1.896762,0,37.886568,25.141148,0.800969,2.851844,0,88.913473,0,14.943828,0,60.708132,33.829759,60.823257,50.017577,33.790698,50,27,0,0,0,0,0,0,0,0
2061,60.732447,0,1.891699,0,37.851837,25.001756,0.798462,2.851194,0,89.689728,0,14.912906,0,60.882849,33.691513,60.699167,49.983191,33.72176,50,27,0,0,0,0,0,0,0,0
2062,60.781788,0,1.900664,0,38.10438,25.038212,0.803076,2.860479,0,89.248178,0,14.894742,0,60.809682,33.723395,60.704732,49.984813,33.724851,50,27,0,0,0,0,0,0,0,0
2063,61.00797,0,1.900225,0,38.185188,25.026699,0.800027,2.834209,0,89.213203,0,14.892213,0,60.899479,33.744355,60.845299,50.023741,33.802944,50,27,0,0,0,0,0,0,0,0
2064,61.015168,0,1.900063,0,37.982366,24.980947,0.798793,2.840887,0,89.005869,0,14.891785,0,60.882093,33.480513,60.27476,49.865928,33.485978,50,27,0,0,0,0,0,0,0,0
2065,60.67142,0,1.891415,0,38.002417,24.979117,0.798952,2.847437,0,89.173662,0,14.805118,0,60.884217,33.583073,60.531179,49.937468,33.628433,50,27,0,0,0,0,0,0,0,0
2066,60.88945,0,1.898655,0,38.003223,25.100184,0.802588,2.850075,0,88.884282,0,14.914087,0,60.984701,33.826279,61.16674,50.113446,33.981522,50,27,0,0,0,0,0,0,0,0
2067,60.826495,0,1.901185,0,38.223567,24.986912,0.79734,2.856384,0,89.048655,0,14.810943,0,60.096025,34.224655,61.10701,50.096372,33.948339,50,27,0,0,0,0,0,0,0,0
2068,60.574489,0,1.905904,0,37.999248,25.01004,0.803758,2.825813,0,89.433334,0,14.890347,0,60.685828,33.693487,60.513195,49.931765,33.618441,50,27,0,0,0,0,0,0,0,0
2069,60.864852,0,1.903565,0,37.93699,24.97742,0.796656,2.865503,0,89.266602,0,14.941477,0,60.984933,33.672779,60.779407,50.005684,33.766337,50,27,0,0,0,0,0,0,0,0
2070,60.756285,0,1.899375,0,38.086252,24.980905,0.804104,2.844341,0,89.394007,0,14.931692,0,60.946065,33.509394,60.408745,49.903206,33.560414,50,27,0,0,0,0,0,0,0,0
2071,60.978847,0,1.898838,0,37.920587,25.149838,0.798608,2.84282,0,89.225542,0,14.880423,0,60.827247,33.759597,60.851281,50.026003,33.806267,50,27,0,0,0,0,0,0,0,0
2072,60.810137,0,1.899523,0,37.99657,24.992011,0.80562,2.855005,0,88.956404,0,14.901951,0,60.853964,33.665583,60.678186,49.978031,33.710104,50,27,0,0,0,0,0,0,0,0
2073,61.273084,0,1.901265,0,37.913651,25.14727,0.796214,2.86498,0,88.718514,0,14.877017,0,60.78609,33.778152,60.858749,50.028047,33.810416,50,27,0,0,0,0,0,0,0,0
2074,60.81549,0,1.905633,0,37.879915,25.093471,0.801453,2.867969,0,89.262348,0,14.855907,0,60.802776,33.885979,61.098341,50.09413,33.943523,50,27,0,0,0,0,0,0,0,0
2075,60.900758,0,1.905124,0,37.921274,25.06114,0.79818,2.853226,0,89.039982,0,14.859827,0,60.687078,33.694119,60.559465,49.944718,33.644147,50,27,0,0,0,0,0,0,0,0
2076,60.589953,0,1.896767,0,37.959265,24.950561,0.799957,2.859063,0,89.314434,0,14.886598,0,60.838274,33.69484,60.720157,49.989408,33.733421,50,27,0,0,0,0,0,0,0,0
2077,60.721285,0,1.898464,0,37.814161,25.113966,0.802538,2.840428,0,89.079507,0,14.857762,0,60.924252,33.707173,60.839533,50.022456,33.799741,50,27,0,0,0,0,0,0,0,0
2078,60.61428,0,1.903747,0,37.948506,24.97855,0.80445,2.85517,0,89.062051,0,14.841532,0,60.746939,33.822724,60.911255,50.042168,33.839586,50,27,0,0,0,0,0,0,0,0
2079,60.383267,0,1.90097,0,38.02886,25.033781,0.79807,2.845917,0,89.320162,0,14.832951,0,60.39761,33.850532,60.610313,49.958779,33.672396,50,27,0,0,0,0,0,0,0,0
2080,60.883993,0,1.908366,0,37.96968,24.940829,0.799265,2.848909,0,89.395561,0,14.831757,0,60.607287,33.880518,60.869949,50.030746,33.816638,50,27,0,0,0,0,0,0,0,0
2081,60.790144,0,1.898829,0,38.045953,25.024675,0.800801,2.86389,0,89.200251,0,14.924927,0,60.48161,33.944594,60.863016,50.028677,33.812787,50,27,0,0,0,0,0,0,0,0
2082,61.090948,0,1.906264,0,37.918072,24.97362,0.801202,2.854166,0,89.303519,0,14.854259,0,60.826235,33.496504,60.238613,49.855952,33.465896,50,27,0,0,0,0,0,0,0,0
2083,60.368323,0,1.898213,0,38.129583,25.06964,0.798667,2.86772,0,89.275854,0,14.846374,0,60.689246,33.769464,60.714126,49.988098,33.73007,50,27,0,0,0,0,0,0,0,0
2084,60.748961,0,1.896624,0,38.030473,24.981078,0.804936,2.859423,0,88.838437,0,14.848814,0,60.73644,33.860081,60.950909,50.053604,33.861616,50,27,0,0,0,0,0,0,0,0
2085,61.056353,0,1.892963,0,38.128886,25.053452,0.798235,2.85568,0,88.839305,0,14.825095,0,60.729191,33.763032,60.725544,49.991047,33.736413,50,27,0,0,0,0,0,0,0,0
2086,60.680478,0,1.907223,0,37.946049,25.023689,0.801988,2.862134,0,89.203929,0,14.852561,0,60.680116,33.803392,60.761831,50.001121,33.756573,50,27,0,0,0,0,0,0,0,0
2087,60.841737,0,1.899768,0,38.030813,24.90136,0.801749,2.849901,0,89.241133,0,14.836152,0,61.212733,33.532654,60.718252,49.98907,33.732362,50,27,0,0,0,0,0,0,0,0
2088,60.722477,0,1.905171,0,38.153212,24.931109,0.797316,2.858314,0,89.401035,0,14.804464,0,60.739811,33.733067,60.698983,49.983799,33.721657,50,27,0,0,0,0,0,0,0,0
2089,60.754076,0,1.900779,0,37.976763,25.044887,0.797064,2.856565,0,88.813195,0,14.803376,0,60.967939,33.63863,60.730458,49.992579,33.739143,50,27,0,0,0,0,0,0,0,0
2090,60.734928,0,1.896281,0,38.077092,24.974499,0.801183,2.846214,0,89.305276,0,14.831405,0,60.991813,33.587839,60.662039,49.973705,33.701133,50,27,0,0,0,0,0,0,0,0
2091,61.071491,0,1.89514,0,38.048182,25.046641,0.798317,2.838629,0,89.338038,0,14.832838,0,60.657276,33.839963,60.879937,50.034062,33.822187,50,27,0,0,0,0,0,0,0,0
2092,60.704559,0,1.898518,0,38.204224,25.036643,0.803043,2.840415,0,89.587904,0,14.880006,0,60.701939,33.735482,60.690293,49.981476,33.716829,50,27,0,0,0,0,0,0,0,0
2093,60.622496,0,1.902849,0,38.075253,24.941732,0.799036,2.842188,0,89.190646,0,14.812712,0,60.761062,33.581034,60.424355,49.908064,33.569086,50,27,0,0,0,0,0,0,0,0
2094,60.75123,0,1.897436,0,38.003367,25.009771,0.802928,2.847728,0,89.307036,0,14.892322,0,60.864542,33.769085,60.945548,50.052577,33.858638,50,27,0,0,0,0,0,0,0,0
2095,60.674508,0,1.900725,0,38.084732,25.080123,0.796404,2.840888,0,89.433078,0,14.88907,0,60.360682,33.932055,60.780391,50.006667,33.766884,50,27,0,0,0,0,0,0,0,0
2096,60.57185,0,1.894251,0,37.999938,24.988415,0.799003,2.843745,0,88.993673,0,14.789639,0,60.853722,33.573181,60.4902,49.926426,33.605667,50,27,0,0,0,0,0,0,0,0
2097,60.62578,0,1.892392,0,38.078502,25.046906,0.79789,2.850372,0,89.215365,0,14.887017,0,60.808031,33.745537,60.830793,50.02093,33.794885,50,27,0,0,0,0,0,0,0,0
2098,60.820546,0,1.8903,0,37.946248,25.032638,0.80528,2.864308,0,89.157769,0,14.862408,0,60.64184,33.816174,60.812178,50.015681,33.784543,50,27,0,0,0,0,0,0,0,0
2099,60.991799,0,1.898208,0,38.006682,25.011204,0.80293,2.845089,0,88.92141,0,14.846929,0,60.540332,33.768954,60.600419,49.957074,33.666899,50,27,0,0,0,0,0,0,0,0
2100,60.760643,0,1.901163,0,38.153451,25.077651,0.799037,2.84978,0,89.330037,0,14.870695,0,60.752865,33.739268,60.746578,49.997685,33.748099,50,27,0,0,0,0,0,0,0,0
2101,60.300479,0,1.898993,0,38.067682,25.09228,0.799699,2.867491,0,89.425254,0,14.795592,0,60.57408,33.827074,60.753403,49.999583,33.75189,50,27,0,0,0,0,0,0,0,0
2102,60.754712,0,1.896001,0,38.123413,25.093217,0.801168,2.848658,0,89.295734,0,14.855825,0,60.748493,33.663847,60.572301,49.949529,33.651278,50,27,0,0,0,0,0,0,0,0
2103,61.224994,0,1.907206,0,37.989742,24.7784,0.799047,2.844158,0,88.714981,0,14.844626,0,60.749644,33.79395,60.8589,50.028995,33.8105,50,27,0,0,0,0,0,0,0,0
2104,60.53656,0,1.900648,0,38.038801,24.976111,0.797046,2.866672,0,89.308192,0,14.756763,0,60.479707,33.859286,60.719952,49.990446,33.733307,50,27,0,0,0,0,0,0,0,0
2105,60.579946,0,1.889894,0,38.082216,24.983439,0.800811,2.848018,0,89.401876,0,14.899669,0,60.824491,33.839397,61.007767,50.070044,33.893204,50,27,0,0,0,0,0,0,0,0
2106,61.051193,0,1.90481,0,38.009043,25.034103,0.801777,2.849784,0,88.803984,0,14.782596,0,60.600949,33.817618,60.726832,49.992047,33.737129,50,27,0,0,0,0,0,0,0,0
2107,60.774094,0,1.901321,0,38.050962,25.012364,0.798457,2.834732,0,89.092503,0,14.862057,0,60.823119,33.751899,60.802507,50.013003,33.77917,50,27,0,0,0,0,0,0,0,0
2108,60.710895,0,1.904236,0,37.994432,25.003825,0.800882,2.843724,0,89.298168,0,14.891678,0,60.655128,33.811107,60.760697,50.001382,33.755943,50,27,0,0,0,0,0,0,0,0
2109,60.753303,0,1.901562,0,38.012483,24.984375,0.802249,2.85201,0,89.095049,0,14.935425,0,61.308847,33.503962,60.759932,50.001164,33.755518,50,27,0,0,0,0,0,0,0,0
2110,60.835783,0,1.906974,0,38.03749,24.996669,0.802408,2.838071,0,89.231663,0,14.920428,0,60.676114,33.653166,60.476234,49.922745,33.597908,50,27,0,0,0,0,0,0,0,0
2111,60.77809,0,1.90784,0,37.981321,25.056309,0.798737,2.849882,0,89.684123,0,14.825808,0,60.940762,33.809437,61.083009,50.090839,33.935005,50,27,0,0,0,0,0,0,0,0
2112,60.745508,0,1.899223,0,38.152104,24.775,0.8006,2.858196,0,88.778593,0,14.746152,0,60.819388,33.691854,60.704718,49.985829,33.724843,50,27,0,0,0,0,0,0,0,0
2113,60.5855,0,1.904087,0,37.912464,24.81208,0.800681,2.835731,0,88.558406,0,14.914847,0,61.134333,33.435391,60.485852,49.925406,33.603251,50,27,0,0,0,0,0,0,0,0
2114,60.46906,0,1.907793,0,38.188504,24.922526,0.800642,2.828701,0,89.661977,0,14.857916,0,61.048576,33.635878,60.86353,50.030166,33.813072,50,27,0,0,0,0,0,0,0,0
2115,60.988085,0,1.903038,0,37.997314,25.024446,0.800708,2.859532,0,88.772501,0,14.814914,0,60.445398,33.922767,60.877074,50.033759,33.820596,50,27,0,0,0,0,0,0,0,0
2116,60.874354,0,1.897938,0,38.134845,24.979467,0.801981,2.843969,0,89.031457,0,14.842221,0,60.724489,33.779119,60.826177,50.019524,33.792321,50,27,0,0,0,0,0,0,0,0
2117,60.474508,0,1.899953,0,38.009768,24.949227,0.800665,2.858247,0,89.281013,0,14.908466,0,60.778276,33.677213,60.658649,49.973122,33.699249,50,27,0,0,0,0,0,0,0,0
2118,60.433694,0,1.896398,0,38.011972,25.081713,0.797492,2.844435,0,89.197654,0,14.859457,0,60.893048,33.504724,60.417055,49.906481,33.565031,50,27,0,0,0,0,0,0,0,0
2119,60.799233,0,1.894872,0,38.090297,24.944836,0.80164,2.861961,0,89.071183,0,14.814072,0,60.809162,33.673554,60.719045,49.990414,33.732803,50,27,0,0,0,0,0,0,0,0
2120,60.996903,0,1.901007,0,37.992387,25.077141,0.800459,2.86014,0,89.048524,0,14.844915,0,60.705108,33.731724,60.743324,49.997173,33.746291,50,27,0,0,0,0,0,0,0,0
2121,60.808346,0,1.911143,0,37.935759,25.100869,0.798843,2.850183,0,89.081411,0,14.840832,0,60.4725,33.869266,60.798456,50.012425,33.77692,50,27,0,0,0,0,0,0,0,0
2122,61.142307,0,1.90813,0,37.933291,24.931241,0.799176,2.868681,0,89.301997,0,14.823488,0,60.757056,33.738743,60.787317,50.009285,33.770732,50,27,0,0,0,0,0,0,0,0
2123,60.80664,0,1.892487,0,37.918315,25.052038,0.801334,2.854185,0,89.096298,0,14.908989,0,60.902022,33.71649,60.883452,50.03581,33.82414,50,27,0,0,0,0,0,0,0,0
2124,60.698187,0,1.900904,0,38.012857,24.901649,0.801036,2.854325,0,88.78079,0,14.766871,0,60.64991,33.618505,60.425813,49.909142,33.569896,50,27,0,0,0,0,0,0,0,0
2125,60.856763,0,1.893512,0,38.040282,25.054205,0.804508,2.841256,0,89.108102,0,14.848075,0,60.821984,33.633011,60.642492,49.969483,33.690273,50,27,0,0,0,0,0,0,0,0
2126,60.858485,0,1.891123,0,37.99447,25.000569,0.79874,2.842144,0,89.321994,0,14.839127,0,60.468561,33.673308,60.385289,49.898545,33.547383,50,27,0,0,0,0,0,0,0,0
2127,60.390113,0,1.899152,0,37.893277,25.079109,0.800856,2.849153,0,89.400673,0,14.910487,0,60.684855,33.793763,60.860873,50.030499,33.811596,50,27,0,0,0,0,0,0,0,0
2128,61.017098,0,1.896727,0,38.021244,24.932387,0.797914,2.848796,0,89.171936,0,14.835298,0,60.404793,33.892948,60.779027,50.007726,33.766126,50,27,0,0,0,0,0,0,0,0
2129,60.798614,0,1.905156,0,37.973251,24.819856,0.802892,2.858621,0,89.041044,0,14.855644,0,60.564466,33.779377,60.675746,49.979141,33.708748,50,27,0,0,0,0,0,0,0,0
2130,60.60796,0,1.910734,0,38.020626,24.878934,0.797434,2.8642,0,89.129971,0,14.875647,0,60.591309,33.754992,60.644197,49.970525,33.691221,50,27,0,0,0,0,0,0,0,0
2131,60.858786,0,1.905741,0,37.861092,25.020773,0.801802,2.863699,0,89.183737,0,14.871757,0,60.722093,33.639407,60.527864,49.938517,33.626591,50,27,0,0,0,0,0,0,0,0
2132,60.56512,0,1.903603,0,37.833182,25.131401,0.798977,2.854984,0,89.071399,0,14.810193,0,60.590244,33.891348,60.939592,50.052623,33.855329,50,27,0,0,0,0,0,0,0,0
2133,60.658135,0,1.895138,0,38.095334,25.04045,0.799667,2.855627,0,89.208158,0,14.905868,0,60.88796,33.519168,60.430408,49.911625,33.572449,50,27,0,0,0,0,0,0,0,0
2134,60.754923,0,1.883393,0,38.162663,25.002103,0.796019,2.856225,0,88.995521,0,14.796161,0,60.562119,33.74076,60.600585,49.959101,33.666992,50,27,0,0,0,0,0,0,0,0
2135,60.851307,0,1.901092,0,38.067112,24.987717,0.801433,2.840912,0,89.112584,0,14.829467,0,60.614698,33.887555,60.960405,50.058757,33.866892,50,27,0,0,0,0,0,0,0,0
2136,60.761412,0,1.902075,0,37.784364,25.068824,0.800332,2.848986,0,89.259499,0,14.806802,0,60.824192,33.713713,60.781594,50.009042,33.767552,50,27,0,0,0,0,0,0,0,0
2137,60.718448,0,1.8829,0,38.254025,25.033156,0.800924,2.82435,0,89.401514,0,14.765878,0,60.588395,33.961728,61.071616,50.089158,33.928675,50,27,0,0,0,0,0,0,0,0
2138,60.628552,0,1.903184,0,38.164771,25.018888,0.800731,2.835494,0,89.698757,0,14.911508,0,60.421928,33.919119,60.785069,50.009514,33.769483,50,27,0,0,0,0,0,0,0,0
2139,60.894093,0,1.903777,0,37.828905,24.988447,0.802374,2.859318,0,89.344401,0,14.90753,0,60.792311,33.638118,60.540018,49.941736,33.633343,50,27,0,0,0,0,0,0,0,0
2140,60.699851,0,1.907774,0,37.948648,25.014053,0.799,2.848459,0,89.777952,0,14.893152,0,61.122638,33.608587,60.823824,50.020468,33.791013,50,27,0,0,0,0,0,0,0,0
2141,60.763144,0,1.898482,0,37.950312,24.977961,0.807164,2.845188,0,88.712395,0,14.805355,0,61.033473,33.623724,60.785265,50.009709,33.769591,50,27,0,0,0,0,0,0,0,0
2142,60.718455,0,1.898277,0,38.029715,24.982868,0.79754,2.845989,0,88.919494,0,14.874789,0,60.923752,33.665423,60.779013,50.007933,33.766119,50,27,0,0,0,0,0,0,0,0
2143,60.576421,0,1.904933,0,37.947113,25.03135,0.802452,2.850157,0,89.226112,0,14.811578,0,60.549188,33.80743,60.713043,49.989659,33.729468,50,27,0,0,0,0,0,0,0,0
2144,60.773222,0,1.904832,0,37.891683,25.001028,0.802893,2.852378,0,89.037028,0,14.881503,0,61.005348,33.681736,60.893826,50.039679,33.829903,50,27,0,0,0,0,0,0,0,0
2145,60.699345,0,1.892161,0,37.982429,24.964744,0.799705,2.855945,0,88.791105,0,14.794873,0,60.925167,33.570181,60.585304,49.954207,33.658502,50,27,0,0,0,0,0,0,0,0
2146,61.057033,0,1.898336,0,37.96511,24.955491,0.796329,2.844757,0,88.698617,0,14.869105,0,60.860294,33.640274,60.689524,49.983241,33.716402,50,27,0,0,0,0,0,0,0,0
2147,60.953087,0,1.907484,0,38.122254,25.040834,0.800846,2.86203,0,89.163479,0,14.774003,0,60.835066,33.711919,60.826095,50.021072,33.792275,50,27,0,0,0,0,0,0,0,0
2148,60.620442,0,1.913033,0,38.082717,25.138365,0.801915,2.842319,0,88.795924,0,14.913769,0,60.734621,33.689956,60.679884,49.980555,33.711047,50,27,0,0,0,0,0,0,0,0
2149,60.755332,0,1.901767,0,38.100828,25.093349,0.798336,2.856513,0,89.184411,0,14.853692,0,60.574881,33.871922,60.9074,50.043536,33.837444,50,27,0,0,0,0,0,0,0,0
2150,60.545049,0,1.903436,0,38.039048,24.974894,0.801517,2.854193,0,88.969649,0,14.751751,0,60.832157,33.664313,60.705966,49.987644,33.725537,50,27,0,0,0,0,0,0,0,0
2151,60.583637,0,1.908777,0,37.852587,25.065577,0.80007,2.85755,0,88.913099,0,14.852389,0,60.792405,33.735916,60.82514,50.020644,33.791744,50,27,0,0,0,0,0,0,0,0
2152,60.691116,0,1.895952,0,37.964142,24.986363,0.801173,2.825115,0,88.547754,0,14.812404,0,60.821564,33.741219,60.863438,50.031127,33.813021,50,27,0,0,0,0,0,0,0,0
2153,60.846788,0,1.904229,0,38.064186,24.931953,0.803553,2.862844,0,89.303992,0,14.814953,0,60.916287,33.644437,60.751395,50.000004,33.750775,50,27,0,0,0,0,0,0,0,0
2154,60.955049,0,1.899542,0,38.036779,24.961929,0.794936,2.855174,0,89.473327,0,14.801425,0,60.757164,33.636278,60.585367,49.954115,33.658537,50,27,0,0,0,0,0,0,0,0
2155,60.727775,0,1.903914,0,37.978697,24.996856,0.799101,2.858667,0,88.872592,0,14.885421,0,60.519793,33.96836,61.059219,50.085314,33.921788,50,27,0,0,0,0,0,0,0,0
2156,60.823638,0,1.900526,0,37.926292,25.035247,0.798548,2.836272,0,88.919126,0,14.756817,0,60.885184,33.735642,60.900006,50.040883,33.833336,50,27,0,0,0,0,0,0,0,0
2157,60.758343,0,1.905232,0,38.042746,25.003861,0.79838,2.860293,0,88.711367,0,14.849149,0,60.839183,33.80008,60.989003,50.065279,33.88278,50,27,0,0,0,0,0,0,0,0
2158,61.119131,0,1.903446,0,38.093512,25.108221,0.806302,2.844158,0,89.430753,0,14.850518,0,60.909628,33.695212,60.828878,50.020696,33.793821,50,27,0,0,0,0,0,0,0,0
2159,61.051658,0,1.9048,0,38.201674,24.989105,0.802467,2.866432,0,89.020034,0,14.800913,0,61.297216,33.467812,60.74184,49.996536,33.745467,50,27,0,0,0,0,0,0,0,0
2160,60.782108,0,1.894559,0,38.01019,24.917648,0.797595,2.86753,0,88.988717,0,14.92595,0,60.554692,33.80693,60.749354,49.99863,33.749641,50,27,0,0,0,0,0,0,0,0
2161,60.652075,0,1.892739,0,38.046559,24.935161,0.800421,2.844029,0,89.154316,0,14.861351,0,60.612782,33.840506,60.866104,50.030906,33.814502,50,27,0,0,0,0,0,0,0,0
2162,60.95482,0,1.897937,0,38.013576,25.021295,0.799096,2.85238,0,89.009804,0,14.90982,0,60.848132,33.719656,60.830703,50.020968,33.794835,50,27,0,0,0,0,0,0,0,0
2163,60.815909,0,1.898521,0,38.165167,25.014743,0.798709,2.851644,0,89.120095,0,14.851049,0,60.760479,33.786372,60.884868,50.035834,33.824926,50,27,0,0,0,0,0,0,0,0
2164,60.966991,0,1.905331,0,37.997285,25.052583,0.797344,2.849238,0,88.540019,0,14.851091,0,60.575446,33.760644,60.637791,49.967365,33.687662,50,27,0,0,0,0,0,0,0,0
2165,60.806507,0,1.890867,0,38.083705,24.835693,0.797909,2.856732,0,89.23916,0,14.892387,0,60.848845,33.81657,61.025262,50.074622,33.902923,50,27,0,0,0,0,0,0,0,0
2166,60.836684,0,1.903637,0,37.918775,24.86654,0.797038,2.838355,0,89.112378,0,14.802701,0,60.669101,33.883853,60.976418,50.060751,33.875788,50,27,0,0,0,0,0,0,0,0
2167,60.681073,0,1.897874,0,38.132056,25.15101,0.798314,2.849901,0,89.170238,0,14.868704,0,60.985897,33.659007,60.799722,50.011611,33.777623,50,27,0,0,0,0,0,0,0,0
2168,60.583762,0,1.897104,0,38.012218,24.924235,0.802549,2.86624,0,89.1849,0,14.898758,0,60.560999,33.807849,60.700422,49.984107,33.722457,50,27,0,0,0,0,0,0,0,0
2169,60.741012,0,1.906306,0,38.0369,24.97412,0.804369,2.850531,0,88.848374,0,14.840629,0,60.665494,33.857984,60.901957,50.039889,33.83442,50,27,0,0,0,0,0,0,0,0
2170,60.961719,0,1.901492,0,37.913493,25.097948,0.799788,2.844348,0,88.900965,0,14.843206,0,60.643804,33.770438,60.680822,49.97857,33.711568,50,27,0,0,0,0,0,0,0,0
2171,61.114259,0,1.910152,0,37.918079,25.088575,0.796696,2.85633,0,89.129405,0,14.766979,0,60.656049,33.886456,60.935478,50.049063,33.853044,50,27,0,0,0,0,0,0,0,0
2172,60.851558,0,1.909388,0,37.998971,25.071344,0.802493,2.852665,0,89.413481,0,14.86275,0,61.025735,33.662277,60.814823,50.01547,33.786013,50,27,0,0,0,0,0,0,0,0
2173,60.831412,0,1.894963,0,38.124992,25.028735,0.798105,2.857411,0,89.133465,0,14.936191,0,61.101296,33.63667,60.849551,50.024992,33.805306,50,27,0,0,0,0,0,0,0,0
2174,60.736569,0,1.895377,0,38.098983,25.135743,0.803824,2.850583,0,89.01652,0,14.866275,0,61.024065,33.657387,60.831753,50.019948,33.795419,50,27,0,0,0,0,0,0,0,0
2175,60.764924,0,1.903939,0,38.14964,24.9644,0.800832,2.846116,0,89.087535,0,14.885668,0,60.717526,33.722695,60.674992,49.976521,33.708329,50,27,0,0,0,0,0,0,0,0
2176,60.563062,0,1.89746,0,38.053524,24.861635,0.800241,2.849393,0,88.696656,0,14.883374,0,60.736626,34.01817,61.320019,50.15492,34.066677,50,27,0,0,0,0,0,0,0,0
2177,60.643202,0,1.902713,0,38.088828,25.054648,0.801871,2.836788,0,89.018288,0,14.826854,0,60.458595,34.08875,61.154405,50.108374,33.974669,50,27,0,0,0,0,0,0,0,0
2178,60.79001,0,1.897528,0,37.93124,24.98387,0.801721,2.859925,0,89.272308,0,14.862524,0,61.004678,33.736288,60.913525,50.041257,33.840847,50,27,0,0,0,0,0,0,0,0
2179,61.001685,0,1.897568,0,37.933337,24.958646,0.803301,2.845931,0,88.749888,0,14.896395,0,61.386303,33.421692,60.637247,49.96469,33.687359,50,27,0,0,0,0,0,0,0,0
2180,60.727616,0,1.894483,0,37.864904,24.92597,0.804267,2.845184,0,89.408719,0,14.938918,0,60.948742,33.596758,60.615782,49.958933,33.675434,50,27,0,0,0,0,0,0,0,0
2181,60.581662,0,1.904238,0,38.069729,24.976479,0.802108,2.846996,0,89.068661,0,14.924094,0,60.725211,33.819141,60.88215,50.03276,33.823417,50,27,0,0,0,0,0,0,0,0
2182,60.841228,0,1.914674,0,38.054913,25.034662,0.798403,2.829415,0,89.276177,0,14.812855,0,60.637366,33.633434,60.39277,49.897334,33.551539,50,27,0,0,0,0,0,0,0,0
2183,60.968663,0,1.905676,0,37.949331,25.035966,0.799814,2.841121,0,88.999805,0,14.822462,0,60.454207,33.818082,60.614391,49.9591,33.674662,50,27,0,0,0,0,0,0,0,0
2184,61.039845,0,1.902349,0,38.107439,25.02943,0.800183,2.842516,0,89.048204,0,14.833245,0,60.503668,33.874944,60.773783,50.003359,33.763213,50,27,0,0,0,0,0,0,0,0
2185,60.602163,0,1.899525,0,38.022062,25.11152,0.79783,2.860051,0,89.329576,0,14.805477,0,60.580673,33.847867,60.77679,50.004174,33.764883,50,27,0,0,0,0,0,0,0,0
2186,60.681114,0,1.888868,0,38.238035,24.85483,0.798294,2.844337,0,89.774827,0,14.866106,0,60.718618,33.779883,60.759076,49.999257,33.755042,50,27,0,0,0,0,0,0,0,0
2187,60.593953,0,1.907245,0,38.141051,25.119585,0.799002,2.848458,0,89.23454,0,14.841887,0,60.43175,33.933936,60.794634,50.009088,33.774796,50,27,0,0,0,0,0,0,0,0
2188,60.669632,0,1.90445,0,37.992168,25.03831,0.800536,2.839326,0,89.151775,0,14.910856,0,60.989473,33.580925,60.585045,49.951114,33.658358,50,27,0,0,0,0,0,0,0,0
2189,60.801317,0,1.906189,0,37.929222,24.986398,0.800989,2.846466,0,89.121842,0,14.809926,0,60.686239,33.887535,60.953841,50.053291,33.863245,50,27,0,0,0,0,0,0,0,0
2190,60.66835,0,1.907058,0,38.105762,24.820924,0.800665,2.839371,0,89.488989,0,14.872727,0,60.587829,33.891935,60.847988,50.023768,33.804438,50,27,0,0,0,0,0,0,0,0
2191,61.024008,0,1.910243,0,38.024925,25.085569,0.797143,2.847384,0,89.53368,0,14.847943,0,60.88858,33.784845,60.906586,50.039846,33.836992,50,27,0,0,0,0,0,0,0,0
2192,61.236322,0,1.897925,0,37.900741,25.008833,0.798989,2.859594,0,89.086534,0,14.921343,0,60.965584,33.590019,60.571503,49.947032,33.650835,50,27,0,0,0,0,0,0,0,0
2193,61.217606,0,1.905649,0,38.090816,24.929891,0.800614,2.840514,0,88.964887,0,14.90264,0,61.051954,33.506547,60.50643,49.92931,33.614684,50,27,0,0,0,0,0,0,0,0
2194,60.518424,0,1.896448,0,38.094804,25.01525,0.800924,2.845357,0,89.103544,0,14.90215,0,60.695581,33.766577,60.732652,49.992188,33.740362,50,27,0,0,0,0,0,0,0,0
2195,61.17644,0,1.901155,0,38.031665,24.942515,0.800376,2.855704,0,88.893576,0,14.898054,0,60.657147,33.949014,61.076728,50.087329,33.931516,50,27,0,0,0,0,0,0,0,0
2196,60.700838,0,1.894716,0,38.054902,25.005453,0.799525,2.856425,0,88.780217,0,14.903817,0,60.619575,33.82169,60.744359,49.995029,33.746866,50,27,0,0,0,0,0,0,0,0
2197,60.503064,0,1.896628,0,37.879828,25.033168,0.803455,2.851387,0,89.118957,0,14.89167,0,60.977446,33.685243,60.806614,50.01226,33.781452,50,27,0,0,0,0,0,0,0,0
2198,60.503291,0,1.90194,0,37.873506,25.035569,0.80326,2.860791,0,89.418023,0,14.820211,0,60.789519,33.719055,60.700686,49.982921,33.722604,50,27,0,0,0,0,0,0,0,0
2199,60.922902,0,1.898379,0,38.038129,24.985402,0.796786,2.844442,0,88.951198,0,14.827409,0,60.619104,33.854726,60.822004,50.016538,33.790002,50,27,0,0,0,0,0,0,0,0
2200,60.8039,0,1.904255,0,38.13503,24.992981,0.798401,2.85146,0,88.891254,0,14.907375,0,60.561524,33.827138,60.69355,49.980952,33.718639,50,27,0,0,0,0,0,0,0,0
2201,60.966603,0,1.901906,0,38.084968,24.962628,0.800094,2.847504,0,88.421531,0,14.90569,0,60.771009,33.959809,61.174635,50.114016,33.985909,50,27,0,0,0,0,0,0,0,0
2202,60.426422,0,1.90195,0,38.036462,24.937213,0.800795,2.84728,0,89.179996,0,14.93089,0,60.856212,33.732888,60.755951,49.997727,33.753306,50,27,0,0,0,0,0,0,0,0
2203,60.567553,0,1.903604,0,37.963308,25.08886,0.798613,2.854014,0,88.573575,0,14.9206,0,60.73855,33.792081,60.769415,50.001459,33.760786,50,27,0,0,0,0,0,0,0,0
2204,60.737577,0,1.900678,0,38.009366,24.954643,0.79959,2.834921,0,88.435934,0,14.854144,0,60.912734,33.780436,60.917106,50.042273,33.842837,50,27,0,0,0,0,0,0,0,0
2205,61.036769,0,1.899308,0,38.022809,25.073446,0.804498,2.849991,0,88.937331,0,14.921975,0,60.861699,33.788636,60.883096,50.032663,33.823942,50,27,0,0,0,0,0,0,0,0
2206,60.958061,0,1.903855,0,37.866301,24.985394,0.797062,2.855668,0,89.416431,0,14.916318,0,60.951995,33.684156,60.751666,49.996173,33.750926,50,27,0,0,0,0,0,0,0,0
2207,61.021845,0,1.903519,0,37.792536,25.019702,0.799582,2.842704,0,88.668778,0,14.891707,0,61.064375,33.699058,60.908001,50.039403,33.837779,50,27,0,0,0,0,0,0,0,0
2208,60.752196,0,1.902915,0,37.992559,25.06307,0.797952,2.85892,0,89.020008,0,14.841276,0,60.746417,33.725292,60.655153,49.969321,33.697307,50,27,0,0,0,0,0,0,0,0
2209,60.734949,0,1.896543,0,37.804285,24.992252,0.802149,2.856203,0,89.296173,0,14.855721,0,60.586213,33.929171,60.930711,50.045636,33.850395,50,27,0,0,0,0,0,0,0,0
2210,60.503111,0,1.896358,0,38.225218,24.883783,0.801904,2.840276,0,89.050411,0,14.838549,0,60.86659,33.702446,60.711309,49.984767,33.728505,50,27,0,0,0,0,0,0,0,0
2211,60.62514,0,1.890433,0,38.100047,25.064049,0.802706,2.837658,0,88.859589,0,14.895732,0,60.593988,33.917443,60.901921,50.037528,33.8344,50,27,0,0,0,0,0,0,0,0
2212,60.960924,0,1.893229,0,38.061046,25.02655,0.799978,2.855867,0,89.802936,0,14.743997,0,60.343183,33.99596,60.797493,50.008477,33.776385,50,27,0,0,0,0,0,0,0,0
2213,60.928095,0,1.900603,0,38.068093,25.043282,0.801582,2.867426,0,89.400261,0,14.827809,0,61.1024,33.679572,60.860933,50.02597,33.81163,50,27,0,0,0,0,0,0,0,0
2214,60.537143,0,1.889223,0,37.826016,25.02662,0.802888,2.84977,0,89.457708,0,14.873343,0,60.838046,33.602634,60.449382,49.91209,33.58299,50,27,0,0,0,0,0,0,0,0
2215,60.728762,0,1.898871,0,37.891284,24.866114,0.797856,2.842041,0,89.269005,0,14.853873,0,61.047778,33.681141,60.849005,50.022981,33.805003,50,27,0,0,0,0,0,0,0,0
2216,61.171845,0,1.888286,0,38.056365,25.108796,0.796917,2.862502,0,88.85318,0,14.801622,0,60.780329,33.723668,60.683684,49.977173,33.713158,50,27,0,0,0,0,0,0,0,0
2217,60.949362,0,1.900798,0,38.070315,24.961882,0.799474,2.846501,0,88.882327,0,14.936264,0,60.958256,33.56363,60.53007,49.934828,33.627817,50,27,0,0,0,0,0,0,0,0
2218,60.76805,0,1.896206,0,37.952355,24.91674,0.797596,2.867053,0,89.119024,0,14.914396,0,60.881955,33.611535,60.581581,49.94939,33.656434,50,27,0,0,0,0,0,0,0,0
2219,60.652958,0,1.900589,0,37.840826,24.827192,0.796181,2.856836,0,88.486069,0,14.857282,0,60.512553,33.911425,60.863535,50.027572,33.813075,50,27,0,0,0,0,0,0,0,0
2220,60.664172,0,1.909396,0,37.867302,25.062254,0.796644,2.842025,0,88.950784,0,14.842995,0,60.321509,33.934537,60.699306,49.982043,33.721836,50,27,0,0,0,0,0,0,0,0
2221,60.632756,0,1.911299,0,37.992627,24.965318,0.799185,2.860064,0,89.169217,0,14.851619,0,60.675122,33.728909,60.595559,49.953457,33.664199,50,27,0,0,0,0,0,0,0,0
2222,60.770531,0,1.899932,0,37.903067,24.907594,0.802399,2.848932,0,88.879116,0,14.919967,0,60.4501,33.896465,60.728948,49.990557,33.738304,50,27,0,0,0,0,0,0,0,0
2223,60.609879,0,1.896929,0,38.235447,24.967949,0.79887,2.857152,0,89.089637,0,14.877687,0,60.665915,33.971528,61.08567,50.0892,33.936484,50,27,0,0,0,0,0,0,0,0
2224,60.805225,0,1.904829,0,37.988547,24.974696,0.801596,2.837146,0,89.123606,0,14.754073,0,60.96302,33.723542,60.833447,50.019043,33.796359,50,27,0,0,0,0,0,0,0,0
2225,60.900809,0,1.902661,0,37.968715,24.984059,0.798632,2.841765,0,89.032969,0,14.897071,0,60.876978,33.853658,61.029966,50.073265,33.905536,50,27,0,0,0,0,0,0,0,0
2226,60.860829,0,1.884543,0,38.022536,24.964655,0.800601,2.843279,0,88.645989,0,14.842647,0,60.714924,33.869298,60.891341,50.034586,33.828523,50,27,0,0,0,0,0,0,0,0
2227,61.06334,0,1.89365,0,38.015614,25.016217,0.798388,2.862558,0,89.048001,0,14.815198,0,60.798784,33.584489,60.363405,49.888494,33.535225,50,27,0,0,0,0,0,0,0,0
2228,61.131576,0,1.893399,0,37.992767,25.071881,0.801102,2.860623,0,88.965608,0,14.864327,0,61.100929,33.783358,61.11225,50.096027,33.95125,50,27,0,0,0,0,0,0,0,0
2229,60.821059,0,1.906676,0,37.943862,25.015931,0.800007,2.868041,0,88.948357,0,14.831462,0,60.985623,33.593508,60.595773,49.952797,33.664318,50,27,0,0,0,0,0,0,0,0
2230,60.515983,0,1.904153,0,38.086382,25.053829,0.800529,2.869295,0,88.821681,0,14.770973,0,60.540789,33.870756,60.760124,49.998458,33.755624,50,27,0,0,0,0,0,0,0,0
2231,60.765057,0,1.901801,0,38.056187,24.975022,0.798532,2.844137,0,89.010956,0,14.83748,0,60.640093,33.883485,60.87257,50.029545,33.818095,50,27,0,0,0,0,0,0,0,0
2232,60.996331,0,1.902799,0,37.803151,24.93973,0.79449,2.829779,0,88.8893,0,14.907277,0,60.882182,33.597173,60.496191,49.925368,33.608995,50,27,0,0,0,0,0,0,0,0
2233,61.118252,0,1.904064,0,37.935973,24.994491,0.795265,2.830851,0,89.578175,0,14.905457,0,60.754003,33.804121,60.828667,50.017634,33.793704,50,27,0,0,0,0,0,0,0,0
2234,61.017336,0,1.891856,0,38.076623,24.996335,0.79868,2.843875,0,89.237936,0,14.834265,0,60.593051,33.943163,60.95634,50.052835,33.864633,50,27,0,0,0,0,0,0,0,0
2235,60.689624,0,1.900229,0,37.981162,25.045017,0.802008,2.84206,0,89.157948,0,14.991758,0,60.764437,33.756811,60.711935,49.98502,33.728853,50,27,0,0,0,0,0,0,0,0
2236,60.857352,0,1.901931,0,37.983085,24.828492,0.799413,2.850491,0,89.437605,0,14.827488,0,60.841319,33.792379,60.867123,50.027988,33.815068,50,27,0,0,0,0,0,0,0,0
2237,60.503675,0,1.899594,0,37.895015,24.788979,0.805622,2.851346,0,89.464006,0,14.872033,0,60.973743,33.637314,60.670844,49.973598,33.706025,50,27,0,0,0,0,0,0,0,0
2238,60.672021,0,1.89614,0,38.035704,24.857567,0.795625,2.851496,0,88.977923,0,14.887343,0,60.797805,33.696384,60.638438,49.964772,33.688021,50,27,0,0,0,0,0,0,0,0
2239,60.925874,0,1.908478,0,37.955614,25.078194,0.799918,2.837296,0,89.160495,0,14.894949,0,60.500498,33.762469,60.490489,49.924055,33.605827,50,27,0,0,0,0,0,0,0,0
2240,60.666881,0,1.90185,0,37.985821,25.058527,0.797039,2.851258,0,89.639445,0,14.845569,0,60.78762,33.770453,60.795078,50.00862,33.775043,50,27,0,0,0,0,0,0,0,0
2241,60.679798,0,1.897274,0,37.946596,25.002742,0.799001,2.845559,0,88.681322,0,14.881804,0,60.866661,33.645084,60.609203,49.957202,33.671779,50,27,0,0,0,0,0,0,0,0
2242,60.902142,0,1.906246,0,38.024957,25.042507,0.798874,2.857936,0,89.298071,0,14.856828,0,60.852181,33.727756,60.7852,50.00606,33.769556,50,27,0,0,0,0,0,0,0,0
2243,60.524002,0,1.903497,0,37.858211,25.136845,0.800902,2.866386,0,89.050156,0,14.927847,0,60.643649,33.553821,60.213961,49.848141,33.4522,50,27,0,0,0,0,0,0,0,0
2244,60.881475,0,1.901315,0,38.037421,24.950686,0.801649,2.858152,0,88.714129,0,14.80574,0,60.810521,33.627254,60.562586,49.945255,33.645881,50,27,0,0,0,0,0,0,0,0
2245,60.789538,0,1.901751,0,38.213738,24.969805,0.797611,2.835419,0,88.876692,0,14.869295,0,60.946299,33.732853,60.936608,50.048906,33.853671,50,27,0,0,0,0,0,0,0,0
2246,60.94544,0,1.90472,0,38.083304,24.957067,0.799746,2.845194,0,89.25919,0,14.872604,0,60.567557,33.819291,60.740802,49.994543,33.74489,50,27,0,0,0,0,0,0,0,0
2247,60.783646,0,1.89425,0,37.988052,25.052239,0.797097,2.867553,0,89.400297,0,14.847279,0,60.416578,33.907628,60.76533,50.001349,33.758517,50,27,0,0,0,0,0,0,0,0
2248,60.570504,0,1.901433,0,37.864833,24.969832,0.798354,2.84362,0,89.370817,0,14.869828,0,60.494696,33.87047,60.743272,49.995246,33.746262,50,27,0,0,0,0,0,0,0,0
2249,60.80318,0,1.887404,0,37.946979,24.934203,0.797935,2.843727,0,89.075179,0,14.873463,0,60.89552,33.622792,60.606115,49.95736,33.670064,50,27,0,0,0,0,0,0,0,0
2250,60.65565,0,1.907579,0,37.905254,25.006162,0.800166,2.837203,0,89.623178,0,14.955097,0,60.688074,33.772856,60.733298,49.992725,33.740721,50,27,0,0,0,0,0,0,0,0
2251,60.750609,0,1.902413,0,37.958329,24.908504,0.802769,2.860095,0,89.063458,0,14.826134,0,60.765306,33.767724,60.796877,50.010334,33.776043,50,27,0,0,0,0,0,0,0,0
2252,60.861921,0,1.899214,0,37.689441,24.979696,0.797516,2.859484,0,89.198023,0,14.895158,0,60.727268,33.911399,61.05993,50.082989,33.922183,50,27,0,0,0,0,0,0,0,0
2253,60.851682,0,1.903515,0,37.875762,24.966481,0.801875,2.844606,0,89.153195,0,14.811054,0,60.732546,33.763013,60.731414,49.991776,33.739675,50,27,0,0,0,0,0,0,0,0
2254,60.897045,0,1.892667,0,37.898795,24.91155,0.797323,2.847321,0,89.654347,0,14.98079,0,60.601246,33.869688,60.825204,50.01774,33.79178,50,27,0,0,0,0,0,0,0,0
2255,60.987296,0,1.898177,0,37.883712,25.128622,0.802365,2.846007,0,89.19617,0,14.916512,0,60.785472,33.704078,60.646098,49.968148,33.692277,50,27,0,0,0,0,0,0,0,0
2256,60.883067,0,1.902104,0,37.792395,24.94964,0.801016,2.836148,0,89.084175,0,14.803004,0,60.536469,33.991419,61.011917,50.069417,33.89551,50,27,0,0,0,0,0,0,0,0
2257,60.948681,0,1.904034,0,38.010528,24.92696,0.795495,2.841299,0,88.864561,0,14.883051,0,60.314995,33.964335,60.703597,49.983853,33.72422,50,27,0,0,0,0,0,0,0,0
2258,60.870865,0,1.903083,0,37.956684,24.995865,0.804382,2.846467,0,89.067554,0,14.841054,0,60.607306,33.758383,60.53719,49.937939,33.631772,50,27,0,0,0,0,0,0,0,0
2259,60.800229,0,1.903388,0,37.930618,25.157077,0.802942,2.854107,0,89.500471,0,14.867039,0,60.909046,33.836589,61.008279,50.068455,33.893488,50,27,0,0,0,0,0,0,0,0
2260,60.941926,0,1.893001,0,37.781468,24.929597,0.801875,2.85504,0,88.930483,0,14.82248,0,60.943156,33.647288,60.636879,49.965461,33.687155,50,27,0,0,0,0,0,0,0,0
2261,60.552355,0,1.904547,0,37.946827,25.193523,0.800646,2.849505,0,89.197961,0,14.888478,0,60.854001,33.663088,60.600196,49.955494,33.666776,50,27,0,0,0,0,0,0,0,0
2262,60.779487,0,1.902845,0,38.059248,25.03986,0.798593,2.836572,0,89.146618,0,14.85284,0,60.786601,33.643562,60.507469,49.930086,33.615261,50,27,0,0,0,0,0,0,0,0
2263,60.809976,0,1.905469,0,38.14205,24.953504,0.797528,2.833403,0,89.612563,0,14.972683,0,60.824421,33.682419,60.644699,49.968364,33.691499,50,27,0,0,0,0,0,0,0,0
2264,60.51612,0,1.904212,0,37.794432,24.999244,0.801075,2.835623,0,89.195581,0,14.901291,0,60.749554,33.776442,60.779396,50.005751,33.766331,50,27,0,0,0,0,0,0,0,0
2265,60.763657,0,1.89767,0,38.146033,24.922062,0.798514,2.853301,0,88.830648,0,14.797349,0,60.480515,33.896185,60.761074,50.000658,33.756152,50,27,0,0,0,0,0,0,0,0
2266,60.469452,0,1.90155,0,38.018855,24.9916,0.800172,2.85343,0,89.183229,0,14.882804,0,60.887066,33.7608,60.864512,50.029245,33.813618,50,27,0,0,0,0,0,0,0,0
2267,61.094539,0,1.909779,0,37.962792,25.013992,0.799003,2.854438,0,89.497012,0,14.811625,0,60.646033,33.910374,60.940396,50.050073,33.855775,50,27,0,0,0,0,0,0,0,0
2268,60.9833,0,1.896211,0,37.74323,25.10447,0.80279,2.838541,0,89.371262,0,14.794721,0,60.465641,33.984097,60.897116,50.037862,33.831731,50,27,0,0,0,0,0,0,0,0
2269,60.817468,0,1.893117,0,38.114153,24.983887,0.801597,2.86078,0,89.311917,0,14.898057,0,61.000118,33.755589,60.922617,50.044722,33.845898,50,27,0,0,0,0,0,0,0,0
2270,60.667382,0,1.900497,0,37.949831,24.907941,0.798488,2.860194,0,89.342918,0,14.962013,0,60.7289,33.695702,60.529918,49.935959,33.627732,50,27,0,0,0,0,0,0,0,0
2271,60.999167,0,1.896927,0,38.114322,25.100053,0.804101,2.832646,0,89.384695,0,14.816166,0,60.947072,33.699032,60.767551,50.001958,33.759751,50,27,0,0,0,0,0,0,0,0
2272,61.021556,0,1.888903,0,37.941119,24.921683,0.798894,2.846375,0,89.075768,0,14.799511,0,61.120648,33.556794,60.652314,49.970097,33.69573,50,27,0,0,0,0,0,0,0,0
2273,60.651507,0,1.905126,0,38.088772,24.871832,0.801374,2.860942,0,89.525392,0,14.832078,0,60.7048,33.752737,60.679053,49.977637,33.710585,50,27,0,0,0,0,0,0,0,0
2274,60.54348,0,1.902939,0,37.982712,24.958906,0.79649,2.860442,0,88.833462,0,14.862158,0,60.919468,33.547415,60.462231,49.917819,33.590129,50,27,0,0,0,0,0,0,0,0
2275,60.730346,0,1.903538,0,37.996279,25.002385,0.796765,2.838135,0,88.843161,0,14.789334,0,60.751639,33.691642,60.627207,49.963827,33.681782,50,27,0,0,0,0,0,0,0,0
2276,60.605979,0,1.898301,0,37.907097,25.038502,0.80296,2.858067,0,89.164985,0,14.84068,0,60.645803,33.814967,60.789287,50.008805,33.771826,50,27,0,0,0,0,0,0,0,0
2277,60.659616,0,1.899116,0,37.81385,24.848762,0.798632,2.852631,0,88.937311,0,14.869227,0,60.525805,33.824446,60.680317,49.978642,33.711287,50,27,0,0,0,0,0,0,0,0
2278,61.006466,0,1.90464,0,38.211419,24.828116,0.801179,2.840201,0,89.468032,0,14.880548,0,60.566831,33.863202,60.793436,50.010014,33.774131,50,27,0,0,0,0,0,0,0,0
2279,60.469022,0,1.907133,0,38.137898,24.982944,0.798234,2.845623,0,89.262181,0,14.841203,0,60.523568,33.81912,60.643024,49.968391,33.690569,50,27,0,0,0,0,0,0,0,0
2280,60.715447,0,1.902421,0,37.981462,25.117877,0.797913,2.856846,0,89.537156,0,14.902063,0,60.781207,33.752599,60.752879,49.998912,33.751599,50,27,0,0,0,0,0,0,0,0
2281,60.979057,0,1.893188,0,38.312531,24.942597,0.800799,2.85494,0,88.987274,0,14.949894,0,60.614686,33.788818,60.664529,49.974498,33.702516,50,27,0,0,0,0,0,0,0,0
2282,60.60019,0,1.895128,0,37.979031,25.183842,0.800904,2.854404,0,89.311675,0,14.962055,0,60.709853,33.750391,60.675523,49.977663,33.708624,50,27,0,0,0,0,0,0,0,0
2283,60.703112,0,1.893865,0,37.888397,25.017028,0.805221,2.859277,0,89.51017,0,14.884285,0,61.070365,33.600075,60.721107,49.990374,33.733949,50,27,0,0,0,0,0,0,0,0
2284,60.824555,0,1.903126,0,38.090561,24.984544,0.800969,2.846698,0,89.439913,0,14.745779,0,60.466361,33.932213,60.839536,50.023155,33.799742,50,27,0,0,0,0,0,0,0,0
2285,60.741676,0,1.890636,0,37.965033,25.126884,0.799274,2.855664,0,89.321856,0,14.93202,0,60.961185,33.756681,60.940775,50.051022,33.855986,50,27,0,0,0,0,0,0,0,0
2286,60.753569,0,1.894661,0,37.932509,25.002705,0.802825,2.842553,0,89.455269,0,14.852401,0,60.89003,33.699565,60.750416,49.998153,33.750231,50,27,0,0,0,0,0,0,0,0
2287,60.846621,0,1.897092,0,38.054581,25.098945,0.797864,2.850394,0,89.021994,0,14.930262,0,61.271049,33.638169,61.010654,50.070091,33.894808,50,27,0,0,0,0,0,0,0,0
2288,60.837662,0,1.903767,0,38.324009,25.112527,0.801458,2.836596,0,88.870422,0,14.816787,0,60.814023,33.667844,60.632498,49.965222,33.684721,50,27,0,0,0,0,0,0,0,0
2289,60.579567,0,1.899899,0,38.099004,24.942746,0.800767,2.844027,0,89.049986,0,14.891057,0,60.786079,33.791693,60.877143,50.033014,33.820635,50,27,0,0,0,0,0,0,0,0
2290,60.58235,0,1.898618,0,38.068369,25.040834,0.801526,2.856781,0,88.889401,0,14.845095,0,60.745264,33.82949,60.910364,50.042032,33.839091,50,27,0,0,0,0,0,0,0,0
2291,60.839115,0,1.901444,0,38.080243,25.073248,0.805484,2.836802,0,88.907179,0,14.83047,0,60.885915,33.650231,60.662573,49.973334,33.70143,50,27,0,0,0,0,0,0,0,0
2292,60.79045,0,1.898601,0,37.981191,25.103695,0.802128,2.839846,0,89.507515,0,14.870663,0,60.832721,33.767279,60.870235,50.030864,33.816797,50,27,0,0,0,0,0,0,0,0
2293,60.963391,0,1.89759,0,38.028958,25.010579,0.802151,2.84101,0,89.068058,0,14.853553,0,60.663589,33.856258,60.886448,50.035191,33.825804,50,27,0,0,0,0,0,0,0,0
2294,60.467955,0,1.895842,0,38.193703,24.965261,0.801435,2.836464,0,88.328395,0,14.888415,0,60.575634,33.776191,60.615673,49.960175,33.675374,50,27,0,0,0,0,0,0,0,0
2295,61.020331,0,1.891986,0,37.789397,24.923192,0.802607,2.847676,0,89.108464,0,14.876739,0,60.766786,33.656656,60.552178,49.942824,33.640099,50,27,0,0,0,0,0,0,0,0
2296,60.630855,0,1.9171,0,37.823699,25.072656,0.799552,2.849436,0,89.534084,0,14.800402,0,60.941245,33.600153,60.620866,49.962093,33.678259,50,27,0,0,0,0,0,0,0,0
2297,60.677267,0,1.897162,0,37.875841,24.962666,0.802668,2.841946,0,88.873478,0,14.801686,0,60.766058,33.763412,60.810077,50.014579,33.783376,50,27,0,0,0,0,0,0,0,0
2298,60.949255,0,1.903228,0,38.047285,24.891224,0.807103,2.851903,0,89.134178,0,14.792321,0,60.611891,33.856895,60.850349,50.025637,33.805749,50,27,0,0,0,0,0,0,0,0
2299,60.818756,0,1.901678,0,37.807177,24.98087,0.802045,2.871257,0,88.999477,0,14.88814,0,60.598992,33.839767,60.786416,50.007839,33.770231,50,27,0,0,0,0,0,0,0,0
2300,60.944693,0,1.893986,0,37.827792,24.868327,0.800191,2.8584,0,88.87467,0,14.829585,0,60.802128,33.638273,60.552812,49.943233,33.640451,50,27,0,0,0,0,0,0,0,0
2301,60.663461,0,1.896384,0,38.215252,24.973699,0.798153,2.86347,0,88.740039,0,14.899721,0,60.691071,33.819802,60.840251,50.022962,33.800139,50,27,0,0,0,0,0,0,0,0
2302,60.77263,0,1.891496,0,37.924177,24.929351,0.797762,2.832752,0,89.464729,0,14.84874,0,60.841575,33.644897,60.612491,49.959896,33.673606,50,27,0,0,0,0,0,0,0,0
2303,61.215429,0,1.907178,0,37.802457,25.035219,0.799982,2.846195,0,88.894121,0,14.932127,0,61.034284,33.750159,61.041554,50.078687,33.911974,50,27,0,0,0,0,0,0,0,0
2304,60.553848,0,1.891428,0,37.995838,25.004253,0.797231,2.835367,0,89.02289,0,14.838022,0,60.654275,33.767833,60.698371,49.983441,33.721317,50,27,0,0,0,0,0,0,0,0
2305,60.881041,0,1.89428,0,38.070568,25.008957,0.805684,2.849207,0,89.204172,0,14.87298,0,60.703954,33.806485,60.826827,50.019028,33.792682,50,27,0,0,0,0,0,0,0,0
2306,60.498482,0,1.904656,0,37.984966,25.101553,0.79981,2.85724,0,89.050618,0,14.883904,0,60.932657,33.621588,60.657834,49.972224,33.698797,50,27,0,0,0,0,0,0,0,0
2307,60.652343,0,1.89354,0,37.806442,25.085791,0.799387,2.86376,0,89.11095,0,14.814785,0,60.829984,33.627048,60.583853,49.951915,33.657696,50,27,0,0,0,0,0,0,0,0
2308,60.917055,0,1.901481,0,37.835696,25.035509,0.798399,2.852992,0,89.263975,0,14.891728,0,60.692436,33.775387,60.774591,50.004873,33.763662,50,27,0,0,0,0,0,0,0,0
2309,60.599975,0,1.903472,0,38.078124,24.998796,0.798571,2.853122,0,89.27098,0,14.787125,0,61.018269,33.495103,60.504066,49.930077,33.61337,50,27,0,0,0,0,0,0,0,0
2310,60.391374,0,1.910757,0,38.018546,25.004648,0.801187,2.84365,0,88.868793,0,14.841517,0,60.558752,33.77391,60.664794,49.974849,33.702663,50,27,0,0,0,0,0,0,0,0
2311,60.614063,0,1.900611,0,37.804586,25.0415,0.799143,2.850012,0,89.06833,0,14.869965,0,60.641774,33.655014,60.490394,49.926771,33.605774,50,27,0,0,0,0,0,0,0,0
2312,60.720574,0,1.886775,0,37.871421,25.063675,0.796699,2.856436,0,88.699986,0,14.819536,0,60.804936,33.816701,61.004074,50.069114,33.891152,50,27,0,0,0,0,0,0,0,0
2313,60.832286,0,1.905091,0,37.915057,24.886488,0.800555,2.850446,0,89.035057,0,14.797568,0,60.631852,33.758908,60.696637,49.983796,33.720354,50,27,0,0,0,0,0,0,0,0
2314,61.130252,0,1.892664,0,38.252061,25.10573,0.798644,2.836324,0,88.985316,0,14.844681,0,60.454271,33.998688,61.020792,50.073472,33.90044,50,27,0,0,0,0,0,0,0,0
2315,60.597969,0,1.905456,0,37.857771,24.933108,0.803068,2.837573,0,89.15745,0,14.891647,0,60.796903,33.968203,61.263715,50.140249,34.035397,50,27,0,0,0,0,0,0,0,0
2316,60.688394,0,1.90446,0,37.947445,25.03713,0.800915,2.843234,0,89.464226,0,14.921828,0,60.696571,33.821921,60.825641,50.018469,33.792023,50,27,0,0,0,0,0,0,0,0
2317,60.889166,0,1.906587,0,38.038404,25.069029,0.802078,2.864249,0,89.199539,0,14.975418,0,60.899463,33.649761,60.657317,49.971854,33.69851,50,27,0,0,0,0,0,0,0,0
2318,60.598184,0,1.903657,0,37.948031,25.15014,0.801328,2.842342,0,89.121756,0,14.812579,0,60.756522,33.751444,60.743998,49.995952,33.746666,50,27,0,0,0,0,0,0,0,0
2319,60.976304,0,1.900815,0,38.21273,25.005437,0.802652,2.847497,0,89.403282,0,14.898739,0,60.663796,33.812031,60.779855,50.005883,33.766586,50,27,0,0,0,0,0,0,0,0
2320,60.956685,0,1.908099,0,37.940651,24.930375,0.803095,2.858623,0,89.00878,0,14.904262,0,60.592549,33.903707,60.894734,50.037606,33.830408,50,27,0,0,0,0,0,0,0,0
2321,60.603771,0,1.907688,0,38.079132,24.96656,0.800713,2.839822,0,89.486476,0,14.843816,0,60.871671,33.757411,60.846377,50.024053,33.803543,50,27,0,0,0,0,0,0,0,0
2322,60.365523,0,1.898576,0,38.024557,24.98489,0.798888,2.849736,0,89.556793,0,14.915201,0,60.959456,33.774065,60.970871,50.058343,33.872706,50,27,0,0,0,0,0,0,0,0
2323,60.987683,0,1.897682,0,38.00564,24.98456,0.796193,2.837952,0,89.060807,0,14.874943,0,60.656698,33.711558,60.535549,49.937731,33.63086,50,27,0,0,0,0,0,0,0,0
2324,60.417481,0,1.901819,0,38.096499,24.964046,0.798605,2.847554,0,88.986875,0,14.878356,0,60.826388,33.761317,60.817771,50.016046,33.787651,50,27,0,0,0,0,0,0,0,0
2325,60.705232,0,1.912979,0,37.816426,24.985368,0.800656,2.852038,0,89.242627,0,14.909272,0,60.783855,33.712102,60.671964,49.975666,33.706647,50,27,0,0,0,0,0,0,0,0
2326,60.77986,0,1.90153,0,38.093891,24.91845,0.803292,2.859484,0,89.092658,0,14.877468,0,61.032242,33.673606,60.846143,50.023929,33.803413,50,27,0,0,0,0,0,0,0,0
2327,60.501356,0,1.899808,0,38.05226,25.073327,0.796519,2.860973,0,89.519784,0,14.834153,0,61.032648,33.646109,60.800177,50.011105,33.777876,50,27,0,0,0,0,0,0,0,0
2328,60.886704,0,1.90027,0,37.975668,24.934894,0.79912,2.839237,0,88.737037,0,14.902565,0,60.597314,33.804288,60.713032,49.986963,33.729462,50,27,0,0,0,0,0,0,0,0
2329,60.96659,0,1.896252,0,37.941219,25.120019,0.798467,2.848488,0,89.211349,0,14.775048,0,60.977731,33.565383,60.582276,49.950888,33.65682,50,27,0,0,0,0,0,0,0,0
2330,60.602909,0,1.901935,0,38.08469,24.940069,0.79884,2.843087,0,89.397646,0,14.881451,0,60.845871,33.646613,60.646476,49.968877,33.692487,50,27,0,0,0,0,0,0,0,0
2331,60.732683,0,1.904161,0,37.773311,25.006174,0.799033,2.853717,0,89.381803,0,14.819442,0,60.802459,33.598612,60.514276,49.932492,33.619042,50,27,0,0,0,0,0,0,0,0
2332,60.947606,0,1.898035,0,38.093631,24.973344,0.799821,2.837686,0,89.561691,0,14.826407,0,60.629305,33.711015,60.596232,49.95548,33.664574,50,27,0,0,0,0,0,0,0,0
2333,60.823834,0,1.903914,0,37.960807,24.875326,0.798335,2.857058,0,88.834965,0,14.861204,0,60.280069,34.039107,60.941132,50.051031,33.856185,50,27,0,0,0,0,0,0,0,0
2334,60.459699,0,1.904384,0,37.984968,24.938817,0.802651,2.841337,0,88.987458,0,14.827535,0,60.530897,33.849871,60.751475,49.998356,33.750819,50,27,0,0,0,0,0,0,0,0
2335,60.885629,0,1.900399,0,38.138384,25.033773,0.798288,2.864009,0,89.440422,0,14.817828,0,60.6723,33.799351,60.772526,50.004183,33.762514,50,27,0,0,0,0,0,0,0,0
2336,60.777107,0,1.902534,0,38.023476,25.041314,0.801098,2.847235,0,89.096452,0,14.850855,0,60.572397,33.887892,60.853125,50.02644,33.807292,50,27,0,0,0,0,0,0,0,0
2337,60.420261,0,1.897902,0,38.074534,24.993005,0.800354,2.851278,0,89.066677,0,14.820732,0,60.692614,33.665797,60.487315,49.9252,33.604064,50,27,0,0,0,0,0,0,0,0
2338,60.566121,0,1.912342,0,38.114147,24.922016,0.802104,2.857821,0,89.106788,0,14.888618,0,60.798641,33.743619,60.770328,50.003795,33.761294,50,27,0,0,0,0,0,0,0,0
2339,60.541508,0,1.893416,0,37.950706,24.908427,0.79855,2.840989,0,88.939003,0,14.773508,0,60.804685,33.814194,60.927012,50.047083,33.84834,50,27,0,0,0,0,0,0,0,0
2340,60.509342,0,1.897469,0,38.016364,25.091648,0.798259,2.85172,0,89.172147,0,14.890466,0,60.652501,33.792827,60.72211,49.990215,33.734506,50,27,0,0,0,0,0,0,0,0
2341,60.496626,0,1.892944,0,37.902602,25.043926,0.802305,2.834334,0,89.245334,0,14.922052,0,60.757666,33.623448,60.465641,49.919377,33.592023,50,27,0,0,0,0,0,0,0,0
2342,60.724431,0,1.896562,0,38.04717,25.02208,0.798856,2.854626,0,89.240579,0,14.852084,0,60.994048,33.713983,60.911246,50.042941,33.839581,50,27,0,0,0,0,0,0,0,0
2343,61.021658,0,1.903847,0,38.047214,24.938374,0.801691,2.845181,0,89.441934,0,14.826344,0,60.77106,33.873334,61.029565,50.07543,33.905314,50,27,0,0,0,0,0,0,0,0
2344,60.57734,0,1.898876,0,37.999049,24.953177,0.802685,2.846574,0,88.940727,0,14.920656,0,61.054571,33.563822,60.644043,49.968499,33.691135,50,27,0,0,0,0,0,0,0,0
2345,60.587052,0,1.903287,0,37.969043,24.934023,0.797354,2.83243,0,89.400599,0,14.838685,0,60.911302,33.618481,60.641728,49.968015,33.689849,50,27,0,0,0,0,0,0,0,0
2346,60.804618,0,1.897253,0,38.075634,24.908765,0.801573,2.856941,0,88.915632,0,14.895345,0,60.58752,33.738422,60.587794,49.953267,33.659886,50,27,0,0,0,0,0,0,0,0
2347,60.66452,0,1.894983,0,37.970438,24.992795,0.804987,2.865837,0,88.706273,0,14.850052,0,60.844667,33.685618,60.733542,49.993784,33.740857,50,27,0,0,0,0,0,0,0,0
2348,61.057332,0,1.902774,0,37.859182,24.90352,0.798379,2.84165,0,89.552668,0,14.81173,0,60.602395,33.740499,60.613979,49.960768,33.674433,50,27,0,0,0,0,0,0,0,0
2349,60.815388,0,1.891855,0,37.844668,25.065401,0.799627,2.848599,0,89.259421,0,14.817135,0,60.812954,33.819537,60.990535,50.065042,33.883631,50,27,0,0,0,0,0,0,0,0
2350,60.540064,0,1.898942,0,38.057869,25.036446,0.804534,2.842537,0,89.069795,0,14.822761,0,60.807803,33.717368,60.758772,50.00066,33.754873,50,27,0,0,0,0,0,0,0,0
2351,60.940224,0,1.910021,0,37.900177,24.875863,0.800116,2.843634,0,88.863884,0,14.755896,0,60.95004,33.626793,60.713018,49.98801,33.729455,50,27,0,0,0,0,0,0,0,0
2352,60.49368,0,1.89401,0,38.104606,25.049042,0.804591,2.832189,0,88.849202,0,14.835405,0,61.044808,33.61961,60.807447,50.01417,33.781915,50,27,0,0,0,0,0,0,0,0
2353,60.583054,0,1.900619,0,38.107248,25.050404,0.800359,2.839553,0,89.274833,0,14.845149,0,60.431026,34.018715,61.050362,50.08124,33.916868,50,27,0,0,0,0,0,0,0,0
2354,60.799985,0,1.902055,0,37.846966,24.998033,0.795912,2.832455,0,89.518481,0,14.849567,0,60.737863,33.705455,60.657709,49.972308,33.698727,50,27,0,0,0,0,0,0,0,0
2355,60.473625,0,1.902761,0,38.012924,24.832424,0.798459,2.85083,0,88.969409,0,14.814309,0,60.503251,33.776762,60.578519,49.950558,33.654733,50,27,0,0,0,0,0,0,0,0
2356,60.679609,0,1.905781,0,38.076168,25.143843,0.800085,2.856017,0,88.895388,0,14.822309,0,60.33333,34.069372,61.021119,50.073137,33.900622,50,27,0,0,0,0,0,0,0,0
2357,60.87662,0,1.892973,0,38.048401,25.039493,0.804127,2.844208,0,88.745751,0,14.899051,0,60.764947,33.569212,60.354723,49.888584,33.530402,50,27,0,0,0,0,0,0,0,0
2358,60.706434,0,1.908554,0,37.925374,24.949562,0.799088,2.858786,0,89.071124,0,14.848033,0,60.855456,33.776849,60.908857,50.042299,33.838254,50,27,0,0,0,0,0,0,0,0
2359,60.824418,0,1.899866,0,38.085768,25.129137,0.79952,2.844747,0,89.588853,0,14.861916,0,60.573521,33.801306,60.675172,49.977499,33.708429,50,27,0,0,0,0,0,0,0,0
2360,61.111998,0,1.906916,0,38.080946,25.02596,0.796993,2.860446,0,89.001472,0,14.902101,0,60.733843,33.641387,60.491811,49.92693,33.606562,50,27,0,0,0,0,0,0,0,0
2361,60.80252,0,1.902121,0,38.091864,24.958792,0.797805,2.839464,0,89.208795,0,14.857011,0,60.970397,33.682618,60.830466,50.020897,33.794703,50,27,0,0,0,0,0,0,0,0
2362,60.422221,0,1.90183,0,38.043458,25.06491,0.801059,2.854395,0,89.16052,0,14.817702,0,60.659242,33.765614,60.703126,49.985596,33.723959,50,27,0,0,0,0,0,0,0,0
2363,60.39067,0,1.895683,0,37.687074,25.224285,0.80145,2.857804,0,88.86356,0,14.801506,0,60.537094,33.956188,60.980226,50.062257,33.877903,50,27,0,0,0,0,0,0,0,0
2364,60.957879,0,1.914646,0,37.765604,24.9869,0.802707,2.843342,0,89.313091,0,14.820524,0,60.721343,33.713589,60.625048,49.963778,33.680582,50,27,0,0,0,0,0,0,0,0
2365,60.928888,0,1.908905,0,37.95696,25.073699,0.800377,2.853109,0,88.913193,0,14.798497,0,60.677234,33.81926,60.809857,50.015039,33.783254,50,27,0,0,0,0,0,0,0,0
2366,60.698447,0,1.903617,0,38.027054,24.953493,0.801721,2.850744,0,89.203023,0,14.850506,0,60.878804,33.735325,60.826088,50.01945,33.792271,50,27,0,0,0,0,0,0,0,0
2367,60.544447,0,1.900299,0,38.056885,24.946355,0.800574,2.857422,0,89.326523,0,14.891794,0,60.948602,33.573076,60.556936,49.944961,33.642742,50,27,0,0,0,0,0,0,0,0
2368,60.654839,0,1.897612,0,38.219312,25.062206,0.797924,2.845643,0,89.256952,0,14.792476,0,60.800354,33.900114,61.123013,50.101696,33.957229,50,27,0,0,0,0,0,0,0,0
2369,60.890108,0,1.8829,0,37.909251,25.0287,0.801549,2.850598,0,89.075595,0,14.817759,0,60.826424,33.869873,61.065127,50.085191,33.925071,50,27,0,0,0,0,0,0,0,0
2370,60.921538,0,1.904463,0,37.987906,24.969124,0.798939,2.851056,0,88.745663,0,14.825897,0,60.767762,33.675222,60.580955,49.950943,33.656086,50,27,0,0,0,0,0,0,0,0
2371,60.891273,0,1.900276,0,37.924854,24.976685,0.801288,2.838951,0,89.25606,0,14.856635,0,60.726156,33.698795,60.600748,49.956658,33.667082,50,27,0,0,0,0,0,0,0,0
2372,60.389229,0,1.910401,0,38.082999,25.00234,0.802812,2.864089,0,88.608432,0,14.822734,0,60.674638,33.85361,60.883632,50.035062,33.82424,50,27,0,0,0,0,0,0,0,0
2373,60.856027,0,1.896108,0,37.876986,24.988372,0.798008,2.843311,0,89.438135,0,14.899124,0,60.637825,33.908325,60.94917,50.053002,33.86065,50,27,0,0,0,0,0,0,0,0
2374,60.851171,0,1.908064,0,37.977797,24.995195,0.79891,2.860906,0,89.210907,0,14.829488,0,60.61375,33.710993,60.489389,49.925657,33.605216,50,27,0,0,0,0,0,0,0,0
2375,60.464449,0,1.895632,0,37.919273,25.083084,0.797644,2.868333,0,89.147725,0,14.758814,0,60.61867,33.815237,60.721971,49.990311,33.734428,50,27,0,0,0,0,0,0,0,0
2376,60.573534,0,1.896687,0,37.900018,24.934815,0.795908,2.844059,0,88.8062,0,14.915681,0,60.983562,33.746958,60.936381,50.049622,33.853545,50,27,0,0,0,0,0,0,0,0
2377,60.803672,0,1.899602,0,38.031377,24.898334,0.799285,2.852096,0,89.582433,0,14.798555,0,60.91674,33.66898,60.708022,49.986257,33.726679,50,27,0,0,0,0,0,0,0,0
2378,61.033445,0,1.901037,0,38.048659,25.082793,0.799275,2.847114,0,89.065393,0,14.816079,0,60.767793,33.772305,60.790073,50.009004,33.772263,50,27,0,0,0,0,0,0,0,0
2379,60.93707,0,1.89752,0,38.012252,25.038202,0.799274,2.850508,0,89.491573,0,14.877053,0,60.430559,33.941045,60.807382,50.013743,33.781879,50,27,0,0,0,0,0,0,0,0
2380,60.760708,0,1.898624,0,37.983526,25.140338,0.80288,2.848563,0,89.579288,0,14.882626,0,60.806451,33.691335,60.63299,49.965474,33.684995,50,27,0,0,0,0,0,0,0,0
2381,60.748668,0,1.887395,0,38.146295,24.930994,0.800221,2.853885,0,89.152454,0,14.739571,0,60.930473,33.802385,61.0021,50.067666,33.890056,50,27,0,0,0,0,0,0,0,0
2382,60.555427,0,1.892373,0,38.018992,24.87466,0.800997,2.849228,0,88.998989,0,14.854618,0,61.12072,33.527532,60.608102,49.95843,33.671168,50,27,0,0,0,0,0,0,0,0
2383,60.688284,0,1.90195,0,38.045501,25.154496,0.804456,2.860089,0,89.176911,0,14.916071,0,60.662244,33.878821,60.922664,50.04558,33.845924,50,27,0,0,0,0,0,0,0,0
2384,60.559534,0,1.909891,0,38.025992,25.070657,0.797244,2.846092,0,88.964942,0,14.782822,0,60.826218,33.674247,60.63884,49.966906,33.688244,50,27,0,0,0,0,0,0,0,0
2385,60.671456,0,1.90394,0,38.093648,24.975054,0.803772,2.858422,0,89.005547,0,14.821171,0,60.789913,33.721745,60.714435,49.987965,33.730242,50,27,0,0,0,0,0,0,0,0
2386,60.435848,0,1.899619,0,37.874148,25.0787,0.798147,2.853272,0,88.791273,0,14.844907,0,60.685499,33.798212,60.776036,50.005051,33.764465,50,27,0,0,0,0,0,0,0,0
2387,60.817314,0,1.897687,0,38.193695,25.117192,0.801221,2.861051,0,88.783218,0,14.905788,0,60.533396,33.818815,60.661736,49.973434,33.700964,50,27,0,0,0,0,0,0,0,0
2388,60.658503,0,1.890079,0,37.893033,24.971995,0.796097,2.865499,0,89.470942,0,14.804174,0,60.910372,33.663323,60.702699,49.984888,33.723722,50,27,0,0,0,0,0,0,0,0
2389,60.902463,0,1.892253,0,38.308541,25.009609,0.794986,2.847901,0,89.039925,0,14.800869,0,60.808761,33.656087,60.598803,49.956247,33.666002,50,27,0,0,0,0,0,0,0,0
2390,60.695528,0,1.905662,0,37.728406,25.060118,0.802341,2.84328,0,88.543347,0,14.832899,0,61.018768,33.550033,60.598225,49.956304,33.66568,50,27,0,0,0,0,0,0,0,0
2391,60.962387,0,1.903995,0,37.92538,24.884297,0.799773,2.847371,0,89.337218,0,14.855889,0,60.712909,33.629471,60.486215,49.925563,33.603453,50,27,0,0,0,0,0,0,0,0
2392,60.733067,0,1.899831,0,38.113632,25.052678,0.798844,2.844883,0,88.87121,0,14.909865,0,60.732829,33.78561,60.849659,50.026387,33.805366,50,27,0,0,0,0,0,0,0,0
2393,60.559008,0,1.903551,0,38.020516,25.073507,0.798942,2.840326,0,89.250483,0,14.835815,0,60.404576,33.891739,60.73797,49.995386,33.743317,50,27,0,0,0,0,0,0,0,0
2394,60.810604,0,1.905029,0,38.029739,25.0197,0.800501,2.842676,0,89.447097,0,14.871306,0,60.657001,33.843192,60.867154,50.031115,33.815086,50,27,0,0,0,0,0,0,0,0
2395,60.557452,0,1.904577,0,37.952967,24.952342,0.805652,2.847792,0,89.243756,0,14.857225,0,60.916728,33.664624,60.73708,49.995008,33.742822,50,27,0,0,0,0,0,0,0,0
2396,60.634996,0,1.902998,0,38.176234,25.054853,0.800555,2.845098,0,89.362137,0,14.877166,0,60.535662,33.796986,60.646443,49.969981,33.692468,50,27,0,0,0,0,0,0,0,0
2397,60.589275,0,1.887598,0,38.185627,24.978531,0.80015,2.847644,0,89.326468,0,14.804086,0,60.404948,33.936656,60.803422,50.013519,33.779679,50,27,0,0,0,0,0,0,0,0
2398,60.63071,0,1.900277,0,38.064575,24.925338,0.801012,2.84845,0,89.609447,0,14.92216,0,60.565786,33.920699,60.905694,50.041719,33.836497,50,27,0,0,0,0,0,0,0,0
2399,60.426272,0,1.896986,0,38.050368,24.933379,0.801465,2.852892,0,88.954258,0,14.819884,0,60.710885,33.580236,60.311386,49.877247,33.506325,50,27,0,0,0,0,0,0,0,0
2400,60.852057,0,1.892213,0,37.844853,25.017986,0.800979,2.846456,0,88.991711,0,14.836954,0,60.849305,33.795463,60.928769,50.0485,33.849316,50,27,0,0,0,0,0,0,0,0
2401,60.715346,0,1.908537,0,37.87655,24.984071,0.801591,2.842106,0,89.350425,0,14.862127,0,60.709785,33.741644,60.670759,49.976946,33.705977,50,27,0,0,0,0,0,0,0,0
2402,60.775506,0,1.905511,0,37.965467,25.225,0.799017,2.846001,0,88.386544,0,14.938569,0,60.79142,33.690664,60.647297,49.970576,33.692943,50,27,0,0,0,0,0,0,0,0
2403,60.850426,0,1.897803,0,37.891639,25.085563,0.802072,2.849463,0,89.142842,0,14.88798,0,60.980507,33.620836,60.698097,49.984763,33.721165,50,27,0,0,0,0,0,0,0,0
2404,60.697208,0,1.90586,0,38.134275,25.090501,0.801901,2.851967,0,89.501129,0,14.855202,0,61.138278,33.657094,60.950002,50.054464,33.861112,50,27,0,0,0,0,0,0,0,0
2405,60.885214,0,1.903268,0,38.07722,24.834625,0.800593,2.845604,0,89.090686,0,14.835558,0,60.555806,33.729586,60.532208,49.938717,33.629005,50,27,0,0,0,0,0,0,0,0
2406,60.681284,0,1.901172,0,38.018185,25.010647,0.800861,2.850067,0,88.841493,0,14.813845,0,60.55039,34.006952,61.113337,50.099644,33.951854,50,27,0,0,0,0,0,0,0,0
2407,60.561177,0,1.905313,0,37.992665,25.172144,0.806181,2.843838,0,89.180713,0,14.864942,0,60.672727,33.7958,60.755092,50.00013,33.752829,50,27,0,0,0,0,0,0,0,0
2408,60.652291,0,1.905275,0,38.00028,25.179294,0.796886,2.860477,0,89.25322,0,14.853828,0,60.99342,33.568209,60.59056,49.954654,33.661422,50,27,0,0,0,0,0,0,0,0
2409,60.922556,0,1.893621,0,37.914257,24.999506,0.797433,2.849761,0,89.665174,0,14.901461,0,60.794965,33.772996,60.849258,50.026382,33.805143,50,27,0,0,0,0,0,0,0,0
2410,60.945411,0,1.89742,0,38.018886,24.825183,0.797956,2.859616,0,89.06771,0,14.827404,0,60.781028,33.730762,60.742839,49.996837,33.746022,50,27,0,0,0,0,0,0,0,0
2411,60.658998,0,1.90003,0,38.020359,24.926905,0.802823,2.836061,0,89.166522,0,14.909617,0,60.730255,33.729592,60.691986,49.982798,33.71777,50,27,0,0,0,0,0,0,0,0
2412,60.626469,0,1.895261,0,37.894469,25.088493,0.796243,2.850334,0,89.035405,0,14.83241,0,60.934792,33.616431,60.660214,49.974102,33.700119,50,27,0,0,0,0,0,0,0,0
2413,60.924317,0,1.90168,0,38.047946,24.952691,0.797725,2.84611,0,88.99409,0,14.923124,0,60.889687,33.668911,60.742972,49.997104,33.746096,50,27,0,0,0,0,0,0,0,0
2414,60.522476,0,1.907514,0,38.003281,24.954777,0.801629,2.85711,0,88.914188,0,14.887462,0,60.673619,33.809204,60.832004,50.021727,33.795558,50,27,0,0,0,0,0,0,0,0
2415,60.676608,0,1.886034,0,38.057339,24.99365,0.802355,2.853298,0,89.384236,0,14.828661,0,60.958105,33.519129,60.494713,49.928393,33.608174,50,27,0,0,0,0,0,0,0,0
2416,60.933144,0,1.892408,0,38.067353,24.929266,0.80206,2.845719,0,88.623116,0,14.88633,0,60.885105,33.68039,60.790836,50.010596,33.772687,50,27,0,0,0,0,0,0,0,0
2417,60.827403,0,1.892238,0,37.882025,25.012541,0.801932,2.84678,0,88.869926,0,14.798135,0,60.818535,33.752792,60.88288,50.035984,33.823822,50,27,0,0,0,0,0,0,0,0
2418,60.759093,0,1.893012,0,38.119797,25.037123,0.798874,2.840472,0,88.86911,0,14.9085,0,60.498123,33.830028,60.721367,49.991164,33.734093,50,27,0,0,0,0,0,0,0,0
2419,60.707066,0,1.903307,0,37.981314,25.107165,0.795957,2.848842,0,88.963645,0,14.899837,0,60.898876,33.605557,60.634673,49.967246,33.685929,50,27,0,0,0,0,0,0,0,0
2420,60.844485,0,1.900962,0,37.964869,25.045224,0.8015,2.848584,0,89.057458,0,14.850268,0,60.432882,33.920259,60.849016,50.026652,33.805009,50,27,0,0,0,0,0,0,0,0
2421,60.714186,0,1.892324,0,37.900978,24.987639,0.798781,2.850481,0,89.152465,0,14.874982,0,60.480859,33.827648,60.675634,49.978597,33.708685,50,27,0,0,0,0,0,0,0,0
2422,61.007979,0,1.893809,0,37.969152,24.828694,0.797655,2.852119,0,89.732557,0,14.853273,0,60.546586,33.727154,60.517208,49.934916,33.620671,50,27,0,0,0,0,0,0,0,0
2423,60.719602,0,1.911954,0,37.997669,25.045907,0.798701,2.850017,0,89.439977,0,14.857616,0,60.967608,33.565558,60.599199,49.957902,33.666222,50,27,0,0,0,0,0,0,0,0
2424,60.676363,0,1.905436,0,37.793304,24.849532,0.800993,2.838249,0,89.238703,0,14.769078,0,60.656264,33.557842,60.294605,49.873922,33.497003,50,27,0,0,0,0,0,0,0,0
2425,60.728703,0,1.908441,0,37.982333,24.982337,0.801758,2.846692,0,89.098543,0,14.864202,0,60.601179,33.738323,60.642827,49.970797,33.690459,50,27,0,0,0,0,0,0,0,0
2426,60.858276,0,1.905504,0,38.187956,24.943415,0.800542,2.864475,0,89.111233,0,14.825859,0,60.368786,34.112321,61.196733,50.124039,33.998185,50,27,0,0,0,0,0,0,0,0
2427,61.037295,0,1.909186,0,37.962628,25.098234,0.798305,2.840008,0,88.819647,0,14.830529,0,60.678438,33.823179,60.844728,50.02613,33.802627,50,27,0,0,0,0,0,0,0,0
2428,60.907854,0,1.892052,0,37.760722,25.011154,0.800774,2.845798,0,89.005352,0,14.853033,0,60.950701,33.462721,60.346257,49.888224,33.525698,50,27,0,0,0,0,0,0,0,0
2429,60.568725,0,1.897169,0,38.061404,24.960034,0.800106,2.871689,0,89.031879,0,14.864793,0,61.005617,33.692029,60.922647,50.048092,33.845915,50,27,0,0,0,0,0,0,0,0
2430,60.507462,0,1.896429,0,37.773168,25.043285,0.792912,2.853518,0,89.004574,0,14.834932,0,60.595164,33.687129,60.507044,49.932982,33.615024,50,27,0,0,0,0,0,0,0,0
2431,60.742908,0,1.913482,0,37.939504,24.929739,0.80082,2.870334,0,89.445051,0,14.834072,0,60.873559,33.677127,60.769849,50.005954,33.761027,50,27,0,0,0,0,0,0,0,0
2432,60.788584,0,1.908252,0,38.032275,24.978973,0.804047,2.857572,0,88.859402,0,14.779888,0,60.491594,33.917953,60.902358,50.042549,33.834643,50,27,0,0,0,0,0,0,0,0
2433,60.782082,0,1.896341,0,38.067734,25.028669,0.798942,2.841617,0,89.154931,0,14.79499,0,60.511259,33.900995,60.86058,50.03079,33.811434,50,27,0,0,0,0,0,0,0,0
2434,60.65104,0,1.896982,0,38.019189,25.04067,0.799311,2.845052,0,88.655515,0,14.829171,0,60.435097,33.976481,60.921813,50.047561,33.845452,50,27,0,0,0,0,0,0,0,0
2435,60.306211,0,1.908202,0,37.838759,24.956182,0.798562,2.837748,0,89.358569,0,14.864534,0,60.673334,33.830602,60.821916,50.019714,33.789953,50,27,0,0,0,0,0,0,0,0
2436,60.620816,0,1.903655,0,38.158292,25.029966,0.797134,2.850007,0,89.413304,0,14.893461,0,60.717836,33.716944,60.617386,49.963084,33.676325,50,27,0,0,0,0,0,0,0,0
2437,60.957363,0,1.906318,0,38.107373,25.003156,0.799494,2.856881,0,88.899012,0,14.867931,0,60.736572,33.814038,60.847208,50.02679,33.804004,50,27,0,0,0,0,0,0,0,0
2438,60.918995,0,1.906285,0,38.079813,25.026228,0.802636,2.838754,0,89.337301,0,14.900142,0,60.831707,33.821514,60.951196,50.055398,33.861776,50,27,0,0,0,0,0,0,0,0
2439,61.014751,0,1.895982,0,38.156501,24.913315,0.802238,2.855942,0,88.867622,0,14.894285,0,60.954895,33.675069,60.75801,50.001727,33.75445,50,27,0,0,0,0,0,0,0,0
2440,60.57006,0,1.906285,0,37.965722,24.923072,0.801289,2.848373,0,89.231344,0,14.978615,0,60.882534,33.474219,60.274285,49.868019,33.485714,50,27,0,0,0,0,0,0,0,0
2441,60.768299,0,1.902584,0,37.950634,24.923267,0.799652,2.840476,0,89.373379,0,14.919218,0,60.803477,33.796543,60.913146,50.045254,33.840636,50,27,0,0,0,0,0,0,0,0
2442,60.814269,0,1.905662,0,38.198736,24.986761,0.800214,2.849725,0,89.275847,0,14.916048,0,60.832326,33.810749,60.965108,50.059391,33.869504,50,27,0,0,0,0,0,0,0,0
2443,60.907543,0,1.895712,0,38.143338,24.994028,0.803305,2.859974,0,89.391181,0,14.834,0,60.68359,33.698586,60.571479,49.950298,33.650821,50,27,0,0,0,0,0,0,0,0
2444,61.11463,0,1.9028,0,38.073871,25.021306,0.798355,2.858235,0,89.343783,0,14.79495,0,60.60937,33.724136,60.558161,49.946864,33.643423,50,27,0,0,0,0,0,0,0,0
2445,60.886249,0,1.902492,0,37.841805,24.997926,0.803008,2.849105,0,89.108245,0,14.860914,0,60.674352,33.857095,60.906803,50.043492,33.837113,50,27,0,0,0,0,0,0,0,0
2446,60.525066,0,1.891881,0,38.093687,24.997895,0.803304,2.848643,0,88.89804,0,14.799467,0,60.889996,33.684552,60.743961,49.998266,33.746645,50,27,0,0,0,0,0,0,0,0
2447,60.770198,0,1.890616,0,38.221309,25.102241,0.801168,2.832153,0,88.704452,0,14.836649,0,60.695847,33.824676,60.854512,50.028831,33.808062,50,27,0,0,0,0,0,0,0,0
2448,60.571959,0,1.898546,0,38.019783,25.039953,0.799633,2.842204,0,89.057419,0,14.904606,0,60.554369,33.766689,60.580802,49.953035,33.656001,50,27,0,0,0,0,0,0,0,0
2449,60.995522,0,1.910731,0,38.07865,25.109003,0.796282,2.845736,0,89.314654,0,14.782114,0,60.77406,33.919992,61.122213,50.102913,33.956785,50,27,0,0,0,0,0,0,0,0
2450,60.916585,0,1.902789,0,37.811842,25.115298,0.800394,2.855706,0,89.245235,0,14.806628,0,60.749233,33.789583,60.800545,50.013493,33.778081,50,27,0,0,0,0,0,0,0,0
2451,60.83871,0,1.905491,0,38.031865,24.908598,0.797794,2.837792,0,89.550829,0,14.769092,0,61.039047,33.689423,60.875878,50.034248,33.819932,50,27,0,0,0,0,0,0,0,0
2452,60.704437,0,1.900649,0,38.039495,24.910369,0.799637,2.851642,0,89.403928,0,14.815594,0,61.056983,33.623368,60.764676,50.003341,33.758153,50,27,0,0,0,0,0,0,0,0
2453,60.752382,0,1.897911,0,38.055064,25.001577,0.798493,2.84927,0,88.762624,0,14.907543,0,60.816884,33.750377,60.810757,50.016061,33.783754,50,27,0,0,0,0,0,0,0,0
2454,60.33564,0,1.888945,0,37.782553,25.117191,0.800005,2.832302,0,88.839961,0,14.885467,0,61.027436,33.643499,60.796248,50.011971,33.775693,50,27,0,0,0,0,0,0,0,0
2455,60.906377,0,1.899558,0,38.120106,24.883699,0.79902,2.861449,0,88.876229,0,14.856842,0,60.792246,33.804514,60.915145,50.044774,33.841747,50,27,0,0,0,0,0,0,0,0
2456,60.912142,0,1.912092,0,37.950669,25.032571,0.799153,2.848168,0,89.362646,0,14.805001,0,60.383536,33.83046,60.553486,49.94459,33.640826,50,27,0,0,0,0,0,0,0,0
2457,60.532747,0,1.905209,0,37.948004,25.009854,0.801545,2.858465,0,89.323235,0,14.773768,0,60.564385,33.794556,60.647977,49.970983,33.693321,50,27,0,0,0,0,0,0,0,0
2458,60.677431,0,1.908316,0,38.342,25.074454,0.804289,2.856208,0,89.16662,0,14.870611,0,60.27768,33.904567,60.588103,49.954579,33.660057,50,27,0,0,0,0,0,0,0,0
2459,60.720704,0,1.900066,0,38.213939,25.079631,0.799883,2.85879,0,89.578485,0,14.98226,0,60.875301,33.606522,60.537634,49.940855,33.632019,50,27,0,0,0,0,0,0,0,0
2460,60.66961,0,1.901076,0,38.084682,24.957854,0.799363,2.841367,0,89.564487,0,14.799629,0,60.696437,33.801746,60.791675,50.011365,33.773153,50,27,0,0,0,0,0,0,0,0
2461,60.969874,0,1.902697,0,38.309757,25.017169,0.800706,2.850203,0,89.004342,0,14.845864,0,60.404497,33.925648,60.755138,50.00121,33.752854,50,27,0,0,0,0,0,0,0,0
2462,61.113099,0,1.898762,0,38.012443,25.025162,0.801957,2.851679,0,88.803947,0,14.877035,0,60.694565,33.62406,60.387128,49.899488,33.548405,50,27,0,0,0,0,0,0,0,0
2463,60.872862,0,1.905371,0,38.0619,24.973532,0.798303,2.843396,0,89.204258,0,14.849539,0,60.951709,33.545044,60.496812,49.930304,33.60934,50,27,0,0,0,0,0,0,0,0
2464,60.952539,0,1.908976,0,37.777503,24.927844,0.801271,2.854529,0,89.232724,0,14.882994,0,61.00944,33.610765,60.721605,49.992782,33.734225,50,27,0,0,0,0,0,0,0,0
2465,60.942894,0,1.898931,0,38.122129,25.088378,0.804288,2.846793,0,88.572524,0,14.848156,0,60.853502,33.655979,60.67903,49.981051,33.710572,50,27,0,0,0,0,0,0,0,0
2466,60.733999,0,1.90263,0,38.037183,25.116943,0.806274,2.855302,0,89.268294,0,14.816113,0,61.023553,33.611646,60.76647,50.005313,33.75915,50,27,0,0,0,0,0,0,0,0
2467,60.838437,0,1.899101,0,37.906055,24.92211,0.80119,2.856988,0,89.095979,0,14.903522,0,60.618014,33.798918,60.772025,50.006822,33.762236,50,27,0,0,0,0,0,0,0,0
2468,60.836773,0,1.899442,0,38.016192,24.950015,0.797357,2.853256,0,89.192271,0,14.863323,0,60.621299,33.671056,60.495976,49.930489,33.608876,50,27,0,0,0,0,0,0,0,0
2469,60.720449,0,1.891694,0,38.047216,24.775,0.795563,2.852127,0,89.316905,0,14.835833,0,60.941296,33.600939,60.675902,49.980566,33.708834,50,27,0,0,0,0,0,0,0,0
2470,60.790612,0,1.89837,0,37.697667,25.066904,0.799076,2.866555,0,89.117544,0,14.848299,0,60.652908,33.784624,60.791562,50.012631,33.77309,50,27,0,0,0,0,0,0,0,0
2471,60.466332,0,1.899743,0,37.984679,24.854998,0.797347,2.835698,0,88.953854,0,14.865922,0,60.935324,33.730797,60.951771,50.056849,33.862095,50,27,0,0,0,0,0,0,0,0
2472,60.433327,0,1.902685,0,37.939306,25.042698,0.797319,2.84596,0,89.148382,0,14.869673,0,60.634628,33.672906,60.527934,49.939419,33.62663,50,27,0,0,0,0,0,0,0,0
2473,60.495429,0,1.894982,0,38.075876,25.137109,0.798228,2.837593,0,89.311068,0,14.743925,0,60.709315,33.884543,61.05571,50.085596,33.919839,50,27,0,0,0,0,0,0,0,0
2474,60.520164,0,1.898876,0,38.086608,24.970293,0.797177,2.845225,0,88.911607,0,14.879599,0,60.53265,33.805553,60.690776,49.984304,33.717098,50,27,0,0,0,0,0,0,0,0
2475,60.689431,0,1.898023,0,38.178201,24.835809,0.80071,2.836223,0,88.992272,0,14.810365,0,60.579246,33.754034,60.618817,49.964492,33.677121,50,27,0,0,0,0,0,0,0,0
2476,60.914013,0,1.910359,0,37.905422,25.100292,0.794165,2.847329,0,89.052509,0,14.876718,0,60.694542,33.73483,60.691132,49.984657,33.717295,50,27,0,0,0,0,0,0,0,0
2477,60.68314,0,1.900953,0,37.97818,25.013466,0.804897,2.83723,0,88.985319,0,14.823886,0,60.797428,33.665661,60.648328,49.972902,33.693516,50,27,0,0,0,0,0,0,0,0
2478,60.417112,0,1.909021,0,37.990836,25.096202,0.799935,2.844033,0,89.1117,0,14.871859,0,60.878075,33.817255,61.058062,50.086286,33.921145,50,27,0,0,0,0,0,0,0,0
2479,60.516353,0,1.897502,0,38.054609,25.017472,0.801998,2.859692,0,88.623257,0,14.799847,0,60.797949,33.797291,60.924574,50.048961,33.846986,50,27,0,0,0,0,0,0,0,0
2480,60.668901,0,1.896365,0,38.07246,24.870164,0.79675,2.863223,0,89.204515,0,14.8047,0,60.814828,33.520483,60.349648,49.88981,33.527582,50,27,0,0,0,0,0,0,0,0
2481,60.529252,0,1.90665,0,38.033872,25.105438,0.802103,2.843759,0,89.239817,0,14.887299,0,61.003756,33.63374,60.80655,50.016644,33.781417,50,27,0,0,0,0,0,0,0,0
2482,61.191719,0,1.895954,0,38.046474,25.128986,0.799317,2.853637,0,88.968613,0,14.845531,0,60.83483,33.683931,60.755821,50.00254,33.753234,50,27,0,0,0,0,0,0,0,0
2483,60.912168,0,1.899631,0,37.992478,25.049518,0.800411,2.853249,0,89.273061,0,14.894842,0,60.541648,33.941437,61.010755,50.07299,33.894864,50,27,0,0,0,0,0,0,0,0
2484,60.538847,0,1.910112,0,37.963827,24.91657,0.796738,2.844367,0,88.713983,0,14.950506,0,60.411033,33.87196,60.704269,49.987916,33.724594,50,27,0,0,0,0,0,0,0,0
2485,60.871305,0,1.902904,0,37.900407,24.952958,0.802565,2.861619,0,89.030786,0,14.881403,0,60.785141,33.700694,60.698785,49.98646,33.721547,50,27,0,0,0,0,0,0,0,0
2486,60.716142,0,1.906093,0,37.958353,25.026307,0.800984,2.847249,0,89.207021,0,14.845118,0,60.782904,33.787567,60.885193,50.03805,33.825107,50,27,0,0,0,0,0,0,0,0
2487,60.761131,0,1.895138,0,37.967822,25.030206,0.801437,2.851289,0,88.946029,0,14.899209,0,61.090939,33.689168,60.979274,50.063864,33.877374,50,27,0,0,0,0,0,0,0,0
2488,60.656052,0,1.895616,0,38.093232,24.929048,0.795217,2.835488,0,89.198801,0,14.877791,0,60.941136,33.497919,60.433034,49.912568,33.573908,50,27,0,0,0,0,0,0,0,0
2489,60.703036,0,1.906991,0,37.781274,24.899132,0.800959,2.852425,0,89.31083,0,14.913521,0,60.738158,33.543877,60.358755,49.892472,33.532641,50,27,0,0,0,0,0,0,0,0
2490,60.949986,0,1.904888,0,38.176592,24.974405,0.801297,2.858726,0,88.681303,0,14.89268,0,60.581236,33.812974,60.793172,50.013078,33.773985,50,27,0,0,0,0,0,0,0,0
2491,61.271704,0,1.899089,0,38.075983,24.920709,0.799797,2.850996,0,89.305442,0,14.814338,0,60.583214,33.769119,60.689398,49.984331,33.716332,50,27,0,0,0,0,0,0,0,0
2492,60.746988,0,1.90605,0,37.893645,25.028015,0.799738,2.846801,0,88.660166,0,14.815412,0,60.709728,33.813341,60.902556,50.043325,33.834753,50,27,0,0,0,0,0,0,0,0
2493,60.74264,0,1.904951,0,38.020639,25.129243,0.800409,2.849378,0,89.355702,0,14.815579,0,60.845336,33.778255,60.952102,50.056803,33.862279,50,27,0,0,0,0,0,0,0,0
2494,60.84001,0,1.899933,0,37.966693,25.059776,0.797817,2.852089,0,89.282542,0,14.873031,0,60.567176,33.910293,60.945787,50.054775,33.858771,50,27,0,0,0,0,0,0,0,0
2495,60.803791,0,1.901705,0,37.894567,25.072014,0.79973,2.85447,0,89.373197,0,14.867821,0,60.591783,33.787196,60.687073,49.982995,33.715041,50,27,0,0,0,0,0,0,0,0
2496,60.547764,0,1.89774,0,37.832705,24.963837,0.795988,2.846438,0,89.262145,0,14.805753,0,60.465713,33.920207,60.835618,50.024137,33.797565,50,27,0,0,0,0,0,0,0,0
2497,60.657866,0,1.903292,0,38.054199,25.053923,0.800173,2.851906,0,89.148512,0,14.863341,0,60.859,33.546768,60.418063,49.908607,33.565591,50,27,0,0,0,0,0,0,0,0
2498,60.816628,0,1.906799,0,38.150854,24.996475,0.799526,2.848981,0,89.401825,0,14.819634,0,60.850923,33.677164,60.712598,49.99047,33.729221,50,27,0,0,0,0,0,0,0,0
2499,60.671383,0,1.907505,0,37.96243,25.03579,0.799077,2.837125,0,88.585785,0,14.853327,0,60.864375,33.691251,60.764411,50.004838,33.758006,50,27,0,0,0,0,0,0,0,0
2500,60.668791,0,1.897273,0,38.127072,24.970104,0.796766,2.854924,0,89.080798,0,14.856189,0,60.573058,33.752615,60.608782,49.961798,33.671545,50,27,0,0,0,0,0,0,0,0
2501,60.637374,0,1.911109,0,38.071523,24.945128,0.802582,2.840783,0,88.966739,0,14.821917,0,60.492305,33.907099,60.851659,50.029119,33.806477,50,27,0,0,0,0,0,0,0,0
2502,60.700488,0,1.899184,0,37.872958,24.907352,0.801879,2.852392,0,88.975608,0,14.845227,0,60.650024,33.824722,60.813154,50.018331,33.785086,50,27,0,0,0,0,0,0,0,0
2503,60.344301,0,1.894644,0,38.100964,25.064149,0.803799,2.848728,0,89.101076,0,14.792406,0,60.797859,33.732758,60.756809,50.002667,33.753783,50,27,0,0,0,0,0,0,0,0
2504,60.752896,0,1.900484,0,37.950996,24.921603,0.801219,2.859475,0,88.873155,0,14.824296,0,61.162731,33.582554,60.807408,50.016639,33.781893,50,27,0,0,0,0,0,0,0,0
2505,60.787239,0,1.88685,0,37.888924,25.093605,0.799754,2.859161,0,89.462227,0,14.785074,0,60.895824,33.679063,60.766282,50.005189,33.759046,50,27,0,0,0,0,0,0,0,0
2506,60.583109,0,1.902317,0,37.961698,25.037303,0.793551,2.854375,0,88.786424,0,14.925026,0,60.633316,33.822605,60.814656,50.018533,33.78592,50,27,0,0,0,0,0,0,0,0
2507,60.7167,0,1.908505,0,37.938992,25.008904,0.805204,2.860446,0,89.116728,0,14.852948,0,60.68319,33.798479,60.802306,50.015028,33.779059,50,27,0,0,0,0,0,0,0,0
2508,60.448377,0,1.899075,0,37.994582,24.832994,0.799847,2.84689,0,88.59503,0,14.836903,0,60.784205,33.719547,60.729377,49.994796,33.738543,50,27,0,0,0,0,0,0,0,0
2509,60.589579,0,1.901459,0,37.992283,25.033252,0.801142,2.840113,0,89.48639,0,14.918813,0,60.376198,33.855598,60.611781,49.962318,33.673212,50,27,0,0,0,0,0,0,0,0
2510,60.953423,0,1.893379,0,37.872518,24.915776,0.800689,2.848227,0,88.864677,0,14.839814,0,60.726932,33.795274,60.820545,50.020208,33.789192,50,27,0,0,0,0,0,0,0,0
2511,60.536807,0,1.89883,0,38.107115,25.08537,0.802199,2.843153,0,88.857713,0,14.90016,0,60.992764,33.772973,61.033485,50.078963,33.907492,50,27,0,0,0,0,0,0,0,0
2512,60.961897,0,1.894196,0,38.162002,24.939921,0.804246,2.848326,0,89.474871,0,14.835423,0,61.007606,33.673235,60.835395,50.023819,33.797442,50,27,0,0,0,0,0,0,0,0
2513,60.764689,0,1.902623,0,38.028236,24.91818,0.801537,2.835843,0,89.51369,0,14.811002,0,60.483764,33.825917,60.644382,49.970905,33.691323,50,27,0,0,0,0,0,0,0,0
2514,61.011322,0,1.903338,0,37.891706,24.992227,0.801456,2.859383,0,89.577376,0,14.993156,0,61.283993,33.520597,60.790539,50.011447,33.772522,50,27,0,0,0,0,0,0,0,0
2515,60.678864,0,1.906442,0,38.155457,24.940278,0.801944,2.844769,0,89.088194,0,14.807686,0,60.63397,33.750318,60.655924,49.974183,33.697735,50,27,0,0,0,0,0,0,0,0
2516,60.72592,0,1.903073,0,37.873917,25.062382,0.800944,2.844829,0,89.326851,0,14.830131,0,60.672212,33.749413,60.690884,49.983974,33.717158,50,27,0,0,0,0,0,0,0,0
2517,60.863076,0,1.899504,0,38.123206,25.062052,0.801164,2.858113,0,89.159105,0,14.891947,0,60.806075,33.610423,60.530398,49.939696,33.627999,50,27,0,0,0,0,0,0,0,0
2518,60.714641,0,1.907281,0,37.9131,25.059155,0.796759,2.853959,0,88.865678,0,14.910272,0,60.63243,33.837663,60.853318,50.02925,33.807399,50,27,0,0,0,0,0,0,0,0
2519,60.965432,0,1.885425,0,37.976404,24.955259,0.80222,2.85229,0,89.487612,0,14.872537,0,60.57466,33.889866,60.891858,50.039757,33.82881,50,27,0,0,0,0,0,0,0,0
2520,60.843735,0,1.910258,0,37.903489,25.012215,0.795089,2.851741,0,89.087546,0,14.888871,0,60.666757,33.755875,60.681492,49.981415,33.71194,50,27,0,0,0,0,0,0,0,0
2521,61.157694,0,1.90432,0,38.168752,24.972602,0.802086,2.862672,0,88.61399,0,14.877206,0,60.774056,33.790325,60.860538,50.030995,33.81141,50,27,0,0,0,0,0,0,0,0
2522,60.660177,0,1.907622,0,38.01633,25.072325,0.804357,2.86486,0,88.928928,0,14.807763,0,60.642508,33.827693,60.802407,50.014773,33.779115,50,27,0,0,0,0,0,0,0,0
2523,60.714333,0,1.907019,0,37.927093,25.02959,0.79457,2.843207,0,89.395485,0,14.891363,0,60.69557,33.862138,60.918133,50.046686,33.843407,50,27,0,0,0,0,0,0,0,0
2524,60.670434,0,1.885195,0,38.216306,24.863801,0.800345,2.837941,0,89.470312,0,14.869336,0,60.848252,33.794929,60.915137,50.045626,33.841743,50,27,0,0,0,0,0,0,0,0
2525,60.870512,0,1.908818,0,37.929998,24.895385,0.799171,2.855435,0,89.28495,0,14.931781,0,60.739703,33.84573,60.909565,50.043859,33.838647,50,27,0,0,0,0,0,0,0,0
2526,60.720536,0,1.902418,0,38.055115,24.864373,0.798275,2.847015,0,88.965797,0,14.835908,0,60.626567,33.83,60.752633,50.000265,33.751463,50,27,0,0,0,0,0,0,0,0
2527,60.970939,0,1.890251,0,37.987524,24.964758,0.803032,2.844749,0,89.033381,0,14.857662,0,60.685021,33.830239,60.803711,50.014382,33.77984,50,27,0,0,0,0,0,0,0,0
2528,60.945857,0,1.906708,0,37.814761,24.977444,0.799791,2.860033,0,89.620661,0,14.866348,0,60.754861,33.809807,60.823034,50.019651,33.790574,50,27,0,0,0,0,0,0,0,0
2529,60.651967,0,1.900264,0,37.95784,25.000707,0.800692,2.850077,0,89.602258,0,14.879122,0,60.719608,33.796867,60.756225,50.001087,33.753458,50,27,0,0,0,0,0,0,0,0
2530,60.498668,0,1.897492,0,37.960422,25.030649,0.799296,2.853354,0,89.202259,0,14.8284,0,60.795547,33.717872,60.663247,49.975383,33.701804,50,27,0,0,0,0,0,0,0,0
2531,60.229998,0,1.89129,0,37.816807,24.921897,0.800688,2.848632,0,89.082946,0,14.878108,0,60.861046,33.880423,61.079894,50.090665,33.933275,50,27,0,0,0,0,0,0,0,0
2532,60.725797,0,1.896747,0,38.132287,24.84346,0.800704,2.855665,0,89.089516,0,14.889271,0,60.70411,33.705243,60.539761,49.940923,33.6332,50,27,0,0,0,0,0,0,0,0
2533,60.685702,0,1.898927,0,37.966942,24.858509,0.800061,2.851782,0,89.01842,0,14.833493,0,60.578765,33.914648,60.8664,50.031499,33.814667,50,27,0,0,0,0,0,0,0,0
2534,61.296747,0,1.903223,0,38.038581,24.882422,0.800254,2.858825,0,89.272022,0,14.916052,0,60.883369,33.705552,60.711966,49.988657,33.72887,50,27,0,0,0,0,0,0,0,0
2535,61.074056,0,1.899219,0,38.052059,25.000617,0.803498,2.846174,0,88.957139,0,14.902301,0,60.637735,33.758055,60.587793,49.954393,33.659885,50,27,0,0,0,0,0,0,0,0
2536,61.176179,0,1.906181,0,38.178362,25.127917,0.795408,2.839805,0,89.371542,0,14.866356,0,61.036441,33.592523,60.640453,49.969175,33.68914,50,27,0,0,0,0,0,0,0,0
2537,60.648406,0,1.902816,0,38.065757,25.026219,0.801158,2.859314,0,89.233676,0,14.935511,0,60.784882,33.80945,60.871222,50.033112,33.817346,50,27,0,0,0,0,0,0,0,0
2538,61.160088,0,1.899922,0,38.118238,25.018828,0.794562,2.855829,0,88.968507,0,14.856748,0,60.719545,33.86447,60.916547,50.045475,33.842526,50,27,0,0,0,0,0,0,0,0
2539,60.935181,0,1.898495,0,37.966628,25.005548,0.802154,2.848577,0,89.437566,0,14.810523,0,60.714116,33.855604,60.880103,50.035175,33.822279,50,27,0,0,0,0,0,0,0,0
2540,60.672663,0,1.905932,0,38.07169,24.967284,0.799838,2.849121,0,89.13285,0,14.932085,0,61.249657,33.426662,60.500471,49.930072,33.611373,50,27,0,0,0,0,0,0,0,0
2541,60.908081,0,1.903122,0,38.305418,25.061307,0.798093,2.841872,0,89.071455,0,14.886162,0,60.952804,33.599016,60.614002,49.961799,33.674445,50,27,0,0,0,0,0,0,0,0
2542,60.847585,0,1.904692,0,38.063618,24.985561,0.800004,2.837133,0,89.470037,0,14.867798,0,60.624529,33.849368,60.834987,50.023069,33.797215,50,27,0,0,0,0,0,0,0,0
2543,60.737035,0,1.896015,0,37.833103,25.108238,0.802844,2.84005,0,88.767148,0,14.842643,0,60.793198,33.680807,60.634945,49.967663,33.68608,50,27,0,0,0,0,0,0,0,0
2544,60.627003,0,1.897971,0,37.765605,25.072772,0.801515,2.855291,0,89.08149,0,14.887938,0,60.815974,33.682911,60.672049,49.978079,33.706694,50,27,0,0,0,0,0,0,0,0
2545,60.770876,0,1.901951,0,37.949413,24.967608,0.802605,2.854012,0,88.97888,0,14.857344,0,60.92681,33.735435,60.902674,50.041932,33.834819,50,27,0,0,0,0,0,0,0,0
2546,60.496481,0,1.898979,0,37.955583,24.96277,0.798253,2.852224,0,89.407539,0,14.833159,0,60.527081,33.692491,60.413868,49.906619,33.56326,50,27,0,0,0,0,0,0,0,0
2547,60.881445,0,1.896843,0,37.911236,24.958821,0.800219,2.856597,0,89.148956,0,14.790849,0,60.641118,34.011946,61.208831,50.126809,34.004906,50,27,0,0,0,0,0,0,0,0
2548,60.837229,0,1.902438,0,37.973004,25.076432,0.802098,2.847126,0,88.649921,0,14.83897,0,60.59171,33.966502,61.028082,50.07622,33.90449,50,27,0,0,0,0,0,0,0,0
2549,60.390339,0,1.904434,0,38.278292,25.018236,0.799812,2.861769,0,88.856159,0,14.87017,0,60.507679,33.924312,60.827784,50.020479,33.793213,50,27,0,0,0,0,0,0,0,0
2550,60.89315,0,1.899766,0,37.996991,24.79526,0.798457,2.853549,0,89.270639,0,14.838785,0,60.67606,33.822854,60.762146,50.002235,33.756748,50,27,0,0,0,0,0,0,0,0
2551,60.653249,0,1.898627,0,37.87606,24.882845,0.800611,2.827271,0,88.97036,0,14.916893,0,60.960839,33.701489,60.78554,50.00869,33.769744,50,27,0,0,0,0,0,0,0,0
2552,60.816823,0,1.901373,0,38.026659,25.02268,0.800335,2.846482,0,89.391973,0,14.904673,0,61.034892,33.768225,61.011322,50.071052,33.895179,50,27,0,0,0,0,0,0,0,0
2553,60.534954,0,1.892836,0,38.101603,25.126431,0.805041,2.841834,0,89.702825,0,14.974591,0,60.940577,33.763253,60.90799,50.042137,33.837772,50,27,0,0,0,0,0,0,0,0
2554,60.82172,0,1.906513,0,38.025842,25.050378,0.798337,2.857139,0,89.484135,0,14.910308,0,60.949446,33.655248,60.691072,49.981973,33.717262,50,27,0,0,0,0,0,0,0,0
2555,60.504464,0,1.906459,0,38.245843,24.990478,0.797705,2.844437,0,88.968259,0,14.903769,0,60.719879,33.876288,60.943911,50.051946,33.857728,50,27,0,0,0,0,0,0,0,0
2556,60.889134,0,1.904515,0,38.152726,24.845571,0.798291,2.856256,0,89.518831,0,14.805152,0,60.95535,33.61629,60.616946,49.961316,33.676081,50,27,0,0,0,0,0,0,0,0
2557,60.847229,0,1.900706,0,38.173667,25.092746,0.801868,2.852927,0,89.078406,0,14.808565,0,60.903534,33.683402,60.727844,49.99216,33.737691,50,27,0,0,0,0,0,0,0,0
2558,60.845786,0,1.895706,0,37.973082,25.045238,0.796061,2.847353,0,89.048685,0,14.849863,0,60.834905,33.646377,60.592098,49.954679,33.662277,50,27,0,0,0,0,0,0,0,0
2559,61.059726,0,1.896374,0,37.961068,24.945189,0.801925,2.855932,0,88.658522,0,14.942561,0,60.747357,33.886826,61.026922,50.075088,33.903846,50,27,0,0,0,0,0,0,0,0
2560,60.601354,0,1.903256,0,37.789474,25.105923,0.796229,2.835127,0,88.885938,0,14.899084,0,60.753767,33.74441,60.715449,49.988625,33.730805,50,27,0,0,0,0,0,0,0,0
2561,61.140465,0,1.884385,0,37.835332,25.024036,0.799544,2.836125,0,88.959994,0,14.860407,0,60.928896,33.646999,60.687498,49.980956,33.715277,50,27,0,0,0,0,0,0,0,0
2562,60.462597,0,1.907769,0,38.121633,25.06807,0.802647,2.851939,0,88.878838,0,14.865583,0,60.599911,33.919201,60.947776,50.052991,33.859876,50,27,0,0,0,0,0,0,0,0
2563,60.366364,0,1.906303,0,37.827636,25.031521,0.802762,2.84096,0,89.284071,0,14.840923,0,60.609798,33.799034,60.682444,49.97939,33.712469,50,27,0,0,0,0,0,0,0,0
2564,61.033122,0,1.910526,0,37.917425,24.996088,0.796698,2.850718,0,88.686941,0,14.839316,0,60.623965,33.858253,60.816986,50.01668,33.787214,50,27,0,0,0,0,0,0,0,0
2565,60.689055,0,1.895235,0,37.957736,24.882981,0.795825,2.866221,0,88.910542,0,14.82419,0,60.927749,33.605816,60.576222,49.950051,33.653457,50,27,0,0,0,0,0,0,0,0
2566,60.711345,0,1.898175,0,38.183028,25.101196,0.798429,2.843251,0,89.100238,0,14.834383,0,60.831521,33.56007,60.405469,49.903104,33.558594,50,27,0,0,0,0,0,0,0,0
2567,60.317481,0,1.900822,0,37.682719,24.980794,0.799717,2.844198,0,89.186938,0,14.8671,0,60.859316,33.855677,61.083438,50.090974,33.935244,50,27,0,0,0,0,0,0,0,0
2568,60.551581,0,1.896883,0,38.041016,24.918403,0.798856,2.84165,0,89.675019,0,14.80872,0,60.94439,33.564395,60.540082,49.940339,33.633379,50,27,0,0,0,0,0,0,0,0
2569,60.683277,0,1.888216,0,37.913207,25.041578,0.803046,2.849325,0,89.338664,0,14.822003,0,60.384121,33.880879,60.672666,49.977282,33.707037,50,27,0,0,0,0,0,0,0,0
2570,60.629405,0,1.902448,0,37.870202,24.868214,0.803419,2.853533,0,89.321837,0,14.869781,0,60.550732,33.783377,60.615574,49.961615,33.675319,50,27,0,0,0,0,0,0,0,0
2571,60.701973,0,1.903983,0,38.057745,25.124698,0.801185,2.851722,0,89.540811,0,14.843084,0,60.908294,33.593272,60.568081,49.948679,33.648934,50,27,0,0,0,0,0,0,0,0
2572,60.858696,0,1.891475,0,38.137651,24.895545,0.802341,2.848377,0,89.114357,0,14.867219,0,60.884587,33.619687,60.621356,49.963659,33.678531,50,27,0,0,0,0,0,0,0,0
2573,60.683468,0,1.895329,0,37.931831,24.891404,0.801899,2.841506,0,89.011474,0,14.810805,0,60.74789,33.784419,60.848593,50.026648,33.804774,50,27,0,0,0,0,0,0,0,0
2574,60.564746,0,1.900429,0,38.071811,25.02693,0.798807,2.854498,0,88.980365,0,14.875564,0,60.98342,33.483611,60.443311,49.914497,33.579617,50,27,0,0,0,0,0,0,0,0
2575,60.847188,0,1.89959,0,38.057998,25.108796,0.798564,2.848197,0,89.135911,0,14.891624,0,61.109664,33.58046,60.807603,50.015611,33.782001,50,27,0,0,0,0,0,0,0,0
2576,60.722041,0,1.898513,0,38.019662,25.034164,0.79855,2.842385,0,88.892028,0,14.830143,0,60.929264,33.59152,60.669413,49.977338,33.705229,50,27,0,0,0,0,0,0,0,0
2577,60.871355,0,1.897457,0,38.154188,24.966748,0.799406,2.841955,0,88.593144,0,14.77624,0,60.396514,33.883835,60.769504,50.005116,33.760836,50,27,0,0,0,0,0,0,0,0
2578,60.758468,0,1.906369,0,37.843092,25.000766,0.802717,2.869351,0,88.700976,0,14.826216,0,60.614704,33.907182,61.01363,50.072566,33.896461,50,27,0,0,0,0,0,0,0,0
2579,61.128687,0,1.898347,0,38.139952,25.003019,0.798351,2.853863,0,89.025548,0,14.818255,0,60.88738,33.693963,60.811615,50.016368,33.784231,50,27,0,0,0,0,0,0,0,0
2580,60.575202,0,1.904143,0,37.817669,25.051361,0.795326,2.846836,0,89.170133,0,14.845745,0,60.290491,34.066101,61.00444,50.069583,33.891355,50,27,0,0,0,0,0,0,0,0
2581,60.681655,0,1.900918,0,37.982549,24.983148,0.805033,2.838048,0,89.272364,0,14.874621,0,60.740997,33.90322,61.066746,50.086458,33.92597,50,27,0,0,0,0,0,0,0,0
2582,60.809103,0,1.90194,0,37.965088,24.935553,0.796879,2.8447,0,89.060168,0,14.90891,0,60.915914,33.741591,60.880367,50.034514,33.822426,50,27,0,0,0,0,0,0,0,0
2583,60.581471,0,1.903781,0,38.080916,25.122872,0.80267,2.861514,0,89.207469,0,14.817764,0,60.915305,33.618358,60.622036,49.96294,33.678909,50,27,0,0,0,0,0,0,0,0
2584,60.724584,0,1.902304,0,37.795153,24.932823,0.799982,2.855766,0,89.648242,0,14.854235,0,60.963738,33.479238,60.395343,49.900468,33.552968,50,27,0,0,0,0,0,0,0,0
2585,60.71567,0,1.898532,0,37.964254,24.943997,0.803008,2.846261,0,89.247863,0,14.91603,0,60.720135,33.736608,60.730154,49.993503,33.738974,50,27,0,0,0,0,0,0,0,0
2586,60.693067,0,1.904356,0,38.030652,24.894012,0.803857,2.854352,0,89.306545,0,14.852833,0,60.814192,33.466504,60.253834,49.861883,33.474352,50,27,0,0,0,0,0,0,0,0
2587,60.616654,0,1.899563,0,38.000033,25.017897,0.80394,2.859117,0,89.265031,0,14.88126,0,60.786581,33.759861,60.880045,50.035652,33.822247,50,27,0,0,0,0,0,0,0,0
2588,60.906014,0,1.900414,0,38.073497,24.949206,0.798538,2.867303,0,89.184189,0,14.809946,0,60.749879,33.76136,60.840664,50.02459,33.800369,50,27,0,0,0,0,0,0,0,0
2589,60.901925,0,1.899579,0,37.945973,25.060982,0.802658,2.861085,0,88.968885,0,14.778532,0,60.802401,33.760214,60.885095,50.036748,33.825053,50,27,0,0,0,0,0,0,0,0
2590,60.951027,0,1.89507,0,37.934046,24.974449,0.799492,2.850716,0,89.351399,0,14.804204,0,60.582897,33.770439,60.681991,49.980428,33.712217,50,27,0,0,0,0,0,0,0,0
2591,60.733655,0,1.904848,0,37.888498,25.034062,0.797598,2.836868,0,88.908183,0,14.88038,0,60.989444,33.670661,60.871874,50.033008,33.817708,50,27,0,0,0,0,0,0,0,0
2592,60.98708,0,1.902071,0,38.105578,25.014299,0.801543,2.859638,0,89.165259,0,14.843854,0,60.572797,33.692611,60.508876,49.932513,33.616042,50,27,0,0,0,0,0,0,0,0
2593,60.596755,0,1.901231,0,38.172052,25.153236,0.798686,2.862229,0,88.828346,0,14.910993,0,60.613263,33.656916,60.478043,49.924327,33.598913,50,27,0,0,0,0,0,0,0,0
2594,60.942558,0,1.895647,0,38.075443,25.067954,0.798918,2.84317,0,89.064751,0,14.865669,0,60.498419,33.727537,60.520618,49.936471,33.622565,50,27,0,0,0,0,0,0,0,0
2595,60.468567,0,1.897075,0,38.061824,24.85236,0.799302,2.857019,0,89.230751,0,14.930125,0,60.671778,33.78285,60.809265,50.016567,33.782925,50,27,0,0,0,0,0,0,0,0
2596,60.968881,0,1.906194,0,37.945577,25.037806,0.801083,2.852684,0,88.522411,0,14.802686,0,60.64862,33.697766,60.598039,49.958103,33.665577,50,27,0,0,0,0,0,0,0,0
2597,60.584824,0,1.907678,0,37.966838,24.970989,0.801469,2.85398,0,89.080891,0,14.78399,0,60.345336,33.896778,60.717706,49.991387,33.732059,50,27,0,0,0,0,0,0,0,0
2598,60.984119,0,1.901664,0,38.060156,24.899996,0.803424,2.850458,0,89.540483,0,14.902732,0,60.341363,34.034822,60.981647,50.064382,33.878693,50,27,0,0,0,0,0,0,0,0
2599,60.931123,0,1.8865,0,38.118197,25.006785,0.80307,2.833896,0,89.187608,0,14.781683,0,60.688261,33.740743,60.668205,49.977428,33.704558,50,27,0,0,0,0,0,0,0,0
2600,60.610123,0,1.903022,0,38.090027,25.052038,0.801907,2.842976,0,88.865445,0,14.85646,0,61.09389,33.514204,60.597232,49.957923,33.665129,50,27,0,0,0,0,0,0,0,0
2601,60.655704,0,1.908348,0,38.086017,25.035756,0.802891,2.845773,0,88.955585,0,14.867959,0,60.757023,33.726157,60.738495,49.997177,33.743608,50,27,0,0,0,0,0,0,0,0
2602,61.066795,0,1.894573,0,37.993886,24.881352,0.797076,2.839355,0,89.716026,0,14.795479,0,60.749565,33.622252,60.513021,49.934871,33.618345,50,27,0,0,0,0,0,0,0,0
2603,60.640549,0,1.897774,0,37.897425,24.935812,0.797287,2.851737,0,88.830704,0,14.724145,0,60.944866,33.637708,60.755707,50.002273,33.753171,50,27,0,0,0,0,0,0,0,0
2604,60.304175,0,1.904845,0,37.975297,25.126625,0.797874,2.837872,0,88.823331,0,14.748453,0,60.829396,33.724765,60.835695,50.024369,33.797608,50,27,0,0,0,0,0,0,0,0
2605,60.942377,0,1.906846,0,38.029005,25.073209,0.801441,2.855267,0,88.894991,0,14.766964,0,60.736232,33.627212,60.536363,49.941514,33.631313,50,27,0,0,0,0,0,0,0,0
2606,60.579564,0,1.905333,0,37.961453,24.982221,0.799602,2.850136,0,89.696853,0,14.890471,0,60.806638,33.732852,60.842094,50.026308,33.801163,50,27,0,0,0,0,0,0,0,0
2607,60.781814,0,1.896227,0,38.144692,24.962473,0.805581,2.855379,0,88.489855,0,14.767113,0,60.599181,33.927486,61.042977,50.0817,33.912765,50,27,0,0,0,0,0,0,0,0
2608,60.730056,0,1.901771,0,38.094569,24.958871,0.7963,2.854616,0,88.919611,0,14.853806,0,60.807216,33.733297,60.813658,50.017911,33.785366,50,27,0,0,0,0,0,0,0,0
2609,60.637163,0,1.909074,0,37.832909,24.958533,0.803643,2.855453,0,89.41656,0,14.876074,0,60.937628,33.735335,60.947967,50.054944,33.859982,50,27,0,0,0,0,0,0,0,0
2610,61.145198,0,1.901142,0,38.102927,24.957548,0.799931,2.873383,0,89.204137,0,14.822992,0,60.98871,33.631401,60.779166,50.008015,33.766203,50,27,0,0,0,0,0,0,0,0
2611,60.543827,0,1.898808,0,38.070846,25.067586,0.803254,2.851352,0,89.759559,0,14.896545,0,60.668445,33.804021,60.836118,50.023717,33.797843,50,27,0,0,0,0,0,0,0,0
2612,60.505085,0,1.911429,0,37.929812,25.038972,0.80115,2.848721,0,89.099332,0,14.803404,0,60.949945,33.559522,60.591397,49.955959,33.661887,50,27,0,0,0,0,0,0,0,0
2613,60.577342,0,1.895259,0,38.029502,24.960454,0.796435,2.853239,0,89.074156,0,14.918872,0,60.917323,33.767627,61.020157,50.074685,33.900087,50,27,0,0,0,0,0,0,0,0
2614,60.897092,0,1.894506,0,38.088883,25.05612,0.798885,2.845903,0,88.940067,0,14.866626,0,60.789535,33.656426,60.651378,49.972385,33.69521,50,27,0,0,0,0,0,0,0,0
2615,60.915735,0,1.895831,0,38.035216,25.00209,0.796729,2.832324,0,89.564717,0,14.917695,0,60.688846,33.631916,60.507624,49.932789,33.615346,50,27,0,0,0,0,0,0,0,0
2616,60.635523,0,1.900043,0,37.999854,25.024951,0.794976,2.848198,0,89.057236,0,14.765777,0,60.742858,33.730314,60.780518,50.00855,33.766955,50,27,0,0,0,0,0,0,0,0
2617,60.911661,0,1.898472,0,38.342,24.960544,0.797349,2.842476,0,88.83662,0,14.81287,0,60.697396,33.725596,60.72275,49.992541,33.734861,50,27,0,0,0,0,0,0,0,0
2618,60.571113,0,1.899659,0,37.993768,25.033841,0.802863,2.843618,0,88.765007,0,14.81434,0,60.807647,33.748998,60.880782,50.036257,33.822656,50,27,0,0,0,0,0,0,0,0
2619,60.889163,0,1.897075,0,38.158763,24.975507,0.79723,2.848297,0,88.935691,0,14.813026,0,60.85914,33.697774,60.819653,50.019181,33.788696,50,27,0,0,0,0,0,0,0,0
2620,61.102264,0,1.90549,0,37.964958,24.907867,0.798441,2.863844,0,89.06655,0,14.772286,0,60.564908,33.819955,60.785615,50.009678,33.769786,50,27,0,0,0,0,0,0,0,0
2621,60.737275,0,1.90092,0,37.837966,25.084677,0.801935,2.869671,0,89.125957,0,14.856537,0,60.719509,33.811093,60.907728,50.043381,33.837627,50,27,0,0,0,0,0,0,0,0
2622,60.269051,0,1.908401,0,38.267302,25.034159,0.802663,2.855339,0,88.946277,0,14.830146,0,60.657191,33.636977,60.466371,49.921176,33.592428,50,27,0,0,0,0,0,0,0,0
2623,60.746162,0,1.904887,0,38.005633,24.918405,0.800704,2.840727,0,89.286706,0,14.866599,0,60.65343,33.713798,60.636579,49.968613,33.686989,50,27,0,0,0,0,0,0,0,0
2624,61.074799,0,1.899288,0,38.040616,24.91919,0.80019,2.87565,0,88.768323,0,14.846474,0,60.58537,33.823929,60.801882,50.014458,33.778823,50,27,0,0,0,0,0,0,0,0
2625,60.807477,0,1.903207,0,37.997933,25.035682,0.801291,2.849155,0,89.729885,0,14.872795,0,60.818327,33.82447,61.022447,50.07535,33.90136,50,27,0,0,0,0,0,0,0,0
2626,60.694927,0,1.897538,0,38.006142,24.951193,0.802922,2.867053,0,88.668109,0,14.847787,0,60.852543,33.624502,60.622097,49.96432,33.678943,50,27,0,0,0,0,0,0,0,0
2627,60.851235,0,1.901908,0,37.801653,24.886679,0.799865,2.849491,0,89.462457,0,14.775069,0,60.630894,33.74931,60.678119,49.979981,33.710066,50,27,0,0,0,0,0,0,0,0
2628,60.761636,0,1.907552,0,38.08783,24.839335,0.799801,2.858309,0,88.995329,0,14.86564,0,60.634546,33.729277,60.636562,49.968595,33.686979,50,27,0,0,0,0,0,0,0,0
2629,60.732595,0,1.901588,0,38.04208,24.984132,0.798422,2.846842,0,88.930651,0,14.839602,0,60.419763,33.95068,60.888675,50.038434,33.827042,50,27,0,0,0,0,0,0,0,0
2630,61.230959,0,1.912919,0,38.007186,24.909036,0.801292,2.859355,0,88.996168,0,14.838447,0,60.867344,33.675252,60.725966,49.993271,33.736648,50,27,0,0,0,0,0,0,0,0
2631,60.799272,0,1.897648,0,37.999051,25.083861,0.800172,2.843846,0,89.215012,0,14.918064,0,60.551662,33.777974,60.635801,49.968383,33.686556,50,27,0,0,0,0,0,0,0,0
2632,60.544143,0,1.89717,0,38.003124,25.046427,0.798022,2.842204,0,88.8134,0,14.801634,0,60.346797,34.018601,60.93325,50.050754,33.851806,50,27,0,0,0,0,0,0,0,0
2633,60.709791,0,1.904417,0,38.004504,25.11387,0.799517,2.865194,0,88.930958,0,14.868618,0,61.04404,33.632493,60.779391,50.007976,33.766329,50,27,0,0,0,0,0,0,0,0
2634,61.02037,0,1.906004,0,37.832296,25.060177,0.799372,2.861496,0,89.606848,0,14.925557,0,60.791351,33.867677,61.039335,50.079783,33.910742,50,27,0,0,0,0,0,0,0,0
2635,60.587186,0,1.90091,0,38.120886,25.001015,0.80065,2.851882,0,89.229135,0,14.836108,0,60.855285,33.669658,60.670075,49.977324,33.705597,50,27,0,0,0,0,0,0,0,0
2636,60.574294,0,1.898717,0,37.919334,24.934414,0.804069,2.859007,0,89.331669,0,14.871733,0,61.108971,33.644635,60.882554,50.036165,33.823641,50,27,0,0,0,0,0,0,0,0
2637,60.614844,0,1.897891,0,38.016781,25.119973,0.801393,2.858955,0,89.370639,0,14.8333,0,60.571941,33.973682,61.053757,50.083305,33.918754,50,27,0,0,0,0,0,0,0,0
2638,60.981775,0,1.893562,0,37.735418,24.910162,0.802125,2.852217,0,88.936808,0,14.806451,0,60.81163,33.723419,60.735434,49.994908,33.741908,50,27,0,0,0,0,0,0,0,0
2639,60.782545,0,1.901198,0,37.795293,24.967473,0.798835,2.855226,0,89.492663,0,14.927132,0,60.63488,33.903881,60.94411,50.05261,33.857839,50,27,0,0,0,0,0,0,0,0
2640,60.690651,0,1.899603,0,38.069255,24.984152,0.797796,2.859904,0,89.020372,0,14.812937,0,60.713151,33.838058,60.864207,50.030264,33.813448,50,27,0,0,0,0,0,0,0,0
2641,61.198053,0,1.894938,0,38.009587,25.075782,0.794172,2.855794,0,88.79912,0,14.829249,0,61.105494,33.591915,60.727902,49.992439,33.737723,50,27,0,0,0,0,0,0,0,0
2642,60.878517,0,1.900122,0,37.850836,25.021232,0.800751,2.869926,0,89.045333,0,14.817875,0,61.021852,33.522728,60.521919,49.935544,33.623288,50,27,0,0,0,0,0,0,0,0
2643,60.714071,0,1.890451,0,37.97886,24.986445,0.798052,2.844884,0,89.540735,0,14.894795,0,60.484687,33.906196,60.824876,50.0196,33.791598,50,27,0,0,0,0,0,0,0,0
2644,60.722017,0,1.897539,0,37.954129,25.044459,0.79564,2.867462,0,89.471154,0,14.899495,0,60.581817,34.028131,61.157951,50.111563,33.976639,50,27,0,0,0,0,0,0,0,0
2645,60.549944,0,1.887231,0,37.695079,24.952567,0.795826,2.844192,0,88.797332,0,14.805784,0,60.843924,33.760014,60.818491,50.017183,33.78805,50,27,0,0,0,0,0,0,0,0
2646,60.457338,0,1.901106,0,37.93024,25.088545,0.802648,2.854068,0,88.726088,0,14.8607,0,60.778888,33.801381,60.842304,50.023679,33.80128,50,27,0,0,0,0,0,0,0,0
2647,60.886815,0,1.899543,0,37.802006,25.145534,0.802168,2.84356,0,89.083274,0,14.82069,0,60.601092,33.748924,60.549892,49.94274,33.638829,50,27,0,0,0,0,0,0,0,0
2648,60.80759,0,1.910282,0,38.144095,24.911943,0.799216,2.847754,0,89.119019,0,14.850577,0,60.580524,33.841263,60.7273,49.99206,33.737389,50,27,0,0,0,0,0,0,0,0
2649,60.85591,0,1.902406,0,38.003644,24.941802,0.799806,2.839264,0,89.466035,0,14.891406,0,60.469757,33.856625,60.639764,49.967905,33.688758,50,27,0,0,0,0,0,0,0,0
2650,60.810631,0,1.901247,0,38.049733,24.946861,0.79905,2.839444,0,89.270646,0,14.880428,0,60.582036,33.990339,61.023471,50.074119,33.901928,50,27,0,0,0,0,0,0,0,0
2651,60.914065,0,1.899047,0,38.022472,24.972884,0.800826,2.872552,0,88.848237,0,14.85198,0,60.702959,33.741721,60.592377,49.954598,33.662431,50,27,0,0,0,0,0,0,0,0
2652,60.411196,0,1.906869,0,38.108502,24.921206,0.798996,2.848187,0,89.316953,0,14.875275,0,60.760775,33.792125,60.763425,50.002101,33.757458,50,27,0,0,0,0,0,0,0,0
2653,60.775228,0,1.897968,0,37.988021,25.014402,0.795864,2.853842,0,89.177754,0,14.916421,0,60.964896,33.740429,60.858334,50.028323,33.810185,50,27,0,0,0,0,0,0,0,0
2654,60.874009,0,1.8829,0,37.985583,24.874368,0.797614,2.8438,0,89.641096,0,14.870671,0,60.710285,33.738819,60.606988,49.958711,33.670549,50,27,0,0,0,0,0,0,0,0
2655,61.068743,0,1.898766,0,37.993742,25.101166,0.80151,2.852227,0,89.578483,0,14.881964,0,61.198931,33.557433,60.719478,49.990008,33.733043,50,27,0,0,0,0,0,0,0,0
2656,60.676171,0,1.907204,0,38.091748,24.98897,0.801111,2.857347,0,89.095281,0,14.884083,0,60.975794,33.729526,60.889314,50.037,33.827397,50,27,0,0,0,0,0,0,0,0
2657,60.672476,0,1.887981,0,37.835207,25.067893,0.800787,2.866837,0,88.854827,0,14.812919,0,60.740706,33.738494,60.678549,49.978561,33.710305,50,27,0,0,0,0,0,0,0,0
2658,60.935881,0,1.900021,0,38.113651,25.002979,0.802,2.860681,0,89.33969,0,14.882982,0,60.736018,33.675924,60.545762,49.941966,33.636534,50,27,0,0,0,0,0,0,0,0
2659,60.65622,0,1.902546,0,38.068771,25.071401,0.798679,2.85445,0,89.14707,0,14.807963,0,61.092077,33.571917,60.694322,49.983316,33.719068,50,27,0,0,0,0,0,0,0,0
2660,60.9014,0,1.904204,0,37.883586,24.969201,0.803258,2.844337,0,88.925087,0,14.858759,0,61.100975,33.586753,60.759374,50.001379,33.755208,50,27,0,0,0,0,0,0,0,0
2661,60.708392,0,1.896632,0,37.951114,25.048259,0.802877,2.841141,0,88.974729,0,14.827887,0,60.526498,33.860559,60.783808,50.008126,33.768782,50,27,0,0,0,0,0,0,0,0
2662,60.553784,0,1.898146,0,37.968794,25.025115,0.799437,2.83497,0,88.867847,0,14.80463,0,60.619713,33.980634,61.114225,50.099411,33.952347,50,27,0,0,0,0,0,0,0,0
2663,60.595088,0,1.906662,0,37.981318,24.917842,0.79742,2.851476,0,89.301573,0,14.785073,0,60.611032,33.814525,60.724251,49.99113,33.735695,50,27,0,0,0,0,0,0,0,0
2664,60.675385,0,1.896389,0,37.986403,24.939275,0.800712,2.851176,0,89.167877,0,14.96666,0,60.796784,33.568223,60.383382,49.896959,33.546323,50,27,0,0,0,0,0,0,0,0
2665,61.038556,0,1.893871,0,37.941938,25.091303,0.802564,2.845991,0,88.9074,0,14.88783,0,60.71237,33.588993,60.368617,49.893391,33.53812,50,27,0,0,0,0,0,0,0,0
2666,60.291835,0,1.899371,0,38.024668,24.985025,0.799034,2.828923,0,89.194598,0,14.820467,0,60.701342,33.762481,60.745024,49.997959,33.747236,50,27,0,0,0,0,0,0,0,0
2667,60.537548,0,1.908124,0,38.106475,24.92017,0.795992,2.854752,0,89.125939,0,14.909288,0,60.735061,33.747551,60.744521,49.99783,33.746956,50,27,0,0,0,0,0,0,0,0
2668,60.76133,0,1.903888,0,37.963872,25.098216,0.800268,2.851585,0,89.253709,0,14.899315,0,60.822744,33.693649,60.717913,49.990486,33.732174,50,27,0,0,0,0,0,0,0,0
2669,60.448345,0,1.901707,0,37.890783,24.975779,0.795627,2.851665,0,88.981526,0,14.853192,0,60.664956,33.733402,60.65053,49.971909,33.694739,50,27,0,0,0,0,0,0,0,0
2670,60.558917,0,1.898123,0,37.970815,25.112129,0.799833,2.841932,0,89.22246,0,14.841291,0,60.559702,33.789262,60.664009,49.975774,33.702227,50,27,0,0,0,0,0,0,0,0
2671,60.824717,0,1.904267,0,38.072872,24.973074,0.797169,2.860923,0,89.093478,0,14.774908,0,60.79254,33.755924,60.820005,50.019011,33.788892,50,27,0,0,0,0,0,0,0,0
2672,60.788834,0,1.900289,0,38.063395,25.010544,0.803306,2.840785,0,89.180744,0,14.785174,0,60.717891,33.693819,60.612636,49.961601,33.673687,50,27,0,0,0,0,0,0,0,0
2673,60.921339,0,1.888817,0,37.855464,24.877534,0.801797,2.853232,0,89.139141,0,14.890907,0,60.758925,33.79075,60.864714,50.031465,33.81373,50,27,0,0,0,0,0,0,0,0
2674,60.626288,0,1.910511,0,37.797433,24.99743,0.799972,2.859072,0,89.411405,0,14.880189,0,60.717939,33.850527,60.943208,50.053004,33.857338,50,27,0,0,0,0,0,0,0,0
2675,60.939259,0,1.903412,0,38.055445,24.938651,0.796182,2.856251,0,89.044392,0,14.879659,0,60.598391,33.755443,60.609013,49.96037,33.671674,50,27,0,0,0,0,0,0,0,0
2676,60.814007,0,1.898358,0,38.142328,25.012681,0.801681,2.843831,0,89.376109,0,14.901221,0,60.807821,33.717651,60.738061,49.996236,33.743367,50,27,0,0,0,0,0,0,0,0
2677,60.732178,0,1.893668,0,38.156366,24.868692,0.800883,2.863762,0,89.141335,0,14.882789,0,61.03064,33.602904,60.723195,49.992146,33.735108,50,27,0,0,0,0,0,0,0,0
2678,60.889036,0,1.906598,0,37.930253,25.151863,0.799398,2.838881,0,89.01109,0,14.844604,0,60.375376,33.922901,60.762141,50.002949,33.756745,50,27,0,0,0,0,0,0,0,0
2679,60.671102,0,1.902371,0,38.047471,24.944984,0.799395,2.861824,0,89.01334,0,14.834576,0,60.834055,33.710535,60.748687,49.999216,33.749271,50,27,0,0,0,0,0,0,0,0
2680,60.846939,0,1.901077,0,37.931526,24.899318,0.79935,2.842183,0,89.511262,0,14.823737,0,60.70568,33.708981,60.62237,49.964306,33.679095,50,27,0,0,0,0,0,0,0,0
2681,60.508943,0,1.894281,0,38.010978,24.980792,0.801642,2.86302,0,89.370577,0,14.846954,0,60.724248,33.858809,60.962189,50.058408,33.867883,50,27,0,0,0,0,0,0,0,0
2682,60.859536,0,1.900232,0,38.074582,25.022666,0.801348,2.85025,0,89.309212,0,14.909886,0,60.727169,33.732634,60.684088,49.981252,33.713382,50,27,0,0,0,0,0,0,0,0
2683,60.904231,0,1.900556,0,37.840301,25.006014,0.799832,2.850082,0,88.852055,0,14.868867,0,60.897097,33.727551,60.845986,50.026093,33.803325,50,27,0,0,0,0,0,0,0,0
2684,60.686147,0,1.900289,0,38.010293,24.926927,0.798564,2.854051,0,88.906215,0,14.887625,0,60.81783,33.790032,60.901708,50.041365,33.834282,50,27,0,0,0,0,0,0,0,0
2685,60.623383,0,1.892893,0,37.906878,25.193974,0.7994,2.854075,0,89.151505,0,14.882033,0,60.73499,33.590767,60.393303,49.900638,33.551835,50,27,0,0,0,0,0,0,0,0
2686,60.967465,0,1.895719,0,37.985636,25.057107,0.793064,2.841395,0,89.093603,0,14.824328,0,60.703873,33.708836,60.632593,49.967271,33.684774,50,27,0,0,0,0,0,0,0,0
2687,60.894007,0,1.896923,0,38.18657,24.871968,0.799901,2.85977,0,89.046859,0,14.911762,0,60.714977,33.656888,60.538573,49.941447,33.632541,50,27,0,0,0,0,0,0,0,0
2688,60.788042,0,1.896257,0,37.963821,24.99974,0.797796,2.863767,0,88.910693,0,14.899432,0,60.705537,33.724574,60.682935,49.981639,33.712741,50,27,0,0,0,0,0,0,0,0
2689,60.839602,0,1.898731,0,37.953073,25.008258,0.800244,2.851961,0,89.198421,0,14.80745,0,60.698522,33.642353,60.503896,49.932245,33.613276,50,27,0,0,0,0,0,0,0,0
2690,60.504621,0,1.911114,0,38.002354,25.110705,0.796976,2.863602,0,88.747164,0,14.809224,0,60.625249,33.740078,60.648927,49.972668,33.693848,50,27,0,0,0,0,0,0,0,0
2691,60.886891,0,1.889519,0,37.989366,25.108275,0.796984,2.854425,0,89.55541,0,14.80086,0,60.914797,33.710089,60.873736,50.03494,33.818742,50,27,0,0,0,0,0,0,0,0
2692,60.979577,0,1.903277,0,38.119503,24.871513,0.803839,2.848538,0,89.363899,0,14.861375,0,60.865651,33.589777,60.573374,49.951748,33.651874,50,27,0,0,0,0,0,0,0,0
2693,60.824232,0,1.898773,0,38.17733,25.056933,0.798877,2.849351,0,89.547967,0,14.814779,0,60.524177,33.878736,60.859691,50.031125,33.810939,50,27,0,0,0,0,0,0,0,0
2694,60.994054,0,1.907456,0,37.91657,24.996928,0.800923,2.85611,0,88.887973,0,14.848332,0,60.471065,33.821407,60.66468,49.97707,33.7026,50,27,0,0,0,0,0,0,0,0
2695,60.845565,0,1.891026,0,38.046298,24.979403,0.798732,2.850781,0,89.096777,0,14.815619,0,60.76125,33.804505,60.907112,50.044191,33.837284,50,27,0,0,0,0,0,0,0,0
2696,60.804018,0,1.891731,0,37.984261,24.966148,0.802307,2.850446,0,89.186979,0,14.783145,0,60.965949,33.748598,60.984766,50.065434,33.880426,50,27,0,0,0,0,0,0,0,0
2697,60.981966,0,1.901422,0,38.073041,25.073867,0.798447,2.859102,0,89.094029,0,14.813944,0,60.676569,33.79917,60.800885,50.014285,33.778269,50,27,0,0,0,0,0,0,0,0
2698,60.74173,0,1.904769,0,38.227878,24.993008,0.801178,2.864074,0,89.441415,0,14.850765,0,60.84494,33.444237,60.212798,49.851669,33.451554,50,27,0,0,0,0,0,0,0,0
2699,60.932103,0,1.901707,0,38.30514,25.012407,0.800802,2.861188,0,89.77749,0,14.866325,0,60.705945,33.697516,60.647574,49.972577,33.693096,50,27,0,0,0,0,0,0,0,0
2700,60.586823,0,1.894648,0,38.049829,25.015028,0.801063,2.84535,0,89.281691,0,14.828409,0,60.544857,33.796941,60.699859,49.987165,33.722144,50,27,0,0,0,0,0,0,0,0
2701,60.701376,0,1.899568,0,37.976828,25.02698,0.798688,2.858211,0,89.283226,0,14.84703,0,60.471674,33.856421,60.742454,49.999002,33.745808,50,27,0,0,0,0,0,0,0,0
2702,60.79295,0,1.894383,0,37.991953,25.089196,0.799222,2.84646,0,89.156481,0,14.838452,0,60.424443,33.822507,60.606761,49.961502,33.670423,50,27,0,0,0,0,0,0,0,0
2703,60.826264,0,1.905292,0,38.06891,24.919395,0.795158,2.86322,0,88.943117,0,14.816128,0,60.950164,33.479257,60.397044,49.903729,33.553914,50,27,0,0,0,0,0,0,0,0
2704,60.805535,0,1.903993,0,37.972213,25.042485,0.797772,2.844117,0,89.441559,0,14.853194,0,60.462985,33.731571,60.47666,49.926213,33.598145,50,27,0,0,0,0,0,0,0,0
2705,61.143958,0,1.893146,0,37.827371,24.994107,0.803366,2.843081,0,89.043256,0,14.854236,0,60.665684,33.727574,60.670073,49.980039,33.705596,50,27,0,0,0,0,0,0,0,0
2706,60.646332,0,1.892967,0,37.999254,25.019618,0.793151,2.856516,0,89.025673,0,14.84084,0,60.838045,33.629372,60.635016,49.970448,33.68612,50,27,0,0,0,0,0,0,0,0
2707,60.527904,0,1.901002,0,38.113911,25.024807,0.800058,2.845241,0,88.691853,0,14.79191,0,61.091537,33.504206,60.637174,49.971192,33.687319,50,27,0,0,0,0,0,0,0,0
2708,60.718647,0,1.906079,0,38.096315,24.988325,0.798456,2.839853,0,88.926254,0,14.849381,0,60.732579,33.636701,60.586095,49.957217,33.658942,50,27,0,0,0,0,0,0,0,0
2709,60.723651,0,1.901882,0,37.77775,24.938505,0.79449,2.873042,0,88.74324,0,14.864951,0,60.802117,33.718326,60.836966,50.02677,33.798315,50,27,0,0,0,0,0,0,0,0
2710,60.964735,0,1.905181,0,38.153554,25.087309,0.80136,2.847302,0,88.669993,0,14.846592,0,61.006903,33.551804,60.688318,49.985551,33.715732,50,27,0,0,0,0,0,0,0,0
2711,60.569188,0,1.904426,0,38.1105,24.879684,0.796972,2.851994,0,89.033259,0,14.807798,0,60.853343,33.668245,60.800285,50.01657,33.777936,50,27,0,0,0,0,0,0,0,0
2712,60.945926,0,1.899164,0,37.831954,25.035032,0.801738,2.855023,0,89.198669,0,14.814181,0,60.468445,33.922214,60.954421,50.05909,33.863567,50,27,0,0,0,0,0,0,0,0
2713,60.790549,0,1.898013,0,38.191721,24.99318,0.795995,2.82997,0,89.347384,0,14.878583,0,60.57641,33.794006,60.761573,50.005494,33.75643,50,27,0,0,0,0,0,0,0,0
2714,61.00176,0,1.895652,0,37.965743,24.975411,0.801939,2.86884,0,89.045452,0,14.826435,0,60.827686,33.499615,60.380296,49.900083,33.544609,50,27,0,0,0,0,0,0,0,0
2715,60.777232,0,1.894722,0,37.70711,24.949687,0.800225,2.846672,0,89.08734,0,14.809296,0,60.738798,33.609336,60.550812,49.94771,33.63934,50,27,0,0,0,0,0,0,0,0
2716,60.920446,0,1.899364,0,38.154378,24.928915,0.80259,2.851351,0,89.485666,0,14.820811,0,60.429125,33.740969,60.530552,49.94237,33.628085,50,27,0,0,0,0,0,0,0,0
2717,60.996518,0,1.905987,0,37.927127,25.036514,0.798327,2.864931,0,88.704606,0,14.869595,0,60.878781,33.530858,60.530666,49.942688,33.628148,50,27,0,0,0,0,0,0,0,0
2718,60.830367,0,1.898749,0,38.342,25.016009,0.799977,2.861695,0,89.067622,0,14.728256,0,60.662595,33.842154,60.992877,50.070727,33.884932,50,27,0,0,0,0,0,0,0,0
2719,60.683931,0,1.909326,0,38.088884,24.888747,0.799045,2.8576,0,89.028841,0,14.846205,0,60.863776,33.56142,60.581241,49.9566,33.656245,50,27,0,0,0,0,0,0,0,0
2720,60.6719,0,1.906376,0,37.819879,24.945296,0.797986,2.833622,0,88.542862,0,14.785175,0,60.855399,33.549632,60.565658,49.952509,33.647588,50,27,0,0,0,0,0,0,0,0
2721,60.701355,0,1.899473,0,37.961246,24.93059,0.801454,2.850763,0,88.7566,0,14.874099,0,60.809116,33.511182,60.456378,49.922541,33.586877,50,27,0,0,0,0,0,0,0,0
2722,60.848301,0,1.899933,0,37.841812,24.952682,0.801779,2.843686,0,88.708852,0,14.815011,0,60.458291,33.843168,60.827882,50.025608,33.793268,50,27,0,0,0,0,0,0,0,0
2723,60.656196,0,1.903252,0,38.156377,25.063004,0.798727,2.849166,0,89.413472,0,14.859627,0,60.37149,33.865234,60.764527,50.00797,33.758071,50,27,0,0,0,0,0,0,0,0
2724,61.134724,0,1.889891,0,38.01529,24.957671,0.80022,2.864734,0,88.783799,0,14.853857,0,60.50953,33.954268,61.065808,50.091203,33.925449,50,27,0,0,0,0,0,0,0,0
2725,60.788214,0,1.893099,0,38.057428,25.169026,0.802952,2.858009,0,89.131251,0,14.825045,0,60.600384,33.796224,60.788522,50.014109,33.771401,50,27,0,0,0,0,0,0,0,0
2726,60.660227,0,1.907487,0,38.065972,24.955716,0.798101,2.841582,0,89.185388,0,14.875833,0,60.979735,33.537237,60.609813,49.964644,33.672118,50,27,0,0,0,0,0,0,0,0
2727,60.918291,0,1.894702,0,38.212147,24.924009,0.798436,2.850274,0,89.016019,0,14.855034,0,60.855206,33.602668,60.646424,49.974939,33.692458,50,27,0,0,0,0,0,0,0,0
2728,60.571808,0,1.904948,0,37.892191,24.968117,0.800012,2.839603,0,88.619369,0,14.922667,0,60.601988,33.750691,60.718489,49.994982,33.732494,50,27,0,0,0,0,0,0,0,0
2729,60.765964,0,1.911546,0,37.765527,25.079262,0.80444,2.854937,0,89.314199,0,14.737598,0,60.739416,33.731834,60.80886,50.019985,33.7827,50,27,0,0,0,0,0,0,0,0
2730,60.609057,0,1.908038,0,38.038827,24.993792,0.799395,2.836919,0,89.271557,0,14.844396,0,60.778524,33.831862,61.054624,50.087814,33.919235,50,27,0,0,0,0,0,0,0,0
2731,61.051884,0,1.896635,0,38.342,25.023958,0.800871,2.844694,0,89.388224,0,14.955038,0,60.599087,33.830251,60.854533,50.032073,33.808074,50,27,0,0,0,0,0,0,0,0
2732,60.863749,0,1.899022,0,37.971406,24.873624,0.800506,2.861456,0,88.790843,0,14.807542,0,60.884325,33.659785,60.764228,50.006954,33.757905,50,27,0,0,0,0,0,0,0,0
2733,60.807895,0,1.904098,0,38.052528,25.027289,0.797827,2.847114,0,89.320662,0,14.844108,0,60.419019,33.795166,60.591997,49.959315,33.662221,50,27,0,0,0,0,0,0,0,0
2734,60.327817,0,1.904003,0,38.134628,24.985701,0.798043,2.846257,0,89.117711,0,14.83826,0,60.698091,33.744351,60.75307,50.004037,33.751705,50,27,0,0,0,0,0,0,0,0
2735,60.795822,0,1.899207,0,37.934189,24.859211,0.803925,2.855839,0,88.698349,0,14.979027,0,60.886948,33.606251,60.647187,49.974752,33.692882,50,27,0,0,0,0,0,0,0,0
2736,60.871476,0,1.903924,0,37.806974,25.105419,0.79994,2.8492,0,89.515016,0,14.813557,0,61.00613,33.606193,60.781232,50.011927,33.767351,50,27,0,0,0,0,0,0,0,0
2737,60.863974,0,1.905137,0,38.044882,25.087618,0.800421,2.841533,0,88.869456,0,14.883104,0,60.571287,33.78078,60.728714,49.997352,33.738175,50,27,0,0,0,0,0,0,0,0
2738,60.720867,0,1.898139,0,38.139326,25.089502,0.797277,2.845104,0,88.582418,0,14.964429,0,60.296697,33.907712,60.712032,49.992754,33.728906,50,27,0,0,0,0,0,0,0,0
2739,60.706903,0,1.894365,0,37.781463,24.969874,0.800254,2.842706,0,88.910081,0,14.815663,0,60.721819,33.808269,60.901433,50.04514,33.834129,50,27,0,0,0,0,0,0,0,0
2740,60.62322,0,1.90473,0,38.239736,25.020532,0.802502,2.857223,0,88.852516,0,14.858248,0,60.772104,33.735457,60.786904,50.01326,33.770502,50,27,0,0,0,0,0,0,0,0
2741,60.787848,0,1.900747,0,37.947966,25.042518,0.798791,2.855252,0,88.810364,0,14.857685,0,60.935167,33.728909,60.935231,50.054191,33.852906,50,27,0,0,0,0,0,0,0,0
2742,60.591605,0,1.899079,0,37.93909,25.20037,0.796433,2.84091,0,89.158881,0,14.868596,0,60.981872,33.824332,61.183215,50.122463,33.990675,50,27,0,0,0,0,0,0,0,0
2743,60.559665,0,1.891937,0,38.018532,24.856542,0.797526,2.856365,0,89.174691,0,14.900767,0,60.392023,34.063965,61.086256,50.095055,33.936809,50,27,0,0,0,0,0,0,0,0
2744,60.74393,0,1.896238,0,37.973734,24.986427,0.802122,2.855696,0,88.749347,0,14.891707,0,60.981393,33.783073,61.039732,50.081723,33.910962,50,27,0,0,0,0,0,0,0,0
2745,60.808319,0,1.893882,0,37.994977,24.805591,0.795236,2.854162,0,89.160292,0,14.887212,0,61.068796,33.559409,60.651697,49.974065,33.695387,50,27,0,0,0,0,0,0,0,0
2746,60.862453,0,1.902377,0,38.011999,24.988109,0.798294,2.847414,0,89.908205,0,14.843649,0,61.106592,33.587673,60.77518,50.008324,33.763989,50,27,0,0,0,0,0,0,0,0
2747,60.765057,0,1.898046,0,38.00728,25.122159,0.795528,2.839862,0,88.721229,0,14.901867,0,60.364728,34.054433,61.038601,50.081091,33.910334,50,27,0,0,0,0,0,0,0,0
2748,60.961191,0,1.897479,0,38.050774,25.119912,0.800432,2.837192,0,89.232873,0,14.888566,0,60.778126,33.906545,61.097933,50.097087,33.943296,50,27,0,0,0,0,0,0,0,0
2749,61.031118,0,1.905888,0,38.001425,25.044287,0.801645,2.868175,0,88.942924,0,14.885503,0,60.805605,33.750526,60.776321,50.007712,33.764623,50,27,0,0,0,0,0,0,0,0
2750,60.609239,0,1.898301,0,37.970977,25.034557,0.802839,2.855894,0,89.352443,0,14.907766,0,60.504204,33.929657,60.854604,50.02931,33.808113,50,27,0,0,0,0,0,0,0,0
2751,60.689955,0,1.893411,0,37.914242,24.892965,0.798086,2.863754,0,89.322385,0,14.92494,0,61.155071,33.564021,60.712306,49.989834,33.729059,50,27,0,0,0,0,0,0,0,0
2752,60.671813,0,1.904007,0,38.121894,25.121673,0.799728,2.846647,0,88.91592,0,14.850447,0,60.697978,33.727711,60.628171,49.96663,33.682317,50,27,0,0,0,0,0,0,0,0
2753,60.501834,0,1.897259,0,37.939734,25.017073,0.803899,2.852329,0,89.357333,0,14.862103,0,60.691932,33.83437,60.851471,50.028515,33.806373,50,27,0,0,0,0,0,0,0,0
2754,60.733334,0,1.911133,0,37.921954,24.855517,0.800419,2.837631,0,89.045073,0,14.962705,0,60.812137,33.686954,60.65075,49.972895,33.694861,50,27,0,0,0,0,0,0,0,0
2755,60.408018,0,1.912068,0,38.089794,25.039522,0.801201,2.844502,0,88.90494,0,14.824912,0,60.747166,33.769941,60.770916,50.006243,33.76162,50,27,0,0,0,0,0,0,0,0
2756,60.650839,0,1.898728,0,38.054204,24.999464,0.800824,2.853533,0,89.548872,0,14.853956,0,60.644217,33.745683,60.615314,49.963204,33.675175,50,27,0,0,0,0,0,0,0,0
2757,60.653539,0,1.911602,0,38.118597,24.997917,0.798121,2.83383,0,88.873463,0,14.856822,0,61.100822,33.556273,60.674188,49.97966,33.707882,50,27,0,0,0,0,0,0,0,0
2758,60.793916,0,1.899293,0,37.938994,24.863431,0.800581,2.860558,0,89.072934,0,14.899571,0,60.634317,33.777752,60.701529,49.987318,33.723071,50,27,0,0,0,0,0,0,0,0
2759,60.897078,0,1.900924,0,37.863907,25.06909,0.800592,2.858193,0,89.325824,0,14.821466,0,60.903881,33.614703,60.622961,49.965665,33.679423,50,27,0,0,0,0,0,0,0,0
2760,60.585275,0,1.895395,0,38.023609,25.080482,0.798381,2.842953,0,89.372758,0,14.912049,0,60.656039,33.701282,60.575304,49.952664,33.652946,50,27,0,0,0,0,0,0,0,0
2761,60.751892,0,1.904584,0,38.011322,25.018844,0.801241,2.847309,0,88.890393,0,14.830831,0,60.889154,33.586595,60.571548,49.951861,33.65086,50,27,0,0,0,0,0,0,0,0
2762,60.679904,0,1.9089,0,38.01739,25.03373,0.800325,2.861339,0,89.426395,0,14.910898,0,60.953545,33.646297,60.781722,50.010192,33.767623,50,27,0,0,0,0,0,0,0,0
2763,60.551208,0,1.896121,0,38.236504,25.073382,0.797793,2.863374,0,89.383803,0,14.870337,0,60.69699,33.802549,60.865501,50.033297,33.814167,50,27,0,0,0,0,0,0,0,0
2764,60.728539,0,1.901808,0,38.113244,25.093281,0.79758,2.830851,0,89.218258,0,14.929828,0,60.544789,33.691004,60.467478,49.92312,33.593043,50,27,0,0,0,0,0,0,0,0
2765,60.554566,0,1.902487,0,38.032285,24.990001,0.797456,2.862828,0,89.365583,0,14.878928,0,60.907513,33.611351,60.667016,49.978654,33.703898,50,27,0,0,0,0,0,0,0,0
2766,60.95142,0,1.897243,0,37.824615,24.985043,0.79738,2.866499,0,89.007658,0,14.871217,0,60.615782,33.804792,60.798355,50.015061,33.776864,50,27,0,0,0,0,0,0,0,0
2767,61.123311,0,1.896416,0,37.943554,25.045462,0.799289,2.856533,0,89.520558,0,14.872051,0,60.816009,33.656234,60.673807,49.980562,33.70767,50,27,0,0,0,0,0,0,0,0
2768,60.56407,0,1.894988,0,37.977935,25.111521,0.804903,2.856991,0,89.198469,0,14.874432,0,60.86825,33.810115,61.059528,50.08727,33.92196,50,27,0,0,0,0,0,0,0,0
2769,60.253691,0,1.895986,0,37.788898,24.948593,0.79984,2.845062,0,89.052534,0,14.812771,0,60.830111,33.60749,60.582022,49.954856,33.656679,50,27,0,0,0,0,0,0,0,0
2770,60.857467,0,1.912088,0,38.071888,25.024019,0.798709,2.841533,0,88.903055,0,14.860169,0,60.820633,33.574747,60.518983,49.937656,33.621657,50,27,0,0,0,0,0,0,0,0
2771,60.896863,0,1.906087,0,37.970319,24.985623,0.7997,2.840731,0,88.81327,0,14.846436,0,60.711492,33.871915,61.055534,50.086267,33.919741,50,27,0,0,0,0,0,0,0,0
2772,60.71806,0,1.895947,0,37.969152,24.903253,0.799589,2.860503,0,88.812752,0,14.83467,0,60.762851,33.65045,60.618238,49.964971,33.676799,50,27,0,0,0,0,0,0,0,0
2773,60.779142,0,1.893721,0,38.042745,24.977936,0.800971,2.855949,0,89.3091,0,14.846922,0,60.674155,33.81196,60.879266,50.037292,33.821814,50,27,0,0,0,0,0,0,0,0
2774,60.527086,0,1.905129,0,37.851075,24.984375,0.7967,2.85018,0,89.539288,0,14.848743,0,60.607121,33.787402,60.747609,50.000717,33.748672,50,27,0,0,0,0,0,0,0,0
2775,60.712659,0,1.899064,0,38.093945,24.991902,0.797877,2.856346,0,89.284819,0,14.918332,0,60.98138,33.754932,61.044595,50.0828,33.913664,50,27,0,0,0,0,0,0,0,0
2776,60.638153,0,1.897291,0,37.877827,25.035408,0.800498,2.849092,0,89.775044,0,14.90801,0,60.542107,33.764647,60.621866,49.965547,33.678814,50,27,0,0,0,0,0,0,0,0
2777,60.312592,0,1.90238,0,38.119802,24.931181,0.80038,2.834039,0,89.05953,0,14.852132,0,60.633289,33.742087,60.660474,49.97639,33.700263,50,27,0,0,0,0,0,0,0,0
2778,60.657994,0,1.904322,0,37.901892,25.042073,0.798572,2.847323,0,89.353023,0,14.891585,0,60.647791,33.721202,60.629224,49.967869,33.682902,50,27,0,0,0,0,0,0,0,0
2779,60.624325,0,1.889625,0,37.928889,24.998327,0.799489,2.853598,0,88.98474,0,14.830593,0,60.527662,33.906703,60.901545,50.043298,33.834192,50,27,0,0,0,0,0,0,0,0
2780,60.468446,0,1.894355,0,38.043705,25.022882,0.798605,2.843281,0,89.384609,0,14.826909,0,60.611252,33.766104,60.665192,49.977756,33.702885,50,27,0,0,0,0,0,0,0,0
2781,60.491197,0,1.893173,0,37.963639,24.91298,0.798455,2.857086,0,89.229014,0,14.883748,0,60.723709,33.803664,60.853506,50.029915,33.807503,50,27,0,0,0,0,0,0,0,0
2782,60.730565,0,1.896331,0,37.945693,25.102378,0.798343,2.855181,0,89.306202,0,14.808826,0,60.454733,33.813296,60.596735,49.958796,33.664853,50,27,0,0,0,0,0,0,0,0
2783,60.993402,0,1.898039,0,37.989677,25.031489,0.802248,2.848525,0,89.635597,0,14.820804,0,60.588492,33.891175,60.885896,50.038924,33.825498,50,27,0,0,0,0,0,0,0,0
2784,60.773522,0,1.894377,0,38.058464,25.029847,0.799054,2.871598,0,89.310279,0,14.937786,0,60.603496,33.925633,60.954995,50.057829,33.863886,50,27,0,0,0,0,0,0,0,0
2785,60.654234,0,1.902297,0,37.922154,25.00252,0.801858,2.839261,0,89.30332,0,14.833554,0,61.009622,33.547295,60.541098,49.943142,33.633943,50,27,0,0,0,0,0,0,0,0
2786,60.613518,0,1.891736,0,37.954338,24.938751,0.7991,2.849959,0,89.668402,0,14.925725,0,60.998371,33.674679,60.827829,50.022676,33.793238,50,27,0,0,0,0,0,0,0,0
2787,60.630878,0,1.904057,0,38.095788,25.025967,0.797992,2.856736,0,89.153894,0,14.878789,0,60.952042,33.493499,60.409983,49.907072,33.561101,50,27,0,0,0,0,0,0,0,0
2788,60.781708,0,1.90559,0,38.189568,25.053833,0.800713,2.864419,0,88.609406,0,14.846445,0,60.642755,33.729347,60.632067,49.968918,33.684482,50,27,0,0,0,0,0,0,0,0
2789,60.393504,0,1.89801,0,37.959242,24.803594,0.802063,2.863512,0,89.185286,0,14.979799,0,60.643249,33.986997,61.176708,50.119609,33.98706,50,27,0,0,0,0,0,0,0,0
2790,61.006106,0,1.902042,0,38.054088,24.89696,0.806213,2.864741,0,88.923513,0,14.920163,0,60.747403,33.851075,60.960811,50.059341,33.867117,50,27,0,0,0,0,0,0,0,0
2791,60.808391,0,1.904638,0,38.039043,24.912763,0.79685,2.840833,0,89.031374,0,14.831049,0,60.511973,33.838914,60.686391,49.983197,33.714662,50,27,0,0,0,0,0,0,0,0
2792,60.779246,0,1.901512,0,37.904613,24.955563,0.80019,2.859266,0,89.061286,0,14.895172,0,60.971189,33.769354,60.987977,50.066638,33.88221,50,27,0,0,0,0,0,0,0,0
2793,60.564183,0,1.895759,0,38.072184,25.002153,0.798522,2.839168,0,89.122487,0,14.881268,0,60.69157,33.61361,60.378787,49.897929,33.543771,50,27,0,0,0,0,0,0,0,0
2794,60.807542,0,1.893945,0,37.937604,24.879169,0.801529,2.846905,0,89.82995,0,14.891541,0,61.070443,33.654746,60.863979,50.032541,33.813322,50,27,0,0,0,0,0,0,0,0
2795,60.394221,0,1.903643,0,37.938766,25.029357,0.798092,2.863627,0,88.905021,0,14.828644,0,60.704672,33.775227,60.765253,50.005092,33.758474,50,27,0,0,0,0,0,0,0,0
2796,60.737817,0,1.901928,0,38.074308,24.90766,0.797916,2.847774,0,89.06513,0,14.909356,0,60.645637,33.882592,60.928905,50.050299,33.849391,50,27,0,0,0,0,0,0,0,0
2797,60.983975,0,1.890149,0,38.060001,25.051524,0.803454,2.853631,0,88.940843,0,14.792349,0,60.643353,33.887936,60.920189,50.04764,33.84455,50,27,0,0,0,0,0,0,0,0
2798,60.831584,0,1.901947,0,38.044069,24.963062,0.800658,2.8418,0,89.197278,0,14.851741,0,60.882422,33.701489,60.748669,49.999996,33.749261,50,27,0,0,0,0,0,0,0,0
2799,60.711118,0,1.895906,0,38.02994,25.002684,0.801742,2.84746,0,89.146698,0,14.846291,0,60.81485,33.777963,60.850769,50.028216,33.805983,50,27,0,0,0,0,0,0,0,0
2800,60.570901,0,1.89949,0,37.957221,24.990956,0.799789,2.849774,0,89.345702,0,14.956881,0,60.943561,33.694379,60.800925,50.014299,33.778291,50,27,0,0,0,0,0,0,0,0
2801,60.480823,0,1.894389,0,38.290957,25.152498,0.799372,2.844138,0,89.321859,0,14.858418,0,60.674195,33.746494,60.650404,49.972624,33.694669,50,27,0,0,0,0,0,0,0,0
2802,60.942885,0,1.901844,0,38.17905,25.045502,0.797942,2.85183,0,89.623636,0,14.852516,0,60.556839,33.881377,60.819053,50.019374,33.788363,50,27,0,0,0,0,0,0,0,0
2803,60.630355,0,1.902184,0,37.866545,24.976258,0.796382,2.851738,0,89.076935,0,14.865205,0,60.596056,33.84808,60.771647,50.006175,33.762026,50,27,0,0,0,0,0,0,0,0
2804,60.484391,0,1.90508,0,38.173983,25.065575,0.799487,2.844024,0,89.319386,0,14.859938,0,60.760672,33.743367,60.704408,49.98756,33.724671,50,27,0,0,0,0,0,0,0,0
2805,60.694875,0,1.898524,0,38.092071,24.987298,0.798861,2.834267,0,88.938285,0,14.842927,0,60.71483,33.846579,60.879796,50.036098,33.822109,50,27,0,0,0,0,0,0,0,0
2806,61.07387,0,1.904536,0,38.215668,24.971986,0.797341,2.843982,0,89.645812,0,14.841454,0,60.63573,34.079624,61.281964,50.147076,34.045536,50,27,0,0,0,0,0,0,0,0
2807,60.710454,0,1.90271,0,37.98492,25.007853,0.796385,2.848211,0,89.513149,0,14.851426,0,60.927309,33.751856,60.841769,50.024676,33.800983,50,27,0,0,0,0,0,0,0,0
2808,60.708081,0,1.893869,0,38.015798,24.79404,0.798359,2.840466,0,89.851776,0,14.755141,0,61.012572,33.696841,60.81633,50.017522,33.78685,50,27,0,0,0,0,0,0,0,0
2809,61.08362,0,1.895342,0,37.81664,24.95498,0.798321,2.85379,0,89.449077,0,14.829567,0,60.788988,33.888629,61.009566,50.070845,33.894203,50,27,0,0,0,0,0,0,0,0
2810,60.875124,0,1.894097,0,38.173633,24.939613,0.803094,2.843521,0,89.37782,0,14.883641,0,60.992921,33.746018,60.898891,50.039902,33.832717,50,27,0,0,0,0,0,0,0,0
2811,60.541259,0,1.899946,0,37.883914,25.175343,0.794966,2.843553,0,89.004404,0,14.946261,0,60.896017,33.764279,60.846384,50.025191,33.803547,50,27,0,0,0,0,0,0,0,0
2812,60.869808,0,1.899219,0,37.914661,25.047704,0.796956,2.851971,0,89.009276,0,14.835599,0,61.086867,33.586114,60.664518,49.974799,33.70251,50,27,0,0,0,0,0,0,0,0
2813,60.811654,0,1.900609,0,38.01796,25.076969,0.798591,2.83244,0,89.175725,0,14.934183,0,60.654462,33.889405,60.898265,50.039531,33.832369,50,27,0,0,0,0,0,0,0,0
2814,60.889478,0,1.893426,0,37.887485,24.89882,0.803829,2.848517,0,89.076254,0,14.826974,0,60.896523,33.945935,61.244331,50.134985,34.024628,50,27,0,0,0,0,0,0,0,0
2815,60.937685,0,1.901692,0,38.046541,25.02313,0.800232,2.846994,0,88.838237,0,14.890574,0,61.010301,33.684137,60.784141,50.007119,33.768967,50,27,0,0,0,0,0,0,0,0
2816,60.675399,0,1.900118,0,37.892096,25.136485,0.797782,2.841803,0,89.560883,0,14.835872,0,60.913945,33.784107,60.912795,50.042643,33.840442,50,27,0,0,0,0,0,0,0,0
2817,60.634638,0,1.884966,0,37.9277,25.057907,0.799138,2.863429,0,89.041116,0,14.823375,0,60.587109,33.85153,60.728252,49.991424,33.737918,50,27,0,0,0,0,0,0,0,0
2818,60.785869,0,1.893506,0,37.99682,24.972892,0.800736,2.84043,0,89.319256,0,14.763664,0,60.878398,33.866344,61.041966,50.078176,33.912203,50,27,0,0,0,0,0,0,0,0
2819,60.502089,0,1.90537,0,37.896943,24.817172,0.802349,2.85217,0,89.527076,0,14.933589,0,60.921466,33.684315,60.690844,49.980738,33.717136,50,27,0,0,0,0,0,0,0,0
2820,60.678998,0,1.904288,0,38.19057,25.011658,0.799427,2.844033,0,89.078121,0,14.758186,0,61.086054,33.632233,60.759987,49.999945,33.755548,50,27,0,0,0,0,0,0,0,0
2821,60.822927,0,1.903513,0,37.961489,24.954859,0.803377,2.841246,0,89.082813,0,14.91941,0,61.088729,33.716623,60.961049,50.055518,33.867249,50,27,0,0,0,0,0,0,0,0
2822,60.570957,0,1.909448,0,37.914535,25.072898,0.799474,2.858105,0,89.511804,0,14.796841,0,60.814312,33.719016,60.699661,49.982995,33.722034,50,27,0,0,0,0,0,0,0,0
2823,60.583273,0,1.899793,0,38.067939,24.986517,0.795312,2.838832,0,88.870576,0,14.95258,0,60.698874,33.647613,60.440774,49.911524,33.578208,50,27,0,0,0,0,0,0,0,0
2824,60.902686,0,1.897986,0,38.194272,25.02766,0.799401,2.844478,0,88.54569,0,14.838656,0,60.496258,33.860075,60.70245,49.984291,33.723584,50,27,0,0,0,0,0,0,0,0
2825,60.707414,0,1.90021,0,37.851643,25.115975,0.800147,2.846645,0,89.082704,0,14.787759,0,60.706778,33.878058,60.938015,50.049478,33.854453,50,27,0,0,0,0,0,0,0,0
2826,60.859583,0,1.902142,0,37.958506,24.973129,0.797849,2.852288,0,88.87419,0,14.903413,0,60.506623,33.901386,60.772616,50.003517,33.762565,50,27,0,0,0,0,0,0,0,0
2827,60.959726,0,1.898705,0,38.065662,24.987405,0.797865,2.848121,0,89.234257,0,14.89589,0,60.556884,33.839627,60.675981,49.976789,33.708878,50,27,0,0,0,0,0,0,0,0
2828,61.142843,0,1.894926,0,38.062469,24.875694,0.797603,2.847768,0,89.815932,0,14.93805,0,60.812641,33.710455,60.651821,49.970227,33.695456,50,27,0,0,0,0,0,0,0,0
2829,61.193627,0,1.904923,0,38.058589,25.004451,0.798113,2.841411,0,89.155619,0,14.884528,0,60.94474,33.626051,60.615931,49.960455,33.675517,50,27,0,0,0,0,0,0,0,0
2830,60.657863,0,1.909542,0,38.078114,25.009155,0.7982,2.85723,0,89.48452,0,14.921336,0,60.515276,33.83835,60.654837,49.971406,33.697132,50,27,0,0,0,0,0,0,0,0
2831,60.604687,0,1.902984,0,37.843775,24.898615,0.799489,2.860769,0,89.084207,0,14.888797,0,60.716997,33.756099,60.674336,49.976937,33.707964,50,27,0,0,0,0,0,0,0,0
2832,60.557799,0,1.901526,0,38.084728,24.928378,0.80075,2.849423,0,89.298803,0,14.894721,0,60.995505,33.754844,60.952863,50.054036,33.862702,50,27,0,0,0,0,0,0,0,0
2833,60.77362,0,1.888885,0,38.022559,24.901273,0.799687,2.843884,0,89.72325,0,14.843937,0,60.483798,33.927096,60.807167,50.013497,33.781759,50,27,0,0,0,0,0,0,0,0
2834,60.630773,0,1.900478,0,37.954296,24.947155,0.797853,2.844433,0,89.041809,0,14.855091,0,60.43622,33.837827,60.551075,49.942647,33.639486,50,27,0,0,0,0,0,0,0,0
2835,61.259691,0,1.899542,0,37.895018,24.989555,0.798626,2.838903,0,89.402387,0,14.856544,0,60.94165,33.631934,60.615023,49.960608,33.675013,50,27,0,0,0,0,0,0,0,0
2836,60.970588,0,1.896473,0,38.014612,25.075955,0.80367,2.866178,0,89.456118,0,14.813333,0,60.674208,33.696259,60.503678,49.930028,33.613155,50,27,0,0,0,0,0,0,0,0
2837,60.906146,0,1.899626,0,37.910141,24.96684,0.797893,2.85891,0,89.137673,0,14.855786,0,60.649125,33.683872,60.463125,49.919168,33.590625,50,27,0,0,0,0,0,0,0,0
2838,60.524405,0,1.894903,0,37.823621,24.989068,0.797402,2.853929,0,89.075515,0,14.888296,0,60.879064,33.731078,60.804265,50.01386,33.780147,50,27,0,0,0,0,0,0,0,0
2839,60.668402,0,1.905165,0,37.905404,24.964304,0.800872,2.848647,0,89.518098,0,14.801003,0,60.706462,33.817258,60.818123,50.017621,33.787846,50,27,0,0,0,0,0,0,0,0
2840,60.596259,0,1.913679,0,38.083571,24.864118,0.798584,2.849463,0,89.000289,0,14.943559,0,60.748258,33.879613,60.98447,50.063511,33.880261,50,27,0,0,0,0,0,0,0,0
2841,60.651601,0,1.898685,0,37.95616,24.995996,0.803945,2.8444,0,89.153142,0,14.912295,0,60.809436,33.756413,60.77101,50.004195,33.761672,50,27,0,0,0,0,0,0,0,0
2842,61.005773,0,1.896751,0,38.082623,24.842521,0.799422,2.845807,0,89.244482,0,14.846728,0,60.778962,33.709667,60.644334,49.969162,33.691297,50,27,0,0,0,0,0,0,0,0
2843,60.3998,0,1.909743,0,38.031775,24.974624,0.796114,2.831019,0,88.654945,0,14.821926,0,60.70783,33.911849,61.008094,50.069857,33.893385,50,27,0,0,0,0,0,0,0,0
2844,60.76111,0,1.892229,0,37.868845,24.972952,0.798941,2.824573,0,89.426074,0,14.897843,0,60.748312,33.813594,60.822552,50.018226,33.790307,50,27,0,0,0,0,0,0,0,0
2845,60.553114,0,1.897078,0,38.000555,25.039201,0.800669,2.839562,0,89.160923,0,14.88554,0,60.884831,33.734199,60.786957,50.008298,33.770532,50,27,0,0,0,0,0,0,0,0
2846,60.471948,0,1.908278,0,38.272362,25.020905,0.796184,2.850207,0,89.141243,0,14.848118,0,60.997359,33.675041,60.780816,50.006559,33.76712,50,27,0,0,0,0,0,0,0,0
2847,60.523588,0,1.899177,0,38.077595,25.098417,0.803043,2.867345,0,89.484074,0,14.857754,0,60.746613,33.813323,60.835293,50.021583,33.797385,50,27,0,0,0,0,0,0,0,0
2848,60.741534,0,1.90341,0,37.857544,24.994373,0.799994,2.861633,0,89.665566,0,14.879814,0,60.784117,33.754982,60.744192,49.996296,33.746773,50,27,0,0,0,0,0,0,0,0
2849,60.45548,0,1.894316,0,37.83376,24.958922,0.799481,2.854685,0,89.080374,0,14.81705,0,60.854171,33.819342,60.952499,50.05389,33.8625,50,27,0,0,0,0,0,0,0,0
2850,60.769974,0,1.901004,0,37.81906,25.018388,0.801394,2.846113,0,89.263541,0,14.788763,0,60.642845,33.788726,60.670447,49.975664,33.705804,50,27,0,0,0,0,0,0,0,0
2851,60.450877,0,1.89945,0,38.017766,25.090667,0.794576,2.846311,0,89.256554,0,14.856117,0,60.809206,33.72798,60.706947,49.985873,33.726082,50,27,0,0,0,0,0,0,0,0
2852,60.912482,0,1.900256,0,38.01644,24.916655,0.797583,2.846638,0,88.867495,0,14.911298,0,61.19569,33.572586,60.772038,50.003934,33.762243,50,27,0,0,0,0,0,0,0,0
2853,60.909381,0,1.899008,0,38.020071,25.077708,0.800565,2.84195,0,89.196271,0,14.815886,0,61.026925,33.65489,60.803362,50.012573,33.779646,50,27,0,0,0,0,0,0,0,0
2854,60.752024,0,1.897637,0,37.92883,24.961831,0.803861,2.840564,0,89.375146,0,14.902019,0,60.464703,33.883244,60.736797,49.994112,33.742665,50,27,0,0,0,0,0,0,0,0
2855,60.918081,0,1.904601,0,38.098302,24.840972,0.803116,2.864121,0,89.371981,0,14.79722,0,60.662441,33.862101,60.87293,50.031768,33.818295,50,27,0,0,0,0,0,0,0,0
2856,60.63792,0,1.891139,0,37.976853,24.882469,0.804077,2.84874,0,89.524536,0,14.868284,0,61.004376,33.638249,60.729521,49.991972,33.738623,50,27,0,0,0,0,0,0,0,0
2857,60.681044,0,1.90573,0,37.935152,24.93529,0.800747,2.865475,0,89.056013,0,14.846932,0,60.851,33.63094,60.577908,49.950107,33.654393,50,27,0,0,0,0,0,0,0,0
2858,60.853852,0,1.893411,0,38.018384,24.926569,0.795821,2.85676,0,89.20306,0,14.945446,0,60.734372,33.859823,60.961148,50.056281,33.867304,50,27,0,0,0,0,0,0,0,0
2859,60.709385,0,1.896038,0,38.172689,24.91969,0.798678,2.860531,0,89.050779,0,14.825172,0,60.503741,33.771076,60.529142,49.936596,33.627301,50,27,0,0,0,0,0,0,0,0
2860,61.14312,0,1.901407,0,37.939531,24.964715,0.803014,2.851141,0,88.959516,0,14.789827,0,60.875773,33.659403,60.664025,49.974193,33.702236,50,27,0,0,0,0,0,0,0,0
2861,60.47867,0,1.897317,0,38.085092,24.957334,0.803802,2.851924,0,89.296767,0,14.849054,0,60.66473,33.839234,60.845548,50.024493,33.803082,50,27,0,0,0,0,0,0,0,0
2862,60.812012,0,1.892146,0,38.003639,25.036194,0.80039,2.848682,0,88.584433,0,14.87228,0,60.832829,33.670228,60.645849,49.969175,33.692138,50,27,0,0,0,0,0,0,0,0
2863,60.30176,0,1.906514,0,37.996716,25.01781,0.7997,2.843102,0,89.283295,0,14.896192,0,60.624269,33.895836,60.924867,50.046448,33.847148,50,27,0,0,0,0,0,0,0,0
2864,60.837319,0,1.899339,0,37.92525,25.094002,0.801908,2.848496,0,89.428195,0,14.90535,0,60.736627,33.888058,61.002032,50.067545,33.890018,50,27,0,0,0,0,0,0,0,0
2865,60.869866,0,1.88955,0,38.077514,25.08924,0.799111,2.848109,0,89.182077,0,14.827314,0,60.697582,33.691944,60.532719,49.937493,33.629288,50,27,0,0,0,0,0,0,0,0
2866,60.632993,0,1.898112,0,38.163421,25.032201,0.798104,2.844071,0,89.575832,0,14.843895,0,60.786603,33.578177,60.392069,49.898929,33.551149,50,27,0,0,0,0,0,0,0,0
2867,60.686942,0,1.902927,0,37.878286,25.073777,0.797837,2.833883,0,89.219525,0,14.88519,0,60.546934,33.822989,60.693458,49.982734,33.718588,50,27,0,0,0,0,0,0,0,0
2868,61.018014,0,1.898707,0,38.048831,24.913352,0.800028,2.852545,0,89.353737,0,14.879206,0,60.505764,33.99031,60.996074,50.066462,33.886708,50,27,0,0,0,0,0,0,0,0
2869,60.771002,0,1.901394,0,38.184979,24.906568,0.796663,2.833674,0,89.602632,0,14.78223,0,60.536949,33.963044,60.939098,50.050384,33.855055,50,27,0,0,0,0,0,0,0,0
2870,60.669695,0,1.898394,0,38.117143,25.059075,0.80348,2.847223,0,89.109542,0,14.884503,0,60.845308,33.782513,60.841517,50.023162,33.800843,50,27,0,0,0,0,0,0,0,0
2871,60.78651,0,1.894791,0,37.941135,24.960368,0.80282,2.841308,0,89.619965,0,14.852301,0,60.984959,33.703628,60.815007,50.015719,33.786115,50,27,0,0,0,0,0,0,0,0
2872,60.619448,0,1.897628,0,37.972841,25.04386,0.802115,2.851726,0,89.187913,0,14.870219,0,60.933798,33.484377,60.311984,49.876608,33.506658,50,27,0,0,0,0,0,0,0,0
2873,60.492226,0,1.90086,0,38.228269,24.983865,0.798915,2.854388,0,89.55752,0,14.896319,0,60.807931,33.864075,61.025906,50.074547,33.903281,50,27,0,0,0,0,0,0,0,0
2874,60.666587,0,1.901148,0,38.073954,25.024198,0.794419,2.860012,0,89.48792,0,14.901266,0,60.371703,33.990878,60.843529,50.023768,33.801961,50,27,0,0,0,0,0,0,0,0
2875,60.708329,0,1.900759,0,37.986379,24.905435,0.800103,2.847121,0,89.153323,0,14.884258,0,60.85366,33.762886,60.815077,50.015785,33.786154,50,27,0,0,0,0,0,0,0,0
2876,60.707919,0,1.908552,0,38.024428,25.039637,0.798713,2.838357,0,89.056368,0,14.9406,0,60.711613,33.832117,60.821477,50.017476,33.789709,50,27,0,0,0,0,0,0,0,0
2877,60.849309,0,1.900093,0,38.027821,25.048851,0.797123,2.853843,0,89.320936,0,14.877926,0,60.805276,33.94822,61.153177,50.109069,33.973987,50,27,0,0,0,0,0,0,0,0
2878,60.861642,0,1.898524,0,37.929628,24.86023,0.800252,2.846311,0,89.424888,0,14.861483,0,60.818961,33.677078,60.573177,49.948217,33.651765,50,27,0,0,0,0,0,0,0,0
2879,60.488777,0,1.895614,0,37.835535,24.902135,0.797463,2.844865,0,89.16334,0,14.858097,0,60.929546,33.658174,60.65925,49.972265,33.699583,50,27,0,0,0,0,0,0,0,0
2880,60.786912,0,1.896778,0,38.265517,25.156167,0.796794,2.834979,0,89.489099,0,14.83339,0,60.732486,33.740214,60.652135,49.970436,33.695631,50,27,0,0,0,0,0,0,0,0
2881,60.612379,0,1.91104,0,37.782189,24.842738,0.8072,2.853105,0,89.18745,0,14.817193,0,61.058888,33.719087,60.938994,50.04987,33.854997,50,27,0,0,0,0,0,0,0,0
2882,60.682407,0,1.887412,0,37.969264,24.960026,0.802292,2.842478,0,89.200793,0,14.916492,0,60.646445,33.650251,60.388845,49.897563,33.549358,50,27,0,0,0,0,0,0,0,0
2883,60.588366,0,1.899028,0,37.693234,24.833329,0.799179,2.861316,0,88.875661,0,14.786894,0,60.565977,33.91172,60.876012,50.032723,33.820006,50,27,0,0,0,0,0,0,0,0
2884,60.815478,0,1.889356,0,38.011639,25.030895,0.799218,2.853347,0,89.092442,0,14.784764,0,60.812577,33.763335,60.790237,50.008853,33.772354,50,27,0,0,0,0,0,0,0,0
2885,60.571807,0,1.901925,0,38.047036,25.069862,0.799378,2.860352,0,89.300595,0,14.812408,0,60.624847,33.799232,60.679622,49.978235,33.710901,50,27,0,0,0,0,0,0,0,0
2886,60.790193,0,1.908665,0,38.049417,24.96679,0.798329,2.860519,0,88.847176,0,14.808657,0,60.563096,33.939968,60.911312,50.042382,33.839618,50,27,0,0,0,0,0,0,0,0
2887,60.681628,0,1.897577,0,37.896199,24.95347,0.795353,2.862002,0,89.669993,0,14.856287,0,61.283381,33.40669,60.484951,49.924326,33.60275,50,27,0,0,0,0,0,0,0,0
2888,60.553084,0,1.904661,0,38.012936,25.08369,0.798726,2.842242,0,88.913262,0,14.908316,0,60.850967,33.810433,60.954083,50.054369,33.86338,50,27,0,0,0,0,0,0,0,0
2889,60.616905,0,1.887669,0,37.850126,25.083848,0.799579,2.859243,0,89.205395,0,14.879517,0,60.940842,33.671457,60.744363,49.996133,33.746868,50,27,0,0,0,0,0,0,0,0
2890,60.668043,0,1.894445,0,37.790108,25.026642,0.800383,2.856361,0,89.331384,0,14.884104,0,60.930134,33.740773,60.892148,50.036999,33.828971,50,27,0,0,0,0,0,0,0,0
2891,60.580206,0,1.902156,0,38.166653,25.037165,0.800048,2.837409,0,89.07254,0,14.875393,0,60.682693,33.723188,60.609987,49.958827,33.672215,50,27,0,0,0,0,0,0,0,0
2892,60.638479,0,1.900302,0,38.072908,25.145094,0.799393,2.849782,0,88.955789,0,14.904957,0,60.817353,33.716066,60.734169,49.993355,33.741205,50,27,0,0,0,0,0,0,0,0
2893,60.871891,0,1.902034,0,37.984546,25.052084,0.797708,2.856396,0,88.892076,0,14.849779,0,60.637002,33.618917,60.354092,49.888337,33.530051,50,27,0,0,0,0,0,0,0,0
2894,61.015397,0,1.907476,0,37.87472,24.829008,0.802881,2.847957,0,89.120411,0,14.839613,0,60.758302,33.835912,60.950799,50.053819,33.861555,50,27,0,0,0,0,0,0,0,0
2895,60.794658,0,1.904272,0,37.88495,24.960905,0.801302,2.854511,0,89.233699,0,14.863025,0,60.657166,33.805364,60.773194,50.004463,33.762886,50,27,0,0,0,0,0,0,0,0
2896,60.722672,0,1.894195,0,38.017365,25.087061,0.802352,2.834569,0,89.192781,0,14.847139,0,60.839263,33.759277,60.850825,50.025897,33.806014,50,27,0,0,0,0,0,0,0,0
2897,60.733533,0,1.902532,0,38.087992,24.924555,0.800113,2.857719,0,88.750372,0,14.920235,0,60.597777,33.872238,60.846893,50.024682,33.803829,50,27,0,0,0,0,0,0,0,0
2898,60.744852,0,1.902175,0,37.914293,25.023447,0.795826,2.865693,0,89.009885,0,14.868812,0,60.402604,34.061193,61.034727,50.076475,33.908182,50,27,0,0,0,0,0,0,0,0
2899,60.767019,0,1.90257,0,38.098478,25.06495,0.803058,2.840525,0,88.998177,0,14.865922,0,60.942266,33.595062,60.551636,49.942571,33.639798,50,27,0,0,0,0,0,0,0,0
2900,60.571298,0,1.909142,0,38.130938,25.072647,0.7976,2.829774,0,89.197472,0,14.875423,0,60.801628,33.826852,60.924346,50.045872,33.846859,50,27,0,0,0,0,0,0,0,0
2901,60.863704,0,1.899977,0,37.859224,25.136318,0.796645,2.87565,0,88.717593,0,14.883371,0,60.897107,33.779943,60.913205,50.042564,33.840669,50,27,0,0,0,0,0,0,0,0
2902,60.965361,0,1.899433,0,38.106738,24.891442,0.800005,2.86161,0,89.110955,0,14.898232,0,60.907405,33.62549,60.596697,49.954871,33.664832,50,27,0,0,0,0,0,0,0,0
2903,60.810948,0,1.892552,0,37.917879,24.995831,0.797631,2.865843,0,89.261316,0,14.896661,0,60.630193,33.90488,60.928242,50.046733,33.849024,50,27,0,0,0,0,0,0,0,0
2904,60.616951,0,1.893392,0,37.953456,25.013454,0.801613,2.849455,0,88.873222,0,14.838165,0,60.846709,33.882484,61.078889,50.088139,33.932716,50,27,0,0,0,0,0,0,0,0
2905,60.536765,0,1.895298,0,38.026666,24.882783,0.801184,2.85865,0,89.305505,0,14.831245,0,61.177935,33.618444,60.838646,50.021298,33.799248,50,27,0,0,0,0,0,0,0,0
2906,60.949306,0,1.903422,0,37.834302,24.935957,0.797719,2.841652,0,88.851072,0,14.907586,0,60.678158,33.899203,60.9523,50.052606,33.862389,50,27,0,0,0,0,0,0,0,0
2907,60.822154,0,1.903767,0,37.962443,24.905622,0.798276,2.853598,0,89.048784,0,14.912466,0,60.241665,34.033543,60.782047,50.005287,33.767804,50,27,0,0,0,0,0,0,0,0
2908,60.694499,0,1.915449,0,38.045261,25.087818,0.805116,2.830896,0,89.548403,0,14.870065,0,60.645169,33.771058,60.598096,49.954417,33.665609,50,27,0,0,0,0,0,0,0,0
2909,60.685509,0,1.898261,0,38.017785,25.07325,0.802048,2.844386,0,89.201568,0,14.85089,0,61.143914,33.663056,60.871967,50.030341,33.817759,50,27,0,0,0,0,0,0,0,0
2910,60.851098,0,1.892464,0,37.862723,25.100446,0.799626,2.859406,0,89.198432,0,14.872768,0,61.141412,33.745796,61.060993,50.082436,33.922774,50,27,0,0,0,0,0,0,0,0
2911,60.740843,0,1.894467,0,38.208273,25.109739,0.80228,2.839344,0,89.565197,0,14.808579,0,60.800803,33.84249,60.929374,50.045647,33.849652,50,27,0,0,0,0,0,0,0,0
2912,61.1226,0,1.899767,0,38.191433,25.084784,0.795907,2.840052,0,88.589042,0,14.935976,0,60.544674,33.83217,60.643439,49.966388,33.690799,50,27,0,0,0,0,0,0,0,0
2913,61.015414,0,1.88679,0,38.074704,24.957053,0.802185,2.853571,0,89.288532,0,14.941226,0,60.623186,33.859317,60.773043,50.002377,33.762801,50,27,0,0,0,0,0,0,0,0
2914,60.768717,0,1.902062,0,38.091891,24.992019,0.801249,2.84535,0,89.063271,0,14.919216,0,60.878976,33.721824,60.729443,49.990315,33.738579,50,27,0,0,0,0,0,0,0,0
2915,60.516872,0,1.893363,0,37.965648,24.955426,0.798489,2.845469,0,89.149775,0,14.90182,0,60.724491,33.856619,60.868634,50.028835,33.815908,50,27,0,0,0,0,0,0,0,0
2916,60.608293,0,1.902758,0,37.952141,24.940082,0.801811,2.857307,0,89.440412,0,14.959387,0,60.988506,33.668497,60.726821,49.989495,33.737123,50,27,0,0,0,0,0,0,0,0
2917,60.880006,0,1.90456,0,37.926761,25.098058,0.798381,2.853162,0,89.151972,0,14.857872,0,60.750934,33.764387,60.707872,49.98431,33.726595,50,27,0,0,0,0,0,0,0,0
2918,60.544726,0,1.911228,0,37.971997,25.02126,0.798928,2.859516,0,89.322403,0,14.917537,0,60.807095,33.745535,60.726958,49.989663,33.737199,50,27,0,0,0,0,0,0,0,0
2919,60.783572,0,1.898695,0,38.048165,24.979395,0.805177,2.845813,0,89.359753,0,14.81353,0,60.99306,33.586619,60.582719,49.949847,33.657066,50,27,0,0,0,0,0,0,0,0
2920,60.749266,0,1.898906,0,38.094103,24.984998,0.800185,2.838596,0,88.616757,0,14.871413,0,60.610036,33.827546,60.733547,49.991785,33.740859,50,27,0,0,0,0,0,0,0,0
2921,60.682117,0,1.896704,0,38.004574,25.035474,0.80088,2.841433,0,89.057501,0,14.842554,0,60.878835,33.756776,60.845346,50.022727,33.80297,50,27,0,0,0,0,0,0,0,0
2922,60.776306,0,1.906812,0,37.985018,24.937886,0.801437,2.858295,0,88.813793,0,14.911958,0,60.876695,33.654011,60.628529,49.962687,33.682516,50,27,0,0,0,0,0,0,0,0
2923,60.551928,0,1.900293,0,38.197425,24.972153,0.801595,2.865011,0,89.467259,0,14.819662,0,60.64529,33.788151,60.695586,49.981406,33.71977,50,27,0,0,0,0,0,0,0,0
2924,60.742342,0,1.887682,0,37.948478,24.869303,0.797873,2.848077,0,89.103435,0,14.83042,0,60.550756,33.885016,60.802232,50.010976,33.779018,50,27,0,0,0,0,0,0,0,0
2925,60.969658,0,1.900011,0,37.963032,25.123452,0.796541,2.847721,0,89.669661,0,14.947519,0,60.724612,33.82502,60.833818,50.019651,33.796565,50,27,0,0,0,0,0,0,0,0
2926,60.644278,0,1.90186,0,37.957292,25.094624,0.795411,2.858017,0,88.677561,0,14.842198,0,60.957709,33.818971,61.047329,50.078567,33.915183,50,27,0,0,0,0,0,0,0,0
2927,60.808741,0,1.889323,0,37.903161,25.140341,0.799807,2.858934,0,88.672469,0,14.860877,0,60.865151,33.719701,60.739773,49.993169,33.744318,50,27,0,0,0,0,0,0,0,0
2928,60.526077,0,1.898637,0,38.155809,25.105015,0.802345,2.850059,0,89.54113,0,14.87859,0,61.017435,33.681113,60.818498,50.014962,33.788054,50,27,0,0,0,0,0,0,0,0
2929,60.616966,0,1.89896,0,37.946317,25.027599,0.803566,2.850401,0,89.540823,0,14.843131,0,60.721436,33.742523,60.664468,49.972314,33.702482,50,27,0,0,0,0,0,0,0,0
2930,60.799781,0,1.905832,0,38.08698,24.955756,0.79998,2.843406,0,88.934416,0,14.85653,0,60.889461,33.799404,60.956037,50.05304,33.864465,50,27,0,0,0,0,0,0,0,0
2931,60.756583,0,1.890814,0,37.979632,24.946072,0.801581,2.859074,0,89.012217,0,14.888346,0,60.981255,33.680128,60.792072,50.007457,33.773373,50,27,0,0,0,0,0,0,0,0
2932,60.203247,0,1.897252,0,38.077009,25.091845,0.802779,2.848313,0,89.366585,0,14.811575,0,60.910151,33.648716,60.666533,49.972722,33.70363,50,27,0,0,0,0,0,0,0,0
2933,60.638269,0,1.902316,0,38.008378,24.886641,0.800969,2.847791,0,89.159286,0,14.872017,0,60.859208,33.684849,60.707034,49.984052,33.72613,50,27,0,0,0,0,0,0,0,0
2934,60.611493,0,1.897143,0,38.067381,24.952093,0.802158,2.852933,0,89.300699,0,14.835322,0,60.554009,33.936085,60.941296,50.04888,33.856275,50,27,0,0,0,0,0,0,0,0
2935,60.723738,0,1.899853,0,38.03925,24.992755,0.797554,2.871872,0,89.107597,0,14.888335,0,60.931288,33.696787,60.789602,50.006709,33.772001,50,27,0,0,0,0,0,0,0,0
2936,61.051342,0,1.90602,0,38.269509,25.007532,0.799498,2.849303,0,89.031327,0,14.841666,0,60.468425,33.934764,60.837576,50.019936,33.798653,50,27,0,0,0,0,0,0,0,0
2937,60.84915,0,1.89647,0,37.926171,25.125949,0.797521,2.840584,0,89.029197,0,14.900807,0,60.73402,33.736507,60.6619,49.971281,33.701056,50,27,0,0,0,0,0,0,0,0
2938,60.64604,0,1.891242,0,37.774772,24.961516,0.800347,2.849025,0,89.010438,0,14.813738,0,60.999676,33.592049,60.627349,49.961874,33.68186,50,27,0,0,0,0,0,0,0,0
2939,60.644883,0,1.900707,0,37.965207,25.034137,0.799615,2.8613,0,88.761773,0,14.898116,0,60.266382,33.995861,60.769115,50.001247,33.760619,50,27,0,0,0,0,0,0,0,0
2940,60.581091,0,1.886573,0,38.023672,24.93361,0.800733,2.859768,0,88.851929,0,14.937315,0,60.932363,33.757139,60.900121,50.03745,33.8334,50,27,0,0,0,0,0,0,0,0
2941,60.654543,0,1.901472,0,37.88499,25.036876,0.801728,2.838266,0,88.831674,0,14.80749,0,60.658927,33.684518,60.475515,49.919905,33.597508,50,27,0,0,0,0,0,0,0,0
2942,60.912728,0,1.893605,0,37.798322,25.087309,0.802143,2.842033,0,89.518483,0,14.821889,0,60.973008,33.714094,60.863446,50.027526,33.813026,50,27,0,0,0,0,0,0,0,0
2943,60.705996,0,1.897944,0,37.866833,24.952185,0.802463,2.851267,0,88.849221,0,14.838119,0,60.594459,33.826989,60.729885,49.990473,33.738825,50,27,0,0,0,0,0,0,0,0
2944,60.637592,0,1.895533,0,38.06374,25.03008,0.800962,2.852943,0,89.208575,0,14.899644,0,60.61075,33.78077,60.640217,49.965736,33.689009,50,27,0,0,0,0,0,0,0,0
2945,60.581296,0,1.905359,0,38.308652,24.86747,0.798231,2.857717,0,89.413159,0,14.853062,0,60.637524,33.884735,60.884451,50.033412,33.824695,50,27,0,0,0,0,0,0,0,0
2946,60.993154,0,1.907106,0,37.95681,25.128266,0.798576,2.850569,0,89.342116,0,14.889594,0,61.103644,33.501233,60.526188,49.934224,33.62566,50,27,0,0,0,0,0,0,0,0
2947,60.477623,0,1.901292,0,38.237753,25.017772,0.796652,2.858434,0,88.995113,0,14.906526,0,60.96152,33.756532,60.958677,50.054089,33.865932,50,27,0,0,0,0,0,0,0,0
2948,60.882714,0,1.901384,0,37.944623,24.919169,0.800541,2.852981,0,89.194564,0,14.905041,0,60.918885,33.805338,61.019169,50.07054,33.899539,50,27,0,0,0,0,0,0,0,0
2949,60.242615,0,1.902601,0,37.979513,24.921033,0.797226,2.849776,0,89.273002,0,14.815824,0,60.329921,33.907006,60.638393,49.964944,33.687996,50,27,0,0,0,0,0,0,0,0
2950,60.846304,0,1.889871,0,38.062559,25.046664,0.79802,2.847956,0,88.987498,0,14.913694,0,60.838145,33.792058,60.884869,50.033243,33.824927,50,27,0,0,0,0,0,0,0,0
2951,60.610346,0,1.902845,0,38.050703,24.937884,0.801659,2.865288,0,89.000443,0,14.916547,0,60.948122,33.818471,61.04764,50.078067,33.915356,50,27,0,0,0,0,0,0,0,0
2952,60.500554,0,1.884092,0,37.795741,25.060196,0.800318,2.854651,0,88.974842,0,14.91752,0,60.583206,33.75581,60.544329,49.938565,33.635738,50,27,0,0,0,0,0,0,0,0
2953,61.009278,0,1.908419,0,38.105665,25.054999,0.802632,2.866382,0,89.534163,0,14.893182,0,60.650091,33.823547,60.756528,49.997522,33.753627,50,27,0,0,0,0,0,0,0,0
2954,60.828459,0,1.896684,0,38.109365,24.949324,0.799453,2.855586,0,89.321351,0,14.842665,0,60.551953,33.953818,60.926527,50.044521,33.848071,50,27,0,0,0,0,0,0,0,0
2955,61.034127,0,1.903317,0,38.077339,25.014882,0.799073,2.855391,0,89.279565,0,14.859424,0,60.693804,33.731335,60.575667,49.947324,33.653149,50,27,0,0,0,0,0,0,0,0
2956,60.540421,0,1.895397,0,37.904526,25.152093,0.801346,2.856562,0,89.342789,0,14.847947,0,61.032456,33.707093,60.870568,50.029095,33.816982,50,27,0,0,0,0,0,0,0,0
2957,60.548014,0,1.888718,0,37.991787,24.896453,0.803593,2.842951,0,89.259019,0,14.850243,0,61.093714,33.556844,60.625013,49.96108,33.680563,50,27,0,0,0,0,0,0,0,0
2958,60.794862,0,1.909881,0,38.123164,24.950306,0.799702,2.844301,0,89.362154,0,14.78266,0,61.028072,33.556054,60.586998,49.950766,33.659443,50,27,0,0,0,0,0,0,0,0
2959,60.644729,0,1.904995,0,38.12796,25.008387,0.798933,2.841861,0,89.284142,0,14.849901,0,60.880787,33.670752,60.70922,49.984793,33.727345,50,27,0,0,0,0,0,0,0,0
2960,60.805426,0,1.894123,0,37.994022,24.944356,0.79805,2.860391,0,89.311357,0,14.779762,0,60.608647,33.758331,60.63254,49.963675,33.684744,50,27,0,0,0,0,0,0,0,0
2961,61.021178,0,1.897969,0,38.058028,24.939793,0.799421,2.855805,0,89.193091,0,14.838406,0,60.501284,33.758667,60.524394,49.933964,33.624663,50,27,0,0,0,0,0,0,0,0
2962,60.743533,0,1.908283,0,38.189228,24.83151,0.796585,2.845093,0,89.09832,0,14.888137,0,61.071063,33.482511,60.510211,49.930373,33.616784,50,27,0,0,0,0,0,0,0,0
2963,60.767687,0,1.90596,0,37.869703,24.981057,0.796744,2.843911,0,89.06752,0,14.911974,0,60.796982,33.76086,60.858326,50.026937,33.810181,50,27,0,0,0,0,0,0,0,0
2964,60.602986,0,1.905155,0,37.97226,25.053805,0.802121,2.846417,0,88.986354,0,14.901663,0,60.685097,33.741798,60.702399,49.983705,33.723555,50,27,0,0,0,0,0,0,0,0
2965,60.450464,0,1.912621,0,37.733899,25.04368,0.800391,2.844493,0,89.325177,0,14.832206,0,60.873687,33.70397,60.810113,50.013558,33.783396,50,27,0,0,0,0,0,0,0,0
2966,60.81312,0,1.898422,0,37.955083,24.907426,0.795059,2.861593,0,88.835925,0,14.81245,0,61.001008,33.717584,60.970125,50.057717,33.872291,50,27,0,0,0,0,0,0,0,0
2967,60.624922,0,1.90659,0,38.045516,24.964126,0.801787,2.865294,0,89.237427,0,14.749742,0,60.567312,33.706886,60.515793,49.931854,33.619885,50,27,0,0,0,0,0,0,0,0
2968,60.630604,0,1.897636,0,38.013438,24.884945,0.797898,2.843534,0,88.99582,0,14.899378,0,60.405029,33.934866,60.837625,50.021146,33.79868,50,27,0,0,0,0,0,0,0,0
2969,60.824826,0,1.904555,0,37.954671,24.996621,0.798938,2.849431,0,89.452392,0,14.888692,0,60.507766,33.808946,60.647711,49.96855,33.693173,50,27,0,0,0,0,0,0,0,0
2970,61.008656,0,1.914229,0,38.044929,24.983974,0.797751,2.850373,0,89.043004,0,14.786058,0,60.501053,33.780833,60.572952,49.948043,33.65164,50,27,0,0,0,0,0,0,0,0
2971,60.655506,0,1.900216,0,37.986324,25.008983,0.797746,2.843949,0,89.222652,0,14.841045,0,60.789979,33.651217,60.583975,49.951348,33.657764,50,27,0,0,0,0,0,0,0,0
2972,60.861485,0,1.892682,0,38.045822,25.122274,0.798689,2.860209,0,89.097772,0,14.897867,0,60.760692,33.800455,60.882362,50.034063,33.823534,50,27,0,0,0,0,0,0,0,0
2973,60.7129,0,1.906091,0,38.136286,25.068051,0.80077,2.851364,0,89.253385,0,14.929502,0,60.884794,33.719783,60.828693,50.01906,33.793718,50,27,0,0,0,0,0,0,0,0
2974,61.091211,0,1.911043,0,37.880438,24.886481,0.801399,2.84592,0,89.240963,0,14.842963,0,60.665886,33.661012,60.489321,49.925164,33.605178,50,27,0,0,0,0,0,0,0,0
2975,60.955388,0,1.894503,0,38.158305,25.001558,0.801156,2.852376,0,88.692611,0,14.891487,0,60.510048,33.920637,60.892165,50.036881,33.82898,50,27,0,0,0,0,0,0,0,0
2976,60.731612,0,1.890458,0,37.864316,25.061397,0.799853,2.824725,0,88.74581,0,14.862862,0,60.711467,33.805499,60.826831,50.01864,33.792684,50,27,0,0,0,0,0,0,0,0
2977,60.810339,0,1.899252,0,37.927215,25.085325,0.803141,2.834884,0,88.803738,0,14.871344,0,60.595536,33.760161,60.608055,49.958078,33.671142,50,27,0,0,0,0,0,0,0,0
2978,60.748171,0,1.891521,0,37.937455,25.035312,0.79902,2.84504,0,88.806975,0,14.954591,0,60.785572,33.692427,60.654432,49.971105,33.696907,50,27,0,0,0,0,0,0,0,0
2979,60.658368,0,1.896372,0,38.084065,25.007888,0.799316,2.835472,0,89.076299,0,14.931605,0,60.731405,33.865914,60.97441,50.059689,33.874672,50,27,0,0,0,0,0,0,0,0
2980,60.751417,0,1.892024,0,38.012991,24.872525,0.802141,2.847825,0,89.059861,0,14.853705,0,60.911616,33.765728,60.928105,50.046594,33.848947,50,27,0,0,0,0,0,0,0,0
2981,60.824909,0,1.90236,0,37.867362,24.938623,0.795875,2.849525,0,89.039174,0,14.810339,0,60.530253,33.758814,60.531126,49.936639,33.628403,50,27,0,0,0,0,0,0,0,0
2982,60.66588,0,1.904142,0,37.842563,24.81608,0.798753,2.867541,0,89.020041,0,14.80828,0,60.642654,33.775788,60.679277,49.977902,33.71071,50,27,0,0,0,0,0,0,0,0
2983,60.979041,0,1.902233,0,38.091038,25.075517,0.799498,2.860174,0,89.243518,0,14.845564,0,61.006845,33.638809,60.75224,49.998179,33.751244,50,27,0,0,0,0,0,0,0,0
2984,60.831508,0,1.90034,0,37.897034,24.923084,0.801333,2.839213,0,88.958169,0,14.847582,0,60.695818,33.844387,60.890766,50.036476,33.828203,50,27,0,0,0,0,0,0,0,0
2985,60.504342,0,1.909617,0,38.175695,24.959489,0.797775,2.850643,0,88.594982,0,14.776912,0,60.730944,33.899203,61.029335,50.074594,33.905186,50,27,0,0,0,0,0,0,0,0
2986,60.882014,0,1.894073,0,37.84529,25.024797,0.799019,2.859159,0,89.312093,0,14.821618,0,60.410537,33.973632,60.847278,50.023903,33.804043,50,27,0,0,0,0,0,0,0,0
2987,60.898855,0,1.899771,0,38.163713,25.024459,0.797585,2.839343,0,88.821401,0,14.797638,0,60.89016,33.719416,60.763368,50.000592,33.757427,50,27,0,0,0,0,0,0,0,0
2988,61.091644,0,1.905105,0,37.978848,24.902941,0.803681,2.857467,0,89.525321,0,14.832644,0,60.971696,33.609668,60.621328,49.96133,33.678516,50,27,0,0,0,0,0,0,0,0
2989,60.824741,0,1.911313,0,38.001047,25.123324,0.798916,2.849076,0,89.37913,0,14.833269,0,61.011225,33.611858,60.687375,49.979777,33.715209,50,27,0,0,0,0,0,0,0,0
2990,60.847104,0,1.888697,0,37.864145,24.971221,0.796873,2.8347,0,89.517258,0,14.903447,0,60.953578,33.626311,60.680455,49.977965,33.711364,50,27,0,0,0,0,0,0,0,0
2991,60.82735,0,1.897408,0,37.899747,25.023148,0.804052,2.858441,0,89.168712,0,14.913179,0,60.640042,33.606274,60.341723,49.884451,33.52318,50,27,0,0,0,0,0,0,0,0
2992,60.607414,0,1.897939,0,38.246351,24.941593,0.798273,2.854739,0,89.450197,0,14.84757,0,60.156954,34.009542,60.727924,49.99177,33.737736,50,27,0,0,0,0,0,0,0,0
2993,60.635256,0,1.901447,0,37.932916,25.11769,0.799599,2.849155,0,88.932268,0,14.812071,0,60.361919,33.931734,60.733076,49.993235,33.740598,50,27,0,0,0,0,0,0,0,0
2994,60.745125,0,1.905687,0,38.328163,24.971325,0.801459,2.850364,0,89.166978,0,14.860428,0,60.850088,33.797819,60.915573,50.04371,33.841985,50,27,0,0,0,0,0,0,0,0
2995,60.319405,0,1.900061,0,38.087061,24.982532,0.802454,2.83943,0,88.917911,0,14.93329,0,60.878177,33.653261,60.63464,49.965844,33.685911,50,27,0,0,0,0,0,0,0,0
2996,60.712722,0,1.894166,0,37.953696,24.921245,0.796436,2.857172,0,89.18405,0,14.910017,0,60.828321,33.734073,60.77047,50.003557,33.761372,50,27,0,0,0,0,0,0,0,0
2997,60.781701,0,1.903543,0,38.153076,24.878338,0.795846,2.853527,0,89.007578,0,14.834811,0,60.640403,33.91188,60.961229,50.056264,33.867349,50,27,0,0,0,0,0,0,0,0
2998,60.772749,0,1.901826,0,38.028286,25.07902,0.797938,2.856113,0,89.567907,0,14.81053,0,60.867059,33.666734,60.650728,49.970163,33.694849,50,27,0,0,0,0,0,0,0,0
2999,60.744304,0,1.898967,0,37.806293,25.046819,0.802844,2.867643,0,89.467781,0,14.885922,0,60.773024,33.753101,60.752394,49.998411,33.75133,50,27,0,0,0,0,0,0,0,0
3000,60.909869,0,1.890477,0,38.02783,25.169515,0.798272,2.857439,0,89.27046,0,14.93839,0,60.504452,33.666334,60.302087,49.873956,33.501159,50,27,0,0,0,0,0,0,0,0
3001,60.702487,0,1.896051,0,38.053401,25.036719,0.797248,2.851935,0,89.257212,0,14.782553,0,60.876397,33.695363,60.747913,49.997808,33.748841,50,27,0,0,0,0,0,0,0,0
3002,60.704067,0,1.900807,0,37.861374,24.909661,0.801003,2.855175,0,89.397813,0,14.80512,0,60.697001,33.705698,60.598347,49.956479,33.665749,50,27,0,0,0,0,0,0,0,0
3003,60.601731,0,1.896576,0,37.948507,24.997234,0.801119,2.853989,0,88.569385,0,14.916156,0,60.627109,33.874648,60.891,50.037584,33.828333,50,27,0,0,0,0,0,0,0,0
3004,60.949889,0,1.901333,0,37.859928,25.021307,0.797459,2.856504,0,89.382644,0,14.894918,0,60.979762,33.699861,60.85847,50.028406,33.810261,50,27,0,0,0,0,0,0,0,0
3005,60.677448,0,1.89538,0,38.038874,24.909946,0.802828,2.839899,0,88.810742,0,14.832772,0,60.895135,33.604066,60.579355,49.951118,33.655197,50,27,0,0,0,0,0,0,0,0
3006,60.730037,0,1.899431,0,38.026558,24.913581,0.800154,2.833927,0,89.505793,0,14.836094,0,60.530657,33.712633,60.463622,49.919373,33.590901,50,27,0,0,0,0,0,0,0,0
3007,60.78995,0,1.902541,0,37.861954,24.915578,0.802425,2.845244,0,88.945423,0,14.856993,0,60.606134,33.908123,60.95565,50.055769,33.86425,50,27,0,0,0,0,0,0,0,0
3008,60.657445,0,1.892238,0,37.965197,24.971468,0.802872,2.853677,0,88.544865,0,14.863122,0,60.590927,33.918745,60.941004,50.051443,33.856113,50,27,0,0,0,0,0,0,0,0
3009,60.506296,0,1.901962,0,37.922234,25.042961,0.799435,2.851771,0,89.228768,0,14.848803,0,60.830163,33.73226,60.764993,50.002539,33.75833,50,27,0,0,0,0,0,0,0,0
3010,60.834514,0,1.893552,0,38.101817,24.964107,0.801236,2.849913,0,89.47364,0,14.853628,0,60.938373,33.661627,60.728286,49.99238,33.737937,50,27,0,0,0,0,0,0,0,0
3011,60.968643,0,1.889741,0,38.053618,24.928606,0.795851,2.839991,0,89.399948,0,14.888089,0,60.479039,33.87972,60.742122,49.996243,33.745624,50,27,0,0,0,0,0,0,0,0
3012,60.587058,0,1.903634,0,37.889853,24.940043,0.798179,2.848629,0,88.72853,0,14.907727,0,60.802283,33.655693,60.576367,49.950447,33.653537,50,27,0,0,0,0,0,0,0,0
3013,60.978129,0,1.908608,0,37.813602,25.059893,0.801086,2.856838,0,89.457489,0,14.756711,0,61.234273,33.566386,60.834095,50.021929,33.796719,50,27,0,0,0,0,0,0,0,0
3014,60.889633,0,1.902979,0,38.070095,25.077221,0.804315,2.849353,0,89.080335,0,14.918066,0,60.810986,33.620754,60.550501,49.943435,33.639167,50,27,0,0,0,0,0,0,0,0
3015,60.825611,0,1.895491,0,38.059297,24.871951,0.800828,2.856421,0,89.062626,0,14.806824,0,60.845345,33.552159,60.456449,49.917721,33.586916,50,27,0,0,0,0,0,0,0,0
3016,60.873777,0,1.898906,0,38.225784,25.007098,0.798603,2.846915,0,88.932485,0,14.816038,0,60.597513,33.906136,60.979592,50.062725,33.877551,50,27,0,0,0,0,0,0,0,0
3017,60.887409,0,1.890485,0,37.992175,24.967691,0.79847,2.852014,0,89.217809,0,14.799766,0,60.874953,33.785086,60.977811,50.061921,33.876562,50,27,0,0,0,0,0,0,0,0
3018,60.932397,0,1.89467,0,37.936228,25.145032,0.798622,2.852652,0,89.371737,0,14.8869,0,60.723624,33.664598,60.5659,49.947762,33.647722,50,27,0,0,0,0,0,0,0,0
3019,60.576251,0,1.897215,0,37.914778,24.960924,0.798373,2.83942,0,89.17349,0,14.859404,0,60.755586,33.709896,60.703271,49.985991,33.724039,50,27,0,0,0,0,0,0,0,0
3020,60.627985,0,1.900581,0,37.880553,24.985977,0.803277,2.846309,0,89.071101,0,14.839009,0,60.635882,33.687711,60.540039,49.940944,33.633355,50,27,0,0,0,0,0,0,0,0
3021,61.015885,0,1.89456,0,38.02544,24.962363,0.795941,2.855504,0,89.304125,0,14.843513,0,60.68694,33.776291,60.783936,50.00865,33.768853,50,27,0,0,0,0,0,0,0,0
3022,60.919418,0,1.890607,0,37.862272,25.018393,0.800676,2.856417,0,89.32451,0,14.857031,0,60.903262,33.798129,61.040261,50.079454,33.911256,50,27,0,0,0,0,0,0,0,0
3023,60.629036,0,1.890667,0,37.933398,25.107483,0.799685,2.844122,0,88.756528,0,14.866447,0,60.671878,33.888098,60.990092,50.065192,33.883384,50,27,0,0,0,0,0,0,0,0
3024,60.547895,0,1.90393,0,37.97507,24.920788,0.797928,2.860932,0,89.152515,0,14.841928,0,60.660212,33.740331,60.646842,49.969995,33.69269,50,27,0,0,0,0,0,0,0,0
3025,60.714514,0,1.904264,0,38.109232,25.060663,0.797777,2.848245,0,89.634624,0,14.837687,0,60.806835,33.753854,60.822826,50.018785,33.790459,50,27,0,0,0,0,0,0,0,0
3026,60.766747,0,1.90713,0,37.795513,25.032696,0.80014,2.862777,0,89.11109,0,14.816786,0,60.64267,33.723902,60.59448,49.955578,33.6636,50,27,0,0,0,0,0,0,0,0
3027,60.563766,0,1.89924,0,37.999322,25.008365,0.797631,2.845761,0,89.35481,0,14.865387,0,60.795243,33.777373,60.862857,50.029977,33.812698,50,27,0,0,0,0,0,0,0,0
3028,60.605491,0,1.902348,0,37.980914,25.013305,0.802638,2.858086,0,89.330846,0,14.766695,0,60.879247,33.653602,60.681556,49.979718,33.711976,50,27,0,0,0,0,0,0,0,0
3029,60.900107,0,1.90092,0,38.018056,25.036,0.800372,2.853853,0,89.730692,0,14.840821,0,60.989467,33.684215,60.868705,50.031546,33.815947,50,27,0,0,0,0,0,0,0,0
3030,60.567928,0,1.894602,0,38.007255,24.947816,0.801978,2.862634,0,89.402371,0,14.825998,0,60.816302,33.664832,60.662201,49.974312,33.701223,50,27,0,0,0,0,0,0,0,0
3031,60.907394,0,1.905155,0,38.115172,24.943237,0.79636,2.850958,0,88.906649,0,14.779069,0,60.607105,33.878538,60.913421,50.043876,33.84079,50,27,0,0,0,0,0,0,0,0
3032,60.901972,0,1.890234,0,37.861603,24.96898,0.800058,2.846793,0,89.573438,0,14.855371,0,60.703294,33.840207,60.909611,50.042604,33.838673,50,27,0,0,0,0,0,0,0,0
3033,60.976977,0,1.899643,0,37.932688,24.995684,0.803891,2.855201,0,89.143766,0,14.845171,0,60.687607,33.803691,60.804003,50.013203,33.780002,50,27,0,0,0,0,0,0,0,0
3034,60.694688,0,1.893407,0,38.069826,25.105518,0.796965,2.842086,0,89.180575,0,14.880443,0,60.622833,33.707382,60.528803,49.937073,33.627113,50,27,0,0,0,0,0,0,0,0
3035,61.149201,0,1.898832,0,37.886342,25.066549,0.80175,2.836598,0,89.348217,0,14.919656,0,60.819422,33.652323,60.615129,49.961246,33.675071,50,27,0,0,0,0,0,0,0,0
3036,60.808945,0,1.910292,0,37.868839,24.871667,0.796229,2.858145,0,89.148503,0,14.916135,0,60.810426,33.788883,60.906959,50.0421,33.837199,50,27,0,0,0,0,0,0,0,0
3037,61.1341,0,1.903355,0,37.844447,25.153361,0.79699,2.855298,0,89.383045,0,14.822622,0,60.674681,33.600715,60.368262,49.892997,33.537923,50,27,0,0,0,0,0,0,0,0
3038,60.914942,0,1.907486,0,38.161627,24.91465,0.798707,2.861237,0,88.48505,0,14.767882,0,60.610123,33.708195,60.549572,49.943642,33.638651,50,27,0,0,0,0,0,0,0,0
3039,60.816987,0,1.907326,0,37.797605,24.96681,0.801428,2.842583,0,89.086199,0,14.861523,0,60.630777,33.833987,60.839352,50.024017,33.79964,50,27,0,0,0,0,0,0,0,0
3040,60.885541,0,1.910504,0,38.080595,24.971231,0.802751,2.846291,0,89.179612,0,14.857338,0,60.74277,33.75195,60.765262,50.003419,33.758479,50,27,0,0,0,0,0,0,0,0
3041,60.753116,0,1.89337,0,37.896683,24.968023,0.796213,2.853837,0,88.825774,0,14.73319,0,60.667244,33.927437,61.058499,50.084451,33.921388,50,27,0,0,0,0,0,0,0,0
3042,60.866743,0,1.89772,0,38.097694,25.056176,0.801483,2.852956,0,89.175752,0,14.784694,0,60.758473,33.74901,60.748906,49.998461,33.749392,50,27,0,0,0,0,0,0,0,0
3043,60.890967,0,1.901055,0,38.094351,25.006341,0.800959,2.84033,0,89.757333,0,14.903457,0,60.9246,33.701868,60.816189,50.017065,33.786772,50,27,0,0,0,0,0,0,0,0
3044,60.555188,0,1.902982,0,38.157559,25.053418,0.800787,2.835153,0,89.188328,0,14.933046,0,60.808404,33.874322,61.070541,50.087282,33.928078,50,27,0,0,0,0,0,0,0,0
3045,60.472087,0,1.894162,0,38.022522,25.083028,0.7977,2.849346,0,89.179871,0,14.939291,0,60.747908,33.699492,60.624878,49.963669,33.680488,50,27,0,0,0,0,0,0,0,0
3046,60.788319,0,1.884481,0,38.057011,24.939238,0.79749,2.842758,0,89.044492,0,14.912457,0,60.872337,33.654156,60.661365,49.973934,33.700758,50,27,0,0,0,0,0,0,0,0
3047,60.893159,0,1.899982,0,37.992913,24.871647,0.794595,2.842702,0,89.427163,0,14.893756,0,61.092324,33.519339,60.610158,49.959911,33.67231,50,27,0,0,0,0,0,0,0,0
3048,60.637882,0,1.896861,0,37.829473,24.879506,0.796531,2.852337,0,89.489621,0,14.78817,0,60.979633,33.650463,60.804193,50.013741,33.780107,50,27,0,0,0,0,0,0,0,0
3049,60.897044,0,1.904003,0,37.925294,25.092033,0.800292,2.86432,0,88.636136,0,14.84308,0,60.72409,33.67627,60.614051,49.961118,33.674473,50,27,0,0,0,0,0,0,0,0
3050,60.72233,0,1.902639,0,37.921964,25.013542,0.795387,2.839603,0,89.088751,0,14.883295,0,60.868108,33.788227,61.001106,50.068292,33.889503,50,27,0,0,0,0,0,0,0,0
3051,60.60247,0,1.894813,0,38.126939,25.034005,0.797253,2.845346,0,88.795994,0,14.818393,0,60.781788,33.788606,60.907274,50.042017,33.837374,50,27,0,0,0,0,0,0,0,0
3052,60.506244,0,1.903004,0,38.05513,24.904138,0.800648,2.849076,0,88.788602,0,14.821434,0,60.903537,33.537368,60.491225,49.926814,33.606236,50,27,0,0,0,0,0,0,0,0
3053,60.480187,0,1.899969,0,38.068118,24.904456,0.798715,2.840186,0,89.747612,0,14.956933,0,60.655293,33.609394,60.42068,49.90768,33.567045,50,27,0,0,0,0,0,0,0,0
3054,60.983703,0,1.90217,0,37.944405,24.950452,0.802175,2.853778,0,89.443102,0,14.793138,0,60.852988,33.652719,60.724426,49.992093,33.735792,50,27,0,0,0,0,0,0,0,0
3055,60.740873,0,1.8941,0,37.838331,25.030287,0.801143,2.851947,0,88.74822,0,14.79657,0,60.769336,33.723442,60.797991,50.012465,33.776662,50,27,0,0,0,0,0,0,0,0
3056,60.675085,0,1.900784,0,38.071564,25.002517,0.798423,2.829238,0,88.543459,0,14.835436,0,60.417962,34.002106,61.032633,50.077257,33.907018,50,27,0,0,0,0,0,0,0,0
3057,60.646995,0,1.898054,0,37.829449,24.885745,0.800317,2.859029,0,89.179664,0,14.83737,0,61.006594,33.607886,60.751291,49.999111,33.750717,50,27,0,0,0,0,0,0,0,0
3058,60.835988,0,1.891932,0,38.041175,25.010703,0.800892,2.847068,0,89.048795,0,14.927059,0,60.48825,33.724522,60.494932,49.928259,33.608296,50,27,0,0,0,0,0,0,0,0
3059,60.668589,0,1.903361,0,38.132601,24.945433,0.803668,2.840111,0,88.807963,0,14.825562,0,60.787787,33.616701,60.566617,49.94843,33.648121,50,27,0,0,0,0,0,0,0,0
3060,60.436751,0,1.914705,0,38.070008,24.991274,0.799134,2.85901,0,88.614397,0,14.823938,0,60.786462,33.827618,61.024017,50.07511,33.902232,50,27,0,0,0,0,0,0,0,0
3061,60.956831,0,1.902518,0,38.026856,24.917284,0.797225,2.845787,0,89.015199,0,14.751068,0,60.793465,33.859777,61.084009,50.091318,33.935561,50,27,0,0,0,0,0,0,0,0
3062,61.296747,0,1.906071,0,37.825154,25.119024,0.801349,2.86038,0,89.390468,0,14.927346,0,60.46247,33.939187,60.90236,50.040656,33.834644,50,27,0,0,0,0,0,0,0,0
3063,60.776803,0,1.896898,0,37.837629,25.03784,0.79847,2.836759,0,89.453755,0,14.765613,0,60.887147,33.739393,60.878104,50.033749,33.821169,50,27,0,0,0,0,0,0,0,0
3064,60.927521,0,1.899249,0,37.935355,25.01974,0.805575,2.86012,0,89.124044,0,14.780748,0,60.939473,33.603706,60.64478,49.969092,33.691545,50,27,0,0,0,0,0,0,0,0
3065,60.569662,0,1.889879,0,38.08217,25.110143,0.800093,2.846311,0,88.784176,0,14.858225,0,60.808511,33.643632,60.616454,49.961416,33.675808,50,27,0,0,0,0,0,0,0,0
3066,60.675256,0,1.898346,0,38.084472,25.098142,0.800048,2.846705,0,89.424919,0,14.898323,0,60.808007,33.652287,60.646211,49.969833,33.692339,50,27,0,0,0,0,0,0,0,0
3067,60.358977,0,1.903819,0,38.009733,25.019572,0.800209,2.845014,0,89.284955,0,14.900535,0,60.562716,33.726542,60.567665,49.948273,33.648703,50,27,0,0,0,0,0,0,0,0
3068,60.820497,0,1.900559,0,38.037896,24.961745,0.8022,2.852717,0,88.941162,0,14.845043,0,60.458399,33.842961,60.708609,49.987487,33.727005,50,27,0,0,0,0,0,0,0,0
3069,60.913185,0,1.900783,0,38.003576,25.028209,0.798445,2.850317,0,89.134016,0,14.825341,0,60.289323,33.965851,60.783116,50.008143,33.768398,50,27,0,0,0,0,0,0,0,0
3070,60.80032,0,1.891507,0,37.754466,25.012082,0.798812,2.847548,0,89.054479,0,14.835829,0,60.549351,33.729517,60.513765,49.933655,33.618758,50,27,0,0,0,0,0,0,0,0
3071,60.568767,0,1.893932,0,37.928911,24.926083,0.796643,2.843336,0,89.652167,0,14.872535,0,60.674989,33.707665,60.595533,49.956585,33.664185,50,27,0,0,0,0,0,0,0,0
3072,60.971874,0,1.902622,0,37.778222,24.981701,0.801224,2.854434,0,89.009706,0,14.883826,0,60.820986,33.691792,60.713013,49.989272,33.729452,50,27,0,0,0,0,0,0,0,0
3073,60.435243,0,1.901353,0,38.106605,24.974538,0.803236,2.838804,0,89.349387,0,14.837366,0,60.774698,33.723574,60.740516,49.996927,33.744731,50,27,0,0,0,0,0,0,0,0
3074,60.948445,0,1.899927,0,38.107056,25.011341,0.799768,2.861457,0,89.10285,0,14.897994,0,60.639195,33.819749,60.810018,50.016152,33.783343,50,27,0,0,0,0,0,0,0,0
3075,60.898825,0,1.909449,0,38.071127,25.005407,0.799763,2.856868,0,89.068051,0,14.885164,0,60.708388,33.727006,60.672903,49.978174,33.707168,50,27,0,0,0,0,0,0,0,0
3076,61.059455,0,1.895879,0,38.069966,25.092259,0.800573,2.842473,0,89.333235,0,14.969844,0,60.807524,33.821996,60.974626,50.061678,33.874792,50,27,0,0,0,0,0,0,0,0
3077,60.630767,0,1.902372,0,38.117909,24.903362,0.799916,2.862139,0,88.879387,0,14.831677,0,60.550645,33.834877,60.734476,49.994994,33.741375,50,27,0,0,0,0,0,0,0,0
3078,60.682997,0,1.89206,0,37.717868,24.994413,0.802737,2.84771,0,89.454676,0,14.814674,0,60.672724,33.865544,60.909752,50.043465,33.838751,50,27,0,0,0,0,0,0,0,0
3079,60.601147,0,1.9083,0,38.05523,25.000605,0.800033,2.848808,0,89.314155,0,14.782901,0,60.790852,33.615002,60.484581,49.925733,33.602545,50,27,0,0,0,0,0,0,0,0
3080,60.89993,0,1.903589,0,38.199265,24.92132,0.799537,2.845136,0,88.726646,0,14.930874,0,60.998826,33.555262,60.585682,49.954046,33.658712,50,27,0,0,0,0,0,0,0,0
3081,60.801505,0,1.904608,0,37.883463,24.930024,0.802032,2.854129,0,89.283893,0,14.858157,0,60.80936,33.680826,60.686898,49.982251,33.714943,50,27,0,0,0,0,0,0,0,0
3082,60.588728,0,1.903245,0,38.105592,25.112686,0.798127,2.848253,0,89.020121,0,14.886859,0,60.551351,33.896056,60.890544,50.038626,33.82808,50,27,0,0,0,0,0,0,0,0
3083,61.025344,0,1.897986,0,37.988463,25.146257,0.795834,2.849258,0,89.102735,0,14.840274,0,60.974337,33.571015,60.606698,49.95998,33.670388,50,27,0,0,0,0,0,0,0,0
3084,60.834065,0,1.902119,0,38.144594,24.881279,0.800512,2.855736,0,89.541857,0,14.832684,0,60.736554,33.735496,60.738845,49.996704,33.743803,50,27,0,0,0,0,0,0,0,0
3085,61.017442,0,1.899603,0,37.957236,24.924803,0.798146,2.845073,0,88.926089,0,14.849242,0,60.570258,33.825853,60.763002,50.003397,33.757223,50,27,0,0,0,0,0,0,0,0
3086,60.99202,0,1.905229,0,38.159705,24.987538,0.799863,2.839576,0,89.00426,0,14.839128,0,60.725235,33.689965,60.619294,49.96366,33.677385,50,27,0,0,0,0,0,0,0,0
3087,61.061872,0,1.888509,0,38.224082,25.18307,0.802878,2.8614,0,89.61912,0,14.893729,0,60.721033,33.67857,60.597677,49.957866,33.665376,50,27,0,0,0,0,0,0,0,0
3088,60.868482,0,1.892233,0,38.201093,24.852509,0.796949,2.849428,0,89.087802,0,14.782507,0,60.575152,33.904437,60.935944,50.051571,33.853302,50,27,0,0,0,0,0,0,0,0
3089,60.706952,0,1.902011,0,38.112674,25.046827,0.801069,2.848088,0,89.04011,0,14.873932,0,60.587276,33.801236,60.707829,49.988265,33.726571,50,27,0,0,0,0,0,0,0,0
3090,60.886683,0,1.900893,0,38.056291,25.070707,0.801538,2.86307,0,89.261938,0,14.844722,0,60.539315,33.706926,60.453398,49.917999,33.585221,50,27,0,0,0,0,0,0,0,0
3091,60.706861,0,1.906271,0,38.121581,24.952678,0.801721,2.84698,0,88.9041,0,14.900749,0,60.921106,33.803173,61.043579,50.081531,33.913099,50,27,0,0,0,0,0,0,0,0
3092,60.930854,0,1.907608,0,37.903451,25.077726,0.796466,2.861437,0,89.331678,0,14.916143,0,60.88231,33.829176,61.05198,50.083447,33.917767,50,27,0,0,0,0,0,0,0,0
3093,60.664532,0,1.901749,0,37.94289,25.002347,0.802968,2.848734,0,89.773137,0,14.885091,0,60.859887,33.713055,60.77401,50.006202,33.763339,50,27,0,0,0,0,0,0,0,0
3094,60.751467,0,1.890447,0,38.022261,24.983495,0.798107,2.864376,0,89.324469,0,14.851168,0,60.786416,33.803058,60.895755,50.039821,33.830975,50,27,0,0,0,0,0,0,0,0
3095,60.862441,0,1.900695,0,38.220286,25.109611,0.800751,2.840572,0,88.842863,0,14.825676,0,60.790963,33.824512,60.938724,50.0515,33.854847,50,27,0,0,0,0,0,0,0,0
3096,60.467537,0,1.898884,0,37.937438,25.068394,0.800496,2.85105,0,89.377744,0,14.898987,0,60.750224,33.664964,60.552202,49.94441,33.640112,50,27,0,0,0,0,0,0,0,0
3097,60.654009,0,1.904638,0,38.002655,24.983204,0.800102,2.833188,0,89.048165,0,14.946444,0,60.950155,33.523947,60.467052,49.921152,33.592807,50,27,0,0,0,0,0,0,0,0
3098,60.444595,0,1.905724,0,38.028702,25.041441,0.79957,2.849932,0,89.019932,0,14.85173,0,61.042216,33.649139,60.853385,50.028325,33.807436,50,27,0,0,0,0,0,0,0,0
3099,60.674495,0,1.895583,0,38.171533,24.917019,0.802718,2.849226,0,88.887967,0,14.835888,0,60.790191,33.460422,60.215087,49.851761,33.452826,50,27,0,0,0,0,0,0,0,0
3100,60.723479,0,1.907163,0,38.102134,25.062488,0.800694,2.849692,0,89.066707,0,14.810081,0,60.831263,33.658228,60.709349,49.989111,33.727416,50,27,0,0,0,0,0,0,0,0
3101,60.755904,0,1.887281,0,38.132459,24.896522,0.802299,2.848823,0,88.957448,0,14.869666,0,60.358969,33.850534,60.65032,49.972849,33.694622,50,27,0,0,0,0,0,0,0,0
3102,60.830721,0,1.90483,0,37.969335,25.067984,0.800804,2.846197,0,88.527513,0,14.781707,0,60.651677,33.664329,60.532041,49.940293,33.628912,50,27,0,0,0,0,0,0,0,0
3103,60.586374,0,1.91146,0,37.992374,24.9371,0.800319,2.83469,0,89.247402,0,14.863995,0,60.113684,34.076667,60.871301,50.03436,33.817389,50,27,0,0,0,0,0,0,0,0
3104,60.75869,0,1.897709,0,37.904861,25.046944,0.801595,2.862736,0,88.823033,0,14.767652,0,60.108853,34.13243,60.936746,50.052277,33.853748,50,27,0,0,0,0,0,0,0,0
3105,60.896985,0,1.90372,0,38.128081,25.001933,0.799574,2.851008,0,89.374088,0,14.757598,0,60.772211,33.828284,60.906803,50.043741,33.837113,50,27,0,0,0,0,0,0,0,0
3106,61.141598,0,1.898215,0,38.137225,25.098235,0.796739,2.848661,0,89.241182,0,14.858087,0,60.888187,33.743679,60.835904,50.023927,33.797724,50,27,0,0,0,0,0,0,0,0
3107,60.824558,0,1.893052,0,37.957321,24.954017,0.803621,2.855166,0,89.148394,0,14.936125,0,60.93601,33.756682,60.914422,50.045511,33.841346,50,27,0,0,0,0,0,0,0,0
3108,61.045921,0,1.894617,0,37.931153,24.986615,0.800979,2.858167,0,89.699163,0,14.893189,0,60.607594,33.688249,60.443004,49.914986,33.579447,50,27,0,0,0,0,0,0,0,0
3109,60.800247,0,1.897388,0,37.960446,24.922485,0.802368,2.856378,0,89.357123,0,14.861531,0,60.647833,33.886967,60.9127,50.045231,33.840389,50,27,0,0,0,0,0,0,0,0
3110,60.998337,0,1.89831,0,37.969005,24.864624,0.798318,2.851894,0,89.616903,0,14.838501,0,61.230176,33.437178,60.529717,49.939151,33.62762,50,27,0,0,0,0,0,0,0,0
3111,60.741003,0,1.898238,0,37.910133,24.975703,0.799018,2.846463,0,89.925091,0,14.791447,0,60.791342,33.690219,60.668418,49.97779,33.704677,50,27,0,0,0,0,0,0,0,0
3112,60.573222,0,1.903823,0,37.888675,24.93192,0.798287,2.850422,0,89.409796,0,14.847672,0,60.695901,33.789051,60.789133,50.011266,33.77174,50,27,0,0,0,0,0,0,0,0
3113,60.643504,0,1.894813,0,37.996863,25.02654,0.805374,2.854885,0,88.379533,0,14.831882,0,60.809199,33.678503,60.663418,49.976463,33.701899,50,27,0,0,0,0,0,0,0,0
3114,60.851044,0,1.908599,0,37.907942,24.985759,0.80261,2.856415,0,89.666373,0,14.873286,0,60.767021,33.652928,60.576404,49.95253,33.653558,50,27,0,0,0,0,0,0,0,0
3115,60.679054,0,1.89808,0,37.956561,25.003863,0.801934,2.858075,0,89.140252,0,14.842978,0,60.717907,33.651351,60.535877,49.941564,33.631043,50,27,0,0,0,0,0,0,0,0
3116,60.831717,0,1.899612,0,37.97367,24.948567,0.798807,2.855082,0,88.659234,0,14.747872,0,60.577176,33.852819,60.831495,50.023563,33.795275,50,27,0,0,0,0,0,0,0,0
3117,60.89231,0,1.912157,0,38.033967,24.993845,0.799897,2.837915,0,88.527439,0,14.827596,0,60.877223,33.730153,60.856899,50.030467,33.809388,50,27,0,0,0,0,0,0,0,0
3118,60.811127,0,1.903364,0,38.172921,25.040039,0.799281,2.840003,0,89.080747,0,14.889576,0,60.715025,33.502416,60.215587,49.853059,33.453104,50,27,0,0,0,0,0,0,0,0
3119,60.831103,0,1.898417,0,38.085085,24.965379,0.798757,2.840413,0,89.367223,0,14.902666,0,60.618257,33.712088,60.592311,49.957915,33.662395,50,27,0,0,0,0,0,0,0,0
3120,60.680459,0,1.89584,0,38.056462,24.993522,0.799501,2.849831,0,89.043551,0,14.804778,0,60.494128,33.728644,60.504726,49.933917,33.613737,50,27,0,0,0,0,0,0,0,0
3121,60.620864,0,1.889095,0,38.138131,25.020593,0.806503,2.855173,0,89.177794,0,14.760091,0,60.614237,33.824672,60.826733,50.023247,33.792629,50,27,0,0,0,0,0,0,0,0
3122,61.121619,0,1.893517,0,37.6794,24.992428,0.796369,2.846895,0,89.162334,0,14.759584,0,60.569965,33.884432,60.895235,50.042065,33.830686,50,27,0,0,0,0,0,0,0,0
3123,60.414643,0,1.886318,0,38.104375,25.044493,0.799935,2.85816,0,88.788559,0,14.793419,0,60.431449,33.81466,60.589214,49.957273,33.660675,50,27,0,0,0,0,0,0,0,0
3124,60.885891,0,1.90049,0,38.043933,24.933626,0.801942,2.857964,0,89.173137,0,14.78527,0,60.708664,33.789523,60.803547,50.016726,33.779748,50,27,0,0,0,0,0,0,0,0
3125,60.871438,0,1.898918,0,38.177116,25.099766,0.803947,2.85774,0,89.550603,0,14.846019,0,60.799278,33.707195,60.714569,49.992049,33.730316,50,27,0,0,0,0,0,0,0,0
3126,60.719716,0,1.909261,0,37.940334,25.040656,0.796261,2.852613,0,89.050595,0,14.889151,0,60.688679,33.785205,60.773817,50.008465,33.763231,50,27,0,0,0,0,0,0,0,0
3127,60.950395,0,1.899558,0,37.850567,25.10402,0.798772,2.867663,0,89.604729,0,14.839271,0,61.093371,33.63677,60.860082,50.032266,33.811156,50,27,0,0,0,0,0,0,0,0
3128,60.696826,0,1.888441,0,37.961579,24.988526,0.799134,2.831174,0,89.282906,0,14.822537,0,60.996774,33.510551,60.511824,49.935849,33.61768,50,27,0,0,0,0,0,0,0,0
3129,60.785935,0,1.89373,0,38.003076,25.028638,0.798632,2.832695,0,89.36096,0,14.861616,0,60.817332,33.652124,60.661322,49.977488,33.700734,50,27,0,0,0,0,0,0,0,0
3130,60.506519,0,1.902358,0,37.795829,25.00609,0.800426,2.857688,0,88.61204,0,14.855547,0,60.653272,33.741928,60.696443,49.987308,33.720246,50,27,0,0,0,0,0,0,0,0
3131,60.328671,0,1.906389,0,37.926653,24.923779,0.801762,2.850768,0,88.960365,0,14.896073,0,60.987994,33.681126,60.900211,50.043692,33.833451,50,27,0,0,0,0,0,0,0,0
3132,60.538671,0,1.899822,0,37.858802,25.027036,0.794943,2.856763,0,89.195932,0,14.884937,0,60.919426,33.553265,60.567424,49.951493,33.648569,50,27,0,0,0,0,0,0,0,0
3133,60.729071,0,1.903086,0,38.073372,24.923177,0.802972,2.853277,0,89.665771,0,14.799178,0,60.541382,33.871933,60.88357,50.039116,33.824205,50,27,0,0,0,0,0,0,0,0
3134,61.11979,0,1.90413,0,38.053703,24.940496,0.801938,2.866894,0,89.283108,0,14.833677,0,60.29227,33.847145,60.560784,49.949705,33.64488,50,27,0,0,0,0,0,0,0,0
3135,60.717946,0,1.903108,0,38.085285,24.96159,0.800124,2.844022,0,88.909079,0,14.857937,0,60.993747,33.697688,60.930217,50.052065,33.850121,50,27,0,0,0,0,0,0,0,0
3136,60.758317,0,1.901042,0,38.164312,24.938923,0.801684,2.841113,0,88.758725,0,14.902857,0,60.750127,33.789916,60.885113,50.039339,33.825063,50,27,0,0,0,0,0,0,0,0
3137,60.695389,0,1.901344,0,38.199652,25.067333,0.801671,2.843715,0,88.573446,0,14.870253,0,60.519338,33.966517,61.018404,50.075984,33.899114,50,27,0,0,0,0,0,0,0,0
3138,60.43629,0,1.91211,0,38.056329,24.935607,0.801973,2.856161,0,89.590959,0,14.882077,0,60.695354,33.725391,60.654603,49.975053,33.697002,50,27,0,0,0,0,0,0,0,0
3139,60.458124,0,1.898072,0,37.970929,25.092066,0.801509,2.859208,0,88.748741,0,14.8584,0,60.620593,33.719315,60.569573,49.951675,33.649763,50,27,0,0,0,0,0,0,0,0
3140,60.710109,0,1.8954,0,37.742189,25.103817,0.802336,2.856823,0,88.895931,0,14.842526,0,60.55922,33.77852,60.636275,49.970352,33.686819,50,27,0,0,0,0,0,0,0,0
3141,60.924698,0,1.902842,0,37.947188,25.03432,0.801708,2.854202,0,89.31027,0,14.847998,0,60.734047,33.646137,60.527039,49.940307,33.626133,50,27,0,0,0,0,0,0,0,0
3142,60.783922,0,1.909275,0,37.986127,25.11722,0.799893,2.846806,0,89.171073,0,14.843719,0,60.992334,33.604977,60.711441,49.991572,33.728578,50,27,0,0,0,0,0,0,0,0
3143,60.701747,0,1.893501,0,38.079245,24.966293,0.803257,2.858834,0,89.152669,0,14.833098,0,60.478619,33.984561,61.015968,50.075784,33.89776,50,27,0,0,0,0,0,0,0,0
3144,60.608068,0,1.896395,0,38.111637,25.041888,0.799835,2.841004,0,88.667985,0,14.826585,0,60.482432,33.841807,60.685075,49.98395,33.713931,50,27,0,0,0,0,0,0,0,0
3145,60.952652,0,1.896989,0,37.87654,24.930297,0.797285,2.853583,0,89.263657,0,14.872911,0,60.807935,33.784607,60.877257,50.037148,33.820698,50,27,0,0,0,0,0,0,0,0
3146,60.770883,0,1.897318,0,37.909055,24.954637,0.803528,2.839381,0,89.319114,0,14.866463,0,60.470874,33.85767,60.68998,49.9852,33.716656,50,27,0,0,0,0,0,0,0,0
3147,60.681918,0,1.898849,0,38.100963,24.867422,0.796939,2.86763,0,89.1821,0,14.862924,0,60.725733,33.732745,60.667633,49.979097,33.704241,50,27,0,0,0,0,0,0,0,0
3148,60.437039,0,1.894433,0,38.152388,24.950021,0.797953,2.837578,0,89.486337,0,14.932983,0,60.830515,33.783616,60.88335,50.038824,33.824083,50,27,0,0,0,0,0,0,0,0
3149,60.830946,0,1.89977,0,38.041177,25.041574,0.799413,2.862052,0,88.962221,0,14.775887,0,60.825652,33.713844,60.728011,49.995696,33.737784,50,27,0,0,0,0,0,0,0,0
3150,60.583619,0,1.898481,0,38.139992,24.960317,0.800038,2.861042,0,88.742593,0,14.812142,0,61.04943,33.593658,60.704374,49.989184,33.724652,50,27,0,0,0,0,0,0,0,0
3151,60.663067,0,1.901558,0,37.903482,25.042776,0.799664,2.856516,0,88.879811,0,14.891631,0,60.909966,33.685593,60.780401,50.010252,33.76689,50,27,0,0,0,0,0,0,0,0
3152,60.643113,0,1.901331,0,37.877841,25.088117,0.802307,2.843272,0,89.082987,0,14.88833,0,60.758117,33.723308,60.716205,49.992457,33.731225,50,27,0,0,0,0,0,0,0,0
3153,60.768247,0,1.896659,0,38.182135,24.95893,0.802521,2.847243,0,88.594771,0,14.887402,0,60.922669,33.760744,60.962343,50.060526,33.867968,50,27,0,0,0,0,0,0,0,0
3154,60.597434,0,1.894905,0,38.100736,24.934787,0.7928,2.846613,0,89.271728,0,14.930188,0,60.659667,33.813875,60.808934,50.017824,33.782741,50,27,0,0,0,0,0,0,0,0
3155,60.76327,0,1.896016,0,38.103624,25.047529,0.803974,2.835255,0,89.011208,0,14.853992,0,60.85175,33.727995,60.810535,50.018178,33.783631,50,27,0,0,0,0,0,0,0,0
3156,60.486186,0,1.90436,0,37.913448,25.01008,0.801416,2.847697,0,89.087123,0,14.846762,0,60.839292,33.548366,60.421749,49.910628,33.567638,50,27,0,0,0,0,0,0,0,0
3157,60.78346,0,1.907038,0,37.967489,25.101317,0.799235,2.862688,0,88.476931,0,14.829342,0,60.419744,33.991892,60.96386,50.06091,33.868811,50,27,0,0,0,0,0,0,0,0
3158,60.835656,0,1.89529,0,38.250919,25.05257,0.796064,2.863107,0,89.082003,0,14.925162,0,60.982121,33.590326,60.645177,49.972524,33.691765,50,27,0,0,0,0,0,0,0,0
3159,60.744999,0,1.900987,0,37.907739,25.096494,0.798354,2.85504,0,89.494585,0,14.943015,0,60.876894,33.665771,60.72015,49.993383,33.733417,50,27,0,0,0,0,0,0,0,0
3160,60.814583,0,1.891075,0,38.17817,25.063502,0.802363,2.851656,0,89.628457,0,14.746868,0,60.722628,33.802097,60.863242,50.032966,33.812912,50,27,0,0,0,0,0,0,0,0
3161,60.573663,0,1.897831,0,38.127041,25.020819,0.802139,2.855867,0,88.813794,0,14.837058,0,60.602248,33.886017,60.911093,50.046028,33.839496,50,27,0,0,0,0,0,0,0,0
3162,60.824125,0,1.904598,0,37.887602,24.948205,0.802204,2.83891,0,89.575633,0,14.813627,0,60.825731,33.639819,60.595949,49.958695,33.664416,50,27,0,0,0,0,0,0,0,0
3163,61.011689,0,1.900128,0,37.797335,24.824617,0.797048,2.853758,0,88.979822,0,14.88686,0,60.753844,33.744083,60.758356,50.003789,33.754642,50,27,0,0,0,0,0,0,0,0
3164,60.960264,0,1.889499,0,38.02639,24.999237,0.802867,2.852252,0,88.891981,0,14.829736,0,60.939671,33.594405,60.628173,49.967788,33.682319,50,27,0,0,0,0,0,0,0,0
3165,60.861709,0,1.896665,0,38.110193,25.045248,0.797923,2.843747,0,89.041286,0,14.888262,0,60.558001,33.963596,61.044734,50.083084,33.913741,50,27,0,0,0,0,0,0,0,0
3166,60.833662,0,1.899734,0,37.885008,24.775,0.799722,2.851092,0,88.924075,0,14.820884,0,60.377839,33.854326,60.603662,49.96076,33.668701,50,27,0,0,0,0,0,0,0,0
3167,60.692446,0,1.897002,0,37.965412,24.872772,0.798395,2.862494,0,89.222149,0,14.905558,0,60.861532,33.729725,60.810408,50.018099,33.78356,50,27,0,0,0,0,0,0,0,0
3168,60.444384,0,1.891615,0,38.192319,24.991033,0.797902,2.859232,0,88.832281,0,14.893554,0,60.920544,33.636936,60.676888,49.981105,33.709382,50,27,0,0,0,0,0,0,0,0
3169,61.103717,0,1.909645,0,37.884131,25.052931,0.802182,2.846333,0,88.732519,0,14.860777,0,60.748268,33.790613,60.844004,50.027389,33.802224,50,27,0,0,0,0,0,0,0,0
3170,60.620233,0,1.898717,0,38.138515,24.986287,0.803553,2.859748,0,89.264739,0,14.8408,0,60.619304,33.733143,60.587832,49.956448,33.659907,50,27,0,0,0,0,0,0,0,0
3171,60.797636,0,1.906099,0,38.041091,25.111597,0.800133,2.843144,0,89.079715,0,14.935278,0,60.907927,33.784242,60.986208,50.066774,33.881226,50,27,0,0,0,0,0,0,0,0
3172,60.529824,0,1.903977,0,38.064105,25.014654,0.804703,2.850577,0,88.73268,0,14.78475,0,60.723051,33.829799,60.892536,50.040551,33.829187,50,27,0,0,0,0,0,0,0,0
3173,60.769113,0,1.907864,0,37.794676,24.970245,0.797415,2.842432,0,89.290855,0,14.817599,0,60.604749,33.660525,60.406579,49.906033,33.559211,50,27,0,0,0,0,0,0,0,0
3174,60.543867,0,1.903748,0,37.94519,25.033921,0.800728,2.857422,0,88.426861,0,14.854846,0,60.773233,33.766089,60.810124,50.018038,33.783402,50,27,0,0,0,0,0,0,0,0
3175,60.854057,0,1.89895,0,37.905336,25.003545,0.79824,2.85376,0,89.183004,0,14.849332,0,60.82414,33.735931,60.795109,50.013799,33.775061,50,27,0,0,0,0,0,0,0,0
3176,60.896372,0,1.90114,0,38.099316,25.112099,0.799664,2.836675,0,89.070933,0,14.859646,0,60.77776,33.717171,60.710972,49.990475,33.728318,50,27,0,0,0,0,0,0,0,0
3177,60.437171,0,1.902608,0,38.031104,25.004053,0.798251,2.848556,0,89.075575,0,14.846007,0,60.734631,33.787888,60.821187,50.020985,33.789548,50,27,0,0,0,0,0,0,0,0
3178,60.62768,0,1.900503,0,38.034082,24.973552,0.797509,2.851763,0,89.006169,0,14.881426,0,60.619421,33.885989,60.907499,50.044737,33.837499,50,27,0,0,0,0,0,0,0,0
3179,60.717375,0,1.896201,0,37.940831,24.95757,0.801559,2.872186,0,89.566151,0,14.785243,0,60.879643,33.672522,60.699433,49.987006,33.721907,50,27,0,0,0,0,0,0,0,0
3180,60.788773,0,1.90294,0,37.860189,24.908174,0.802196,2.853159,0,89.335664,0,14.839806,0,60.742005,33.777843,60.795222,50.013546,33.775123,50,27,0,0,0,0,0,0,0,0
3181,60.786317,0,1.911637,0,38.102806,24.864723,0.800118,2.852949,0,89.374364,0,14.801015,0,60.623704,33.697619,60.504371,49.933089,33.613539,50,27,0,0,0,0,0,0,0,0
3182,60.620328,0,1.898366,0,38.244029,24.943445,0.797439,2.8444,0,89.046568,0,14.910232,0,60.653995,33.987025,61.152585,50.112585,33.973659,50,27,0,0,0,0,0,0,0,0
3183,60.921791,0,1.902533,0,37.80421,25.005092,0.800001,2.847087,0,89.083651,0,14.825214,0,60.537481,33.777283,60.562485,49.948924,33.645825,50,27,0,0,0,0,0,0,0,0
3184,60.585703,0,1.913677,0,38.065957,24.941062,0.803433,2.826657,0,89.366675,0,14.861358,0,60.812299,33.790919,60.864504,50.032655,33.813614,50,27,0,0,0,0,0,0,0,0
3185,60.726377,0,1.897439,0,37.91471,25.090118,0.796548,2.858769,0,89.434887,0,14.869173,0,60.995684,33.640565,60.727473,49.994618,33.737485,50,27,0,0,0,0,0,0,0,0
3186,60.785463,0,1.895719,0,37.795196,24.868939,0.799,2.836474,0,89.081301,0,14.906225,0,60.768484,33.941253,61.151301,50.111789,33.972945,50,27,0,0,0,0,0,0,0,0
3187,60.966281,0,1.903404,0,38.017774,25.039304,0.796924,2.848974,0,89.216265,0,14.919773,0,60.903081,33.665734,60.680798,49.981188,33.711555,50,27,0,0,0,0,0,0,0,0
3188,60.801933,0,1.91165,0,38.034939,24.966256,0.798703,2.845275,0,89.139146,0,14.747144,0,60.710742,33.731256,60.640563,49.97016,33.689202,50,27,0,0,0,0,0,0,0,0
3189,60.659768,0,1.903965,0,38.070019,25.023739,0.801178,2.847575,0,88.978464,0,14.834292,0,60.635059,33.680432,60.462059,49.920971,33.590033,50,27,0,0,0,0,0,0,0,0
3190,60.520071,0,1.91035,0,38.009609,25.071585,0.804353,2.85496,0,89.2787,0,14.899622,0,60.803404,33.770453,60.831104,50.023367,33.795058,50,27,0,0,0,0,0,0,0,0
3191,60.596108,0,1.905681,0,38.054706,25.048499,0.800481,2.862272,0,89.325797,0,14.886807,0,60.556053,33.942033,60.943948,50.05444,33.857749,50,27,0,0,0,0,0,0,0,0
3192,60.815465,0,1.897283,0,38.009899,25.057931,0.799202,2.855625,0,88.998943,0,14.853149,0,60.928496,33.840491,61.077957,50.091209,33.932198,50,27,0,0,0,0,0,0,0,0
3193,60.827831,0,1.890503,0,37.784234,24.92477,0.799207,2.84228,0,88.916769,0,14.879396,0,60.761386,33.734297,60.677503,49.980071,33.709724,50,27,0,0,0,0,0,0,0,0
3194,60.84612,0,1.89621,0,38.254527,25.061366,0.797951,2.851642,0,89.227598,0,14.897782,0,60.858466,33.617894,60.534288,49.940586,33.63016,50,27,0,0,0,0,0,0,0,0
3195,60.896062,0,1.906807,0,38.082475,24.995062,0.801043,2.867114,0,88.746829,0,14.815737,0,61.046719,33.720054,60.958297,50.058076,33.865721,50,27,0,0,0,0,0,0,0,0
3196,60.5148,0,1.891759,0,38.097484,24.951278,0.800909,2.842665,0,89.62643,0,14.803152,0,60.612677,33.666205,60.416193,49.907952,33.564552,50,27,0,0,0,0,0,0,0,0
3197,61.004387,0,1.893352,0,38.232421,24.948654,0.797219,2.846091,0,89.138141,0,14.905655,0,60.720173,33.707188,60.622417,49.965409,33.679121,50,27,0,0,0,0,0,0,0,0
3198,60.825013,0,1.89939,0,37.915247,24.92223,0.798909,2.858501,0,88.858554,0,14.954159,0,60.442831,33.741415,60.423383,49.910569,33.568546,50,27,0,0,0,0,0,0,0,0
3199,60.784872,0,1.892231,0,38.032453,25.102679,0.79823,2.847536,0,88.686071,0,14.946588,0,60.681217,33.709977,60.59667,49.95891,33.664817,50,27,0,0,0,0,0,0,0,0
3200,61.044388,0,1.899968,0,37.986903,25.05331,0.801696,2.848303,0,89.139419,0,14.829287,0,60.7795,33.778195,60.844135,50.027513,33.802297,50,27,0,0,0,0,0,0,0,0
3201,60.821622,0,1.909282,0,38.123387,24.869857,0.796863,2.842875,0,88.714009,0,14.902672,0,60.99532,33.716699,60.926197,50.050058,33.847887,50,27,0,0,0,0,0,0,0,0
3202,60.678253,0,1.899375,0,37.895815,25.008999,0.802158,2.860096,0,89.313429,0,14.942641,0,60.675737,33.750682,60.682616,49.982484,33.712564,50,27,0,0,0,0,0,0,0,0
3203,60.718805,0,1.890703,0,38.195703,25.097863,0.801146,2.857672,0,89.270105,0,14.795911,0,60.705661,33.811904,60.841251,50.026417,33.800695,50,27,0,0,0,0,0,0,0,0
3204,60.67013,0,1.90599,0,38.134649,25.030935,0.795799,2.853844,0,89.054377,0,14.926829,0,60.809628,33.82427,60.962828,50.059889,33.868238,50,27,0,0,0,0,0,0,0,0
3205,61.013921,0,1.895195,0,37.975357,25.107865,0.802373,2.847979,0,89.23434,0,14.762975,0,60.472829,33.930867,60.841308,50.026003,33.800726,50,27,0,0,0,0,0,0,0,0
3206,60.649409,0,1.899006,0,38.096889,24.975812,0.797872,2.83656,0,88.998271,0,14.940599,0,60.655013,33.923721,60.985387,50.065697,33.880771,50,27,0,0,0,0,0,0,0,0
3207,60.887086,0,1.89645,0,37.658,24.926532,0.797527,2.851734,0,89.077179,0,14.913282,0,60.360352,33.867948,60.552432,49.945703,33.64024,50,27,0,0,0,0,0,0,0,0
3208,60.898377,0,1.895479,0,38.175634,24.918038,0.802065,2.840471,0,88.87694,0,14.938116,0,60.737304,33.871,60.923817,50.048622,33.846565,50,27,0,0,0,0,0,0,0,0
3209,60.718198,0,1.907374,0,38.010229,24.955171,0.799382,2.85408,0,89.687536,0,14.952137,0,61.22785,33.606846,60.845508,50.026736,33.80306,50,27,0,0,0,0,0,0,0,0
3210,60.987752,0,1.892471,0,38.06878,24.959978,0.801663,2.841746,0,89.458792,0,14.910841,0,60.912336,33.720485,60.793595,50.012255,33.774219,50,27,0,0,0,0,0,0,0,0
3211,60.917451,0,1.901939,0,37.93044,24.926532,0.799984,2.865007,0,89.025073,0,14.820717,0,60.950684,33.808144,61.024272,50.075952,33.902373,50,27,0,0,0,0,0,0,0,0
3212,60.979217,0,1.899635,0,37.929644,24.98413,0.802586,2.849876,0,89.023697,0,14.840834,0,60.760559,33.917773,61.060795,50.085669,33.922664,50,27,0,0,0,0,0,0,0,0
3213,60.920997,0,1.899142,0,38.047105,25.027479,0.802447,2.849814,0,89.059125,0,14.79569,0,60.992889,33.834467,61.098637,50.095702,33.943687,50,27,0,0,0,0,0,0,0,0
3214,61.054594,0,1.904636,0,38.038565,25.027985,0.801059,2.873623,0,89.221533,0,14.867154,0,61.18088,33.54444,60.668242,49.976266,33.704579,50,27,0,0,0,0,0,0,0,0
3215,61.083213,0,1.894639,0,37.998042,24.854542,0.79727,2.839975,0,89.315364,0,14.804027,0,60.903592,33.587857,60.514578,49.933912,33.61921,50,27,0,0,0,0,0,0,0,0
3216,60.282449,0,1.892024,0,38.18017,24.870907,0.803854,2.843804,0,89.555155,0,14.874953,0,61.051521,33.555913,60.619439,49.963224,33.677466,50,27,0,0,0,0,0,0,0,0
3217,60.766967,0,1.896367,0,38.042365,24.948992,0.801878,2.854501,0,89.688455,0,14.765028,0,60.573614,33.834832,60.756882,50.001396,33.753823,50,27,0,0,0,0,0,0,0,0
3218,61.268573,0,1.894502,0,38.011319,25.024406,0.801658,2.841693,0,88.780641,0,14.882082,0,60.623316,33.845359,60.817336,50.018098,33.787409,50,27,0,0,0,0,0,0,0,0
3219,60.919891,0,1.897685,0,38.046295,24.896561,0.802156,2.852343,0,89.503609,0,14.86092,0,60.807892,33.765834,60.822036,50.019307,33.79002,50,27,0,0,0,0,0,0,0,0
3220,60.920159,0,1.903855,0,38.194804,24.994764,0.799524,2.852076,0,89.41561,0,14.840449,0,60.787616,33.761343,60.791402,50.010744,33.773001,50,27,0,0,0,0,0,0,0,0
3221,60.524407,0,1.888288,0,38.093535,25.034389,0.799943,2.861754,0,88.429348,0,14.898418,0,60.560707,33.753605,60.547935,49.943397,33.637742,50,27,0,0,0,0,0,0,0,0
3222,60.710097,0,1.893118,0,37.991535,25.007511,0.797404,2.863031,0,89.290555,0,14.874401,0,60.544129,34.002777,61.057751,50.08459,33.920973,50,27,0,0,0,0,0,0,0,0
3223,61.025347,0,1.893433,0,37.969257,25.069555,0.800541,2.852912,0,89.124571,0,14.844621,0,60.737994,33.751609,60.689708,49.982444,33.716504,50,27,0,0,0,0,0,0,0,0
3224,60.773658,0,1.895502,0,37.965301,25.043556,0.798373,2.849705,0,88.724052,0,14.904258,0,60.69418,33.826986,60.807911,50.015202,33.782173,50,27,0,0,0,0,0,0,0,0
3225,61.00555,0,1.899926,0,38.068061,24.965246,0.800205,2.858519,0,89.636331,0,14.865927,0,60.918566,33.702059,60.76167,50.002345,33.756483,50,27,0,0,0,0,0,0,0,0
3226,60.608297,0,1.899992,0,38.139708,24.925765,0.801784,2.849655,0,89.199325,0,14.876083,0,60.870113,33.792544,60.91389,50.044406,33.84105,50,27,0,0,0,0,0,0,0,0
3227,60.930134,0,1.894039,0,37.945037,24.981103,0.800096,2.838864,0,89.098369,0,14.821163,0,60.775667,33.821025,60.876785,50.03393,33.820436,50,27,0,0,0,0,0,0,0,0
3228,60.729879,0,1.906715,0,37.913627,25.04286,0.795761,2.838527,0,89.192371,0,14.836578,0,60.988963,33.665377,60.755442,50.000222,33.753023,50,27,0,0,0,0,0,0,0,0
3229,60.741855,0,1.899655,0,37.987039,25.067218,0.799063,2.848883,0,88.677652,0,14.907452,0,61.066115,33.522002,60.544758,49.941989,33.635976,50,27,0,0,0,0,0,0,0,0
3230,60.658339,0,1.897453,0,38.105504,24.969028,0.800924,2.855653,0,88.864613,0,14.869046,0,60.696591,33.694667,60.572032,49.949816,33.651129,50,27,0,0,0,0,0,0,0,0
3231,60.456143,0,1.898839,0,38.204453,25.033711,0.798721,2.853194,0,88.686019,0,14.859268,0,60.659703,33.796262,60.757233,50.001255,33.754018,50,27,0,0,0,0,0,0,0,0
3232,60.692468,0,1.900082,0,38.001582,24.885882,0.804596,2.845309,0,88.610064,0,14.835702,0,60.758892,33.769566,60.794013,50.011414,33.774452,50,27,0,0,0,0,0,0,0,0
3233,60.823551,0,1.90097,0,38.045301,24.902097,0.802546,2.850312,0,88.721702,0,14.817476,0,60.650073,33.791274,60.72879,49.99333,33.738217,50,27,0,0,0,0,0,0,0,0
3234,60.77426,0,1.912765,0,37.994059,25.006547,0.79954,2.863372,0,88.860426,0,14.835827,0,60.61017,33.780349,60.660923,49.974605,33.700513,50,27,0,0,0,0,0,0,0,0
3235,60.912854,0,1.914168,0,38.006954,24.866734,0.800469,2.845248,0,88.661176,0,14.864411,0,60.619265,33.829806,60.771169,50.005203,33.761761,50,27,0,0,0,0,0,0,0,0
3236,60.846675,0,1.899892,0,38.118141,25.175886,0.796516,2.855811,0,89.331646,0,14.807169,0,60.664161,33.83262,60.812507,50.016603,33.784726,50,27,0,0,0,0,0,0,0,0
3237,60.507811,0,1.904484,0,37.962113,24.91194,0.802145,2.852399,0,89.338703,0,14.806668,0,60.695076,33.774972,60.712549,49.988892,33.729194,50,27,0,0,0,0,0,0,0,0
3238,60.697908,0,1.900541,0,37.842911,24.928687,0.796789,2.846409,0,89.399551,0,14.882586,0,60.644159,33.733871,60.573843,49.95061,33.652135,50,27,0,0,0,0,0,0,0,0
3239,60.397683,0,1.897831,0,37.943548,24.958354,0.796936,2.854734,0,89.427984,0,14.795611,0,61.013657,33.790211,61.066577,50.087045,33.925876,50,27,0,0,0,0,0,0,0,0
3240,60.636326,0,1.89605,0,38.08098,24.896891,0.802214,2.842287,0,89.833186,0,14.92469,0,60.940494,33.546974,60.477028,49.923663,33.598349,50,27,0,0,0,0,0,0,0,0
3241,60.712979,0,1.900189,0,37.92053,24.963919,0.798087,2.84772,0,88.947338,0,14.903577,0,60.899759,33.710255,60.809681,50.015987,33.783156,50,27,0,0,0,0,0,0,0,0
3242,60.632046,0,1.899188,0,37.980187,25.034526,0.79705,2.849308,0,89.42677,0,14.878172,0,60.883111,33.812584,61.014513,50.072522,33.896952,50,27,0,0,0,0,0,0,0,0
3243,60.741396,0,1.904289,0,37.849166,24.947977,0.797107,2.849245,0,88.97496,0,14.833156,0,60.939643,33.918161,61.285534,50.14707,34.047519,50,27,0,0,0,0,0,0,0,0
3244,60.836817,0,1.903624,0,38.025263,25.140434,0.799234,2.844026,0,88.870523,0,14.792922,0,60.720496,33.755697,60.702072,49.985072,33.723373,50,27,0,0,0,0,0,0,0,0
3245,60.997539,0,1.89932,0,38.028142,25.003184,0.796281,2.856444,0,88.987589,0,14.872357,0,61.168151,33.5501,60.717197,49.989327,33.731776,50,27,0,0,0,0,0,0,0,0
3246,60.730333,0,1.897531,0,37.840425,24.917403,0.794998,2.85197,0,88.960935,0,14.871983,0,60.490147,33.844309,60.687973,49.981303,33.715541,50,27,0,0,0,0,0,0,0,0
3247,60.571671,0,1.899225,0,38.104418,25.095435,0.801831,2.851726,0,89.114534,0,14.857043,0,60.511537,33.913457,60.842858,50.024205,33.801588,50,27,0,0,0,0,0,0,0,0
3248,60.946849,0,1.89657,0,38.240893,24.994414,0.800805,2.855009,0,89.377829,0,14.812315,0,60.851733,33.798063,60.918939,50.045113,33.843855,50,27,0,0,0,0,0,0,0,0
3249,60.625457,0,1.896673,0,37.974546,24.983334,0.800764,2.843616,0,89.090686,0,14.817813,0,60.782521,33.868356,60.993799,50.06558,33.885444,50,27,0,0,0,0,0,0,0,0
3250,60.591915,0,1.905113,0,38.067574,25.030103,0.801417,2.857769,0,89.078784,0,14.859533,0,60.716126,33.807368,60.785554,50.007695,33.769752,50,27,0,0,0,0,0,0,0,0
3251,60.881798,0,1.902579,0,38.092252,25.008769,0.797129,2.855582,0,89.482871,0,14.929729,0,60.702472,33.630755,60.395016,49.899714,33.552787,50,27,0,0,0,0,0,0,0,0
3252,60.755266,0,1.897869,0,37.973317,25.104943,0.800084,2.851916,0,89.48101,0,14.832125,0,60.649585,33.777803,60.671525,49.976639,33.706403,50,27,0,0,0,0,0,0,0,0
3253,60.805764,0,1.896315,0,38.051566,24.894924,0.79486,2.840541,0,89.052975,0,14.805653,0,60.841021,33.731555,60.764037,50.002325,33.757798,50,27,0,0,0,0,0,0,0,0
3254,60.904706,0,1.903946,0,38.119792,24.984583,0.798566,2.852023,0,89.23376,0,14.823348,0,60.766349,33.781055,60.798591,50.011864,33.776995,50,27,0,0,0,0,0,0,0,0
3255,60.679116,0,1.899308,0,38.106389,24.962253,0.80298,2.843623,0,88.810954,0,14.824625,0,61.021804,33.719891,60.923012,50.046194,33.846118,50,27,0,0,0,0,0,0,0,0
3256,60.810399,0,1.908457,0,37.987195,25.055131,0.79975,2.842182,0,89.196137,0,14.887211,0,60.757803,33.843967,60.926909,50.047042,33.848283,50,27,0,0,0,0,0,0,0,0
3257,60.733733,0,1.900447,0,37.848275,25.02999,0.803622,2.856469,0,89.105657,0,14.789496,0,60.496669,33.947627,60.873862,50.032146,33.818812,50,27,0,0,0,0,0,0,0,0
3258,61.14495,0,1.895972,0,37.917801,25.006166,0.796944,2.846628,0,89.173053,0,14.859202,0,60.692617,33.739969,60.608208,49.95856,33.671227,50,27,0,0,0,0,0,0,0,0
3259,60.628858,0,1.897337,0,38.050482,24.950964,0.8017,2.85449,0,89.409024,0,14.823403,0,60.783157,33.814898,60.862076,50.028934,33.812264,50,27,0,0,0,0,0,0,0,0
3260,60.699222,0,1.890772,0,38.069917,25.110836,0.798545,2.852292,0,89.526935,0,14.857954,0,60.515895,33.89955,60.768446,50.002912,33.760248,50,27,0,0,0,0,0,0,0,0
3261,60.896895,0,1.899653,0,37.737728,25.03128,0.797665,2.849648,0,89.485898,0,14.84564,0,60.544162,34.116619,61.238808,50.132903,34.02156,50,27,0,0,0,0,0,0,0,0
3262,60.616109,0,1.906344,0,38.167807,24.989739,0.802431,2.849347,0,88.917009,0,14.973916,0,61.092934,33.600448,60.655366,49.970981,33.697425,50,27,0,0,0,0,0,0,0,0
3263,60.774022,0,1.899489,0,38.102797,24.975489,0.799785,2.851467,0,89.509185,0,14.885561,0,61.226748,33.519731,60.646266,49.96861,33.69237,50,27,0,0,0,0,0,0,0,0
3264,60.705549,0,1.888183,0,38.08186,25.115746,0.796925,2.844666,0,89.254166,0,14.804273,0,60.827148,33.774399,60.820135,50.016823,33.788964,50,27,0,0,0,0,0,0,0,0
3265,60.852048,0,1.896719,0,38.201073,25.058165,0.796751,2.852629,0,89.591008,0,14.832609,0,60.970909,33.544631,60.479668,49.922636,33.599816,50,27,0,0,0,0,0,0,0,0
3266,60.695824,0,1.908668,0,37.911111,25.038792,0.80046,2.847425,0,89.063746,0,14.780018,0,60.686153,33.789942,60.743067,49.995823,33.746148,50,27,0,0,0,0,0,0,0,0
3267,60.952269,0,1.897973,0,37.852307,24.950672,0.794819,2.846549,0,89.286924,0,14.874097,0,60.795108,33.758214,60.78154,50.006477,33.767522,50,27,0,0,0,0,0,0,0,0
3268,60.701497,0,1.901654,0,37.86895,24.982837,0.802927,2.852504,0,89.064423,0,14.910684,0,60.684948,33.751668,60.658419,49.972415,33.699122,50,27,0,0,0,0,0,0,0,0
3269,60.777277,0,1.897601,0,37.841739,24.921535,0.802331,2.859828,0,89.086506,0,14.811479,0,60.830108,33.767534,60.838704,50.022382,33.79928,50,27,0,0,0,0,0,0,0,0
3270,60.908401,0,1.899443,0,38.005907,24.932788,0.801422,2.852884,0,88.667709,0,14.900171,0,60.794793,33.564771,60.375148,49.894146,33.541749,50,27,0,0,0,0,0,0,0,0
3271,60.734135,0,1.898209,0,37.92076,24.976336,0.801768,2.858082,0,89.334905,0,14.875051,0,60.869566,33.643041,60.641252,49.968223,33.689585,50,27,0,0,0,0,0,0,0,0
3272,60.686657,0,1.891302,0,37.936534,25.10084,0.799996,2.845166,0,89.523513,0,14.865568,0,60.913707,33.57176,60.549303,49.942967,33.638502,50,27,0,0,0,0,0,0,0,0
3273,60.52787,0,1.896782,0,38.07779,24.957082,0.799624,2.855654,0,89.099444,0,14.822712,0,60.496022,33.866802,60.776747,50.006115,33.764859,50,27,0,0,0,0,0,0,0,0
3274,60.748305,0,1.899581,0,38.06736,24.974124,0.804396,2.863226,0,89.529234,0,14.874338,0,60.165555,34.127194,60.978,50.06171,33.876667,50,27,0,0,0,0,0,0,0,0
3275,60.406392,0,1.8984,0,38.008207,25.043616,0.798337,2.855012,0,89.039273,0,14.824471,0,60.421256,33.712218,60.307584,49.876103,33.504213,50,27,0,0,0,0,0,0,0,0
3276,60.520093,0,1.9103,0,37.967183,25.044958,0.798475,2.849055,0,88.863457,0,14.845209,0,60.852628,33.636918,60.587223,49.95401,33.659569,50,27,0,0,0,0,0,0,0,0
3277,60.203247,0,1.90771,0,37.943537,24.997838,0.80342,2.855884,0,89.426807,0,14.849309,0,60.755371,33.743855,60.732124,49.994289,33.740069,50,27,0,0,0,0,0,0,0,0
3278,60.909631,0,1.911587,0,38.097621,24.912641,0.801196,2.844364,0,89.199343,0,14.785726,0,60.957248,33.682729,60.806517,50.014879,33.781398,50,27,0,0,0,0,0,0,0,0
3279,60.694339,0,1.900043,0,37.888199,24.965068,0.798804,2.848927,0,89.539273,0,14.861378,0,60.698389,33.632579,60.451294,49.916623,33.584052,50,27,0,0,0,0,0,0,0,0
3280,60.955575,0,1.901133,0,37.948961,24.966555,0.799772,2.85346,0,89.221099,0,14.777948,0,60.963454,33.521425,60.497336,49.929764,33.609631,50,27,0,0,0,0,0,0,0,0
3281,60.799389,0,1.895785,0,37.870639,25.067118,0.798753,2.847735,0,89.023531,0,14.933907,0,60.804803,33.663768,60.668073,49.977304,33.704485,50,27,0,0,0,0,0,0,0,0
3282,60.536515,0,1.903754,0,38.06759,25.002888,0.799027,2.869663,0,88.614517,0,14.878563,0,60.801848,33.659465,60.664587,49.976454,33.702548,50,27,0,0,0,0,0,0,0,0
3283,60.790421,0,1.897717,0,37.917583,24.941619,0.800621,2.852649,0,89.529381,0,14.772101,0,60.576374,33.741788,60.621341,49.964618,33.678523,50,27,0,0,0,0,0,0,0,0
3284,60.790585,0,1.91079,0,38.111081,24.984721,0.799036,2.847836,0,88.766413,0,14.81158,0,60.502367,33.925031,60.931052,50.050397,33.850584,50,27,0,0,0,0,0,0,0,0
3285,60.868877,0,1.89261,0,37.780926,25.01302,0.798722,2.864596,0,89.058539,0,14.823317,0,60.681494,33.798369,60.816209,50.018404,33.786783,50,27,0,0,0,0,0,0,0,0
3286,60.593939,0,1.896058,0,38.042167,24.98837,0.798968,2.831769,0,89.156863,0,14.863502,0,60.721667,33.807976,60.868226,50.03269,33.815681,50,27,0,0,0,0,0,0,0,0
3287,60.865248,0,1.899904,0,37.872919,24.914995,0.802743,2.847411,0,88.66342,0,14.906922,0,60.705751,33.671555,60.555387,49.946059,33.641882,50,27,0,0,0,0,0,0,0,0
3288,60.586043,0,1.903042,0,38.020338,24.908033,0.802874,2.848999,0,89.2428,0,14.79849,0,60.672436,33.787243,60.775501,50.007166,33.764167,50,27,0,0,0,0,0,0,0,0
3289,60.747342,0,1.896218,0,37.852543,24.951886,0.800833,2.860421,0,88.953265,0,14.836366,0,60.929013,33.573971,60.575764,49.951924,33.653202,50,27,0,0,0,0,0,0,0,0
3290,60.644648,0,1.90126,0,38.042637,25.055583,0.796299,2.84869,0,89.08167,0,14.876404,0,61.168646,33.450554,60.577143,49.952545,33.653968,50,27,0,0,0,0,0,0,0,0
3291,60.936327,0,1.895302,0,38.043256,25.021434,0.79866,2.844971,0,89.238357,0,14.851787,0,60.918363,33.572993,60.622098,49.965206,33.678943,50,27,0,0,0,0,0,0,0,0
3292,60.867497,0,1.8829,0,37.846618,25.029298,0.798411,2.833755,0,88.913489,0,14.817662,0,60.916082,33.662217,60.82654,50.021886,33.792522,50,27,0,0,0,0,0,0,0,0
3293,60.858584,0,1.89751,0,38.226257,24.981965,0.799549,2.851733,0,88.967031,0,14.839486,0,60.500776,33.878143,60.872301,50.034425,33.817945,50,27,0,0,0,0,0,0,0,0
3294,60.920626,0,1.910257,0,38.108991,24.936497,0.80247,2.846197,0,88.963097,0,14.76306,0,60.826442,33.721882,60.845133,50.026745,33.802852,50,27,0,0,0,0,0,0,0,0
3295,60.857046,0,1.902602,0,37.996101,25.033175,0.798152,2.84766,0,88.927999,0,14.837073,0,60.343992,33.853329,60.638785,49.969578,33.688214,50,27,0,0,0,0,0,0,0,0
3296,60.783903,0,1.901737,0,38.036364,24.980578,0.79695,2.831742,0,88.864149,0,14.859804,0,60.543355,33.880493,60.877024,50.035578,33.820569,50,27,0,0,0,0,0,0,0,0
3297,60.962584,0,1.901004,0,37.9235,25.054849,0.805127,2.838787,0,88.78122,0,14.802426,0,60.689329,33.876475,60.993666,50.06764,33.88537,50,27,0,0,0,0,0,0,0,0
3298,60.915594,0,1.90247,0,38.043928,25.070787,0.803258,2.840973,0,89.630451,0,14.853514,0,60.801984,33.735774,60.790511,50.011153,33.772506,50,27,0,0,0,0,0,0,0,0
3299,60.798692,0,1.894881,0,38.101301,24.901639,0.799023,2.864034,0,89.415031,0,14.82799,0,60.721492,33.649022,60.527743,49.938469,33.626524,50,27,0,0,0,0,0,0,0,0
3300,60.667429,0,1.890987,0,37.978915,25.01173,0.798142,2.854621,0,89.090148,0,14.870287,0,60.582453,33.910679,60.952746,50.056244,33.862637,50,27,0,0,0,0,0,0,0,0
3301,60.979235,0,1.893487,0,37.953836,25.000614,0.799619,2.846842,0,88.863803,0,14.800457,0,60.628282,33.75871,60.654872,49.973633,33.697151,50,27,0,0,0,0,0,0,0,0
3302,60.79313,0,1.890383,0,38.043945,24.944434,0.79875,2.848225,0,89.391594,0,14.848831,0,60.754918,33.736244,60.732457,49.995209,33.740254,50,27,0,0,0,0,0,0,0,0
3303,60.335494,0,1.905259,0,37.928673,24.99959,0.80127,2.85907,0,89.485967,0,14.858395,0,60.904906,33.641626,60.684264,49.981912,33.71348,50,27,0,0,0,0,0,0,0,0
3304,60.922241,0,1.89308,0,38.05557,25.07948,0.802533,2.837281,0,89.280738,0,14.866035,0,61.080501,33.509035,60.593964,49.957044,33.663314,50,27,0,0,0,0,0,0,0,0
3305,61.209743,0,1.896829,0,37.850875,25.060272,0.798689,2.851659,0,89.558675,0,14.818651,0,60.892866,33.615046,60.660355,49.975607,33.700197,50,27,0,0,0,0,0,0,0,0
3306,60.927064,0,1.900162,0,37.96224,24.88118,0.793746,2.851529,0,89.064865,0,14.83186,0,61.104671,33.564799,60.780703,50.008992,33.767057,50,27,0,0,0,0,0,0,0,0
3307,60.821236,0,1.91104,0,38.000732,24.942436,0.800055,2.840346,0,89.057348,0,14.780098,0,60.330418,33.79785,60.518289,49.936418,33.621272,50,27,0,0,0,0,0,0,0,0
3308,60.715111,0,1.902547,0,37.926587,25.04806,0.801581,2.84495,0,89.116346,0,14.822849,0,60.514203,34.040284,61.201717,50.12563,34.000954,50,27,0,0,0,0,0,0,0,0
3309,60.833349,0,1.898476,0,38.150597,25.035434,0.795439,2.85646,0,89.402917,0,14.802714,0,60.388722,33.961497,60.867074,50.032512,33.815041,50,27,0,0,0,0,0,0,0,0
3310,60.873424,0,1.888367,0,38.021349,25.030134,0.797821,2.851964,0,89.242273,0,14.922855,0,60.622014,33.765255,60.656521,49.974154,33.698067,50,27,0,0,0,0,0,0,0,0
3311,60.851604,0,1.902202,0,37.936787,25.060059,0.795296,2.853673,0,89.228107,0,14.869248,0,60.730684,33.715573,60.658238,49.974757,33.699021,50,27,0,0,0,0,0,0,0,0
3312,60.353784,0,1.898042,0,38.095126,24.851741,0.799476,2.849,0,89.567072,0,14.869123,0,60.823795,33.692819,60.707879,49.988603,33.7266,50,27,0,0,0,0,0,0,0,0
3313,60.511182,0,1.888201,0,37.98517,24.883504,0.799638,2.844272,0,89.239273,0,14.923717,0,60.774142,33.749135,60.784262,50.009772,33.769035,50,27,0,0,0,0,0,0,0,0
3314,60.852414,0,1.897915,0,37.922214,25.010941,0.801576,2.837635,0,89.153456,0,14.827246,0,60.798956,33.812713,60.942553,50.053474,33.856974,50,27,0,0,0,0,0,0,0,0
3315,60.840798,0,1.900696,0,38.121027,25.087447,0.797998,2.846215,0,89.097274,0,14.84746,0,60.8953,33.631114,60.646864,49.971481,33.692702,50,27,0,0,0,0,0,0,0,0
3316,60.537796,0,1.892847,0,38.144494,24.992951,0.799156,2.842086,0,89.325394,0,14.787507,0,60.676888,33.638544,60.45965,49.919878,33.588694,50,27,0,0,0,0,0,0,0,0
3317,60.891007,0,1.902904,0,37.765993,24.909954,0.800056,2.858585,0,89.427984,0,14.809822,0,60.844194,33.661171,60.688263,49.983464,33.715702,50,27,0,0,0,0,0,0,0,0
3318,60.734261,0,1.902987,0,37.871652,25.1933,0.800115,2.834218,0,89.046612,0,14.849926,0,61.030943,33.506232,60.557934,49.947524,33.643297,50,27,0,0,0,0,0,0,0,0
3319,60.758946,0,1.8973,0,38.095418,25.037292,0.801704,2.851719,0,89.084535,0,14.908937,0,60.687885,33.850858,60.971383,50.06206,33.87299,50,27,0,0,0,0,0,0,0,0
3320,60.981862,0,1.89357,0,38.019642,24.987977,0.798918,2.869406,0,89.107092,0,14.782013,0,60.31343,33.86692,60.613091,49.962721,33.673939,50,27,0,0,0,0,0,0,0,0
3321,60.743099,0,1.902939,0,37.922162,24.904424,0.795352,2.842607,0,89.01225,0,14.903797,0,60.495541,33.908763,60.864736,50.03246,33.813742,50,27,0,0,0,0,0,0,0,0
3322,60.75678,0,1.90093,0,38.117955,24.955393,0.802216,2.847105,0,89.400916,0,14.931511,0,60.627058,33.726784,60.589316,49.956174,33.660731,50,27,0,0,0,0,0,0,0,0
3323,60.529223,0,1.901413,0,38.13209,24.935106,0.801507,2.857915,0,89.698321,0,14.856838,0,61.055911,33.711099,60.987442,50.066432,33.881912,50,27,0,0,0,0,0,0,0,0
3324,60.623769,0,1.906553,0,38.030649,25.03999,0.795327,2.842676,0,89.393136,0,14.826395,0,60.677206,33.827045,60.85759,50.030211,33.809772,50,27,0,0,0,0,0,0,0,0
3325,60.853051,0,1.901464,0,38.031076,24.943718,0.797829,2.838541,0,89.263412,0,14.849891,0,61.083823,33.515935,60.596684,49.957948,33.664825,50,27,0,0,0,0,0,0,0,0
3326,60.646115,0,1.894791,0,38.064864,25.013395,0.800787,2.844335,0,89.088613,0,14.871475,0,60.721532,33.651568,60.550942,49.945514,33.639412,50,27,0,0,0,0,0,0,0,0
3327,60.737793,0,1.904937,0,38.206527,24.931816,0.799462,2.862763,0,89.688822,0,14.908948,0,60.695448,33.873137,61.002892,50.070702,33.890495,50,27,0,0,0,0,0,0,0,0
3328,60.647255,0,1.90021,0,38.200211,24.945166,0.799692,2.844715,0,88.776764,0,14.786932,0,60.668024,33.674317,60.536866,49.941543,33.631592,50,27,0,0,0,0,0,0,0,0
3329,60.68276,0,1.894272,0,37.911898,24.959019,0.799499,2.838827,0,89.026078,0,14.843565,0,60.598216,33.857778,60.862243,50.031767,33.812357,50,27,0,0,0,0,0,0,0,0
3330,60.304929,0,1.902807,0,37.731778,25.002334,0.798441,2.846658,0,89.386068,0,14.874805,0,60.658402,33.767418,60.715325,49.991001,33.730736,50,27,0,0,0,0,0,0,0,0
3331,60.85695,0,1.896316,0,37.92201,24.987782,0.799831,2.848747,0,88.68949,0,14.860477,0,60.586627,33.932441,60.988087,50.066436,33.882271,50,27,0,0,0,0,0,0,0,0
3332,60.785452,0,1.901981,0,38.125119,24.97955,0.801855,2.855232,0,89.298202,0,14.896776,0,60.750845,33.778637,60.802785,50.014889,33.779325,50,27,0,0,0,0,0,0,0,0
3333,60.591269,0,1.899604,0,37.947143,25.049076,0.8017,2.864686,0,89.381814,0,14.87667,0,60.816721,33.863725,61.044896,50.081733,33.913831,50,27,0,0,0,0,0,0,0,0
3334,60.730563,0,1.906552,0,37.927699,25.02327,0.806776,2.851558,0,88.846888,0,14.96989,0,60.773313,33.584484,60.398203,49.902583,33.554557,50,27,0,0,0,0,0,0,0,0
3335,60.925022,0,1.903055,0,37.867654,24.868031,0.797834,2.843525,0,89.435058,0,14.80689,0,60.884263,33.658125,60.687935,49.983149,33.715519,50,27,0,0,0,0,0,0,0,0
3336,60.966191,0,1.904092,0,37.90776,25.153383,0.801234,2.858742,0,89.25166,0,14.881821,0,61.102372,33.439334,60.456801,49.919348,33.587112,50,27,0,0,0,0,0,0,0,0
3337,60.701111,0,1.906764,0,38.058619,24.99396,0.799194,2.844552,0,89.322634,0,14.808986,0,60.677438,33.797088,60.826853,50.02203,33.792696,50,27,0,0,0,0,0,0,0,0
3338,60.854508,0,1.903544,0,38.023515,24.873756,0.795957,2.840714,0,89.500317,0,14.860384,0,60.692474,33.735553,60.702749,49.987619,33.72375,50,27,0,0,0,0,0,0,0,0
3339,60.762208,0,1.896607,0,38.063736,25.047917,0.798883,2.856392,0,89.229617,0,14.864653,0,60.692188,33.715913,60.660395,49.975974,33.700219,50,27,0,0,0,0,0,0,0,0
3340,60.927503,0,1.893606,0,38.227845,24.956536,0.800672,2.840053,0,89.407853,0,14.946312,0,60.8258,33.613257,60.579453,49.953721,33.655252,50,27,0,0,0,0,0,0,0,0
3341,60.621023,0,1.896246,0,38.077025,25.076848,0.80264,2.862763,0,88.799335,0,14.884788,0,60.736396,33.635627,60.552632,49.946538,33.640351,50,27,0,0,0,0,0,0,0,0
3342,60.64919,0,1.897096,0,37.956732,25.002187,0.800536,2.844483,0,88.715863,0,14.835042,0,60.448449,33.855322,60.73959,49.998479,33.744217,50,27,0,0,0,0,0,0,0,0
3343,60.771308,0,1.904562,0,38.149749,25.087816,0.796567,2.838819,0,89.21653,0,14.83099,0,60.571156,33.752372,60.62694,49.96735,33.681633,50,27,0,0,0,0,0,0,0,0
3344,60.744547,0,1.894184,0,38.036262,24.861403,0.800865,2.859988,0,88.619792,0,14.847775,0,60.206977,33.931674,60.637491,49.970429,33.687495,50,27,0,0,0,0,0,0,0,0
3345,60.87273,0,1.891137,0,38.045097,25.049946,0.79896,2.85543,0,89.083687,0,14.900655,0,61.208394,33.490387,60.681159,49.982646,33.711755,50,27,0,0,0,0,0,0,0,0
3346,60.782269,0,1.90236,0,37.88349,25.048353,0.800914,2.861477,0,89.202108,0,14.886478,0,60.611131,33.83879,60.851762,50.029886,33.806534,50,27,0,0,0,0,0,0,0,0
3347,60.65984,0,1.894713,0,38.093283,25.01908,0.802539,2.851112,0,88.910827,0,14.864227,0,60.76931,33.731771,60.769157,50.006906,33.760643,50,27,0,0,0,0,0,0,0,0
3348,60.354954,0,1.893781,0,38.132878,24.792168,0.79966,2.857755,0,89.008991,0,14.962958,0,60.369039,34.083536,61.1109,50.101328,33.9505,50,27,0,0,0,0,0,0,0,0
3349,60.858932,0,1.89956,0,38.13621,24.928659,0.800825,2.867457,0,88.996897,0,14.775347,0,60.554582,33.81085,60.674881,49.98031,33.708267,50,27,0,0,0,0,0,0,0,0
3350,60.637429,0,1.899773,0,38.028492,25.000855,0.80143,2.858556,0,89.411115,0,14.869977,0,60.795937,33.743983,60.767669,50.006054,33.759816,50,27,0,0,0,0,0,0,0,0
3351,60.611289,0,1.900871,0,37.772595,25.015261,0.800103,2.862589,0,89.642149,0,14.861944,0,60.800037,33.685893,60.651002,49.973777,33.695001,50,27,0,0,0,0,0,0,0,0
3352,60.907548,0,1.900062,0,37.878525,24.806926,0.800847,2.842724,0,89.114304,0,14.819761,0,60.854962,33.737546,60.824198,50.021779,33.791221,50,27,0,0,0,0,0,0,0,0
3353,61.085658,0,1.900781,0,38.04359,24.930213,0.801102,2.846749,0,88.805732,0,14.901587,0,60.813726,33.65889,60.61897,49.964946,33.677205,50,27,0,0,0,0,0,0,0,0
3354,61.137291,0,1.910421,0,38.165765,24.961048,0.800338,2.843091,0,89.713505,0,14.797386,0,60.743025,33.666101,60.575651,49.953147,33.65314,50,27,0,0,0,0,0,0,0,0
3355,60.625743,0,1.894631,0,38.032498,24.864934,0.797601,2.85269,0,89.304472,0,14.797439,0,60.652041,33.714707,60.597656,49.959462,33.665364,50,27,0,0,0,0,0,0,0,0
3356,60.840293,0,1.902889,0,38.00187,25.070385,0.801042,2.84639,0,89.09377,0,14.926492,0,60.708194,33.829315,60.898958,50.042943,33.832755,50,27,0,0,0,0,0,0,0,0
3357,60.909595,0,1.902181,0,38.063852,24.981067,0.800041,2.844978,0,89.291296,0,14.839001,0,60.885518,33.687765,60.765779,50.005919,33.758766,50,27,0,0,0,0,0,0,0,0
3358,60.683288,0,1.89582,0,37.850211,24.958162,0.799103,2.845167,0,89.253619,0,14.878653,0,60.754501,33.797678,60.874093,50.035827,33.818941,50,27,0,0,0,0,0,0,0,0
3359,60.483069,0,1.902081,0,38.177579,24.97997,0.796726,2.837646,0,88.851102,0,14.820832,0,60.668769,33.825233,60.839011,50.025952,33.799451,50,27,0,0,0,0,0,0,0,0
3360,60.741261,0,1.907734,0,37.991315,25.073121,0.798085,2.852703,0,89.408018,0,14.818275,0,60.59552,33.807965,60.718696,49.992569,33.732609,50,27,0,0,0,0,0,0,0,0
3361,60.661,0,1.903102,0,37.904949,24.919771,0.801445,2.85209,0,89.428811,0,14.815051,0,60.634899,33.807084,60.74852,50.000849,33.749178,50,27,0,0,0,0,0,0,0,0
3362,60.673235,0,1.895459,0,37.964978,24.972112,0.800874,2.841519,0,88.811745,0,14.907118,0,60.74451,33.800247,60.836608,50.025192,33.798116,50,27,0,0,0,0,0,0,0,0
3363,60.558207,0,1.901879,0,38.069876,24.901629,0.797578,2.865998,0,89.381175,0,14.878102,0,60.516353,33.845737,60.698648,49.986935,33.721471,50,27,0,0,0,0,0,0,0,0
3364,60.854076,0,1.9171,0,38.235635,25.042012,0.80359,2.847382,0,89.431725,0,14.916757,0,60.932024,33.754927,60.911375,50.045797,33.839653,50,27,0,0,0,0,0,0,0,0
3365,60.85158,0,1.899563,0,37.909964,25.055564,0.796962,2.859118,0,89.819791,0,14.883495,0,60.764945,33.837611,60.919997,50.047952,33.844443,50,27,0,0,0,0,0,0,0,0
3366,60.322467,0,1.897514,0,38.091729,25.008464,0.799386,2.839174,0,89.12972,0,14.869018,0,60.701766,33.751065,60.66457,49.977114,33.702539,50,27,0,0,0,0,0,0,0,0
3367,61.114021,0,1.894493,0,38.047745,24.842214,0.798584,2.86074,0,89.02593,0,14.823965,0,60.971948,33.463442,60.330371,49.884857,33.516873,50,27,0,0,0,0,0,0,0,0
3368,60.503904,0,1.906506,0,38.026365,25.098061,0.802691,2.857942,0,89.858629,0,14.922987,0,60.901574,33.707339,60.814566,50.019259,33.78587,50,27,0,0,0,0,0,0,0,0
3369,60.900484,0,1.898644,0,37.999546,24.953511,0.793917,2.833224,0,89.00373,0,14.839013,0,60.664438,33.801815,60.782154,50.010205,33.767863,50,27,0,0,0,0,0,0,0,0
3370,60.770746,0,1.900376,0,38.020999,25.083034,0.801353,2.840524,0,88.77839,0,14.865634,0,60.473223,33.83439,60.652293,49.974261,33.695719,50,27,0,0,0,0,0,0,0,0
3371,60.694495,0,1.89963,0,37.947587,25.056912,0.802696,2.839625,0,89.180424,0,14.987474,0,60.521015,33.93269,60.896246,50.041817,33.831248,50,27,0,0,0,0,0,0,0,0
3372,60.933977,0,1.905877,0,37.812614,25.015947,0.795172,2.848642,0,89.314817,0,14.872788,0,60.631448,33.950443,61.020674,50.076,33.900374,50,27,0,0,0,0,0,0,0,0
3373,60.733186,0,1.883358,0,37.975602,25.022569,0.798562,2.851518,0,89.266219,0,14.84613,0,60.900758,33.82844,61.008309,50.072205,33.893505,50,27,0,0,0,0,0,0,0,0
3374,60.770268,0,1.898014,0,37.999029,25.032714,0.801281,2.846847,0,89.191072,0,14.871334,0,61.135836,33.585578,60.724377,49.993368,33.735765,50,27,0,0,0,0,0,0,0,0
3375,60.964139,0,1.902449,0,37.964446,25.095499,0.799876,2.856448,0,89.094004,0,14.885811,0,61.280372,33.513794,60.743211,49.998606,33.746228,50,27,0,0,0,0,0,0,0,0
3376,60.989559,0,1.904942,0,37.729774,24.949548,0.797679,2.860576,0,88.962126,0,14.869016,0,60.816534,33.833076,60.98643,50.065838,33.88135,50,27,0,0,0,0,0,0,0,0
3377,61.132293,0,1.911514,0,37.950391,25.088116,0.804666,2.858208,0,89.148318,0,14.870236,0,60.489164,33.903539,60.797074,50.013173,33.776152,50,27,0,0,0,0,0,0,0,0
3378,60.592775,0,1.904994,0,37.992595,25.036407,0.801669,2.856776,0,89.181906,0,14.866386,0,60.723221,33.838199,60.874062,50.034387,33.818923,50,27,0,0,0,0,0,0,0,0
3379,60.851943,0,1.901576,0,37.97764,24.945727,0.799168,2.851508,0,89.706098,0,14.888142,0,60.884131,33.603084,60.529598,49.939007,33.627554,50,27,0,0,0,0,0,0,0,0
3380,60.66042,0,1.89473,0,38.082344,25.036574,0.799909,2.853559,0,88.764405,0,14.909543,0,60.589006,34.019649,61.135321,50.10673,33.964067,50,27,0,0,0,0,0,0,0,0
3381,60.652266,0,1.894439,0,38.127622,25.096668,0.799898,2.851229,0,89.163411,0,14.83151,0,60.606688,33.910252,60.8881,50.037868,33.826722,50,27,0,0,0,0,0,0,0,0
3382,60.598948,0,1.904896,0,37.853446,25.027145,0.797414,2.857017,0,89.093435,0,14.857358,0,60.591955,33.949896,60.939403,50.05186,33.855224,50,27,0,0,0,0,0,0,0,0
3383,60.739196,0,1.902679,0,37.871929,25.027114,0.800038,2.838444,0,88.644369,0,14.915706,0,61.112114,33.655756,60.817394,50.017879,33.787441,50,27,0,0,0,0,0,0,0,0
3384,60.859887,0,1.896421,0,38.079961,24.84975,0.803957,2.850945,0,89.272662,0,14.872836,0,60.953875,33.718713,60.810375,50.01585,33.783542,50,27,0,0,0,0,0,0,0,0
3385,60.931039,0,1.906404,0,37.950627,25.018127,0.805191,2.850868,0,89.214209,0,14.87535,0,60.929677,33.736823,60.833348,50.022121,33.796304,50,27,0,0,0,0,0,0,0,0
3386,60.583319,0,1.901823,0,38.016912,24.849755,0.799872,2.858146,0,89.519215,0,14.939878,0,61.022027,33.725661,60.908173,50.042692,33.837874,50,27,0,0,0,0,0,0,0,0
3387,60.660843,0,1.908339,0,38.050132,24.932008,0.801638,2.851524,0,89.358356,0,14.881933,0,60.831914,33.685399,60.640249,49.968427,33.689027,50,27,0,0,0,0,0,0,0,0
3388,60.623026,0,1.911413,0,38.00482,24.911291,0.797462,2.854039,0,89.426949,0,14.834752,0,60.868836,33.633609,60.579905,49.951905,33.655503,50,27,0,0,0,0,0,0,0,0
3389,60.815579,0,1.904661,0,37.873998,25.053403,0.801776,2.846474,0,89.262529,0,14.820413,0,60.700764,33.693468,60.556156,49.94558,33.642309,50,27,0,0,0,0,0,0,0,0
3390,60.840181,0,1.903683,0,38.011899,25.134052,0.801729,2.842484,0,88.836847,0,14.85758,0,60.511982,34.015159,61.05498,50.083724,33.919434,50,27,0,0,0,0,0,0,0,0
3391,60.9561,0,1.901976,0,38.026033,25.02767,0.801975,2.853007,0,89.149421,0,14.907712,0,60.64346,33.701452,60.490794,49.927368,33.605997,50,27,0,0,0,0,0,0,0,0
3392,60.747653,0,1.898421,0,38.134654,25.111085,0.800402,2.843697,0,89.444635,0,14.865765,0,60.954266,33.578863,60.552556,49.9448,33.640309,50,27,0,0,0,0,0,0,0,0
3393,61.055436,0,1.903076,0,38.093121,25.106882,0.794944,2.844907,0,89.427661,0,14.876854,0,61.134043,33.502033,60.595376,49.95691,33.664098,50,27,0,0,0,0,0,0,0,0
3394,60.818669,0,1.898693,0,37.974742,25.032613,0.80191,2.835316,0,89.448441,0,14.916953,0,60.257729,33.888383,60.567687,49.949472,33.648715,50,27,0,0,0,0,0,0,0,0
3395,61.041422,0,1.899067,0,38.042391,25.085433,0.801183,2.861276,0,89.064315,0,14.881948,0,60.777227,33.862952,61.014167,50.073128,33.896759,50,27,0,0,0,0,0,0,0,0
3396,60.512968,0,1.901655,0,37.954699,24.903966,0.800042,2.834344,0,89.205576,0,14.855158,0,60.609167,33.986254,61.09139,50.094109,33.939661,50,27,0,0,0,0,0,0,0,0
3397,60.774846,0,1.903237,0,38.022741,24.976456,0.79989,2.847672,0,88.689026,0,14.895551,0,60.708275,33.71519,60.588583,49.954667,33.660324,50,27,0,0,0,0,0,0,0,0
3398,60.647456,0,1.912217,0,38.166908,24.961189,0.798549,2.848332,0,89.033509,0,14.849626,0,60.66647,33.694763,60.51117,49.933495,33.617317,50,27,0,0,0,0,0,0,0,0
3399,60.618619,0,1.897395,0,38.128649,25.005925,0.794033,2.851792,0,89.002583,0,14.92725,0,60.82329,33.615618,60.51075,49.93371,33.617084,50,27,0,0,0,0,0,0,0,0
3400,60.57137,0,1.901125,0,38.179444,25.033129,0.803562,2.853183,0,89.229551,0,14.908415,0,60.457365,34.008512,60.993121,50.067365,33.885067,50,27,0,0,0,0,0,0,0,0
3401,60.861265,0,1.90579,0,37.881485,25.056486,0.801764,2.852397,0,89.613479,0,14.877376,0,60.830283,33.629538,60.533156,49.939898,33.629531,50,27,0,0,0,0,0,0,0,0
3402,60.602336,0,1.902904,0,38.046522,25.052323,0.800627,2.839232,0,89.130691,0,14.90361,0,60.876113,33.738049,60.826445,50.021261,33.792469,50,27,0,0,0,0,0,0,0,0
3403,60.714434,0,1.89869,0,38.024386,24.890912,0.800376,2.855632,0,89.355187,0,14.7724,0,60.772938,33.686483,60.617603,49.963432,33.676446,50,27,0,0,0,0,0,0,0,0
3404,60.923753,0,1.899779,0,37.995533,25.071746,0.799471,2.859809,0,89.094417,0,14.927455,0,60.786943,33.788301,60.856088,50.02953,33.808938,50,27,0,0,0,0,0,0,0,0
3405,60.942221,0,1.909166,0,37.795954,25.108381,0.800536,2.846963,0,89.313572,0,14.896183,0,60.703979,34.030834,61.280396,50.14666,34.044664,50,27,0,0,0,0,0,0,0,0
3406,60.601904,0,1.890677,0,37.926639,24.901388,0.802802,2.855793,0,89.099645,0,14.750076,0,60.851621,33.78361,60.870523,50.032643,33.816957,50,27,0,0,0,0,0,0,0,0
3407,60.53971,0,1.900807,0,37.861428,24.927706,0.800164,2.848243,0,88.972765,0,14.861955,0,61.045384,33.797503,61.092412,50.09381,33.940229,50,27,0,0,0,0,0,0,0,0
3408,60.5713,0,1.898473,0,38.137093,25.006947,0.80043,2.845709,0,88.944708,0,14.898381,0,60.695505,33.808971,60.763783,50.002512,33.757657,50,27,0,0,0,0,0,0,0,0
3409,60.537364,0,1.895256,0,38.027776,25.016093,0.80012,2.846726,0,88.722684,0,14.92147,0,60.792786,33.632001,60.483501,49.92503,33.601945,50,27,0,0,0,0,0,0,0,0
3410,60.662172,0,1.89416,0,38.006214,25.048149,0.800749,2.851723,0,89.071818,0,14.940033,0,60.595393,33.815271,60.692024,49.983038,33.717791,50,27,0,0,0,0,0,0,0,0
3411,60.698509,0,1.899915,0,37.967533,25.083567,0.793881,2.852878,0,89.439664,0,14.958226,0,60.839078,33.749753,60.791467,50.010608,33.773037,50,27,0,0,0,0,0,0,0,0
3412,60.839529,0,1.903451,0,38.305788,25.094376,0.799631,2.853728,0,89.123832,0,14.869208,0,61.053777,33.770062,61.051981,50.082561,33.917767,50,27,0,0,0,0,0,0,0,0
3413,60.686288,0,1.896155,0,37.958484,25.123109,0.803058,2.852981,0,89.275235,0,14.837954,0,60.417592,33.943915,60.782629,50.007702,33.768127,50,27,0,0,0,0,0,0,0,0
3414,60.844127,0,1.894572,0,37.864741,24.922326,0.799774,2.835505,0,89.39818,0,14.918228,0,60.868291,33.708709,60.714376,49.988799,33.730209,50,27,0,0,0,0,0,0,0,0
3415,60.794927,0,1.898248,0,38.055164,25.080423,0.798856,2.838506,0,88.76433,0,14.889659,0,60.7014,33.884417,60.927738,50.047827,33.848743,50,27,0,0,0,0,0,0,0,0
3416,60.240502,0,1.901751,0,38.03484,25.035514,0.799411,2.847215,0,89.027126,0,14.847303,0,60.884701,33.693588,60.694364,49.983085,33.719091,50,27,0,0,0,0,0,0,0,0
3417,60.813089,0,1.906371,0,38.13867,25.037211,0.803721,2.839997,0,88.855903,0,14.95272,0,60.698175,33.903306,60.962107,50.057173,33.867837,50,27,0,0,0,0,0,0,0,0
3418,60.928824,0,1.907054,0,37.96156,25.060216,0.80087,2.850848,0,88.984426,0,14.767787,0,60.968151,33.762159,60.917856,50.044657,33.843253,50,27,0,0,0,0,0,0,0,0
3419,60.57542,0,1.888552,0,38.027838,25.011446,0.802765,2.868688,0,89.503232,0,14.841446,0,60.90738,33.848492,61.042337,50.078841,33.912409,50,27,0,0,0,0,0,0,0,0
3420,60.614728,0,1.907772,0,37.866954,24.827455,0.797548,2.844641,0,89.019007,0,14.878981,0,60.563661,33.969427,60.945281,50.051623,33.85849,50,27,0,0,0,0,0,0,0,0
3421,60.789342,0,1.901064,0,37.741961,25.051316,0.802809,2.844134,0,89.333073,0,14.865384,0,61.260296,33.568386,60.772118,50.003505,33.762288,50,27,0,0,0,0,0,0,0,0
3422,60.876649,0,1.900905,0,37.934239,25.057102,0.800006,2.855172,0,89.440473,0,14.905364,0,60.90467,33.698588,60.721649,49.989538,33.734249,50,27,0,0,0,0,0,0,0,0
3423,60.496946,0,1.905391,0,37.777226,25.033966,0.796917,2.845654,0,89.192682,0,14.811693,0,60.694529,33.652175,60.425044,49.90761,33.569469,50,27,0,0,0,0,0,0,0,0
3424,60.583441,0,1.891759,0,38.179523,24.885091,0.801984,2.841873,0,88.799078,0,14.867789,0,60.731773,33.883506,60.967095,50.05789,33.870608,50,27,0,0,0,0,0,0,0,0
3425,60.784753,0,1.89662,0,38.028777,24.86799,0.797645,2.844048,0,89.652065,0,14.848862,0,60.954696,33.752156,60.898243,50.038571,33.832357,50,27,0,0,0,0,0,0,0,0
3426,60.712321,0,1.902353,0,37.98269,25.122067,0.798539,2.833317,0,89.026106,0,14.874363,0,60.700175,33.796483,60.740753,49.99485,33.744863,50,27,0,0,0,0,0,0,0,0
3427,60.580964,0,1.904138,0,37.888254,24.940508,0.805271,2.84902,0,88.956488,0,14.961505,0,60.690663,33.851356,60.844452,50.023537,33.802473,50,27,0,0,0,0,0,0,0,0
3428,60.581613,0,1.900666,0,37.993036,24.981374,0.799177,2.851899,0,89.183307,0,14.820434,0,60.802288,33.781453,60.799013,50.010861,33.77723,50,27,0,0,0,0,0,0,0,0
3429,60.646343,0,1.896446,0,37.942472,24.996532,0.798748,2.859639,0,89.5616,0,14.952394,0,60.623274,33.75053,60.554976,49.943356,33.641653,50,27,0,0,0,0,0,0,0,0
3430,60.783259,0,1.909132,0,38.131048,25.12955,0.798492,2.855939,0,89.496395,0,14.887128,0,61.009499,33.646165,60.725325,49.990722,33.736292,50,27,0,0,0,0,0,0,0,0
3431,60.611199,0,1.899638,0,38.206975,24.949329,0.800917,2.844702,0,89.592337,0,14.921012,0,60.658589,34.008368,61.156197,50.109859,33.975665,50,27,0,0,0,0,0,0,0,0
3432,60.63143,0,1.901663,0,37.904424,24.931749,0.796152,2.844984,0,89.174323,0,14.83965,0,60.672303,33.811066,60.722627,49.989476,33.734793,50,27,0,0,0,0,0,0,0,0
3433,60.736792,0,1.897289,0,37.994358,25.038502,0.800153,2.852392,0,89.543644,0,14.826026,0,60.929191,33.600061,60.531282,49.936641,33.62849,50,27,0,0,0,0,0,0,0,0
3434,60.752173,0,1.898078,0,37.946429,24.969488,0.799528,2.846509,0,88.872172,0,14.958606,0,61.175223,33.62089,60.846119,50.023976,33.8034,50,27,0,0,0,0,0,0,0,0
3435,60.767926,0,1.900313,0,38.046548,24.983532,0.799215,2.835746,0,89.266747,0,14.887727,0,60.781823,33.845237,60.946519,50.051607,33.859177,50,27,0,0,0,0,0,0,0,0
3436,60.797844,0,1.909052,0,37.966923,24.971003,0.801303,2.839004,0,88.807138,0,14.87788,0,60.905047,33.588982,60.518911,49.933161,33.621617,50,27,0,0,0,0,0,0,0,0
3437,60.671898,0,1.901267,0,38.12636,25.01226,0.797396,2.8469,0,89.110252,0,14.862181,0,60.657676,33.741692,60.617798,49.960825,33.676554,50,27,0,0,0,0,0,0,0,0
3438,60.974282,0,1.91229,0,37.959079,25.015752,0.800332,2.857633,0,89.158496,0,14.968544,0,60.88022,33.660134,60.670797,49.975669,33.705998,50,27,0,0,0,0,0,0,0,0
3439,60.763055,0,1.901021,0,37.818755,24.99473,0.794559,2.849156,0,88.808299,0,14.900322,0,60.960546,33.863025,61.192185,50.1199,33.995659,50,27,0,0,0,0,0,0,0,0
3440,60.656486,0,1.902472,0,38.036313,24.972207,0.796951,2.828276,0,89.06109,0,14.881706,0,60.703797,33.625774,60.420507,49.906015,33.566948,50,27,0,0,0,0,0,0,0,0
3441,60.804687,0,1.902461,0,37.971406,24.976079,0.803516,2.856207,0,88.814668,0,14.963338,0,60.518374,33.998279,61.038543,50.077305,33.910302,50,27,0,0,0,0,0,0,0,0
3442,60.754016,0,1.901027,0,37.954152,24.985105,0.799536,2.850624,0,89.08745,0,14.854188,0,60.622433,33.780224,60.650133,49.969565,33.694518,50,27,0,0,0,0,0,0,0,0
3443,60.944147,0,1.894077,0,38.176148,24.985038,0.795859,2.868193,0,89.196544,0,14.88626,0,60.824894,33.731135,60.747315,49.996577,33.748508,50,27,0,0,0,0,0,0,0,0
3444,60.92828,0,1.906578,0,38.096234,24.970694,0.797725,2.841539,0,89.107147,0,14.824299,0,60.844606,33.827207,60.974528,50.059395,33.874738,50,27,0,0,0,0,0,0,0,0
3445,60.424235,0,1.891737,0,37.972087,25.068762,0.801591,2.852339,0,89.279375,0,14.841579,0,60.732224,33.764122,60.720954,49.989013,33.733864,50,27,0,0,0,0,0,0,0,0
3446,60.884821,0,1.904897,0,38.081759,25.039634,0.803893,2.853873,0,89.473055,0,14.817547,0,60.729186,33.754569,60.698471,49.982853,33.721373,50,27,0,0,0,0,0,0,0,0
3447,61.075866,0,1.906666,0,38.010057,25.016142,0.798833,2.850323,0,88.987975,0,14.884172,0,60.787176,33.690528,60.623295,49.96216,33.679608,50,27,0,0,0,0,0,0,0,0
3448,60.797963,0,1.895842,0,37.905113,25.133938,0.799904,2.832303,0,89.443225,0,14.834931,0,60.753402,33.723783,60.669911,49.975233,33.705506,50,27,0,0,0,0,0,0,0,0
3449,61.059634,0,1.896867,0,38.005657,24.979492,0.805042,2.841312,0,89.31694,0,14.83791,0,60.749547,33.819732,60.873666,50.031673,33.818703,50,27,0,0,0,0,0,0,0,0
3450,60.676343,0,1.911305,0,38.005738,24.880541,0.795575,2.854443,0,89.625879,0,14.819197,0,60.801765,33.597933,60.45027,49.914491,33.583483,50,27,0,0,0,0,0,0,0,0
3451,60.934164,0,1.896905,0,38.14007,25.017997,0.803748,2.854517,0,89.58967,0,14.833721,0,60.892243,33.619174,60.60752,49.95838,33.670845,50,27,0,0,0,0,0,0,0,0
3452,60.891252,0,1.894837,0,37.820104,25.005544,0.798687,2.856087,0,88.863674,0,14.820599,0,60.656302,33.731871,60.627096,49.963997,33.68172,50,27,0,0,0,0,0,0,0,0
3453,60.695114,0,1.905089,0,37.923571,24.939997,0.79802,2.856546,0,89.348952,0,14.744886,0,60.785464,33.66934,60.626182,49.963924,33.681212,50,27,0,0,0,0,0,0,0,0
3454,60.959278,0,1.897347,0,38.046371,24.922532,0.79874,2.858683,0,89.583718,0,14.894142,0,60.583847,33.642528,60.377963,49.895497,33.543313,50,27,0,0,0,0,0,0,0,0
3455,60.758485,0,1.904265,0,37.891378,25.012835,0.798468,2.871266,0,89.282523,0,14.796826,0,60.747973,33.776,60.836498,50.022754,33.798055,50,27,0,0,0,0,0,0,0,0
3456,60.745985,0,1.903592,0,38.027231,25.050114,0.797013,2.853172,0,89.160378,0,14.8587,0,60.459554,33.874595,60.750521,49.998877,33.75029,50,27,0,0,0,0,0,0,0,0
3457,60.733288,0,1.901926,0,37.860283,25.060842,0.800278,2.84634,0,89.557358,0,14.740622,0,60.722282,33.78226,60.800294,50.012639,33.777941,50,27,0,0,0,0,0,0,0,0
3458,60.796974,0,1.896473,0,37.966532,24.918648,0.794963,2.848684,0,89.119939,0,14.87202,0,60.588166,33.735232,60.562103,49.946742,33.645613,50,27,0,0,0,0,0,0,0,0
3459,60.31472,0,1.892156,0,38.075778,24.983956,0.80084,2.860938,0,89.133469,0,14.844842,0,60.690471,33.816518,60.837499,50.023125,33.798611,50,27,0,0,0,0,0,0,0,0
3460,60.572985,0,1.90196,0,38.055188,24.993864,0.799899,2.857939,0,89.221895,0,14.867734,0,60.827327,33.648279,60.610287,49.960209,33.672382,50,27,0,0,0,0,0,0,0,0
3461,60.937636,0,1.898966,0,38.088394,25.051056,0.798642,2.854376,0,89.157936,0,14.84415,0,60.795312,33.671572,60.640971,49.968888,33.689428,50,27,0,0,0,0,0,0,0,0
3462,60.854434,0,1.900216,0,37.944955,24.879766,0.799518,2.851419,0,89.293581,0,14.869797,0,60.345421,33.8686,60.616332,49.962233,33.67574,50,27,0,0,0,0,0,0,0,0
3463,61.04785,0,1.892197,0,37.901408,25.021816,0.801498,2.836005,0,88.727016,0,14.872371,0,60.421141,33.945735,60.837826,50.023641,33.798792,50,27,0,0,0,0,0,0,0,0
3464,60.632115,0,1.904963,0,37.886978,25.015109,0.797599,2.857382,0,89.018755,0,14.829536,0,60.684197,33.773532,60.711599,49.988634,33.728666,50,27,0,0,0,0,0,0,0,0
3465,60.480472,0,1.898254,0,37.796569,24.919547,0.80168,2.853671,0,89.374775,0,14.86066,0,60.991232,33.603253,60.657738,49.973804,33.698743,50,27,0,0,0,0,0,0,0,0
3466,60.782306,0,1.901604,0,37.92444,24.999331,0.801307,2.861094,0,89.582477,0,14.859387,0,60.618281,33.918399,60.970392,50.060351,33.87244,50,27,0,0,0,0,0,0,0,0
3467,60.897362,0,1.905075,0,38.087828,24.900986,0.796675,2.861474,0,88.745294,0,14.799125,0,60.876151,33.660142,60.661495,49.974672,33.70083,50,27,0,0,0,0,0,0,0,0
3468,60.814052,0,1.891102,0,37.920157,25.048742,0.801168,2.83958,0,89.17459,0,14.931948,0,60.790618,33.692764,60.658191,49.973885,33.698995,50,27,0,0,0,0,0,0,0,0
3469,60.935739,0,1.893131,0,37.861889,24.973472,0.801259,2.861849,0,89.276465,0,14.920359,0,60.69345,33.636156,60.449891,49.916442,33.583273,50,27,0,0,0,0,0,0,0,0
3470,61.053179,0,1.899657,0,37.990433,24.884381,0.798332,2.851821,0,89.150374,0,14.887938,0,60.620043,33.805116,60.748107,49.999283,33.748948,50,27,0,0,0,0,0,0,0,0
3471,60.218299,0,1.910273,0,38.046853,24.877567,0.798531,2.853683,0,88.936277,0,14.82817,0,60.60497,33.794772,60.703209,49.986877,33.724005,50,27,0,0,0,0,0,0,0,0
3472,60.926218,0,1.891769,0,37.936491,25.088042,0.797954,2.845831,0,89.304887,0,14.904598,0,60.702835,33.740854,60.681201,49.98086,33.711779,50,27,0,0,0,0,0,0,0,0
3473,60.784451,0,1.897823,0,37.989317,24.874996,0.799177,2.850795,0,89.403598,0,14.887039,0,60.537082,33.812664,60.668274,49.977382,33.704597,50,27,0,0,0,0,0,0,0,0
3474,60.918009,0,1.904841,0,38.004752,24.796804,0.794977,2.837357,0,89.152263,0,14.796369,0,60.909597,33.679845,60.752426,50.000754,33.751348,50,27,0,0,0,0,0,0,0,0
3475,60.625004,0,1.90437,0,38.019222,24.936866,0.795354,2.85637,0,89.548215,0,14.875648,0,60.820791,33.715057,60.747717,49.999448,33.748731,50,27,0,0,0,0,0,0,0,0
3476,60.434629,0,1.899677,0,38.043367,25.059469,0.798308,2.849682,0,89.078435,0,14.881328,0,60.892636,33.718422,60.831227,50.022533,33.795126,50,27,0,0,0,0,0,0,0,0
3477,60.773616,0,1.911024,0,37.901479,24.939189,0.799644,2.844278,0,89.385153,0,14.825054,0,60.690753,33.921919,61.062434,50.086326,33.923575,50,27,0,0,0,0,0,0,0,0
3478,61.296747,0,1.902076,0,37.963669,25.016232,0.79659,2.854748,0,89.003702,0,14.877273,0,60.605213,33.867955,60.839834,50.02437,33.799908,50,27,0,0,0,0,0,0,0,0
3479,60.831807,0,1.901841,0,38.059341,25.080374,0.796135,2.849922,0,89.257675,0,14.840998,0,61.038861,33.672185,60.845866,50.025916,33.803259,50,27,0,0,0,0,0,0,0,0
3480,60.803017,0,1.891348,0,37.949854,25.017626,0.802854,2.852162,0,89.208759,0,14.884492,0,60.515876,33.832258,60.672596,49.977896,33.706998,50,27,0,0,0,0,0,0,0,0
3481,60.654107,0,1.909196,0,38.096566,25.016441,0.798918,2.848115,0,89.141289,0,14.965407,0,60.87787,33.748069,60.84721,50.026269,33.804006,50,27,0,0,0,0,0,0,0,0
3482,60.756465,0,1.906355,0,37.995669,24.93025,0.797436,2.856317,0,89.027231,0,14.871381,0,60.985113,33.549109,60.536689,49.940311,33.631494,50,27,0,0,0,0,0,0,0,0
3483,60.942998,0,1.893742,0,38.333184,25.023496,0.793771,2.861693,0,89.164356,0,14.961415,0,60.767351,33.927701,61.145546,50.108894,33.969748,50,27,0,0,0,0,0,0,0,0
3484,60.987524,0,1.894567,0,37.824389,24.976841,0.796968,2.860051,0,88.846169,0,14.823116,0,61.01671,33.510226,60.490656,49.927343,33.60592,50,27,0,0,0,0,0,0,0,0
3485,60.597597,0,1.898323,0,38.035597,25.040834,0.799111,2.849737,0,89.492517,0,14.88286,0,60.47435,33.962964,60.936168,50.050843,33.853427,50,27,0,0,0,0,0,0,0,0
3486,60.696679,0,1.912535,0,38.080802,25.133992,0.805111,2.856664,0,89.251268,0,14.75398,0,60.345167,33.88479,60.613224,49.961329,33.674013,50,27,0,0,0,0,0,0,0,0
3487,60.654626,0,1.910639,0,37.941127,25.080051,0.797522,2.845652,0,89.216034,0,14.875366,0,60.736925,33.820062,60.851692,50.027433,33.806496,50,27,0,0,0,0,0,0,0,0
3488,60.43225,0,1.913855,0,38.123767,24.976341,0.79704,2.84522,0,88.732828,0,14.837405,0,61.037307,33.595137,60.67045,49.977202,33.705806,50,27,0,0,0,0,0,0,0,0
3489,60.841537,0,1.903998,0,38.045568,24.906975,0.79926,2.852905,0,89.006758,0,14.860142,0,60.34197,33.817421,60.466921,49.921061,33.592734,50,27,0,0,0,0,0,0,0,0
3490,60.733638,0,1.901933,0,38.130471,25.067218,0.798513,2.865809,0,89.383789,0,14.913804,0,60.811714,33.688479,60.65687,49.973955,33.698261,50,27,0,0,0,0,0,0,0,0
3491,60.878029,0,1.894507,0,37.973929,24.880553,0.802328,2.838817,0,88.866616,0,14.834595,0,61.166234,33.645441,60.930284,50.049655,33.850158,50,27,0,0,0,0,0,0,0,0
3492,61.102517,0,1.906351,0,38.258411,25.006815,0.801065,2.868899,0,89.233483,0,14.874814,0,60.999376,33.698305,60.889682,50.038185,33.827601,50,27,0,0,0,0,0,0,0,0
3493,60.851169,0,1.891453,0,37.948418,24.817129,0.802265,2.855017,0,88.921498,0,14.910744,0,60.614735,33.794455,60.714715,49.989635,33.730397,50,27,0,0,0,0,0,0,0,0
3494,60.673674,0,1.890523,0,38.006786,25.042777,0.794617,2.854553,0,89.462789,0,14.842185,0,60.851585,33.642897,60.625624,49.965063,33.680902,50,27,0,0,0,0,0,0,0,0
3495,60.772883,0,1.894618,0,38.078782,24.991342,0.798967,2.844604,0,89.221289,0,14.900273,0,60.709593,33.736371,60.694925,49.984391,33.719403,50,27,0,0,0,0,0,0,0,0
3496,60.651749,0,1.904139,0,38.21442,24.997151,0.799013,2.850768,0,89.003948,0,14.882314,0,60.604852,33.675053,60.461756,49.920022,33.589865,50,27,0,0,0,0,0,0,0,0
3497,60.817055,0,1.896621,0,38.061845,25.003825,0.802148,2.85084,0,88.928974,0,14.861416,0,60.864162,33.733955,60.854258,50.028906,33.807921,50,27,0,0,0,0,0,0,0,0
3498,60.982455,0,1.896657,0,38.173846,25.002056,0.803287,2.845295,0,89.107908,0,14.826954,0,60.667619,33.833125,60.867519,50.032427,33.815288,50,27,0,0,0,0,0,0,0,0
3499,60.770367,0,1.89877,0,38.022216,24.973669,0.798923,2.844239,0,88.809246,0,14.851791,0,60.729281,33.723688,60.685845,49.982052,33.714358,50,27,0,0,0,0,0,0,0,0
3500,60.576251,0,1.899166,0,38.05888,25.065431,0.798007,2.868048,0,89.036223,0,14.802404,0,60.599808,33.814355,60.750337,49.999966,33.750187,50,27,0,0,0,0,0,0,0,0
3501,61.028903,0,1.889792,0,37.792741,25.125207,0.801123,2.840785,0,89.031181,0,14.885426,0,60.865942,33.631154,60.620623,49.964114,33.678124,50,27,0,0,0,0,0,0,0,0
3502,60.799005,0,1.903461,0,38.151782,25.011367,0.799755,2.853747,0,89.402043,0,14.85867,0,60.489379,33.620734,60.237413,49.858375,33.46523,50,27,0,0,0,0,0,0,0,0
3503,60.668886,0,1.90171,0,38.250594,25.032173,0.802509,2.862359,0,89.139079,0,14.838675,0,60.892313,33.779149,60.990251,50.067161,33.883473,50,27,0,0,0,0,0,0,0,0
3504,60.69177,0,1.897832,0,37.887445,24.917834,0.798116,2.844909,0,89.024396,0,14.867932,0,60.704622,33.792103,60.823764,50.02081,33.79098,50,27,0,0,0,0,0,0,0,0
3505,61.203389,0,1.902683,0,38.012764,24.991482,0.798134,2.861224,0,89.215941,0,14.847025,0,60.361888,33.889001,60.67798,49.980413,33.709989,50,27,0,0,0,0,0,0,0,0
3506,60.80239,0,1.89932,0,38.000324,24.932688,0.798833,2.859433,0,88.798015,0,14.904091,0,60.709454,33.702843,60.613111,49.962581,33.673951,50,27,0,0,0,0,0,0,0,0
3507,60.853836,0,1.898404,0,38.002367,25.130051,0.8072,2.842055,0,89.228894,0,14.841016,0,60.797614,33.647464,60.590478,49.956511,33.661377,50,27,0,0,0,0,0,0,0,0
3508,60.727769,0,1.909247,0,37.930974,24.942063,0.806756,2.855074,0,89.29836,0,14.886607,0,60.806252,33.7348,60.796286,50.013612,33.775714,50,27,0,0,0,0,0,0,0,0
3509,60.722357,0,1.895927,0,37.845863,24.993558,0.798351,2.845587,0,89.514237,0,14.777101,0,60.71247,33.673976,60.574828,49.952334,33.652682,50,27,0,0,0,0,0,0,0,0
3510,60.461599,0,1.913664,0,38.000908,25.0214,0.802103,2.84378,0,89.276952,0,14.802274,0,61.05757,33.620547,60.815828,50.019183,33.786571,50,27,0,0,0,0,0,0,0,0
3511,60.68583,0,1.901166,0,38.133311,24.946333,0.793707,2.84774,0,88.926909,0,14.854981,0,60.907647,33.693245,60.834361,50.02421,33.796867,50,27,0,0,0,0,0,0,0,0
3512,60.582918,0,1.896522,0,38.094804,25.09355,0.798392,2.853371,0,89.03699,0,14.92086,0,60.736626,33.826368,60.948727,50.0557,33.860404,50,27,0,0,0,0,0,0,0,0
3513,60.801262,0,1.902723,0,38.122923,24.814326,0.798833,2.851483,0,89.778442,0,14.770826,0,60.455459,33.745006,60.48268,49.926609,33.601489,50,27,0,0,0,0,0,0,0,0
3514,60.782965,0,1.900978,0,38.207746,24.966084,0.796151,2.85905,0,89.006308,0,14.886778,0,60.82435,33.702549,60.760312,50.00371,33.755729,50,27,0,0,0,0,0,0,0,0
3515,61.098606,0,1.899139,0,38.039013,24.918356,0.800244,2.853619,0,89.000029,0,14.873987,0,60.572146,33.802712,60.723391,49.993487,33.735217,50,27,0,0,0,0,0,0,0,0
3516,60.570546,0,1.897667,0,38.041435,24.9448,0.799781,2.865513,0,89.140472,0,14.77939,0,60.657819,33.572221,60.31342,49.880206,33.507456,50,27,0,0,0,0,0,0,0,0
3517,60.677904,0,1.899914,0,38.102378,25.022136,0.79831,2.848219,0,89.606723,0,14.837773,0,60.746689,33.697361,60.687782,49.984273,33.715434,50,27,0,0,0,0,0,0,0,0
3518,60.641648,0,1.904277,0,38.073916,25.034745,0.800972,2.850693,0,89.193731,0,14.764758,0,60.390095,33.834904,60.625001,49.966999,33.680556,50,27,0,0,0,0,0,0,0,0
3519,60.829708,0,1.910572,0,38.178983,24.950708,0.798355,2.842134,0,88.722657,0,14.767,0,60.757786,33.71523,60.725571,49.994961,33.736429,50,27,0,0,0,0,0,0,0,0
3520,60.594996,0,1.900937,0,38.021339,25.043233,0.803293,2.839251,0,89.09959,0,14.850694,0,60.940106,33.595321,60.656971,49.976025,33.698317,50,27,0,0,0,0,0,0,0,0
3521,60.70481,0,1.895272,0,37.89752,25.048815,0.800439,2.851548,0,88.913586,0,14.797703,0,60.95521,33.6591,60.824306,50.022395,33.791281,50,27,0,0,0,0,0,0,0,0
3522,60.541974,0,1.897067,0,38.054664,25.02041,0.801043,2.869113,0,88.906051,0,14.831474,0,60.781517,33.516149,60.357257,49.893193,33.53181,50,27,0,0,0,0,0,0,0,0
3523,60.661652,0,1.903563,0,38.06867,25.02945,0.7982,2.853545,0,89.03737,0,14.870683,0,60.697273,33.725324,60.740757,49.999722,33.744865,50,27,0,0,0,0,0,0,0,0
3524,60.918307,0,1.892974,0,38.013318,24.960784,0.797446,2.840437,0,88.713525,0,14.849683,0,60.40247,33.847974,60.701953,49.988998,33.723307,50,27,0,0,0,0,0,0,0,0
3525,60.803561,0,1.905459,0,38.066104,25.073557,0.803025,2.86121,0,88.60948,0,14.782434,0,60.431325,33.778517,60.565577,49.95136,33.647543,50,27,0,0,0,0,0,0,0,0
3526,60.64998,0,1.906526,0,37.957262,25.062641,0.799053,2.86487,0,88.957301,0,14.867351,0,60.651382,33.69682,60.604914,49.962474,33.669397,50,27,0,0,0,0,0,0,0,0
3527,60.697225,0,1.890329,0,38.097298,25.107914,0.80457,2.853143,0,88.888719,0,14.863068,0,60.859409,33.673456,60.766564,50.00734,33.759202,50,27,0,0,0,0,0,0,0,0
3528,60.898937,0,1.898857,0,37.973984,24.946036,0.80028,2.852073,0,89.038358,0,14.852941,0,60.770596,33.787866,60.924885,50.051063,33.847159,50,27,0,0,0,0,0,0,0,0
3529,60.884102,0,1.896695,0,38.002775,25.033086,0.802169,2.851525,0,88.969027,0,14.859918,0,60.53929,33.672378,60.44033,49.91688,33.577961,50,27,0,0,0,0,0,0,0,0
3530,60.844467,0,1.907576,0,37.918987,24.905033,0.798189,2.86129,0,88.950451,0,14.801921,0,60.659937,33.725345,60.678888,49.98323,33.710493,50,27,0,0,0,0,0,0,0,0
3531,60.839276,0,1.887447,0,37.92002,24.834907,0.800749,2.851846,0,89.107311,0,14.841703,0,60.568055,33.846765,60.841942,50.028381,33.801079,50,27,0,0,0,0,0,0,0,0
3532,61.093891,0,1.893751,0,38.111313,24.994297,0.799514,2.839316,0,88.952007,0,14.866903,0,60.710218,33.709918,60.678327,49.983017,33.710182,50,27,0,0,0,0,0,0,0,0
3533,60.737968,0,1.907483,0,37.940932,25.063464,0.794867,2.870115,0,89.140441,0,14.898131,0,60.604651,33.89462,60.964358,50.062159,33.869088,50,27,0,0,0,0,0,0,0,0
3534,60.977342,0,1.905539,0,37.86279,24.998699,0.798789,2.848148,0,89.208818,0,14.838338,0,60.542282,33.785561,60.649462,49.974814,33.694145,50,27,0,0,0,0,0,0,0,0
3535,60.664545,0,1.896022,0,37.957193,24.970797,0.80056,2.844892,0,89.235389,0,14.902284,0,60.532274,33.941149,60.960947,50.061033,33.867193,50,27,0,0,0,0,0,0,0,0
3536,60.710696,0,1.90813,0,37.75932,24.895359,0.798801,2.847482,0,88.852113,0,14.829493,0,60.845062,33.782386,60.912054,50.047215,33.84003,50,27,0,0,0,0,0,0,0,0
3537,60.849442,0,1.896107,0,38.038968,24.867411,0.803191,2.847979,0,88.919258,0,14.840427,0,60.919877,33.68963,60.787024,50.012422,33.770569,50,27,0,0,0,0,0,0,0,0
3538,60.733269,0,1.900936,0,38.129417,24.947387,0.799095,2.86781,0,89.26585,0,14.932709,0,60.767617,33.681562,60.626049,49.967868,33.681138,50,27,0,0,0,0,0,0,0,0
3539,60.923111,0,1.890526,0,38.060235,25.040664,0.798967,2.851361,0,89.313456,0,14.811277,0,60.796177,33.685931,60.672674,49.980914,33.707041,50,27,0,0,0,0,0,0,0,0
3540,60.550132,0,1.895784,0,37.962679,25.108393,0.79827,2.838878,0,89.321991,0,14.852173,0,60.696388,33.613289,60.427373,49.913209,33.570763,50,27,0,0,0,0,0,0,0,0
3541,60.954422,0,1.893091,0,38.033509,24.999495,0.800157,2.851782,0,89.140074,0,14.874762,0,60.689897,33.662913,60.542372,49.945426,33.634651,50,27,0,0,0,0,0,0,0,0
3542,60.996067,0,1.893654,0,37.954331,24.900638,0.80232,2.855157,0,88.642153,0,14.80473,0,60.843149,33.82566,61.048138,50.08549,33.915632,50,27,0,0,0,0,0,0,0,0
3543,60.542448,0,1.894912,0,38.168046,24.976121,0.806539,2.847581,0,89.002398,0,14.852451,0,60.534537,33.760248,60.588736,49.958087,33.660409,50,27,0,0,0,0,0,0,0,0
3544,60.889444,0,1.899141,0,37.953252,25.068024,0.800861,2.848281,0,89.477172,0,14.850678,0,60.952123,33.607943,60.681666,49.983981,33.712037,50,27,0,0,0,0,0,0,0,0
3545,61.066141,0,1.892696,0,37.903057,25.00637,0.798975,2.860596,0,88.802212,0,14.881521,0,60.656703,33.893964,61.006476,50.073837,33.892487,50,27,0,0,0,0,0,0,0,0
3546,60.961614,0,1.893645,0,38.100845,25.03807,0.797925,2.855706,0,88.983463,0,14.754399,0,60.364293,34.031421,60.982154,50.066747,33.878974,50,27,0,0,0,0,0,0,0,0
3547,61.204989,0,1.898418,0,37.883593,25.049761,0.797522,2.84837,0,89.870449,0,14.916766,0,60.458827,33.894952,60.750207,50.002306,33.750115,50,27,0,0,0,0,0,0,0,0
3548,60.781781,0,1.898548,0,38.083351,25.060188,0.801118,2.853596,0,89.73781,0,14.796912,0,60.729998,33.590531,60.361028,49.894727,33.533905,50,27,0,0,0,0,0,0,0,0
3549,60.434819,0,1.897873,0,38.025034,25.011845,0.800573,2.836493,0,89.195561,0,14.891666,0,60.538485,33.741318,60.510643,49.936604,33.617024,50,27,0,0,0,0,0,0,0,0
3550,60.776408,0,1.896301,0,37.918677,25.072866,0.8072,2.82435,0,89.39883,0,14.834464,0,60.870562,33.599237,60.544756,49.946348,33.635975,50,27,0,0,0,0,0,0,0,0
3551,60.351436,0,1.894691,0,37.868329,24.926285,0.797984,2.849586,0,89.345756,0,14.864454,0,61.107162,33.569389,60.738759,50.000236,33.743755,50,27,0,0,0,0,0,0,0,0
3552,60.760876,0,1.899398,0,38.182112,25.020225,0.794651,2.855943,0,89.09831,0,14.916987,0,60.681485,33.805482,60.834116,50.026591,33.796731,50,27,0,0,0,0,0,0,0,0
3553,60.793004,0,1.908354,0,37.820689,24.948088,0.798859,2.862963,0,89.087249,0,14.777637,0,60.634763,33.746631,60.653717,49.976598,33.696509,50,27,0,0,0,0,0,0,0,0
3554,60.337239,0,1.902683,0,38.020778,25.165946,0.800298,2.843711,0,89.182795,0,14.844668,0,60.551938,33.834327,60.754689,50.004622,33.752605,50,27,0,0,0,0,0,0,0,0
3555,60.661306,0,1.892982,0,38.068511,24.8526,0.800973,2.851104,0,88.889789,0,14.811781,0,60.68994,33.619906,60.427726,49.914228,33.570959,50,27,0,0,0,0,0,0,0,0
3556,60.659294,0,1.901811,0,37.951599,24.994575,0.795008,2.845556,0,89.297871,0,14.865731,0,61.146182,33.66752,61.000792,50.073048,33.889329,50,27,0,0,0,0,0,0,0,0
3557,61.101798,0,1.900403,0,38.070883,24.995344,0.801395,2.85749,0,88.925681,0,14.793897,0,60.7787,33.491681,60.271486,49.871107,33.484159,50,27,0,0,0,0,0,0,0,0
3558,60.9341,0,1.905433,0,38.122589,25.163755,0.798807,2.846676,0,89.277015,0,14.800288,0,60.66817,33.651869,60.530555,49.943354,33.628086,50,27,0,0,0,0,0,0,0,0
3559,60.921189,0,1.909769,0,38.000917,25.062092,0.797316,2.866245,0,89.427225,0,14.907699,0,60.675402,33.727243,60.705378,49.991957,33.72521,50,27,0,0,0,0,0,0,0,0
3560,60.783479,0,1.8994,0,37.88514,24.951483,0.803711,2.862218,0,88.748288,0,14.855215,0,60.695364,33.732902,60.735403,50.000295,33.741891,50,27,0,0,0,0,0,0,0,0
3561,60.663191,0,1.912991,0,38.016609,25.060812,0.800017,2.852104,0,89.003953,0,14.813087,0,60.838955,33.692962,60.792245,50.016005,33.773469,50,27,0,0,0,0,0,0,0,0
3562,61.055965,0,1.90927,0,38.105695,24.942741,0.801949,2.843676,0,89.048341,0,14.831548,0,60.344309,34.090698,61.139492,50.111903,33.966385,50,27,0,0,0,0,0,0,0,0
3563,60.828418,0,1.893671,0,38.010702,24.90604,0.798661,2.855432,0,89.389173,0,14.87983,0,60.620573,33.86549,60.89101,50.042666,33.828339,50,27,0,0,0,0,0,0,0,0
3564,60.924887,0,1.909159,0,38.132431,25.094326,0.80211,2.844635,0,89.141238,0,14.862053,0,60.607996,33.68075,60.471844,49.926599,33.595469,50,27,0,0,0,0,0,0,0,0
3565,60.87884,0,1.897294,0,38.112513,25.097863,0.79889,2.846258,0,88.719997,0,14.879506,0,60.648346,33.771786,60.712732,49.993544,33.729296,50,27,0,0,0,0,0,0,0,0
3566,60.83279,0,1.899001,0,37.879163,25.048046,0.802377,2.852804,0,88.811953,0,14.903906,0,60.691362,33.653872,60.502999,49.935607,33.612777,50,27,0,0,0,0,0,0,0,0
3567,61.019199,0,1.895736,0,37.998253,24.808865,0.799103,2.85677,0,89.265832,0,14.88981,0,60.692412,33.850316,60.930195,50.054002,33.850108,50,27,0,0,0,0,0,0,0,0
3568,60.701687,0,1.906925,0,37.944983,25.001059,0.801357,2.849939,0,89.282965,0,14.842537,0,60.889455,33.71522,60.82741,50.025325,33.793006,50,27,0,0,0,0,0,0,0,0
3569,60.476406,0,1.896944,0,37.998069,25.027599,0.802184,2.839193,0,89.121515,0,14.752566,0,60.740553,33.745883,60.747065,50.002992,33.74837,50,27,0,0,0,0,0,0,0,0
3570,61.093154,0,1.907104,0,37.916939,25.058459,0.799281,2.842041,0,89.01482,0,14.930065,0,60.983836,33.53762,60.550636,49.948684,33.639242,50,27,0,0,0,0,0,0,0,0
3571,61.007062,0,1.897558,0,37.787591,25.022711,0.79965,2.844312,0,88.704979,0,14.819941,0,60.312774,33.876872,60.62226,49.968736,33.679033,50,27,0,0,0,0,0,0,0,0
3572,60.525829,0,1.901993,0,37.848178,24.970234,0.79715,2.837344,0,89.33078,0,14.84814,0,60.766235,33.775607,60.842771,50.02984,33.80154,50,27,0,0,0,0,0,0,0,0
3573,60.59255,0,1.909351,0,37.711297,24.960678,0.797965,2.857586,0,89.049042,0,14.880583,0,60.883631,33.90453,61.22733,50.135982,34.015184,50,27,0,0,0,0,0,0,0,0
3574,60.811757,0,1.898633,0,38.072055,25.056987,0.797613,2.841686,0,88.972454,0,14.898569,0,60.719296,33.591097,60.380367,49.901209,33.544649,50,27,0,0,0,0,0,0,0,0
3575,60.578139,0,1.889614,0,38.199162,25.107054,0.801272,2.850961,0,88.622941,0,14.815616,0,60.997586,33.655032,60.814702,50.021749,33.785946,50,27,0,0,0,0,0,0,0,0
3576,60.955967,0,1.905278,0,38.059189,25.051618,0.795422,2.844176,0,89.149087,0,14.855273,0,60.866613,33.795187,60.990799,50.070313,33.883777,50,27,0,0,0,0,0,0,0,0
3577,60.92655,0,1.891104,0,38.157664,25.200769,0.799014,2.836382,0,89.120737,0,14.80846,0,60.537445,33.763043,60.586065,49.958096,33.658925,50,27,0,0,0,0,0,0,0,0
3578,60.752595,0,1.907023,0,37.95849,24.953027,0.800355,2.849112,0,89.197568,0,14.803254,0,60.598136,33.897701,60.927763,50.052748,33.848757,50,27,0,0,0,0,0,0,0,0
3579,60.295024,0,1.895864,0,38.029091,24.981271,0.798794,2.843279,0,88.812348,0,14.887156,0,60.520404,33.822221,60.670214,49.981301,33.705674,50,27,0,0,0,0,0,0,0,0
3580,60.729377,0,1.906111,0,37.793713,24.948405,0.798715,2.855662,0,89.278601,0,14.867079,0,60.820038,33.775353,60.861622,50.034298,33.812012,50,27,0,0,0,0,0,0,0,0
3581,60.758294,0,1.901369,0,37.805267,25.029737,0.798606,2.859458,0,89.156456,0,14.83323,0,60.781814,33.702061,60.666199,49.980113,33.703444,50,27,0,0,0,0,0,0,0,0
3582,60.607319,0,1.906488,0,37.902293,25.053477,0.799672,2.842294,0,89.461137,0,14.81124,0,60.947805,33.772177,60.987318,50.068968,33.881843,50,27,0,0,0,0,0,0,0,0
3583,60.974043,0,1.905104,0,37.864805,25.064391,0.798051,2.849748,0,89.448998,0,14.860831,0,60.522965,34.007105,61.055559,50.087487,33.919755,50,27,0,0,0,0,0,0,0,0
3584,60.533598,0,1.898138,0,38.070918,24.993264,0.795457,2.844484,0,88.87353,0,14.834982,0,60.524337,33.79326,60.572563,49.953553,33.651424,50,27,0,0,0,0,0,0,0,0
3585,60.782084,0,1.905976,0,38.113428,24.88383,0.802504,2.854656,0,88.951554,0,14.880173,0,60.856737,33.787806,60.890446,50.041646,33.828026,50,27,0,0,0,0,0,0,0,0
3586,60.799066,0,1.901548,0,37.912136,25.042675,0.802047,2.852335,0,89.054753,0,14.886022,0,60.786368,33.852365,60.954149,50.059046,33.863416,50,27,0,0,0,0,0,0,0,0
3587,60.407236,0,1.89496,0,37.927309,25.031621,0.796204,2.845008,0,89.903765,0,14.873759,0,60.893564,33.655749,60.63612,49.97085,33.686733,50,27,0,0,0,0,0,0,0,0
3588,60.621471,0,1.904656,0,37.936016,24.937956,0.798561,2.851322,0,89.034451,0,14.857513,0,60.987856,33.66626,60.768676,50.007633,33.760375,50,27,0,0,0,0,0,0,0,0
3589,60.458395,0,1.900803,0,37.853538,25.030602,0.800241,2.851099,0,89.211355,0,14.88507,0,60.887541,33.657667,60.663934,49.978645,33.702186,50,27,0,0,0,0,0,0,0,0
3590,60.820327,0,1.893513,0,37.821027,25.014102,0.798854,2.854519,0,89.292655,0,14.892367,0,60.846903,33.793077,60.922901,50.050329,33.846056,50,27,0,0,0,0,0,0,0,0
3591,60.834645,0,1.907164,0,37.943274,24.959,0.803877,2.846892,0,89.245735,0,14.843137,0,60.56256,33.740264,60.522406,49.939383,33.623559,50,27,0,0,0,0,0,0,0,0
3592,60.939393,0,1.889224,0,38.029289,24.992442,0.802211,2.842882,0,88.843082,0,14.797928,0,60.69921,33.894838,60.987621,50.068268,33.882012,50,27,0,0,0,0,0,0,0,0
3593,60.997346,0,1.902148,0,37.966418,24.983659,0.800229,2.854782,0,89.093937,0,14.820273,0,60.598093,33.863813,60.803034,50.01691,33.779463,50,27,0,0,0,0,0,0,0,0
3594,60.626551,0,1.906456,0,38.026048,25.180632,0.803919,2.848799,0,89.407746,0,14.822152,0,60.740581,33.707576,60.603151,49.961579,33.668417,50,27,0,0,0,0,0,0,0,0
3595,60.757142,0,1.892846,0,38.138237,25.091975,0.800147,2.847248,0,89.04067,0,14.798294,0,61.039772,33.648551,60.786425,50.012426,33.770236,50,27,0,0,0,0,0,0,0,0
3596,60.727629,0,1.901848,0,37.976436,25.024785,0.799794,2.852447,0,89.47228,0,14.94714,0,60.953701,33.699932,60.824569,50.022907,33.791427,50,27,0,0,0,0,0,0,0,0
3597,60.739561,0,1.895024,0,38.090038,24.8539,0.799412,2.849833,0,89.11188,0,14.793343,0,60.793161,33.89273,61.078785,50.093057,33.932658,50,27,0,0,0,0,0,0,0,0
3598,60.831543,0,1.896574,0,37.872156,25.055942,0.798271,2.847679,0,89.234473,0,14.835634,0,60.709348,33.838138,60.861965,50.032666,33.812203,50,27,0,0,0,0,0,0,0,0
3599,61.010216,0,1.900715,0,37.83594,25.044635,0.799116,2.852402,0,89.481431,0,14.90647,0,60.459234,33.823111,60.570615,49.951976,33.650342,50,27,0,0,0,0,0,0,0,0
3600,60.656021,0,1.900165,0,38.063547,25.107671,0.800516,2.848744,0,89.416205,0,14.944124,0,60.704518,33.678805,60.504541,49.933952,33.613634,50,27,0,0,0,0,0,0,0,0
3601,60.618833,0,1.903304,0,38.055446,25.013011,0.803417,2.847865,0,89.072042,0,14.941662,0,61.049367,33.570434,60.633295,49.969867,33.685164,50,27,0,0,0,0,0,0,0,0
3602,61.149886,0,1.898044,0,37.827041,25.182098,0.80308,2.835623,0,89.176503,0,14.906062,0,61.02925,33.56542,60.628604,49.968721,33.682558,50,27,0,0,0,0,0,0,0,0
3603,60.680697,0,1.902202,0,37.823269,25.006566,0.802872,2.847226,0,89.205212,0,14.834809,0,60.896492,33.445983,60.268951,49.86947,33.48275,50,27,0,0,0,0,0,0,0,0
3604,60.813544,0,1.895706,0,38.115233,24.999163,0.800927,2.842511,0,89.325215,0,14.794126,0,60.982704,33.454467,60.412279,49.909735,33.562377,50,27,0,0,0,0,0,0,0,0
3605,61.060817,0,1.902737,0,37.947829,24.957196,0.80046,2.856053,0,88.467866,0,14.814021,0,60.373402,33.967031,60.919819,50.050466,33.844344,50,27,0,0,0,0,0,0,0,0
3606,60.687148,0,1.909677,0,37.990182,25.007705,0.798989,2.847777,0,88.709187,0,14.864186,0,60.367693,33.788973,60.504369,49.935386,33.613538,50,27,0,0,0,0,0,0,0,0
3607,60.609011,0,1.901337,0,38.041521,25.054847,0.80494,2.860895,0,89.428693,0,14.821729,0,60.559595,33.798163,60.707112,49.991745,33.726173,50,27,0,0,0,0,0,0,0,0
3608,60.50525,0,1.900149,0,37.761231,25.086392,0.79704,2.843788,0,88.513992,0,14.761619,0,60.755667,33.776959,60.849238,50.031069,33.805132,50,27,0,0,0,0,0,0,0,0
3609,60.650604,0,1.902434,0,37.993723,24.983929,0.796699,2.85691,0,89.31494,0,14.875872,0,60.493305,33.967864,60.983718,50.068084,33.879844,50,27,0,0,0,0,0,0,0,0
3610,60.716509,0,1.899545,0,38.040152,25.136886,0.805088,2.847941,0,89.425202,0,14.864559,0,60.822065,33.619019,60.545981,49.946757,33.636656,50,27,0,0,0,0,0,0,0,0
3611,60.767188,0,1.889813,0,38.130947,24.834925,0.802172,2.830319,0,89.151098,0,14.895212,0,60.970019,33.551884,60.569579,49.953544,33.649766,50,27,0,0,0,0,0,0,0,0
3612,60.935821,0,1.899785,0,37.946863,24.961982,0.799942,2.846303,0,88.824237,0,14.900732,0,60.831795,33.772063,60.920822,50.050857,33.844901,50,27,0,0,0,0,0,0,0,0
3613,60.810088,0,1.893466,0,38.133713,24.839643,0.801038,2.854095,0,89.348025,0,14.859382,0,60.749464,33.637263,60.548583,49.947719,33.638102,50,27,0,0,0,0,0,0,0,0
3614,60.497622,0,1.894785,0,37.964672,25.041263,0.797191,2.846284,0,89.126309,0,14.935887,0,60.684841,33.655392,60.534756,49.944157,33.63042,50,27,0,0,0,0,0,0,0,0
3615,60.720309,0,1.902759,0,38.177788,24.96407,0.79774,2.854431,0,89.18368,0,14.843179,0,60.573225,33.700952,60.528624,49.94274,33.627013,50,27,0,0,0,0,0,0,0,0
3616,60.383801,0,1.896364,0,38.1227,25.084974,0.803626,2.855743,0,89.022919,0,14.831242,0,60.626284,33.80599,60.806035,50.0197,33.781131,50,27,0,0,0,0,0,0,0,0
3617,60.837923,0,1.893708,0,38.166778,24.882561,0.798236,2.844224,0,89.436323,0,14.788354,0,60.517794,33.845675,60.770021,50.009648,33.761123,50,27,0,0,0,0,0,0,0,0
3618,60.70824,0,1.893688,0,37.944753,25.017475,0.804976,2.851701,0,88.917608,0,14.85804,0,60.842433,33.674123,60.717027,49.994953,33.731682,50,27,0,0,0,0,0,0,0,0
3619,60.480269,0,1.899785,0,38.155876,25.083168,0.802565,2.837854,0,89.372495,0,14.892661,0,60.680402,33.720003,60.659612,49.979109,33.699785,50,27,0,0,0,0,0,0,0,0
3620,60.729762,0,1.901427,0,38.155951,25.091257,0.802022,2.847655,0,89.349579,0,14.850972,0,60.898174,33.547275,60.514335,49.939059,33.619075,50,27,0,0,0,0,0,0,0,0
3621,60.516845,0,1.897163,0,37.773776,25.039073,0.800124,2.846185,0,89.227566,0,14.872621,0,60.727616,33.759082,60.814548,50.022339,33.78586,50,27,0,0,0,0,0,0,0,0
3622,60.447377,0,1.89242,0,37.914116,24.903706,0.801681,2.853404,0,88.984582,0,14.810579,0,60.676522,33.748782,60.736293,50.000599,33.742385,50,27,0,0,0,0,0,0,0,0
3623,60.780437,0,1.900229,0,38.138189,24.845334,0.800918,2.85545,0,89.392371,0,14.822289,0,60.620191,33.757026,60.693618,49.988801,33.718677,50,27,0,0,0,0,0,0,0,0
3624,60.863148,0,1.904516,0,38.121538,25.061784,0.799154,2.853704,0,88.657284,0,14.834309,0,60.31896,33.956764,60.809119,50.02078,33.782844,50,27,0,0,0,0,0,0,0,0
3625,60.770785,0,1.899504,0,37.903078,24.928184,0.802205,2.856532,0,89.59371,0,14.841737,0,60.721341,33.568938,60.362795,49.897315,33.534886,50,27,0,0,0,0,0,0,0,0
3626,61.120958,0,1.898096,0,37.987632,25.069735,0.800197,2.838504,0,88.891746,0,14.926258,0,60.514347,33.88629,60.847624,50.031831,33.804236,50,27,0,0,0,0,0,0,0,0
3627,60.847255,0,1.894636,0,38.057582,25.029108,0.798687,2.856482,0,88.916008,0,14.783657,0,60.805908,33.819124,60.976678,50.067342,33.875932,50,27,0,0,0,0,0,0,0,0
3628,60.275994,0,1.887028,0,37.898711,24.871338,0.799703,2.848344,0,89.285487,0,14.906601,0,60.856532,33.742728,60.855482,50.033509,33.808601,50,27,0,0,0,0,0,0,0,0
3629,60.800655,0,1.899102,0,38.190684,24.923503,0.802366,2.868986,0,89.346001,0,14.871122,0,60.539308,33.732274,60.516271,49.939586,33.620151,50,27,0,0,0,0,0,0,0,0
3630,60.655269,0,1.893587,0,37.857555,25.090951,0.799286,2.840419,0,88.96131,0,14.907752,0,60.741972,33.536349,60.307096,49.882071,33.503942,50,27,0,0,0,0,0,0,0,0
3631,60.871613,0,1.913169,0,37.961553,24.890321,0.80135,2.852759,0,88.949726,0,14.835137,0,61.215064,33.644927,61.0364,50.084234,33.909111,50,27,0,0,0,0,0,0,0,0
3632,60.714313,0,1.909738,0,37.890948,25.039349,0.803872,2.86208,0,89.476342,0,14.803273,0,60.849033,33.620298,60.629583,49.971373,33.683102,50,27,0,0,0,0,0,0,0,0
3633,60.694862,0,1.902956,0,38.08338,24.906285,0.801295,2.858818,0,89.176396,0,14.811361,0,60.574061,33.791161,60.728742,49.998922,33.73819,50,27,0,0,0,0,0,0,0,0
3634,60.563114,0,1.898365,0,38.248458,25.021336,0.796436,2.844888,0,88.825397,0,14.863019,0,60.110843,33.991524,60.678495,49.98504,33.710275,50,27,0,0,0,0,0,0,0,0
3635,60.439959,0,1.903934,0,38.025127,24.90302,0.802368,2.852035,0,88.833405,0,14.851068,0,60.874233,33.751916,60.900985,50.046609,33.83388,50,27,0,0,0,0,0,0,0,0
3636,61.053847,0,1.891387,0,37.927902,24.971501,0.800106,2.842116,0,89.179586,0,14.82411,0,60.665404,33.872415,60.944661,50.058449,33.858145,50,27,0,0,0,0,0,0,0,0
3637,60.776646,0,1.896682,0,37.854091,24.905488,0.797017,2.858078,0,89.509168,0,14.878734,0,60.681883,33.828873,60.85184,50.032504,33.806578,50,27,0,0,0,0,0,0,0,0
3638,60.923627,0,1.902742,0,37.977077,25.107215,0.801205,2.852109,0,89.083253,0,14.941915,0,60.662216,33.709859,60.570507,49.954582,33.650282,50,27,0,0,0,0,0,0,0,0
3639,60.974448,0,1.902453,0,37.997547,25.029202,0.800486,2.853765,0,89.28904,0,14.838913,0,61.045865,33.510823,60.540046,49.946389,33.633359,50,27,0,0,0,0,0,0,0,0
3640,60.607545,0,1.901616,0,37.945923,25.136258,0.79717,2.862436,0,89.310851,0,14.869633,0,60.848351,33.604972,60.572739,49.955692,33.651522,50,27,0,0,0,0,0,0,0,0
3641,60.715579,0,1.900106,0,37.944368,25.021906,0.806031,2.842925,0,89.171754,0,14.899987,0,60.939643,33.70037,60.882487,50.041526,33.823604,50,27,0,0,0,0,0,0,0,0
3642,60.551103,0,1.903614,0,38.156131,24.98699,0.799994,2.842798,0,89.108479,0,14.838662,0,60.435739,33.738408,60.462392,49.925206,33.590218,50,27,0,0,0,0,0,0,0,0
3643,60.651919,0,1.900377,0,38.131235,25.024801,0.795193,2.8609,0,89.224872,0,14.854997,0,60.422977,33.949334,60.892886,50.044565,33.829381,50,27,0,0,0,0,0,0,0,0
3644,60.799716,0,1.896142,0,38.127604,24.97246,0.798358,2.853921,0,88.934713,0,14.926287,0,60.410913,33.843165,60.627504,49.970993,33.681946,50,27,0,0,0,0,0,0,0,0
3645,60.887669,0,1.911045,0,37.931726,25.052383,0.801263,2.853029,0,89.104756,0,14.758829,0,60.569923,33.876182,60.842622,50.030595,33.801457,50,27,0,0,0,0,0,0,0,0
3646,60.865449,0,1.889649,0,38.342,24.840302,0.797151,2.850834,0,89.312035,0,14.871076,0,60.776742,33.774961,60.818884,50.023882,33.788269,50,27,0,0,0,0,0,0,0,0
3647,61.149144,0,1.902596,0,38.118871,25.11956,0.801844,2.845887,0,88.967393,0,14.82637,0,61.037083,33.689872,60.897107,50.045383,33.831726,50,27,0,0,0,0,0,0,0,0
3648,60.872741,0,1.900357,0,38.062073,25.2142,0.797224,2.840086,0,89.040932,0,14.891638,0,61.000934,33.824037,61.152711,50.115805,33.973728,50,27,0,0,0,0,0,0,0,0
3649,60.790859,0,1.894205,0,37.931992,24.962383,0.802626,2.85962,0,89.389553,0,14.803915,0,60.968674,33.737182,60.927754,50.053052,33.848752,50,27,0,0,0,0,0,0,0,0
3650,60.905903,0,1.898661,0,37.842686,24.984561,0.801593,2.830665,0,89.493367,0,14.904163,0,60.722939,33.727815,60.664819,49.980114,33.702677,50,27,0,0,0,0,0,0,0,0
3651,60.65555,0,1.899241,0,37.918605,24.967918,0.801092,2.851622,0,88.727127,0,14.922697,0,60.759304,33.812312,60.88305,50.040531,33.823917,50,27,0,0,0,0,0,0,0,0
3652,61.098853,0,1.895405,0,38.156065,25.073644,0.796507,2.857494,0,89.02939,0,14.89385,0,61.083276,33.684853,60.930431,50.053426,33.85024,50,27,0,0,0,0,0,0,0,0
3653,60.928964,0,1.902833,0,37.973265,25.042825,0.79945,2.84611,0,89.139656,0,14.820013,0,60.650364,33.817204,60.78625,50.013309,33.770139,50,27,0,0,0,0,0,0,0,0
3654,60.682656,0,1.916639,0,38.105791,24.97199,0.795809,2.87565,0,89.049282,0,14.83378,0,61.089309,33.629051,60.819816,50.02252,33.788787,50,27,0,0,0,0,0,0,0,0
3655,60.715847,0,1.895767,0,38.116177,25.003581,0.800377,2.857021,0,88.949611,0,14.870057,0,60.86108,33.708841,60.776738,50.010501,33.764854,50,27,0,0,0,0,0,0,0,0
3656,60.824106,0,1.90207,0,37.976705,25.014279,0.798343,2.857735,0,88.943958,0,14.82559,0,60.615952,33.643056,60.398116,49.9058,33.554509,50,27,0,0,0,0,0,0,0,0
3657,60.645213,0,1.904768,0,38.115312,24.952598,0.804302,2.849007,0,89.29869,0,14.829773,0,60.809802,33.65594,60.632758,49.971122,33.684865,50,27,0,0,0,0,0,0,0,0
3658,60.763016,0,1.902344,0,38.035271,25.155175,0.798028,2.854105,0,89.450201,0,14.801035,0,61.055201,33.619485,60.812324,50.020897,33.784624,50,27,0,0,0,0,0,0,0,0
3659,60.823047,0,1.902215,0,37.993739,24.946382,0.796052,2.846148,0,89.327197,0,14.810034,0,60.445588,33.937409,60.888511,50.041851,33.826951,50,27,0,0,0,0,0,0,0,0
3660,60.867541,0,1.900689,0,37.91283,24.983781,0.799122,2.843361,0,89.07077,0,14.872922,0,60.106887,33.923447,60.492678,49.932236,33.607043,50,27,0,0,0,0,0,0,0,0
3661,60.737818,0,1.902899,0,38.007941,24.992771,0.800231,2.847814,0,89.240626,0,14.83787,0,60.679742,33.710407,60.592039,49.960036,33.662244,50,27,0,0,0,0,0,0,0,0
3662,60.548115,0,1.902996,0,38.112816,25.054932,0.796147,2.847174,0,89.254365,0,14.906524,0,60.914633,33.870413,61.169925,50.119961,33.983292,50,27,0,0,0,0,0,0,0,0
3663,60.75566,0,1.904238,0,37.755192,24.860389,0.801743,2.850853,0,89.212165,0,14.815165,0,60.886399,33.555911,60.462332,49.923788,33.590185,50,27,0,0,0,0,0,0,0,0
3664,60.541576,0,1.902188,0,37.95149,24.81442,0.802223,2.856458,0,89.286371,0,14.854404,0,61.113151,33.588969,60.785319,50.013439,33.769622,50,27,0,0,0,0,0,0,0,0
3665,60.635524,0,1.898119,0,37.981346,25.028563,0.80053,2.853022,0,89.197538,0,14.892102,0,60.769382,33.662091,60.616282,49.966651,33.675712,50,27,0,0,0,0,0,0,0,0
3666,60.813066,0,1.901819,0,38.216333,25.154882,0.799231,2.844402,0,89.546436,0,14.781575,0,60.502835,33.825413,60.703811,49.99101,33.724339,50,27,0,0,0,0,0,0,0,0
3667,60.744879,0,1.908859,0,38.06416,25.040374,0.795855,2.840666,0,89.015151,0,14.778421,0,60.741331,33.670604,60.603197,49.963245,33.668443,50,27,0,0,0,0,0,0,0,0
3668,60.598559,0,1.899385,0,38.088262,24.932901,0.803675,2.837914,0,88.819904,0,14.900667,0,60.710962,33.845365,60.950097,50.05931,33.861165,50,27,0,0,0,0,0,0,0,0
3669,61.296747,0,1.894244,0,38.217022,25.061165,0.795802,2.85187,0,89.04159,0,14.903112,0,60.645807,33.837346,60.853081,50.0322,33.807267,50,27,0,0,0,0,0,0,0,0
3670,60.203247,0,1.895096,0,37.751253,24.902297,0.799076,2.859193,0,89.467434,0,14.88805,0,60.699549,33.635081,60.467216,49.925388,33.592898,50,27,0,0,0,0,0,0,0,0
3671,60.871184,0,1.897715,0,38.042797,24.967489,0.800203,2.835176,0,89.2968,0,14.860441,0,60.875836,33.544779,60.467543,49.92585,33.593079,50,27,0,0,0,0,0,0,0,0
3672,60.782442,0,1.899083,0,38.073804,24.858113,0.802921,2.848318,0,88.913909,0,14.937818,0,60.883514,33.725684,60.882336,50.040866,33.82352,50,27,0,0,0,0,0,0,0,0
3673,60.663816,0,1.906111,0,37.868153,25.099924,0.799526,2.848384,0,89.134169,0,14.833969,0,60.741895,33.548922,60.367933,49.898484,33.537741,50,27,0,0,0,0,0,0,0,0
3674,60.942091,0,1.898754,0,37.861387,24.992292,0.798487,2.85441,0,88.982761,0,14.869969,0,60.98499,33.623137,60.790947,50.015908,33.772748,50,27,0,0,0,0,0,0,0,0
3675,60.923034,0,1.90277,0,37.962944,25.060408,0.800735,2.845125,0,88.883389,0,14.841863,0,60.570616,33.760712,60.678898,49.984859,33.710499,50,27,0,0,0,0,0,0,0,0
3676,60.577011,0,1.892588,0,37.870642,25.056603,0.800122,2.851477,0,88.660768,0,14.85444,0,60.59545,33.673538,60.513082,49.939104,33.618379,50,27,0,0,0,0,0,0,0,0
3677,60.811604,0,1.890095,0,38.099261,25.015754,0.804136,2.850468,0,89.173702,0,14.91449,0,60.619487,33.798324,60.805487,50.020226,33.780826,50,27,0,0,0,0,0,0,0,0
3678,60.638243,0,1.902701,0,38.22382,24.957004,0.803326,2.861073,0,89.228658,0,14.867487,0,60.621856,33.852364,60.910223,50.049074,33.839013,50,27,0,0,0,0,0,0,0,0
3679,60.546061,0,1.896189,0,38.072923,24.984771,0.800185,2.85199,0,89.272687,0,14.856166,0,60.921789,33.636292,60.736356,50.000774,33.74242,50,27,0,0,0,0,0,0,0,0
3680,60.330628,0,1.898579,0,38.06795,25.023445,0.796973,2.847021,0,89.235412,0,14.870796,0,60.798484,33.742673,60.849038,50.031915,33.805021,50,27,0,0,0,0,0,0,0,0
3681,60.758937,0,1.89664,0,38.109489,24.947215,0.80288,2.844333,0,89.079633,0,14.882823,0,60.930972,33.63312,60.747278,50.00363,33.748488,50,27,0,0,0,0,0,0,0,0
3682,60.884899,0,1.897792,0,37.956621,24.927985,0.798505,2.845063,0,88.506661,0,14.827223,0,60.641938,33.691774,60.593448,49.961094,33.663027,50,27,0,0,0,0,0,0,0,0
3683,60.765012,0,1.902442,0,38.010581,25.115347,0.801149,2.845685,0,89.486994,0,14.976683,0,60.417333,33.944174,60.904279,50.0472,33.835711,50,27,0,0,0,0,0,0,0,0
3684,60.693338,0,1.887133,0,37.877096,24.894668,0.800084,2.837162,0,89.388805,0,14.799093,0,60.951309,33.46883,60.405143,49.909006,33.558413,50,27,0,0,0,0,0,0,0,0
3685,60.690586,0,1.901191,0,37.68629,24.913988,0.79898,2.843754,0,89.216102,0,14.880556,0,60.71143,33.753382,60.799627,50.018492,33.77757,50,27,0,0,0,0,0,0,0,0
3686,60.657332,0,1.904491,0,37.945523,24.939235,0.799394,2.840788,0,88.690768,0,14.918002,0,60.413659,33.804469,60.604103,49.964358,33.668946,50,27,0,0,0,0,0,0,0,0
3687,60.593019,0,1.904711,0,37.970985,25.056414,0.797775,2.851271,0,89.016493,0,14.849236,0,60.93934,33.705201,60.90849,50.048667,33.83805,50,27,0,0,0,0,0,0,0,0
3688,61.023003,0,1.905226,0,37.948721,24.980813,0.795602,2.856136,0,89.2967,0,14.788375,0,60.738973,33.741812,60.787276,50.014922,33.770709,50,27,0,0,0,0,0,0,0,0
3689,60.964455,0,1.899937,0,38.096259,24.854426,0.799844,2.861223,0,89.063756,0,14.863793,0,60.304551,33.936193,60.759858,50.007269,33.755477,50,27,0,0,0,0,0,0,0,0
3690,60.690918,0,1.897514,0,37.922971,25.01285,0.799996,2.860071,0,89.074948,0,14.788212,0,60.61613,33.823923,60.80616,50.020031,33.7812,50,27,0,0,0,0,0,0,0,0
3691,60.81729,0,1.901843,0,38.077029,25.0382,0.799117,2.859172,0,89.451141,0,14.8697,0,60.649101,33.850153,60.882583,50.041054,33.823657,50,27,0,0,0,0,0,0,0,0
3692,60.704963,0,1.899634,0,37.923992,25.009866,0.7994,2.851484,0,89.548692,0,14.829027,0,61.109019,33.481547,60.550382,49.949031,33.639101,50,27,0,0,0,0,0,0,0,0
3693,60.833557,0,1.90029,0,38.037312,25.012428,0.800113,2.858032,0,89.599875,0,14.78226,0,60.753278,33.696734,60.683466,49.986068,33.713036,50,27,0,0,0,0,0,0,0,0
3694,60.782859,0,1.907226,0,38.084701,24.880981,0.800834,2.852048,0,88.582319,0,14.84434,0,60.805695,33.67798,60.700686,49.990897,33.722604,50,27,0,0,0,0,0,0,0,0
3695,61.203782,0,1.90158,0,37.806552,24.891879,0.797516,2.850664,0,89.327239,0,14.827008,0,60.652735,33.716238,60.63499,49.972784,33.686105,50,27,0,0,0,0,0,0,0,0
3696,61.000574,0,1.904212,0,38.035667,24.993462,0.804284,2.860346,0,89.489246,0,14.830953,0,60.413235,34.00185,60.999061,50.073547,33.888367,50,27,0,0,0,0,0,0,0,0
3697,61.005095,0,1.89883,0,38.058293,25.110619,0.796575,2.846547,0,89.056531,0,14.885889,0,60.673377,33.720439,60.628988,49.970895,33.682771,50,27,0,0,0,0,0,0,0,0
3698,60.691578,0,1.891874,0,38.01819,24.973804,0.800425,2.864463,0,89.543973,0,14.903545,0,60.592026,33.908504,60.94711,50.058967,33.859505,50,27,0,0,0,0,0,0,0,0
3699,60.846998,0,1.894674,0,37.965155,25.069775,0.800254,2.831269,0,89.35746,0,14.824847,0,60.857674,33.583667,60.505364,49.936577,33.614091,50,27,0,0,0,0,0,0,0,0
3700,60.964879,0,1.909992,0,37.890264,25.050078,0.797561,2.849029,0,89.459253,0,14.797408,0,60.646017,33.751576,60.669909,49.982372,33.705505,50,27,0,0,0,0,0,0,0,0
3701,60.814817,0,1.895815,0,37.748836,24.969967,0.798654,2.845191,0,89.5069,0,14.884778,0,60.58298,33.71911,60.536895,49.945696,33.631608,50,27,0,0,0,0,0,0,0,0
3702,60.602073,0,1.899272,0,38.184818,24.903311,0.801198,2.855263,0,88.96351,0,14.88107,0,60.800102,33.691637,60.698947,49.990756,33.721637,50,27,0,0,0,0,0,0,0,0
3703,60.61515,0,1.887949,0,38.019678,25.149249,0.800075,2.838223,0,89.329591,0,14.800078,0,60.991243,33.674056,60.859325,50.03513,33.810736,50,27,0,0,0,0,0,0,0,0
3704,60.906351,0,1.894317,0,38.192203,24.865592,0.80057,2.838536,0,89.267682,0,14.84046,0,60.72373,33.716636,60.689874,49.98812,33.716597,50,27,0,0,0,0,0,0,0,0
3705,60.776611,0,1.902674,0,37.917544,24.913362,0.798872,2.854364,0,89.123047,0,14.835792,0,60.810273,33.802278,60.959185,50.062615,33.866214,50,27,0,0,0,0,0,0,0,0
3706,60.502519,0,1.899274,0,37.887128,25.00431,0.799045,2.856854,0,89.446734,0,14.811079,0,60.476167,33.903916,60.830163,50.026643,33.794535,50,27,0,0,0,0,0,0,0,0
3707,61.03384,0,1.898617,0,37.802732,24.918089,0.801857,2.852792,0,89.219922,0,14.879372,0,60.998673,33.67683,60.851536,50.032417,33.806409,50,27,0,0,0,0,0,0,0,0
3708,61.048961,0,1.897322,0,37.964636,24.981973,0.797663,2.852012,0,88.470545,0,14.903796,0,60.81554,33.709581,60.746682,50.003275,33.748157,50,27,0,0,0,0,0,0,0,0
3709,60.675021,0,1.916159,0,38.099189,25.089364,0.804402,2.846655,0,89.257826,0,14.775655,0,60.637939,33.863847,60.89879,50.045301,33.832661,50,27,0,0,0,0,0,0,0,0
3710,60.68697,0,1.895642,0,37.922407,24.886005,0.795413,2.851059,0,89.051942,0,14.912547,0,61.027447,33.78636,61.108546,50.103051,33.949192,50,27,0,0,0,0,0,0,0,0
3711,60.412136,0,1.903408,0,37.949003,24.987052,0.796264,2.855573,0,88.796755,0,14.874069,0,60.895328,33.746389,60.887044,50.041316,33.826136,50,27,0,0,0,0,0,0,0,0
3712,61.121656,0,1.902213,0,38.035064,24.957024,0.801602,2.857969,0,88.791629,0,14.760148,0,60.899071,33.736803,60.871084,50.036699,33.817269,50,27,0,0,0,0,0,0,0,0
3713,60.716656,0,1.905568,0,37.83669,24.917635,0.799919,2.856756,0,88.905973,0,14.817169,0,61.048596,33.587751,60.707952,49.991428,33.72664,50,27,0,0,0,0,0,0,0,0
3714,60.726056,0,1.900588,0,38.064069,24.937653,0.79747,2.841821,0,89.381728,0,14.930219,0,60.771701,33.776061,60.849564,50.030611,33.805313,50,27,0,0,0,0,0,0,0,0
3715,60.728449,0,1.908442,0,37.878888,24.92065,0.801566,2.844235,0,89.05486,0,14.891116,0,60.483959,33.692005,60.37965,49.900577,33.54425,50,27,0,0,0,0,0,0,0,0
3716,60.745252,0,1.899321,0,38.17383,25.015912,0.795807,2.854818,0,89.338091,0,14.881329,0,60.761897,33.883213,61.067436,50.091172,33.926353,50,27,0,0,0,0,0,0,0,0
3717,60.634962,0,1.894144,0,37.891349,24.975001,0.795646,2.850311,0,88.998772,0,14.898937,0,60.598791,33.879165,60.876694,50.037999,33.820386,50,27,0,0,0,0,0,0,0,0
3718,60.554654,0,1.90447,0,37.852277,24.883421,0.80039,2.85506,0,88.80316,0,14.888126,0,60.535704,33.920028,60.882436,50.039397,33.823575,50,27,0,0,0,0,0,0,0,0
3719,61.122346,0,1.894509,0,37.85077,25.076108,0.799407,2.837804,0,88.800202,0,14.971962,0,60.962879,33.71278,60.850775,50.03045,33.805986,50,27,0,0,0,0,0,0,0,0
3720,60.919367,0,1.892771,0,38.029768,24.948063,0.802799,2.848234,0,89.293502,0,14.914493,0,60.621734,33.691225,60.47117,49.925377,33.595094,50,27,0,0,0,0,0,0,0,0
3721,60.846664,0,1.906647,0,37.857471,24.912916,0.801216,2.839308,0,89.25986,0,14.84826,0,60.745235,33.718221,60.661025,49.978223,33.700569,50,27,0,0,0,0,0,0,0,0
3722,61.152982,0,1.902603,0,38.02297,24.931855,0.794532,2.843425,0,88.834313,0,14.794811,0,60.78043,33.505435,60.252638,49.865455,33.473688,50,27,0,0,0,0,0,0,0,0
3723,60.86026,0,1.90018,0,38.012774,25.041064,0.797596,2.865886,0,88.940549,0,14.802711,0,60.533637,33.93461,60.944124,50.057248,33.857847,50,27,0,0,0,0,0,0,0,0
3724,60.844106,0,1.890547,0,38.029489,24.990482,0.801243,2.855848,0,89.112928,0,14.842115,0,60.95619,33.633659,60.706202,49.991203,33.725668,50,27,0,0,0,0,0,0,0,0
3725,60.611789,0,1.905427,0,38.04947,25.012244,0.801387,2.850439,0,89.123044,0,14.855488,0,60.97237,33.525068,60.508948,49.936727,33.616082,50,27,0,0,0,0,0,0,0,0
3726,60.622116,0,1.90315,0,38.182729,24.965156,0.796814,2.840192,0,88.897173,0,14.859476,0,60.808073,33.747193,60.84216,50.02914,33.8012,50,27,0,0,0,0,0,0,0,0
3727,60.963251,0,1.901858,0,38.080361,24.833787,0.799501,2.849084,0,88.948968,0,14.89871,0,60.417457,33.677786,60.303006,49.879975,33.50167,50,27,0,0,0,0,0,0,0,0
3728,60.663703,0,1.908256,0,38.127705,25.086893,0.796089,2.857097,0,89.134335,0,14.827708,0,60.509987,33.882673,60.834874,50.027578,33.797152,50,27,0,0,0,0,0,0,0,0
3729,60.615722,0,1.901616,0,37.876585,25.025353,0.798495,2.838321,0,89.14492,0,14.976389,0,60.592289,33.91654,60.968309,50.064322,33.871283,50,27,0,0,0,0,0,0,0,0
3730,60.680208,0,1.906301,0,38.058823,25.034587,0.79872,2.868134,0,88.853959,0,14.862041,0,60.683232,33.715015,60.610658,49.965149,33.672588,50,27,0,0,0,0,0,0,0,0
3731,60.747456,0,1.903325,0,38.02836,24.982322,0.805744,2.858162,0,88.926808,0,14.758703,0,61.21201,33.673567,61.056543,50.088563,33.920302,50,27,0,0,0,0,0,0,0,0
3732,60.947915,0,1.906486,0,38.020796,25.042173,0.798168,2.848819,0,89.251842,0,14.879974,0,60.513182,33.793448,60.620306,49.967548,33.677948,50,27,0,0,0,0,0,0,0,0
3733,60.467076,0,1.899191,0,38.007076,25.120008,0.797263,2.851559,0,89.118155,0,14.848504,0,61.076398,33.697398,60.97422,50.06553,33.874567,50,27,0,0,0,0,0,0,0,0
3734,60.774528,0,1.894719,0,37.898052,24.915127,0.79473,2.849366,0,89.312477,0,14.859275,0,60.895146,33.731187,60.870629,50.036572,33.817016,50,27,0,0,0,0,0,0,0,0
3735,60.607071,0,1.902278,0,37.913443,25.097591,0.800561,2.837556,0,89.012089,0,14.752558,0,60.750361,33.758761,60.785539,50.012871,33.769744,50,27,0,0,0,0,0,0,0,0
3736,60.343491,0,1.896942,0,37.960013,24.880847,0.799156,2.847784,0,89.703239,0,14.793698,0,60.755076,33.772705,60.817469,50.021632,33.787483,50,27,0,0,0,0,0,0,0,0
3737,60.668629,0,1.897593,0,38.255189,25.069327,0.801599,2.839243,0,88.900001,0,14.846156,0,60.444128,33.769551,60.49597,49.932664,33.608872,50,27,0,0,0,0,0,0,0,0
3738,60.733804,0,1.908695,0,37.870715,25.004442,0.799091,2.851328,0,88.979473,0,14.913365,0,60.603604,33.823802,60.766641,50.007811,33.759245,50,27,0,0,0,0,0,0,0,0
3739,60.718987,0,1.907177,0,37.837829,25.060152,0.80214,2.859233,0,89.444655,0,14.826788,0,60.754787,33.806767,60.871701,50.03681,33.817612,50,27,0,0,0,0,0,0,0,0
3740,60.646468,0,1.901136,0,38.101495,25.082731,0.80214,2.846036,0,88.822013,0,14.819501,0,60.543087,33.895939,60.84079,50.028084,33.800439,50,27,0,0,0,0,0,0,0,0
3741,60.944924,0,1.901613,0,37.925467,25.031591,0.801319,2.847108,0,89.254096,0,14.865381,0,60.643834,33.784365,60.68758,49.985597,33.715322,50,27,0,0,0,0,0,0,0,0
3742,60.70329,0,1.905801,0,38.004464,25.009192,0.802457,2.855467,0,89.502014,0,14.992247,0,61.07169,33.603168,60.730488,49.997529,33.73916,50,27,0,0,0,0,0,0,0,0
3743,60.495795,0,1.898705,0,37.909583,25.021885,0.80045,2.847264,0,89.602831,0,14.831945,0,60.806208,33.634161,60.551708,49.948127,33.639838,50,27,0,0,0,0,0,0,0,0
3744,61.029158,0,1.898449,0,37.955431,24.95857,0.800997,2.837415,0,89.243489,0,14.85735,0,60.747671,33.731608,60.714629,49.993416,33.730349,50,27,0,0,0,0,0,0,0,0
3745,60.617804,0,1.910945,0,37.870208,25.020896,0.803564,2.855044,0,88.99667,0,14.860233,0,60.457039,33.8859,60.751522,50.003645,33.750846,50,27,0,0,0,0,0,0,0,0
3746,60.363363,0,1.900793,0,38.009703,24.869797,0.799094,2.847395,0,89.263915,0,14.808812,0,60.927084,33.695606,60.801762,50.017513,33.778756,50,27,0,0,0,0,0,0,0,0
3747,61.036457,0,1.892876,0,38.071583,25.095929,0.797626,2.848966,0,89.437105,0,14.816374,0,60.582303,33.902271,60.900746,50.044785,33.833748,50,27,0,0,0,0,0,0,0,0
3748,60.817413,0,1.890127,0,37.832961,24.916899,0.801661,2.857249,0,88.746198,0,14.779448,0,60.83709,33.658605,60.621649,49.967421,33.678694,50,27,0,0,0,0,0,0,0,0
3749,60.880808,0,1.904322,0,37.998671,24.801755,0.800641,2.845811,0,88.855661,0,14.859252,0,60.444829,33.895834,60.743258,50.001195,33.746254,50,27,0,0,0,0,0,0,0,0
3750,60.487899,0,1.896371,0,38.059786,24.937002,0.798022,2.858752,0,88.95081,0,14.808887,0,60.933934,33.616392,60.624263,49.9683,33.680146,50,27,0,0,0,0,0,0,0,0
3751,60.524438,0,1.894129,0,37.901358,25.025276,0.800943,2.850109,0,88.937861,0,14.879043,0,60.453746,33.881619,60.722892,49.995718,33.73494,50,27,0,0,0,0,0,0,0,0
3752,60.818289,0,1.902182,0,38.101702,24.794867,0.800548,2.838103,0,89.777618,0,14.812865,0,60.6401,33.740724,60.595224,49.960452,33.664013,50,27,0,0,0,0,0,0,0,0
3753,60.670737,0,1.895009,0,38.212741,24.877066,0.800701,2.846231,0,89.013771,0,14.889222,0,60.770151,33.729794,60.705025,49.990998,33.725014,50,27,0,0,0,0,0,0,0,0
3754,60.736337,0,1.90055,0,38.067684,25.03493,0.803026,2.854168,0,89.213115,0,14.811127,0,60.928649,33.665723,60.732443,49.998621,33.740246,50,27,0,0,0,0,0,0,0,0
3755,61.187346,0,1.901134,0,37.954877,24.893566,0.799176,2.856032,0,89.042541,0,14.883055,0,60.767955,33.740288,60.741296,50.001074,33.745164,50,27,0,0,0,0,0,0,0,0
3756,60.759127,0,1.908887,0,37.905126,25.158672,0.800371,2.852073,0,89.707779,0,14.915048,0,60.908771,33.718687,60.838215,50.027857,33.799008,50,27,0,0,0,0,0,0,0,0
3757,60.940683,0,1.892076,0,37.998086,24.924639,0.797925,2.856991,0,89.10542,0,14.840099,0,60.75628,33.823525,60.911276,50.047912,33.839598,50,27,0,0,0,0,0,0,0,0
3758,60.642279,0,1.895617,0,38.083703,24.981756,0.799611,2.853954,0,89.184348,0,14.928032,0,60.678598,33.929695,61.047859,50.085425,33.915477,50,27,0,0,0,0,0,0,0,0
3759,60.823573,0,1.910374,0,37.861193,25.042801,0.799755,2.835932,0,89.032774,0,14.894299,0,60.693318,33.782331,60.728655,49.996773,33.738142,50,27,0,0,0,0,0,0,0,0
3760,61.095867,0,1.899784,0,38.119365,24.922503,0.801218,2.855807,0,89.599777,0,14.845456,0,60.833816,33.769961,60.840852,50.0278,33.800473,50,27,0,0,0,0,0,0,0,0
3761,60.605155,0,1.901829,0,38.011338,25.073493,0.796287,2.830842,0,89.74199,0,14.863755,0,60.78448,33.756703,60.763108,50.006174,33.757282,50,27,0,0,0,0,0,0,0,0
3762,60.538844,0,1.914008,0,38.246122,24.964122,0.802329,2.836087,0,89.007931,0,14.845014,0,60.980131,33.779529,61.008245,50.073898,33.89347,50,27,0,0,0,0,0,0,0,0
3763,60.548399,0,1.899331,0,38.053389,24.956516,0.800116,2.850195,0,88.945618,0,14.88408,0,60.812351,33.870925,61.031496,50.079957,33.906387,50,27,0,0,0,0,0,0,0,0
3764,60.678309,0,1.903051,0,38.184627,25.005171,0.80075,2.840734,0,88.920083,0,14.876298,0,60.963313,33.768586,60.952889,50.057832,33.862716,50,27,0,0,0,0,0,0,0,0
3765,60.902573,0,1.90145,0,37.790055,24.894521,0.802501,2.852085,0,89.003622,0,14.891516,0,60.80286,33.864305,60.994996,50.069183,33.886109,50,27,0,0,0,0,0,0,0,0
3766,60.720057,0,1.896354,0,37.880872,24.977882,0.802541,2.836748,0,88.889096,0,14.891147,0,61.053645,33.619948,60.718331,49.992369,33.732406,50,27,0,0,0,0,0,0,0,0
3767,61.10829,0,1.898959,0,37.949189,25.178087,0.80104,2.865924,0,89.350453,0,14.860578,0,60.961847,33.697363,60.810787,50.017962,33.783771,50,27,0,0,0,0,0,0,0,0
3768,60.810189,0,1.891493,0,38.033894,24.907034,0.80325,2.84418,0,89.47778,0,14.854153,0,60.754674,33.914182,61.07041,50.089631,33.928005,50,27,0,0,0,0,0,0,0,0
3769,60.535063,0,1.905466,0,38.179829,24.868543,0.799776,2.841609,0,88.843377,0,14.904973,0,60.651273,33.751776,60.604698,49.960464,33.669276,50,27,0,0,0,0,0,0,0,0
3770,60.76818,0,1.89951,0,38.022618,25.072162,0.79992,2.854626,0,89.248358,0,14.854066,0,60.804457,33.805405,60.873918,50.035072,33.818843,50,27,0,0,0,0,0,0,0,0
3771,60.871858,0,1.903043,0,38.062488,24.950609,0.799183,2.844243,0,89.352233,0,14.803928,0,60.838808,33.649074,60.574167,49.952048,33.652315,50,27,0,0,0,0,0,0,0,0
3772,60.679031,0,1.902591,0,38.024395,24.812028,0.799557,2.858095,0,89.286332,0,14.826591,0,60.894155,33.656444,60.6616,49.976453,33.700889,50,27,0,0,0,0,0,0,0,0
3773,60.767437,0,1.889832,0,37.958506,25.089741,0.799799,2.862643,0,89.274326,0,14.852121,0,60.699651,33.916626,61.030453,50.078519,33.905807,50,27,0,0,0,0,0,0,0,0
3774,60.663362,0,1.890437,0,37.805314,25.104518,0.804287,2.856839,0,89.062575,0,14.858988,0,60.464107,34.042349,61.039429,50.08061,33.910794,50,27,0,0,0,0,0,0,0,0
3775,60.804401,0,1.904647,0,38.012855,25.009987,0.800361,2.842246,0,89.076202,0,14.881624,0,60.577772,33.764856,60.531801,49.939902,33.628778,50,27,0,0,0,0,0,0,0,0
3776,60.612704,0,1.899013,0,37.819258,24.930806,0.793454,2.84257,0,89.227759,0,14.890188,0,61.405964,33.435945,60.669069,49.978142,33.705038,50,27,0,0,0,0,0,0,0,0
3777,60.818813,0,1.905061,0,37.98336,25.0515,0.79909,2.848997,0,89.193764,0,14.814806,0,61.075543,33.483884,60.485824,49.927602,33.603236,50,27,0,0,0,0,0,0,0,0
3778,60.699518,0,1.894626,0,37.92751,25.062842,0.799033,2.857352,0,89.12806,0,14.869636,0,60.829474,33.688194,60.70758,49.989255,33.726433,50,27,0,0,0,0,0,0,0,0
3779,60.853906,0,1.905444,0,37.883717,24.973053,0.798385,2.85132,0,89.129945,0,14.851733,0,60.807012,33.710523,60.739837,49.998224,33.744354,50,27,0,0,0,0,0,0,0,0
3780,60.938924,0,1.904452,0,38.086063,24.986686,0.796564,2.858125,0,89.164441,0,14.840618,0,60.632485,33.873236,60.91273,50.04602,33.840406,50,27,0,0,0,0,0,0,0,0
3781,60.824936,0,1.902464,0,37.895671,25.068529,0.8072,2.853441,0,88.984525,0,14.891582,0,60.898361,33.595371,60.57497,49.952435,33.652761,50,27,0,0,0,0,0,0,0,0
3782,60.848486,0,1.90627,0,37.987529,25.080153,0.795916,2.853892,0,89.004739,0,14.834066,0,60.600562,33.810176,60.750488,50.001184,33.750271,50,27,0,0,0,0,0,0,0,0
3783,60.572015,0,1.907428,0,37.966777,24.969906,0.797941,2.841359,0,89.049642,0,14.841759,0,60.708717,33.851843,60.937163,50.052775,33.85398,50,27,0,0,0,0,0,0,0,0
3784,60.930564,0,1.899589,0,38.20214,25.057388,0.799019,2.851755,0,89.052273,0,14.929151,0,60.756303,33.757049,60.770515,50.006451,33.761397,50,27,0,0,0,0,0,0,0,0
3785,60.49328,0,1.89832,0,38.106886,24.852861,0.798394,2.827139,0,89.064647,0,14.78581,0,60.733639,33.684123,60.593135,49.957392,33.662853,50,27,0,0,0,0,0,0,0,0
3786,60.616013,0,1.898346,0,38.189572,24.979186,0.801893,2.845845,0,88.948255,0,14.788216,0,60.912954,33.724455,60.866308,50.033108,33.814616,50,27,0,0,0,0,0,0,0,0
3787,60.746689,0,1.897856,0,37.98348,25.006002,0.800518,2.85723,0,88.836073,0,14.868772,0,60.671765,33.876237,60.948197,50.055577,33.860109,50,27,0,0,0,0,0,0,0,0
3788,60.616263,0,1.889754,0,38.043616,25.039454,0.80409,2.839634,0,89.236807,0,14.855333,0,60.60768,33.956125,61.03535,50.079389,33.908528,50,27,0,0,0,0,0,0,0,0
3789,61.071057,0,1.90492,0,38.199623,25.012283,0.799448,2.84522,0,89.232263,0,14.889967,0,60.71048,33.872854,60.93577,50.051471,33.853206,50,27,0,0,0,0,0,0,0,0
3790,60.681482,0,1.889321,0,37.91493,24.944448,0.801045,2.845881,0,89.559129,0,14.902495,0,61.046815,33.546572,60.569773,49.950055,33.649874,50,27,0,0,0,0,0,0,0,0
3791,60.805539,0,1.887781,0,38.094111,24.999245,0.801125,2.85921,0,88.989335,0,14.844814,0,60.969083,33.633056,60.704285,49.987482,33.724603,50,27,0,0,0,0,0,0,0,0
3792,60.609323,0,1.893803,0,38.051845,24.868049,0.800264,2.853907,0,88.988026,0,14.849964,0,60.714571,33.809669,60.838866,50.024742,33.79937,50,27,0,0,0,0,0,0,0,0
3793,60.560647,0,1.90403,0,37.989266,24.976083,0.795971,2.848957,0,89.486693,0,14.806101,0,60.739207,33.635512,60.488371,49.927743,33.60465,50,27,0,0,0,0,0,0,0,0
3794,60.727349,0,1.893363,0,37.964051,25.038884,0.803109,2.847417,0,88.862144,0,14.849428,0,60.663277,33.672122,60.505341,49.932793,33.614078,50,27,0,0,0,0,0,0,0,0
3795,60.384459,0,1.893907,0,38.007373,25.070416,0.802049,2.863048,0,89.140057,0,14.840356,0,61.006876,33.498234,60.492017,49.929445,33.606676,50,27,0,0,0,0,0,0,0,0
3796,60.558727,0,1.900098,0,38.085017,24.959118,0.797818,2.854913,0,88.94907,0,14.839211,0,60.734548,33.721634,60.723103,49.993667,33.735057,50,27,0,0,0,0,0,0,0,0
3797,60.846182,0,1.897872,0,37.933291,24.915474,0.801074,2.855438,0,88.4867,0,14.818429,0,60.437954,34.133605,61.296225,50.152107,34.053459,50,27,0,0,0,0,0,0,0,0
3798,60.911723,0,1.913143,0,37.988974,25.084266,0.795495,2.837277,0,88.821717,0,14.792503,0,60.598552,33.874052,60.855687,50.029587,33.808715,50,27,0,0,0,0,0,0,0,0
3799,60.757413,0,1.901744,0,38.092029,24.896954,0.798998,2.851374,0,89.061163,0,14.848917,0,60.565269,33.905819,60.873339,50.034319,33.818522,50,27,0,0,0,0,0,0,0,0
3800,60.885636,0,1.895598,0,37.861881,25.049447,0.795951,2.871286,0,88.912891,0,14.894128,0,60.82573,33.787326,60.8646,50.031733,33.813667,50,27,0,0,0,0,0,0,0,0
3801,60.229715,0,1.893582,0,38.124039,25.106263,0.799377,2.853828,0,89.082697,0,14.966865,0,60.944914,33.839511,61.091433,50.094271,33.939685,50,27,0,0,0,0,0,0,0,0
3802,60.642067,0,1.893023,0,38.012948,24.891202,0.803265,2.84563,0,89.159067,0,14.863416,0,61.004229,33.715717,60.880464,50.035491,33.82248,50,27,0,0,0,0,0,0,0,0
3803,61.079648,0,1.912581,0,38.317132,25.0207,0.8072,2.83978,0,89.310262,0,14.911069,0,60.62253,33.81316,60.712042,49.988763,33.728912,50,27,0,0,0,0,0,0,0,0
3804,60.743051,0,1.895444,0,37.907219,24.977388,0.799093,2.849545,0,89.610216,0,14.918591,0,60.841552,33.746944,60.785796,50.009204,33.769887,50,27,0,0,0,0,0,0,0,0
3805,60.85258,0,1.910474,0,37.972955,25.044483,0.800214,2.853898,0,88.9461,0,14.893101,0,60.738905,33.905842,61.02181,50.074392,33.901006,50,27,0,0,0,0,0,0,0,0
3806,60.718863,0,1.900261,0,37.885988,25.038712,0.800899,2.850303,0,88.99879,0,14.872065,0,60.942073,33.668691,60.707055,49.987025,33.726141,50,27,0,0,0,0,0,0,0,0
3807,60.422463,0,1.895446,0,38.014344,24.997367,0.798179,2.859647,0,89.331957,0,14.817193,0,60.912754,33.955176,61.29673,50.150073,34.053739,50,27,0,0,0,0,0,0,0,0
3808,60.892908,0,1.910718,0,37.901946,25.102615,0.799705,2.8503,0,89.446002,0,14.795122,0,60.625344,34.036765,61.157422,50.110822,33.976346,50,27,0,0,0,0,0,0,0,0
3809,60.505116,0,1.894746,0,38.044761,24.870975,0.800458,2.850085,0,89.401478,0,14.871556,0,60.926086,33.683099,60.678895,49.978008,33.710497,50,27,0,0,0,0,0,0,0,0
3810,60.572792,0,1.899802,0,38.051765,24.861806,0.796288,2.839763,0,88.769135,0,14.879577,0,61.271169,33.667188,61.005866,50.068491,33.892148,50,27,0,0,0,0,0,0,0,0
3811,60.802506,0,1.896313,0,37.770813,24.953485,0.80234,2.855293,0,89.578879,0,14.930995,0,60.805052,33.932163,61.115261,50.098386,33.952923,50,27,0,0,0,0,0,0,0,0
3812,60.88739,0,1.901292,0,38.122709,25.00524,0.801984,2.855365,0,89.689117,0,14.884025,0,60.843254,33.731576,60.710963,49.986151,33.728313,50,27,0,0,0,0,0,0,0,0
3813,60.668802,0,1.897132,0,38.028306,24.986465,0.799806,2.850322,0,89.206427,0,14.828796,0,61.112243,33.671538,60.861578,50.027849,33.811988,50,27,0,0,0,0,0,0,0,0
3814,61.037849,0,1.90553,0,38.11225,25.020622,0.799958,2.837264,0,89.415407,0,14.888372,0,60.781134,33.697413,60.600714,49.955609,33.667063,50,27,0,0,0,0,0,0,0,0
3815,60.806665,0,1.915259,0,37.885565,24.945297,0.798918,2.858869,0,89.705095,0,14.835273,0,60.699864,33.804504,60.756616,49.99892,33.753676,50,27,0,0,0,0,0,0,0,0
3816,60.490813,0,1.904037,0,37.984469,25.060371,0.800002,2.836725,0,89.329952,0,14.852986,0,60.981736,33.65631,60.722344,49.989453,33.734636,50,27,0,0,0,0,0,0,0,0
3817,60.61497,0,1.904247,0,38.003365,25.056914,0.796756,2.861673,0,88.993791,0,14.960117,0,60.667483,33.82757,60.785556,50.006977,33.769753,50,27,0,0,0,0,0,0,0,0
3818,60.529458,0,1.893172,0,37.838903,25.123246,0.801482,2.84137,0,89.142087,0,14.802975,0,60.747484,33.855829,60.917786,50.04349,33.843215,50,27,0,0,0,0,0,0,0,0
3819,60.719947,0,1.90025,0,38.264442,25.109618,0.800777,2.841582,0,89.310075,0,14.931911,0,60.823873,33.886002,61.047176,50.079036,33.915098,50,27,0,0,0,0,0,0,0,0
3820,60.701165,0,1.897957,0,38.155076,25.164466,0.801587,2.836309,0,89.422327,0,14.885125,0,60.868843,33.539894,60.348118,49.885427,33.526732,50,27,0,0,0,0,0,0,0,0
3821,60.83215,0,1.898629,0,37.887589,25.060367,0.799118,2.846046,0,89.412534,0,14.926232,0,60.801653,33.848819,60.965113,50.056531,33.869507,50,27,0,0,0,0,0,0,0,0
3822,60.337841,0,1.891525,0,37.927271,24.921659,0.797832,2.847163,0,89.19055,0,14.865409,0,60.728626,33.795985,60.770423,50.002439,33.761346,50,27,0,0,0,0,0,0,0,0
3823,60.740432,0,1.893046,0,37.912599,24.973583,0.798707,2.854372,0,88.966983,0,14.779431,0,60.628597,33.834452,60.748923,49.996484,33.749401,50,27,0,0,0,0,0,0,0,0
3824,60.864545,0,1.897924,0,37.862147,24.97858,0.80307,2.847931,0,89.196756,0,14.796458,0,60.901693,33.763456,60.864742,50.028513,33.813746,50,27,0,0,0,0,0,0,0,0
3825,60.741732,0,1.909404,0,37.779564,25.218775,0.800969,2.850402,0,89.159768,0,14.909352,0,60.847691,33.670833,60.617673,49.960083,33.676485,50,27,0,0,0,0,0,0,0,0
3826,60.953714,0,1.896492,0,37.946691,25.054557,0.7928,2.848903,0,89.428835,0,14.83894,0,60.652546,33.700595,60.499683,49.927669,33.610935,50,27,0,0,0,0,0,0,0,0
3827,60.927597,0,1.905319,0,37.910124,25.066241,0.800259,2.848914,0,89.026278,0,14.864888,0,60.686108,33.721947,60.587839,49.952395,33.65991,50,27,0,0,0,0,0,0,0,0
3828,60.827432,0,1.893641,0,38.12574,24.916216,0.799605,2.850223,0,89.239215,0,14.898679,0,60.625224,33.706464,60.500437,49.928474,33.611354,50,27,0,0,0,0,0,0,0,0
3829,60.785363,0,1.8955,0,37.998737,25.049878,0.797973,2.838706,0,88.974079,0,14.81166,0,60.984907,33.604636,60.653126,49.971033,33.696181,50,27,0,0,0,0,0,0,0,0
3830,60.872043,0,1.89951,0,37.946793,25.049145,0.801767,2.847954,0,89.639751,0,14.823194,0,60.73558,33.70891,60.644487,49.968789,33.691382,50,27,0,0,0,0,0,0,0,0
3831,61.049017,0,1.90703,0,37.952295,24.965192,0.800167,2.84666,0,88.284866,0,14.807521,0,60.507971,33.796237,60.606777,49.958521,33.670432,50,27,0,0,0,0,0,0,0,0
3832,60.615535,0,1.901068,0,38.02102,24.984777,0.798406,2.853516,0,88.97011,0,14.890996,0,60.490695,33.949067,60.905701,50.041349,33.8365,50,27,0,0,0,0,0,0,0,0
3833,61.116943,0,1.894379,0,37.999564,25.055207,0.798579,2.851255,0,88.936782,0,14.791938,0,60.766513,33.852943,60.952821,50.054167,33.862678,50,27,0,0,0,0,0,0,0,0
3834,60.774206,0,1.902139,0,37.936578,25.070358,0.804239,2.83945,0,89.374597,0,14.902808,0,60.6994,33.842991,60.853071,50.026327,33.807262,50,27,0,0,0,0,0,0,0,0
3835,60.473347,0,1.899354,0,38.102501,24.816131,0.79843,2.844103,0,89.215758,0,14.877146,0,60.549101,34.005181,61.035286,50.07656,33.908492,50,27,0,0,0,0,0,0,0,0
3836,60.860204,0,1.910412,0,38.047342,24.956017,0.799587,2.848626,0,89.055272,0,14.842858,0,60.763346,33.941317,61.084432,50.089763,33.935796,50,27,0,0,0,0,0,0,0,0
3837,60.958085,0,1.89358,0,38.043047,25.102361,0.801776,2.849645,0,89.240084,0,14.82221,0,61.046956,33.734526,60.911774,50.041594,33.839875,50,27,0,0,0,0,0,0,0,0
3838,60.564061,0,1.910533,0,37.921228,24.895852,0.795984,2.839642,0,89.520818,0,14.912525,0,61.178574,33.606189,60.781131,50.005278,33.767295,50,27,0,0,0,0,0,0,0,0
3839,61.090773,0,1.914543,0,37.932086,25.159043,0.802291,2.870969,0,88.747394,0,14.917582,0,60.895569,33.770276,60.869085,50.029562,33.816158,50,27,0,0,0,0,0,0,0,0
3840,60.456888,0,1.902082,0,38.128291,24.927612,0.796613,2.844277,0,89.198807,0,14.894956,0,60.728001,33.770552,60.703755,49.983718,33.724308,50,27,0,0,0,0,0,0,0,0
3841,60.926054,0,1.905881,0,37.934758,24.951501,0.799061,2.854346,0,89.148003,0,14.888836,0,60.942127,33.672237,60.712014,49.986082,33.728897,50,27,0,0,0,0,0,0,0,0
3842,60.731076,0,1.90269,0,38.032331,24.885877,0.798584,2.862163,0,88.91133,0,14.897172,0,60.779572,33.723013,60.670947,49.974801,33.706082,50,27,0,0,0,0,0,0,0,0
3843,60.764297,0,1.897485,0,38.233312,24.917011,0.799056,2.844782,0,89.173243,0,14.970458,0,60.590426,33.838916,60.733072,49.992097,33.740595,50,27,0,0,0,0,0,0,0,0
3844,61.027562,0,1.906719,0,37.875856,24.957546,0.797797,2.869859,0,89.257282,0,14.790243,0,60.888057,33.799496,60.938636,50.048953,33.854798,50,27,0,0,0,0,0,0,0,0
3845,60.633765,0,1.896639,0,38.210396,25.05321,0.798548,2.846271,0,89.036368,0,14.879054,0,60.732794,33.756438,60.689386,49.979818,33.716326,50,27,0,0,0,0,0,0,0,0
3846,60.841032,0,1.886716,0,37.888648,25.064179,0.802136,2.852954,0,88.903458,0,14.871942,0,60.609586,33.931219,60.937571,50.048516,33.854206,50,27,0,0,0,0,0,0,0,0
3847,60.614642,0,1.895299,0,38.109379,25.060007,0.802307,2.850831,0,89.129808,0,14.817489,0,60.440298,33.843698,60.563168,49.944791,33.646204,50,27,0,0,0,0,0,0,0,0
3848,60.776545,0,1.90083,0,37.992609,24.930047,0.79603,2.844366,0,89.449044,0,14.889879,0,61.118555,33.708314,60.948171,50.051479,33.860095,50,27,0,0,0,0,0,0,0,0
3849,60.569712,0,1.904213,0,37.85588,24.981801,0.80063,2.846216,0,89.216185,0,14.862236,0,60.636632,33.881521,60.842255,50.021948,33.801253,50,27,0,0,0,0,0,0,0,0
3850,60.941815,0,1.896277,0,37.8191,25.018547,0.802714,2.854236,0,89.391524,0,14.829212,0,61.086975,33.719737,60.938483,50.048436,33.854713,50,27,0,0,0,0,0,0,0,0
3851,60.50215,0,1.898655,0,38.109918,25.069747,0.801115,2.851302,0,89.276788,0,14.912963,0,60.887872,33.882001,61.090937,50.090333,33.939409,50,27,0,0,0,0,0,0,0,0
3852,60.583403,0,1.897884,0,38.096267,25.079542,0.795192,2.844872,0,89.16898,0,14.829811,0,60.859443,33.91204,61.113181,50.096031,33.951767,50,27,0,0,0,0,0,0,0,0
3853,60.69054,0,1.90379,0,38.022504,24.98393,0.794725,2.845563,0,88.806623,0,14.881642,0,60.506101,33.965064,60.855826,50.024422,33.808792,50,27,0,0,0,0,0,0,0,0
3854,61.060588,0,1.900996,0,38.005936,24.957544,0.801414,2.844133,0,88.894006,0,14.843422,0,60.666344,33.851443,60.754542,49.996306,33.752523,50,27,0,0,0,0,0,0,0,0
3855,60.56096,0,1.900734,0,37.987506,25.120003,0.799512,2.864014,0,89.64507,0,14.873966,0,61.076569,33.575633,60.577469,49.947382,33.65415,50,27,0,0,0,0,0,0,0,0
3856,60.700024,0,1.899817,0,38.096972,25.122025,0.802386,2.854937,0,89.545655,0,14.870499,0,60.861914,33.622807,60.493515,49.924439,33.607509,50,27,0,0,0,0,0,0,0,0
3857,60.702503,0,1.907393,0,37.845346,25.014588,0.799898,2.850275,0,89.535388,0,14.871243,0,60.953554,33.887504,61.166526,50.110833,33.981404,50,27,0,0,0,0,0,0,0,0
3858,60.899142,0,1.907938,0,38.168034,24.821655,0.796267,2.848809,0,89.77484,0,14.848444,0,60.812758,33.748275,60.718731,49.986512,33.732628,50,27,0,0,0,0,0,0,0,0
3859,60.856132,0,1.902864,0,38.342,25.014575,0.803679,2.854194,0,88.877936,0,14.874061,0,60.605715,33.956215,60.956189,50.052212,33.86455,50,27,0,0,0,0,0,0,0,0
3860,60.713976,0,1.905619,0,37.883371,24.962131,0.799665,2.850236,0,88.930082,0,14.846224,0,60.60174,33.839951,60.685066,49.977015,33.713926,50,27,0,0,0,0,0,0,0,0
3861,60.470202,0,1.893088,0,38.166922,24.920186,0.802428,2.847304,0,89.513327,0,14.908037,0,60.873097,33.640767,60.53106,49.934563,33.628367,50,27,0,0,0,0,0,0,0,0
3862,61.019793,0,1.902277,0,37.99333,24.943724,0.803542,2.859815,0,89.664378,0,14.859674,0,60.798436,33.965758,61.163304,50.109638,33.979613,50,27,0,0,0,0,0,0,0,0
3863,60.874106,0,1.904846,0,37.977918,25.037275,0.7981,2.846727,0,89.462739,0,14.83138,0,60.700253,33.82076,60.736463,49.991115,33.74248,50,27,0,0,0,0,0,0,0,0
3864,60.420359,0,1.900025,0,37.835927,24.964129,0.802538,2.850918,0,89.487407,0,14.906356,0,60.886088,33.69861,60.662374,49.970682,33.701319,50,27,0,0,0,0,0,0,0,0
3865,60.713324,0,1.898045,0,37.995837,24.97464,0.800418,2.851875,0,89.402807,0,14.834449,0,60.775935,33.781476,60.740999,49.992559,33.744999,50,27,0,0,0,0,0,0,0,0
3866,60.782066,0,1.895003,0,37.835258,25.020598,0.799482,2.84556,0,88.606422,0,14.902665,0,60.66159,33.689761,60.435375,49.908123,33.575208,50,27,0,0,0,0,0,0,0,0
3867,60.549414,0,1.898474,0,37.949255,24.942959,0.800694,2.834638,0,89.245989,0,14.894365,0,60.671204,33.942012,60.99122,50.062213,33.884011,50,27,0,0,0,0,0,0,0,0
3868,60.544376,0,1.899779,0,37.972005,25.069933,0.795708,2.853533,0,89.621518,0,14.882535,0,60.516869,33.790894,60.49812,49.925613,33.610067,50,27,0,0,0,0,0,0,0,0
3869,60.939525,0,1.902747,0,37.907977,24.969755,0.797091,2.864178,0,88.879983,0,14.991663,0,60.558803,33.964583,60.907601,50.039162,33.837556,50,27,0,0,0,0,0,0,0,0
3870,60.790853,0,1.896028,0,38.337046,25.003782,0.796324,2.850573,0,89.218679,0,14.874168,0,61.086606,33.603291,60.651504,49.968183,33.69528,50,27,0,0,0,0,0,0,0,0
3871,60.794415,0,1.899794,0,37.862916,24.967995,0.799964,2.842311,0,89.462449,0,14.878562,0,60.655867,33.923625,60.923663,50.043565,33.846479,50,27,0,0,0,0,0,0,0,0
3872,61.231446,0,1.900186,0,38.095361,24.938009,0.799663,2.853,0,89.442403,0,14.888488,0,60.855613,33.83641,60.922703,50.043083,33.845946,50,27,0,0,0,0,0,0,0,0
3873,60.635148,0,1.887405,0,38.060352,24.977879,0.797337,2.849572,0,89.258625,0,14.854814,0,60.898558,33.761992,60.804478,50.010192,33.780266,50,27,0,0,0,0,0,0,0,0
3874,60.942051,0,1.907106,0,38.044466,25.108721,0.801262,2.84694,0,89.262775,0,14.961038,0,60.880311,33.814106,60.90204,50.037107,33.834467,50,27,0,0,0,0,0,0,0,0
3875,60.82358,0,1.901147,0,37.939953,24.900315,0.803132,2.859202,0,89.215602,0,14.830396,0,60.864378,33.849839,60.960123,50.052976,33.866735,50,27,0,0,0,0,0,0,0,0
3876,60.943773,0,1.895833,0,38.037668,24.920254,0.799786,2.839877,0,89.511483,0,14.910931,0,60.615765,33.885707,60.781185,50.003255,33.767325,50,27,0,0,0,0,0,0,0,0
3877,61.016457,0,1.896656,0,37.885723,24.867682,0.801566,2.855064,0,89.730193,0,14.913159,0,60.596332,33.939026,60.863882,50.026096,33.813268,50,27,0,0,0,0,0,0,0,0
3878,60.891393,0,1.898269,0,38.162834,24.994412,0.799056,2.865617,0,89.505027,0,14.9095,0,60.932229,33.760767,60.807043,50.010256,33.781691,50,27,0,0,0,0,0,0,0,0
3879,60.665384,0,1.892655,0,37.919095,25.077178,0.801372,2.843703,0,89.384951,0,14.893128,0,61.006057,33.666787,60.690456,49.97798,33.71692,50,27,0,0,0,0,0,0,0,0
3880,60.793526,0,1.906937,0,38.025816,24.896255,0.797712,2.849174,0,89.527904,0,14.960188,0,60.97296,33.671091,60.686163,49.976903,33.714535,50,27,0,0,0,0,0,0,0,0
3881,60.745919,0,1.894099,0,38.131436,25.127607,0.802185,2.85997,0,89.903302,0,14.869748,0,60.949176,33.819725,60.99383,50.062056,33.885461,50,27,0,0,0,0,0,0,0,0
3882,60.890044,0,1.894738,0,37.919576,24.877327,0.799578,2.86991,0,89.401871,0,14.773818,0,60.683218,33.913409,60.922695,50.042086,33.845942,50,27,0,0,0,0,0,0,0,0
3883,60.830511,0,1.90274,0,37.978654,25.059804,0.799322,2.848978,0,89.282802,0,14.889934,0,60.886131,33.740503,60.745916,49.993016,33.747731,50,27,0,0,0,0,0,0,0,0
3884,60.643473,0,1.900999,0,37.945964,24.979369,0.797638,2.856823,0,88.90355,0,14.871079,0,60.672666,33.734533,60.528622,49.932991,33.627012,50,27,0,0,0,0,0,0,0,0
3885,60.469277,0,1.906569,0,37.859638,25.166142,0.798992,2.842107,0,89.106945,0,14.881743,0,61.01833,33.663126,60.732664,49.989721,33.740369,50,27,0,0,0,0,0,0,0,0
3886,60.827994,0,1.8977,0,38.205603,24.980633,0.800928,2.862531,0,89.420119,0,14.962626,0,60.973951,33.766099,60.923348,50.042476,33.846304,50,27,0,0,0,0,0,0,0,0
3887,60.427861,0,1.901259,0,38.0003,24.979472,0.80304,2.874022,0,88.967962,0,14.836341,0,60.873765,33.867895,61.041052,50.074798,33.911695,50,27,0,0,0,0,0,0,0,0
3888,60.748569,0,1.903703,0,37.840801,24.837888,0.795282,2.855344,0,89.258505,0,14.847297,0,60.667029,33.880436,60.850313,50.021706,33.805729,50,27,0,0,0,0,0,0,0,0
3889,60.764492,0,1.894504,0,37.939813,25.161276,0.805983,2.833349,0,88.729419,0,14.816835,0,61.093954,33.670491,60.82293,50.01403,33.790517,50,27,0,0,0,0,0,0,0,0
3890,60.988219,0,1.906401,0,38.03969,25.040768,0.800957,2.846954,0,89.00358,0,14.937875,0,60.863859,33.724665,60.724046,49.986629,33.735581,50,27,0,0,0,0,0,0,0,0
3891,60.577356,0,1.903276,0,37.91079,24.996113,0.79835,2.854428,0,88.839218,0,14.856816,0,61.180722,33.553262,60.688097,49.976759,33.715609,50,27,0,0,0,0,0,0,0,0
3892,60.717465,0,1.899085,0,37.942844,25.048073,0.796422,2.844011,0,89.046661,0,14.815573,0,60.702603,33.690932,60.531164,49.933499,33.628424,50,27,0,0,0,0,0,0,0,0
3893,60.617091,0,1.898241,0,37.987016,25.045258,0.800306,2.834358,0,89.041686,0,14.872024,0,60.173251,33.867928,60.385878,49.893674,33.54771,50,27,0,0,0,0,0,0,0,0
3894,60.815445,0,1.905433,0,37.882733,24.94161,0.800127,2.873146,0,89.388541,0,14.977197,0,60.723182,33.655603,60.474648,49.918738,33.597027,50,27,0,0,0,0,0,0,0,0
3895,60.807791,0,1.905763,0,38.075564,25.156008,0.799908,2.846632,0,89.493051,0,14.869452,0,60.884027,33.729109,60.806076,50.010748,33.781153,50,27,0,0,0,0,0,0,0,0
3896,60.718691,0,1.906131,0,38.068079,24.917792,0.799192,2.858028,0,89.379222,0,14.841553,0,60.72249,33.753061,60.699936,49.981358,33.722187,50,27,0,0,0,0,0,0,0,0
3897,60.892527,0,1.900245,0,38.015583,25.15097,0.803285,2.843113,0,89.063569,0,14.817833,0,60.541215,33.82828,60.678735,49.975591,33.710408,50,27,0,0,0,0,0,0,0,0
3898,60.556451,0,1.914026,0,38.195824,24.942733,0.799616,2.860261,0,89.375346,0,14.823794,0,60.529479,33.838763,60.680517,49.976205,33.711398,50,27,0,0,0,0,0,0,0,0
3899,60.350368,0,1.891161,0,37.924564,25.039104,0.794924,2.869514,0,89.358407,0,14.896908,0,60.904437,33.869108,61.110044,50.095042,33.950025,50,27,0,0,0,0,0,0,0,0
3900,60.950463,0,1.905349,0,37.903372,25.019715,0.802438,2.85727,0,88.945378,0,14.868255,0,60.989699,33.657982,60.737111,49.991493,33.74284,50,27,0,0,0,0,0,0,0,0
3901,60.825465,0,1.899154,0,38.051941,25.084333,0.801548,2.846739,0,89.18027,0,14.945522,0,60.621258,33.702866,60.479134,49.920231,33.599519,50,27,0,0,0,0,0,0,0,0
3902,61.005424,0,1.896056,0,37.860418,24.961812,0.800819,2.838705,0,88.902755,0,14.908829,0,60.663613,33.775035,60.682603,49.976866,33.712557,50,27,0,0,0,0,0,0,0,0
3903,60.654687,0,1.88888,0,38.020432,25.050571,0.802189,2.849318,0,88.88787,0,14.819754,0,60.582859,33.67322,60.385897,49.894973,33.547721,50,27,0,0,0,0,0,0,0,0
3904,60.695812,0,1.903894,0,38.017571,24.982416,0.799735,2.852212,0,89.123704,0,14.869451,0,60.547407,33.692565,60.40356,49.900377,33.557533,50,27,0,0,0,0,0,0,0,0
3905,60.898226,0,1.905054,0,37.993404,24.961602,0.798564,2.843135,0,89.644842,0,14.790351,0,60.800934,33.567827,60.402958,49.900706,33.557199,50,27,0,0,0,0,0,0,0,0
3906,60.767751,0,1.896469,0,38.074217,24.776288,0.801755,2.852434,0,88.885122,0,14.875709,0,60.823902,33.680121,60.68767,49.979893,33.715372,50,27,0,0,0,0,0,0,0,0
3907,60.737944,0,1.900232,0,37.962958,25.007195,0.803671,2.86046,0,88.895627,0,14.828305,0,60.442121,33.769626,60.503203,49.929008,33.61289,50,27,0,0,0,0,0,0,0,0
3908,60.836233,0,1.906742,0,37.978176,24.994947,0.800285,2.843236,0,89.17133,0,14.88927,0,60.664285,33.685422,60.543932,49.940618,33.635518,50,27,0,0,0,0,0,0,0,0
3909,60.894623,0,1.89868,0,38.010029,25.050659,0.794881,2.839781,0,88.968083,0,14.821376,0,60.455647,33.915186,60.827475,50.019284,33.793042,50,27,0,0,0,0,0,0,0,0
3910,60.877759,0,1.900257,0,37.987129,25.00565,0.800752,2.868424,0,88.513236,0,14.843674,0,60.789473,33.52526,60.315561,49.877697,33.508645,50,27,0,0,0,0,0,0,0,0
3911,60.903584,0,1.899207,0,38.021708,24.886132,0.792919,2.840975,0,88.876067,0,14.842201,0,60.68665,33.662204,60.531225,49.937914,33.628458,50,27,0,0,0,0,0,0,0,0
3912,60.941429,0,1.898039,0,38.048298,25.115408,0.79885,2.840147,0,89.045355,0,14.77142,0,60.720406,33.813403,60.893629,50.03839,33.829794,50,27,0,0,0,0,0,0,0,0
3913,60.769064,0,1.897799,0,38.013493,24.969225,0.801591,2.832721,0,88.93442,0,14.900257,0,60.817414,33.794974,60.940937,50.051275,33.856076,50,27,0,0,0,0,0,0,0,0
3914,60.634255,0,1.898842,0,37.900664,24.993123,0.794334,2.851121,0,89.365166,0,14.842821,0,60.679481,33.635575,60.459051,49.917828,33.588362,50,27,0,0,0,0,0,0,0,0
3915,60.771897,0,1.912434,0,37.793295,25.039512,0.803717,2.850981,0,89.195884,0,14.789787,0,60.674676,33.693035,60.589228,49.954218,33.660682,50,27,0,0,0,0,0,0,0,0
3916,60.68904,0,1.89947,0,37.960401,25.061785,0.801134,2.833688,0,89.027438,0,14.858932,0,60.718907,33.580835,60.402128,49.902732,33.556738,50,27,0,0,0,0,0,0,0,0
3917,60.67521,0,1.891744,0,37.930581,25.014105,0.79831,2.838733,0,89.379236,0,14.786067,0,60.787289,33.7504,60.847984,50.026448,33.804436,50,27,0,0,0,0,0,0,0,0
3918,60.515384,0,1.902896,0,37.98029,25.081775,0.798709,2.854237,0,89.082219,0,14.843872,0,60.578351,33.7178,60.566487,49.948512,33.648049,50,27,0,0,0,0,0,0,0,0
3919,60.971292,0,1.904161,0,37.955931,25.192332,0.797993,2.840055,0,89.295091,0,14.832972,0,60.710064,33.710475,60.68349,49.981107,33.71305,50,27,0,0,0,0,0,0,0,0
3920,60.884484,0,1.89757,0,38.162773,24.932549,0.801733,2.858347,0,89.067876,0,14.882364,0,60.677457,33.88589,61.022561,50.074919,33.901423,50,27,0,0,0,0,0,0,0,0
3921,60.60006,0,1.899063,0,38.088592,24.979208,0.796541,2.865324,0,89.10652,0,14.877731,0,60.782702,33.756578,60.83347,50.022282,33.796372,50,27,0,0,0,0,0,0,0,0
3922,60.575597,0,1.894935,0,38.051168,25.140788,0.799368,2.852413,0,88.985223,0,14.873926,0,60.969049,33.733092,60.967103,50.059107,33.870613,50,27,0,0,0,0,0,0,0,0
3923,60.754055,0,1.890076,0,38.09067,24.963933,0.802536,2.837194,0,89.372601,0,14.837053,0,60.755933,33.623587,60.523121,49.936098,33.623956,50,27,0,0,0,0,0,0,0,0
3924,60.729062,0,1.897538,0,37.885363,25.088968,0.800475,2.843554,0,89.600759,0,14.861241,0,60.850728,33.649129,60.686345,49.981531,33.714636,50,27,0,0,0,0,0,0,0,0
3925,60.829008,0,1.893607,0,38.022493,25.047238,0.80406,2.848427,0,89.352072,0,14.797859,0,60.329811,33.846183,60.591362,49.95537,33.661868,50,27,0,0,0,0,0,0,0,0
3926,60.751748,0,1.89023,0,37.876675,25.018802,0.798847,2.842836,0,89.158833,0,14.917418,0,61.042611,33.669231,60.914556,50.044921,33.84142,50,27,0,0,0,0,0,0,0,0
3927,61.032753,0,1.906821,0,37.90724,24.962874,0.798594,2.856249,0,89.513057,0,14.940958,0,60.459901,33.861728,60.745899,49.998082,33.747722,50,27,0,0,0,0,0,0,0,0
3928,60.583194,0,1.908244,0,37.963824,24.940285,0.797877,2.84797,0,89.112297,0,14.80167,0,60.545107,33.804297,60.692086,49.983217,33.717825,50,27,0,0,0,0,0,0,0,0
3929,60.727959,0,1.903298,0,37.81871,25.021958,0.79914,2.856631,0,88.911099,0,14.830013,0,60.595923,33.689285,60.491113,49.927753,33.606174,50,27,0,0,0,0,0,0,0,0
3930,60.86025,0,1.900047,0,37.982826,24.942663,0.798854,2.845048,0,88.854486,0,14.863096,0,60.812548,33.633522,60.596663,49.957286,33.664813,50,27,0,0,0,0,0,0,0,0
3931,60.880312,0,1.90281,0,38.128972,24.877223,0.801137,2.863014,0,89.04392,0,14.826337,0,60.649391,33.734093,60.659141,49.974767,33.699523,50,27,0,0,0,0,0,0,0,0
3932,60.779934,0,1.898354,0,37.978162,24.935078,0.801009,2.844603,0,88.954543,0,14.872104,0,60.666891,33.853026,60.926906,50.048902,33.848281,50,27,0,0,0,0,0,0,0,0
3933,60.56871,0,1.906862,0,38.021433,24.995253,0.801658,2.857066,0,88.645055,0,14.889167,0,60.686944,33.707934,60.624654,49.965117,33.680363,50,27,0,0,0,0,0,0,0,0
3934,60.941184,0,1.900513,0,37.849829,24.868498,0.799923,2.854746,0,88.864339,0,14.781718,0,60.509816,33.814931,60.677116,49.979791,33.709509,50,27,0,0,0,0,0,0,0,0
3935,60.807717,0,1.891919,0,38.097168,25.099355,0.801808,2.8475,0,89.333713,0,14.76885,0,60.926213,33.735959,60.916475,50.04605,33.842486,50,27,0,0,0,0,0,0,0,0
3936,60.688469,0,1.897032,0,38.000721,24.985294,0.803793,2.844412,0,89.453178,0,14.880562,0,60.861973,33.536247,60.431578,49.911797,33.573099,50,27,0,0,0,0,0,0,0,0
3937,60.659609,0,1.904624,0,38.028691,25.065204,0.796148,2.849938,0,89.117264,0,14.862656,0,60.694088,33.67588,60.585129,49.954677,33.658405,50,27,0,0,0,0,0,0,0,0
3938,60.832949,0,1.904519,0,37.965524,24.995069,0.803162,2.85148,0,89.562246,0,14.840114,0,60.616587,33.635631,60.429538,49.911897,33.571965,50,27,0,0,0,0,0,0,0,0
3939,60.734092,0,1.893741,0,38.060651,25.047607,0.79742,2.864357,0,88.760204,0,14.87135,0,60.587011,33.754954,60.66335,49.97696,33.701861,50,27,0,0,0,0,0,0,0,0
3940,60.498196,0,1.890087,0,37.970138,25.144248,0.801465,2.844662,0,88.610479,0,14.865627,0,60.94377,33.592622,60.672919,49.97972,33.707177,50,27,0,0,0,0,0,0,0,0
3941,60.944554,0,1.896005,0,37.71244,25.10438,0.797579,2.853475,0,88.83993,0,14.820543,0,60.399378,33.80621,60.595993,49.958559,33.664441,50,27,0,0,0,0,0,0,0,0
3942,60.656997,0,1.899866,0,37.993884,25.038397,0.80045,2.837777,0,88.818924,0,14.81051,0,60.745289,33.595386,60.484909,49.928062,33.602727,50,27,0,0,0,0,0,0,0,0
3943,60.937478,0,1.901907,0,38.067677,24.877565,0.802592,2.84076,0,89.200076,0,14.849449,0,60.693528,33.783921,60.84711,50.02853,33.80395,50,27,0,0,0,0,0,0,0,0
3944,60.586855,0,1.899015,0,37.901275,25.023905,0.803846,2.837616,0,89.123452,0,14.810537,0,60.504968,33.812152,60.708503,49.990078,33.726946,50,27,0,0,0,0,0,0,0,0
3945,60.592248,0,1.898898,0,38.092995,25.038426,0.800759,2.850123,0,89.03528,0,14.888385,0,60.7581,33.660363,60.628734,49.96808,33.68263,50,27,0,0,0,0,0,0,0,0
3946,60.696889,0,1.887633,0,37.658,25.009302,0.802728,2.848068,0,89.295158,0,14.771588,0,60.661912,33.775293,60.783061,50.010894,33.768367,50,27,0,0,0,0,0,0,0,0
3947,60.524861,0,1.90315,0,37.988159,24.883306,0.800288,2.844678,0,89.00992,0,14.833131,0,60.642487,33.625318,60.43971,49.915939,33.577617,50,27,0,0,0,0,0,0,0,0
3948,60.726238,0,1.89345,0,37.89677,24.961942,0.801867,2.851633,0,89.022813,0,14.8033,0,60.534624,33.722764,60.550071,49.94686,33.638929,50,27,0,0,0,0,0,0,0,0
3949,60.568085,0,1.895884,0,38.214333,25.151263,0.799914,2.857287,0,88.765384,0,14.734406,0,60.84182,33.623288,60.64647,49.973769,33.692483,50,27,0,0,0,0,0,0,0,0
3950,60.812696,0,1.898961,0,38.129648,25.001915,0.796568,2.86613,0,89.198054,0,14.84313,0,60.516049,33.823266,60.754738,50.003824,33.752632,50,27,0,0,0,0,0,0,0,0
3951,60.773388,0,1.906463,0,38.121986,24.992268,0.802077,2.849987,0,89.134402,0,14.795811,0,60.887933,33.597189,60.634823,49.970661,33.686013,50,27,0,0,0,0,0,0,0,0
3952,60.686279,0,1.892994,0,37.999324,25.119322,0.80084,2.843413,0,88.975398,0,14.785341,0,60.933073,33.507163,60.505883,49.935169,33.614379,50,27,0,0,0,0,0,0,0,0
3953,61.069813,0,1.901323,0,38.100964,24.996227,0.803143,2.847398,0,89.325199,0,14.793559,0,60.527325,33.766479,60.673829,49.981911,33.707683,50,27,0,0,0,0,0,0,0,0
3954,60.796887,0,1.895149,0,37.897867,24.863239,0.801799,2.865949,0,88.973296,0,14.829649,0,60.201034,33.929769,60.682821,49.984486,33.712678,50,27,0,0,0,0,0,0,0,0
3955,60.494771,0,1.906364,0,37.819509,24.939448,0.797711,2.848666,0,89.412222,0,14.925173,0,60.376813,34.022061,61.023166,50.078633,33.901759,50,27,0,0,0,0,0,0,0,0
3956,60.851467,0,1.893673,0,38.085195,24.956997,0.79827,2.842858,0,89.556115,0,14.844025,0,60.864904,33.641694,60.668525,49.980221,33.704736,50,27,0,0,0,0,0,0,0,0
3957,60.895439,0,1.898015,0,38.008237,24.958452,0.798918,2.847797,0,89.177823,0,14.847781,0,60.637985,33.682177,60.539274,49.944595,33.63293,50,27,0,0,0,0,0,0,0,0
3958,60.636214,0,1.904908,0,37.974595,25.013262,0.800121,2.840253,0,89.442416,0,14.737438,0,60.53338,33.767459,60.62073,49.967385,33.678183,50,27,0,0,0,0,0,0,0,0
3959,60.656613,0,1.896706,0,37.71235,24.983442,0.802875,2.847705,0,88.974729,0,14.903432,0,60.593627,33.852273,60.854422,50.032138,33.808012,50,27,0,0,0,0,0,0,0,0
3960,61.037869,0,1.896238,0,38.092643,25.023949,0.802335,2.853233,0,89.124413,0,14.853513,0,60.908431,33.610861,60.643698,49.973735,33.690943,50,27,0,0,0,0,0,0,0,0
3961,60.859227,0,1.906814,0,37.806415,24.883913,0.802554,2.840115,0,89.133821,0,14.879771,0,60.723073,33.651116,60.559797,49.950676,33.644331,50,27,0,0,0,0,0,0,0,0
3962,60.770146,0,1.907966,0,37.815244,25.112412,0.797488,2.855809,0,89.344357,0,14.844631,0,60.779108,33.589527,60.496123,49.933322,33.608957,50,27,0,0,0,0,0,0,0,0
3963,60.822881,0,1.905417,0,38.038196,25.141987,0.79853,2.85926,0,89.062091,0,14.81761,0,60.774266,33.749964,60.847389,50.030742,33.804105,50,27,0,0,0,0,0,0,0,0
3964,60.682418,0,1.903053,0,38.093056,25.085555,0.798561,2.851547,0,89.415363,0,14.822628,0,60.730585,33.730364,60.757794,50.005826,33.75433,50,27,0,0,0,0,0,0,0,0
3965,60.322191,0,1.910589,0,38.041255,25.031037,0.800343,2.837129,0,89.118816,0,14.808776,0,60.536877,33.727106,60.555513,49.949887,33.641951,50,27,0,0,0,0,0,0,0,0
3966,61.035567,0,1.898325,0,37.967382,25.021498,0.802205,2.859354,0,88.959042,0,14.848688,0,60.383396,34.071801,61.127959,50.108358,33.959977,50,27,0,0,0,0,0,0,0,0
3967,60.655899,0,1.897758,0,37.926274,24.833705,0.795797,2.856616,0,88.802851,0,14.784346,0,60.87188,33.588586,60.550625,49.948246,33.639236,50,27,0,0,0,0,0,0,0,0
3968,60.575778,0,1.890462,0,37.910198,24.911234,0.803588,2.837349,0,89.432632,0,14.863341,0,60.753597,33.838261,60.979081,50.066927,33.877267,50,27,0,0,0,0,0,0,0,0
3969,60.728611,0,1.9024,0,37.881191,25.051772,0.802631,2.855583,0,88.793929,0,14.846558,0,60.367112,33.81158,60.522221,49.94032,33.623456,50,27,0,0,0,0,0,0,0,0
3970,60.44943,0,1.894018,0,38.133651,24.932857,0.799164,2.852077,0,89.038332,0,14.906898,0,60.31478,33.999627,60.856857,50.033109,33.809365,50,27,0,0,0,0,0,0,0,0
3971,60.786519,0,1.895446,0,38.089225,25.169012,0.799202,2.860441,0,89.464978,0,14.855808,0,60.766817,33.590445,60.411895,49.909959,33.562164,50,27,0,0,0,0,0,0,0,0
3972,60.843198,0,1.897634,0,37.812022,25.057999,0.797167,2.855291,0,89.405117,0,14.861972,0,61.057568,33.593935,60.732192,49.998935,33.740107,50,27,0,0,0,0,0,0,0,0
3973,60.79452,0,1.906628,0,38.034528,24.912737,0.797264,2.842994,0,89.411497,0,14.870153,0,60.818909,33.581886,60.488452,49.931572,33.604696,50,27,0,0,0,0,0,0,0,0
3974,60.957565,0,1.89509,0,37.860222,24.956908,0.798942,2.853643,0,89.214033,0,14.807495,0,60.854335,33.511909,60.396924,49.906614,33.553847,50,27,0,0,0,0,0,0,0,0
3975,61.025466,0,1.894816,0,38.253224,24.893381,0.805728,2.852637,0,89.158253,0,14.751314,0,60.569519,33.763919,60.67228,49.983186,33.706822,50,27,0,0,0,0,0,0,0,0
3976,60.777247,0,1.903209,0,38.06129,25.081658,0.801323,2.853526,0,89.333399,0,14.768736,0,60.780571,33.762438,60.873786,50.038965,33.81877,50,27,0,0,0,0,0,0,0,0
3977,60.603966,0,1.90245,0,38.065314,24.940055,0.797726,2.840169,0,89.137573,0,14.87256,0,60.522377,33.950372,61.006188,50.075367,33.892327,50,27,0,0,0,0,0,0,0,0
3978,60.628545,0,1.904381,0,38.016025,25.053765,0.799135,2.857965,0,88.815456,0,14.890323,0,60.924227,33.703136,60.856288,50.03356,33.809049,50,27,0,0,0,0,0,0,0,0
3979,60.60354,0,1.899159,0,38.015728,25.000527,0.793453,2.852782,0,89.121068,0,14.869502,0,60.631533,33.799189,60.770452,50.009668,33.761362,50,27,0,0,0,0,0,0,0,0
3980,60.927037,0,1.903499,0,38.054542,24.936148,0.800875,2.84791,0,89.3419,0,14.876513,0,61.047533,33.523566,60.596377,49.961507,33.664654,50,27,0,0,0,0,0,0,0,0
3981,60.703422,0,1.890351,0,38.080959,25.09894,0.798528,2.859106,0,89.747072,0,14.846394,0,61.136538,33.531249,60.729784,49.998571,33.738769,50,27,0,0,0,0,0,0,0,0
3982,60.631479,0,1.90084,0,38.049609,24.990048,0.798366,2.844915,0,89.314154,0,14.864345,0,60.621894,33.762157,60.727635,49.997985,33.737575,50,27,0,0,0,0,0,0,0,0
3983,60.790045,0,1.909049,0,38.026372,25.029812,0.801192,2.836711,0,88.668491,0,14.846659,0,61.165047,33.421983,60.546624,49.947964,33.637013,50,27,0,0,0,0,0,0,0,0
3984,60.707273,0,1.899941,0,38.007171,25.225,0.793757,2.851078,0,88.869816,0,14.896097,0,60.772585,33.629722,60.631014,49.971548,33.683897,50,27,0,0,0,0,0,0,0,0
3985,60.567925,0,1.899875,0,38.126936,25.034782,0.796799,2.846875,0,88.997104,0,14.803006,0,60.411185,33.730359,60.490743,49.932919,33.605968,50,27,0,0,0,0,0,0,0,0
3986,60.838317,0,1.900462,0,37.998045,24.862153,0.800407,2.85494,0,88.889937,0,14.822261,0,60.321164,33.875363,60.701617,49.991537,33.723121,50,27,0,0,0,0,0,0,0,0
3987,60.764602,0,1.896842,0,37.990181,24.938102,0.799024,2.856489,0,88.699495,0,14.77924,0,60.746911,33.692174,60.717171,49.995879,33.731762,50,27,0,0,0,0,0,0,0,0
3988,60.5605,0,1.896073,0,38.049262,25.00892,0.793993,2.85348,0,89.478139,0,14.856503,0,60.728395,33.82401,60.978605,50.068158,33.877003,50,27,0,0,0,0,0,0,0,0
3989,60.760142,0,1.891896,0,38.160721,24.975786,0.800924,2.845869,0,88.981948,0,14.838922,0,60.530581,33.748923,60.606766,49.965045,33.670426,50,27,0,0,0,0,0,0,0,0
3990,60.676316,0,1.902827,0,38.105206,24.956374,0.797302,2.84928,0,88.282627,0,14.877323,0,60.60555,33.60646,60.376466,49.901565,33.542481,50,27,0,0,0,0,0,0,0,0
3991,60.764876,0,1.898112,0,37.854908,25.099058,0.796955,2.860282,0,89.54105,0,14.827764,0,60.749594,33.663556,60.655264,49.979113,33.697369,50,27,0,0,0,0,0,0,0,0
3992,60.66721,0,1.900166,0,37.884587,24.972311,0.80144,2.848631,0,89.649491,0,14.867393,0,60.60109,33.718937,60.629476,49.972089,33.683042,50,27,0,0,0,0,0,0,0,0
3993,60.73258,0,1.90139,0,37.812103,24.972007,0.800071,2.844334,0,88.840033,0,14.903051,0,60.833344,33.785251,60.999837,50.074594,33.888799,50,27,0,0,0,0,0,0,0,0
3994,60.523075,0,1.901545,0,37.881232,24.970418,0.796861,2.843343,0,88.68414,0,14.864427,0,60.378914,33.685221,60.324,49.887425,33.513334,50,27,0,0,0,0,0,0,0,0
3995,60.909456,0,1.899071,0,37.882317,25.011683,0.799288,2.849338,0,88.888868,0,14.909405,0,60.578358,33.770713,60.707211,49.993902,33.726228,50,27,0,0,0,0,0,0,0,0
3996,60.782733,0,1.886696,0,38.032984,24.957203,0.796512,2.837118,0,88.896343,0,14.875872,0,60.417964,33.858002,60.722889,49.998266,33.734938,50,27,0,0,0,0,0,0,0,0
3997,60.920334,0,1.900416,0,38.060289,25.005131,0.796199,2.841535,0,89.059737,0,14.805004,0,60.348741,33.852213,60.622397,49.970499,33.679109,50,27,0,0,0,0,0,0,0,0
3998,60.83641,0,1.892798,0,38.184968,25.025441,0.79877,2.850353,0,89.227755,0,14.88113,0,60.885547,33.623344,60.65933,49.980854,33.699628,50,27,0,0,0,0,0,0,0,0
3999,60.906064,0,1.905215,0,37.878423,25.010416,0.799055,2.851581,0,89.147386,0,14.7632,0,60.859177,33.567417,60.529127,49.944962,33.627293,50,27,0,0,0,0,0,0,0,0
4000,60.691566,0,1.891811,0,38.100438,25.018173,0.79647,2.841885,0,89.067565,0,14.848485,0,60.930449,33.495527,60.469383,49.928723,33.594102,50,27,0,0,0,0,0,0,0,0
4001,60.6077,0,1.896972,0,38.009775,24.943587,0.804448,2.844382,0,89.190608,0,14.863637,0,60.525581,33.705613,60.536483,49.947623,33.63138,50,27,0,0,0,0,0,0,0,0
4002,60.775778,0,1.9055,0,38.070356,24.946127,0.795763,2.842719,0,88.985272,0,14.82347,0,60.296764,33.929701,60.779671,50.0151,33.766484,50,27,0,0,0,0,0,0,0,0
4003,60.755659,0,1.898711,0,37.959359,25.037092,0.801228,2.84244,0,88.703514,0,14.842581,0,60.829999,33.557779,60.4982,49.937228,33.610111,50,27,0,0,0,0,0,0,0,0
4004,60.407171,0,1.897714,0,37.841484,25.018665,0.796259,2.844751,0,89.09409,0,14.916674,0,60.779455,33.725001,60.821128,50.026796,33.789516,50,27,0,0,0,0,0,0,0,0
4005,60.59077,0,1.903603,0,38.262877,24.929788,0.802489,2.846862,0,89.559404,0,14.832479,0,60.528397,33.876007,60.885993,50.044591,33.825552,50,27,0,0,0,0,0,0,0,0
4006,60.639175,0,1.906083,0,37.897356,25.087979,0.797881,2.858091,0,88.778062,0,14.881626,0,60.785796,33.653556,60.65181,49.979642,33.69545,50,27,0,0,0,0,0,0,0,0
4007,60.44829,0,1.897779,0,38.038657,25.063538,0.799265,2.845409,0,89.133687,0,14.894529,0,60.783892,33.670482,60.693982,49.991399,33.718879,50,27,0,0,0,0,0,0,0,0
4008,60.705022,0,1.895864,0,37.990929,24.849954,0.796499,2.864642,0,89.364754,0,14.822098,0,60.557871,33.842772,60.837006,50.030973,33.798337,50,27,0,0,0,0,0,0,0,0
4009,61.068385,0,1.903451,0,38.263694,24.80526,0.798125,2.849195,0,88.863195,0,14.839208,0,60.571083,33.772719,60.685005,49.988807,33.713892,50,27,0,0,0,0,0,0,0,0
4010,60.613542,0,1.896648,0,38.021672,25.009725,0.806018,2.869818,0,88.906476,0,14.89596,0,60.745499,33.654335,60.602584,49.966082,33.668102,50,27,0,0,0,0,0,0,0,0
4011,60.466588,0,1.901366,0,38.016498,24.925681,0.800286,2.85183,0,88.765665,0,14.799976,0,60.962317,33.526827,60.559373,49.954307,33.644096,50,27,0,0,0,0,0,0,0,0
4012,60.92204,0,1.895634,0,38.008569,25.072701,0.795299,2.840849,0,89.275512,0,14.912317,0,60.737063,33.660353,60.640959,49.977084,33.689422,50,27,0,0,0,0,0,0,0,0
4013,60.771815,0,1.904889,0,37.931209,24.965502,0.795296,2.847496,0,88.698171,0,14.831092,0,60.688526,33.68047,60.640862,49.977172,33.689368,50,27,0,0,0,0,0,0,0,0
4014,60.689561,0,1.907023,0,38.040885,25.09757,0.799288,2.841868,0,89.085107,0,14.901853,0,60.411064,33.867434,60.760756,50.010424,33.755976,50,27,0,0,0,0,0,0,0,0
4015,60.695692,0,1.897668,0,37.958702,24.914237,0.801745,2.842697,0,89.355709,0,14.9119,0,60.723354,33.766199,60.837648,50.031624,33.798693,50,27,0,0,0,0,0,0,0,0
4016,60.822534,0,1.894398,0,37.964719,25.000133,0.796757,2.84176,0,89.32597,0,14.84691,0,60.472049,33.98328,61.037105,50.086596,33.909503,50,27,0,0,0,0,0,0,0,0
4017,60.62176,0,1.90069,0,38.016182,25.075686,0.801818,2.844653,0,88.728361,0,14.801443,0,60.989662,33.676639,60.87258,50.040691,33.8181,50,27,0,0,0,0,0,0,0,0
4018,60.685979,0,1.891378,0,37.947362,24.98226,0.799117,2.873411,0,89.265307,0,14.889805,0,60.592561,33.876432,60.904237,50.049238,33.835687,50,27,0,0,0,0,0,0,0,0
4019,60.668727,0,1.895316,0,38.037868,25.068623,0.803135,2.856964,0,89.487943,0,14.830448,0,60.881935,33.611634,60.615573,49.969208,33.675318,50,27,0,0,0,0,0,0,0,0
4020,60.790504,0,1.903822,0,37.913418,24.869485,0.800744,2.858085,0,89.059403,0,14.842201,0,61.200773,33.540374,60.800743,50.020541,33.77819,50,27,0,0,0,0,0,0,0,0
4021,60.71926,0,1.903164,0,37.983013,25.050478,0.796968,2.854769,0,89.269597,0,14.821522,0,60.561666,33.791901,60.717202,49.997349,33.731779,50,27,0,0,0,0,0,0,0,0
4022,60.868612,0,1.898243,0,38.338064,24.936931,0.800087,2.849334,0,88.724375,0,14.802381,0,61.067212,33.749431,61.123443,50.109645,33.957468,50,27,0,0,0,0,0,0,0,0
4023,60.724883,0,1.901631,0,38.027677,25.002691,0.804769,2.858965,0,88.892793,0,14.902627,0,60.313359,33.874498,60.629889,49.972684,33.683272,50,27,0,0,0,0,0,0,0,0
4024,60.983237,0,1.904636,0,38.102298,25.030997,0.800872,2.842623,0,88.965204,0,14.814524,0,60.629127,33.759539,60.683382,49.987605,33.71299,50,27,0,0,0,0,0,0,0,0
4025,60.939708,0,1.905197,0,38.061793,24.970214,0.79725,2.846258,0,89.149292,0,14.935335,0,60.808011,33.690391,60.713017,49.995857,33.729454,50,27,0,0,0,0,0,0,0,0
4026,60.797368,0,1.891903,0,37.981768,25.001959,0.803928,2.831516,0,89.206594,0,14.824823,0,60.612737,33.600068,60.333153,49.890885,33.518418,50,27,0,0,0,0,0,0,0,0
4027,60.982218,0,1.903256,0,37.994647,25.075594,0.79869,2.851657,0,88.803542,0,14.864808,0,60.538827,33.881237,60.86981,50.039758,33.816561,50,27,0,0,0,0,0,0,0,0
4028,60.432956,0,1.893703,0,37.915714,25.034766,0.795502,2.834137,0,89.451832,0,14.898884,0,61.039236,33.637294,60.834963,50.029928,33.797202,50,27,0,0,0,0,0,0,0,0
4029,60.59959,0,1.896675,0,37.799271,25.119923,0.801146,2.841181,0,89.417919,0,14.83038,0,60.524864,33.704032,60.474136,49.930048,33.596742,50,27,0,0,0,0,0,0,0,0
4030,60.967418,0,1.902974,0,38.0403,24.981624,0.797091,2.857746,0,89.022423,0,14.953536,0,60.911318,33.752796,60.966621,50.066517,33.870345,50,27,0,0,0,0,0,0,0,0
4031,60.824221,0,1.898528,0,37.887931,24.95202,0.80225,2.837925,0,88.700744,0,14.877931,0,60.779942,33.714148,60.750264,50.006386,33.750147,50,27,0,0,0,0,0,0,0,0
4032,60.682612,0,1.899288,0,37.80511,25.052271,0.799616,2.842139,0,89.475923,0,14.871264,0,60.73515,33.872178,61.040672,50.086622,33.911484,50,27,0,0,0,0,0,0,0,0
4033,60.901904,0,1.897702,0,38.237475,24.851056,0.804009,2.853129,0,88.684987,0,14.800928,0,60.727646,33.674248,60.596564,49.963442,33.664758,50,27,0,0,0,0,0,0,0,0
4034,60.921399,0,1.901196,0,38.114327,25.039854,0.797674,2.832741,0,88.964292,0,14.819413,0,61.234223,33.385125,60.501465,49.937338,33.611925,50,27,0,0,0,0,0,0,0,0
4035,60.880215,0,1.897953,0,38.029659,25.019842,0.803364,2.862552,0,88.843443,0,14.839152,0,60.517949,33.876039,60.86651,50.038547,33.814728,50,27,0,0,0,0,0,0,0,0
4036,60.667228,0,1.899488,0,37.891078,25.200789,0.796343,2.849253,0,89.031931,0,14.853133,0,60.493294,33.843408,60.75124,50.006495,33.750689,50,27,0,0,0,0,0,0,0,0
4037,60.725869,0,1.917072,0,38.038934,25.186534,0.805415,2.860792,0,89.428798,0,14.801523,0,60.669235,33.677511,60.561119,49.953914,33.645066,50,27,0,0,0,0,0,0,0,0
4038,60.453042,0,1.904799,0,38.071027,24.922475,0.800205,2.846696,0,89.529588,0,14.756441,0,60.705054,33.806999,60.876835,50.041406,33.820464,50,27,0,0,0,0,0,0,0,0
4039,60.777015,0,1.911729,0,38.002549,25.005034,0.80269,2.858275,0,89.129723,0,14.839734,0,60.843872,33.697126,60.773153,50.012543,33.762863,50,27,0,0,0,0,0,0,0,0
4040,60.73551,0,1.899819,0,38.053848,25.093863,0.798721,2.866658,0,88.977505,0,14.842931,0,61.100877,33.675114,60.988146,50.071903,33.882303,50,27,0,0,0,0,0,0,0,0
4041,60.81455,0,1.891447,0,38.102558,25.092462,0.798608,2.850308,0,88.908304,0,14.845835,0,60.481817,34.065853,61.200347,50.130197,34.000193,50,27,0,0,0,0,0,0,0,0
4042,60.768735,0,1.897172,0,37.986318,25.000408,0.79878,2.827182,0,89.160174,0,14.853194,0,60.871486,33.782574,60.947567,50.059682,33.859759,50,27,0,0,0,0,0,0,0,0
4043,61.137339,0,1.896524,0,38.225152,25.10917,0.79817,2.855503,0,89.3237,0,14.879337,0,60.817935,33.861526,61.0558,50.0893,33.919889,50,27,0,0,0,0,0,0,0,0
4044,60.703837,0,1.895809,0,38.039036,25.109046,0.800701,2.845685,0,89.303483,0,14.860976,0,60.570476,33.850419,60.770046,50.009875,33.761137,50,27,0,0,0,0,0,0,0,0
4045,60.748105,0,1.898515,0,37.902919,25.157887,0.798173,2.841812,0,89.758067,0,14.855925,0,60.544326,33.797256,60.619281,49.968155,33.677378,50,27,0,0,0,0,0,0,0,0
4046,60.75475,0,1.89379,0,38.087043,25.043488,0.799362,2.840283,0,88.998777,0,14.829727,0,60.598195,33.810388,60.696165,49.989564,33.720092,50,27,0,0,0,0,0,0,0,0
4047,60.616284,0,1.891238,0,38.064768,24.979904,0.803332,2.844476,0,89.189269,0,14.895647,0,60.709583,33.778827,60.734856,50.00031,33.741587,50,27,0,0,0,0,0,0,0,0
4048,60.62232,0,1.905802,0,38.066117,24.985443,0.799052,2.835314,0,89.407484,0,14.973682,0,60.751794,33.839657,60.903801,50.047004,33.835445,50,27,0,0,0,0,0,0,0,0
4049,61.004791,0,1.901039,0,37.878306,24.954237,0.800228,2.857569,0,89.214399,0,14.87295,0,60.773122,33.68858,60.596951,49.961958,33.664973,50,27,0,0,0,0,0,0,0,0
4050,60.98559,0,1.906687,0,38.071154,25.028083,0.802123,2.862646,0,89.001463,0,14.910069,0,60.754366,33.742228,60.702369,49.991284,33.723538,50,27,0,0,0,0,0,0,0,0
4051,60.951129,0,1.89589,0,37.964473,25.207911,0.80055,2.842409,0,88.884603,0,14.959831,0,60.65906,33.631748,60.377271,49.901472,33.542928,50,27,0,0,0,0,0,0,0,0
4052,61.005877,0,1.892949,0,37.959718,25.085026,0.795836,2.847386,0,89.243678,0,14.785263,0,60.888359,33.535082,60.420276,49.913848,33.56682,50,27,0,0,0,0,0,0,0,0
4053,60.879548,0,1.902452,0,38.07067,24.968138,0.799494,2.85455,0,88.508408,0,14.97209,0,60.951678,33.570964,60.588538,49.960784,33.660299,50,27,0,0,0,0,0,0,0,0
4054,60.715236,0,1.887618,0,37.906471,24.916294,0.801788,2.838775,0,89.317363,0,14.870203,0,60.686757,33.848167,60.931038,50.055645,33.850577,50,27,0,0,0,0,0,0,0,0
4055,60.912728,0,1.902332,0,37.857969,25.071522,0.802389,2.868335,0,89.139492,0,14.853851,0,61.011361,33.673781,60.87253,50.039197,33.818072,50,27,0,0,0,0,0,0,0,0
4056,60.929679,0,1.9171,0,37.937631,25.0246,0.801935,2.831373,0,88.812417,0,14.83546,0,60.783177,33.675293,60.656212,49.979212,33.697896,50,27,0,0,0,0,0,0,0,0
4057,60.760676,0,1.900049,0,38.12789,25.030403,0.801921,2.839921,0,89.086426,0,14.828978,0,60.506812,33.873814,60.806538,50.020865,33.78141,50,27,0,0,0,0,0,0,0,0
4058,60.62619,0,1.896394,0,37.992802,24.995379,0.797535,2.849822,0,89.023634,0,14.852987,0,60.841219,33.722229,60.802462,50.019635,33.779146,50,27,0,0,0,0,0,0,0,0
4059,60.924755,0,1.90059,0,37.897967,25.017173,0.798683,2.832874,0,88.903449,0,14.864558,0,60.89394,33.622163,60.646529,49.976438,33.692516,50,27,0,0,0,0,0,0,0,0
4060,60.50257,0,1.903693,0,38.061656,24.890627,0.800442,2.838862,0,88.924718,0,14.887743,0,60.893823,33.785486,61.006385,50.076018,33.892436,50,27,0,0,0,0,0,0,0,0
4061,60.851274,0,1.891788,0,38.182529,24.926395,0.797572,2.851565,0,89.354922,0,14.923669,0,60.823923,33.753389,60.861744,50.035661,33.81208,50,27,0,0,0,0,0,0,0,0
4062,60.823089,0,1.894741,0,38.000532,24.982025,0.800359,2.843821,0,89.017533,0,14.851499,0,60.804306,33.791552,60.920265,50.051659,33.844591,50,27,0,0,0,0,0,0,0,0
4063,60.805562,0,1.903872,0,37.882478,25.070357,0.802604,2.847325,0,89.287535,0,14.854514,0,60.704074,33.770624,60.768639,50.009493,33.760355,50,27,0,0,0,0,0,0,0,0
4064,60.8987,0,1.901382,0,38.239956,24.918926,0.795042,2.858317,0,89.202414,0,14.900584,0,60.615853,33.883453,60.914383,50.049729,33.841324,50,27,0,0,0,0,0,0,0,0
4065,61.034485,0,1.909293,0,38.129495,25.065054,0.79778,2.8411,0,89.379085,0,14.874193,0,60.495718,33.803553,60.60705,49.964536,33.670583,50,27,0,0,0,0,0,0,0,0
4066,60.615823,0,1.901325,0,37.904298,25.132375,0.801488,2.834625,0,89.288765,0,14.844921,0,60.558497,33.838456,60.736494,50.00049,33.742496,50,27,0,0,0,0,0,0,0,0
4067,60.797544,0,1.905991,0,38.077798,25.105056,0.79696,2.85766,0,89.241804,0,14.772043,0,60.893487,33.791197,60.960673,50.06245,33.86704,50,27,0,0,0,0,0,0,0,0
4068,61.109215,0,1.904456,0,38.080593,24.942235,0.795926,2.850289,0,89.182389,0,14.860067,0,60.863314,33.64888,60.6261,49.969665,33.681167,50,27,0,0,0,0,0,0,0,0
4069,60.843304,0,1.898927,0,37.892399,24.93305,0.802924,2.839713,0,89.553544,0,14.882213,0,61.109754,33.523212,60.622284,49.968761,33.679047,50,27,0,0,0,0,0,0,0,0
4070,60.720682,0,1.911609,0,37.882249,24.985377,0.803314,2.840825,0,89.413359,0,14.896308,0,60.798453,33.802268,60.930084,50.053991,33.850047,50,27,0,0,0,0,0,0,0,0
4071,60.843231,0,1.90324,0,38.106635,24.942236,0.800439,2.85249,0,88.96766,0,14.927209,0,60.639611,33.840936,60.84458,50.030089,33.802545,50,27,0,0,0,0,0,0,0,0
4072,60.578844,0,1.906911,0,37.812522,25.027549,0.800744,2.837193,0,89.041047,0,14.845389,0,60.763646,33.840796,60.955509,50.0606,33.864172,50,27,0,0,0,0,0,0,0,0
4073,60.660732,0,1.911731,0,38.046455,25.111316,0.800885,2.855204,0,88.918123,0,14.832229,0,60.558622,33.774976,60.599655,49.961942,33.666475,50,27,0,0,0,0,0,0,0,0
4074,60.454117,0,1.893954,0,37.984836,25.014096,0.797196,2.840217,0,88.924231,0,14.839955,0,61.125084,33.504695,60.593428,49.96041,33.663016,50,27,0,0,0,0,0,0,0,0
4075,60.627358,0,1.906342,0,38.156537,24.984352,0.802958,2.848043,0,89.412427,0,14.841766,0,61.046302,33.676748,60.9108,50.048327,33.839333,50,27,0,0,0,0,0,0,0,0
4076,60.992094,0,1.902809,0,37.941625,25.042314,0.795562,2.85702,0,89.111629,0,14.860145,0,60.971532,33.664098,60.817816,50.022386,33.787675,50,27,0,0,0,0,0,0,0,0
4077,60.768166,0,1.906214,0,38.342,24.991117,0.801315,2.850056,0,89.077495,0,14.866866,0,60.523372,33.691132,60.436287,49.916822,33.575715,50,27,0,0,0,0,0,0,0,0
4078,60.519676,0,1.898405,0,37.875598,24.959837,0.796957,2.839622,0,89.007189,0,14.824311,0,60.900276,33.67578,60.786252,50.013965,33.77014,50,27,0,0,0,0,0,0,0,0
4079,60.760567,0,1.893859,0,37.992089,25.210126,0.798788,2.847748,0,88.794655,0,14.889411,0,60.943183,33.511724,60.490229,49.932076,33.605683,50,27,0,0,0,0,0,0,0,0
4080,60.811297,0,1.905828,0,38.111097,24.904638,0.799272,2.858214,0,88.95731,0,14.85337,0,60.778068,33.722073,60.797129,50.017239,33.776183,50,27,0,0,0,0,0,0,0,0
4081,60.840363,0,1.900745,0,38.039764,25.015486,0.800977,2.834292,0,88.910324,0,14.853557,0,60.953688,33.747286,61.02474,50.080064,33.902633,50,27,0,0,0,0,0,0,0,0
4082,60.431796,0,1.894637,0,37.994543,25.097909,0.796196,2.861136,0,88.711738,0,14.826794,0,60.782357,33.618658,60.577644,49.956091,33.654246,50,27,0,0,0,0,0,0,0,0
4083,60.710155,0,1.893041,0,37.849093,25.003208,0.802445,2.845405,0,89.240221,0,14.872584,0,60.730681,33.611012,60.522636,49.941105,33.623686,50,27,0,0,0,0,0,0,0,0
4084,60.54496,0,1.889837,0,37.89855,25.020325,0.799497,2.851073,0,88.467301,0,14.839938,0,60.440117,33.81233,60.669728,49.982054,33.705405,50,27,0,0,0,0,0,0,0,0
4085,60.659541,0,1.902217,0,38.018593,24.867534,0.802571,2.850554,0,88.988825,0,14.899474,0,60.629884,33.697138,60.602161,49.963468,33.667867,50,27,0,0,0,0,0,0,0,0
4086,60.586863,0,1.903293,0,38.023975,25.037889,0.803091,2.860119,0,88.902934,0,14.845072,0,60.602899,33.857484,60.91514,50.050156,33.841745,50,27,0,0,0,0,0,0,0,0
4087,60.864971,0,1.905292,0,38.118816,24.929695,0.796027,2.855086,0,89.020546,0,14.812142,0,60.549967,33.739928,60.594723,49.961344,33.663735,50,27,0,0,0,0,0,0,0,0
4088,60.488123,0,1.904008,0,37.94973,24.994676,0.798361,2.852269,0,88.768482,0,14.84775,0,60.950857,33.569725,60.633794,49.972335,33.685441,50,27,0,0,0,0,0,0,0,0
4089,60.908773,0,1.899784,0,37.906983,24.981858,0.797074,2.852288,0,89.179876,0,14.828334,0,60.530047,33.740892,60.593855,49.961434,33.663253,50,27,0,0,0,0,0,0,0,0
4090,60.522108,0,1.893918,0,38.295056,25.062413,0.802255,2.838899,0,88.960805,0,14.859972,0,60.892175,33.422583,60.280562,49.875033,33.489201,50,27,0,0,0,0,0,0,0,0
4091,60.740512,0,1.902258,0,38.08712,24.923258,0.799514,2.859298,0,89.418863,0,14.870475,0,60.617235,33.787167,60.812892,50.022789,33.78494,50,27,0,0,0,0,0,0,0,0
4092,60.529635,0,1.904102,0,38.00269,25.01377,0.802673,2.846408,0,88.721159,0,14.833635,0,60.801375,33.778251,60.965996,50.064993,33.869998,50,27,0,0,0,0,0,0,0,0
4093,60.742056,0,1.899058,0,37.955332,25.001719,0.79873,2.837095,0,89.281274,0,14.799862,0,60.746844,33.732277,60.8042,50.01995,33.780111,50,27,0,0,0,0,0,0,0,0
4094,60.81819,0,1.913347,0,38.08753,25.062089,0.80065,2.851618,0,88.503502,0,14.797862,0,60.772645,33.677878,60.711668,49.994275,33.728705,50,27,0,0,0,0,0,0,0,0
4095,60.826537,0,1.900405,0,37.830182,25.068038,0.800997,2.858747,0,88.746948,0,14.905221,0,60.158713,33.932254,60.638124,49.973976,33.687846,50,27,0,0,0,0,0,0,0,0
4096,60.858269,0,1.907663,0,38.208714,25.048026,0.799775,2.850606,0,89.477955,0,14.905419,0,60.396973,33.816264,60.601752,49.964052,33.66764,50,27,0,0,0,0,0,0,0,0
4097,60.693672,0,1.889191,0,38.058936,25.068564,0.798956,2.837799,0,88.663658,0,14.812295,0,60.922422,33.821238,61.124894,50.108826,33.958274,50,27,0,0,0,0,0,0,0,0
4098,60.655235,0,1.892823,0,38.209629,25.038904,0.797018,2.854762,0,89.033789,0,14.829897,0,60.420922,33.697457,60.349641,49.894007,33.527578,50,27,0,0,0,0,0,0,0,0
4099,60.381149,0,1.898263,0,37.926752,24.997152,0.797836,2.849418,0,88.866909,0,14.884374,0,60.720667,33.630231,60.512036,49.93942,33.617798,50,27,0,0,0,0,0,0,0,0
4100,61.019178,0,1.897688,0,38.12855,24.93916,0.802571,2.852965,0,89.372136,0,14.86289,0,60.895515,33.688344,60.822506,50.025534,33.790281,50,27,0,0,0,0,0,0,0,0
4101,60.906963,0,1.900847,0,38.075582,25.071189,0.799215,2.841294,0,89.065214,0,14.880943,0,60.586271,33.974281,61.120972,50.107902,33.956096,50,27,0,0,0,0,0,0,0,0
4102,60.743836,0,1.903947,0,37.846591,25.017695,0.80447,2.834986,0,89.098082,0,14.815743,0,60.414326,34.07732,61.132957,50.110678,33.962754,50,27,0,0,0,0,0,0,0,0
4103,60.682838,0,1.893465,0,37.899329,24.868632,0.799584,2.853388,0,88.697523,0,14.905682,0,60.463369,33.970195,60.911118,50.048812,33.83951,50,27,0,0,0,0,0,0,0,0
4104,61.296747,0,1.898891,0,37.901043,25.14609,0.799827,2.850675,0,89.298877,0,14.938199,0,60.919942,33.72971,60.832434,50.026821,33.795797,50,27,0,0,0,0,0,0,0,0
4105,60.878571,0,1.896787,0,38.009104,25.03767,0.7992,2.836416,0,89.300576,0,14.911925,0,60.795773,33.677524,60.603655,49.963454,33.668697,50,27,0,0,0,0,0,0,0,0
4106,60.98245,0,1.91011,0,38.007271,25.030516,0.802194,2.85884,0,89.378774,0,14.841427,0,60.951419,33.839633,61.113256,50.104487,33.951809,50,27,0,0,0,0,0,0,0,0
4107,60.725603,0,1.903507,0,37.874957,24.976613,0.802336,2.857311,0,89.177022,0,14.798586,0,60.882761,33.602564,60.534415,49.943978,33.630231,50,27,0,0,0,0,0,0,0,0
4108,61.07861,0,1.902718,0,37.971773,25.032253,0.796294,2.846974,0,89.482481,0,14.910903,0,60.755532,33.829301,60.907233,50.047302,33.837352,50,27,0,0,0,0,0,0,0,0
4109,60.915809,0,1.895535,0,38.143538,24.999483,0.802548,2.862693,0,89.682054,0,14.789276,0,60.572597,33.885034,60.832378,50.026377,33.795765,50,27,0,0,0,0,0,0,0,0
4110,60.61923,0,1.902899,0,37.931769,25.020526,0.802865,2.840245,0,89.321159,0,14.870402,0,60.651832,33.76457,60.641271,49.973425,33.689595,50,27,0,0,0,0,0,0,0,0
4111,60.801637,0,1.901841,0,38.147035,24.981242,0.794743,2.835378,0,88.796294,0,14.888997,0,60.896499,33.569872,60.475909,49.927852,33.597727,50,27,0,0,0,0,0,0,0,0
4112,60.920948,0,1.897986,0,38.008969,25.049787,0.797889,2.850887,0,89.654418,0,14.906586,0,60.593924,33.886217,60.866912,50.036282,33.814951,50,27,0,0,0,0,0,0,0,0
4113,60.723391,0,1.905978,0,37.956024,25.016324,0.796467,2.844863,0,89.922334,0,14.839257,0,60.475674,33.958313,60.883676,50.040735,33.824264,50,27,0,0,0,0,0,0,0,0
4114,60.734146,0,1.896712,0,37.909072,25.07741,0.800435,2.834523,0,89.230737,0,14.903231,0,60.764752,33.636327,60.468065,49.925659,33.593369,50,27,0,0,0,0,0,0,0,0
4115,60.750135,0,1.909205,0,37.970359,24.927481,0.799512,2.852386,0,89.090202,0,14.97153,0,60.83073,33.648811,60.578919,49.956669,33.654955,50,27,0,0,0,0,0,0,0,0
4116,60.918211,0,1.900245,0,37.958653,24.877779,0.801201,2.85382,0,89.153698,0,14.901018,0,61.148961,33.673661,60.965307,50.063681,33.869615,50,27,0,0,0,0,0,0,0,0
4117,60.847593,0,1.898152,0,38.079118,25.073316,0.800393,2.852069,0,89.209673,0,14.860756,0,60.408377,33.889003,60.690438,49.987391,33.71691,50,27,0,0,0,0,0,0,0,0
4118,61.056619,0,1.894799,0,38.063586,25.192118,0.803426,2.846937,0,89.392932,0,14.820477,0,60.619602,33.857111,60.816762,50.022369,33.78709,50,27,0,0,0,0,0,0,0,0
4119,60.721623,0,1.904043,0,37.997827,25.025263,0.800541,2.857718,0,88.937355,0,14.861094,0,60.669654,33.79117,60.715398,49.994241,33.730777,50,27,0,0,0,0,0,0,0,0
4120,60.900879,0,1.908586,0,38.168549,24.891494,0.800565,2.854074,0,88.921969,0,14.777289,0,60.811287,33.727589,60.720055,49.995557,33.733364,50,27,0,0,0,0,0,0,0,0
4121,60.879713,0,1.903391,0,38.159175,24.94525,0.79866,2.862396,0,89.161044,0,14.82393,0,60.76371,33.803599,60.838513,50.028321,33.799174,50,27,0,0,0,0,0,0,0,0
4122,60.747092,0,1.901051,0,37.936231,24.962749,0.80016,2.851028,0,88.986375,0,14.853435,0,60.815425,33.700811,60.668734,49.981254,33.704852,50,27,0,0,0,0,0,0,0,0
4123,60.886188,0,1.900863,0,38.136795,24.951127,0.796047,2.852889,0,89.605341,0,14.847148,0,60.59865,33.993108,61.077693,50.094381,33.932052,50,27,0,0,0,0,0,0,0,0
4124,60.742067,0,1.904428,0,38.057842,24.870879,0.802945,2.833581,0,89.494591,0,14.96773,0,60.721715,33.791413,60.745366,50.002058,33.747426,50,27,0,0,0,0,0,0,0,0
4125,60.464969,0,1.900391,0,37.965722,24.918343,0.79758,2.844567,0,89.241641,0,14.833361,0,61.053457,33.55286,60.572433,49.95425,33.651352,50,27,0,0,0,0,0,0,0,0
4126,61.223029,0,1.902532,0,37.960208,25.120608,0.796561,2.847976,0,88.994416,0,14.861964,0,60.726124,33.646106,60.471853,49.926678,33.595474,50,27,0,0,0,0,0,0,0,0
4127,60.659636,0,1.890488,0,37.960594,25.001659,0.800154,2.84401,0,89.105942,0,14.809819,0,60.695548,33.967964,61.13609,50.110635,33.964495,50,27,0,0,0,0,0,0,0,0
4128,60.524081,0,1.888916,0,37.910292,24.950951,0.797996,2.863801,0,89.038358,0,14.776819,0,60.619041,33.93973,60.972492,50.064866,33.873607,50,27,0,0,0,0,0,0,0,0
4129,60.412208,0,1.906263,0,37.937672,24.970087,0.800262,2.847404,0,89.531035,0,14.839914,0,60.691335,33.728473,60.577075,49.955252,33.653931,50,27,0,0,0,0,0,0,0,0
4130,60.80298,0,1.906097,0,37.920999,24.886884,0.798634,2.837069,0,89.770048,0,14.840025,0,61.033137,33.614861,60.686367,49.985683,33.714649,50,27,0,0,0,0,0,0,0,0
4131,60.90487,0,1.902159,0,37.81454,25.016381,0.799289,2.850448,0,89.775663,0,14.875787,0,61.019664,33.757238,60.994895,50.07103,33.886053,50,27,0,0,0,0,0,0,0,0
4132,60.60039,0,1.898859,0,37.879171,24.863138,0.797971,2.858306,0,89.215019,0,14.821114,0,60.776642,33.609718,60.442245,49.917926,33.579025,50,27,0,0,0,0,0,0,0,0
4133,60.670134,0,1.904187,0,37.936249,25.028492,0.799996,2.857135,0,89.288577,0,14.788782,0,60.420967,33.924264,60.770966,50.009192,33.761648,50,27,0,0,0,0,0,0,0,0
4134,60.838541,0,1.891731,0,37.975947,25.071076,0.799036,2.861586,0,89.255204,0,14.838004,0,60.890797,33.65738,60.655963,49.977359,33.697757,50,27,0,0,0,0,0,0,0,0
4135,60.489715,0,1.897111,0,38.077437,25.02209,0.79829,2.850083,0,89.389104,0,14.916053,0,60.904053,33.798566,60.981711,50.067507,33.878728,50,27,0,0,0,0,0,0,0,0
4136,60.712646,0,1.889037,0,38.221004,24.972139,0.798011,2.852846,0,89.448856,0,14.875857,0,60.922793,33.747634,60.888162,50.041315,33.826757,50,27,0,0,0,0,0,0,0,0
4137,61.092218,0,1.888615,0,37.999139,25.026844,0.802736,2.852824,0,88.456641,0,14.842033,0,60.764521,33.67393,60.576585,49.954991,33.653658,50,27,0,0,0,0,0,0,0,0
4138,60.913117,0,1.896181,0,37.867937,25.048941,0.798371,2.846916,0,88.872214,0,14.860831,0,60.92676,33.694951,60.794912,50.01556,33.774951,50,27,0,0,0,0,0,0,0,0
4139,60.887507,0,1.908286,0,37.886027,24.989718,0.799617,2.844448,0,89.068081,0,14.909522,0,60.748077,33.73136,60.701268,49.989599,33.722927,50,27,0,0,0,0,0,0,0,0
4140,60.876364,0,1.90156,0,38.034061,24.878512,0.800453,2.841632,0,89.379534,0,14.84132,0,60.936394,33.810935,61.060365,50.088904,33.922425,50,27,0,0,0,0,0,0,0,0
4141,60.711455,0,1.901809,0,37.855129,24.935642,0.799334,2.861565,0,89.499696,0,14.902005,0,60.768882,33.890878,61.053733,50.086629,33.918741,50,27,0,0,0,0,0,0,0,0
4142,61.037672,0,1.906139,0,37.963773,25.103599,0.797205,2.849851,0,89.420778,0,14.778861,0,60.528316,33.788057,60.578477,49.954839,33.654709,50,27,0,0,0,0,0,0,0,0
4143,60.585705,0,1.903646,0,37.87516,25.011761,0.804319,2.865381,0,88.990641,0,14.916022,0,60.715794,33.813951,60.81744,50.021112,33.787467,50,27,0,0,0,0,0,0,0,0
4144,60.39802,0,1.90726,0,37.899349,24.988277,0.798615,2.843049,0,89.499982,0,14.894572,0,60.74288,33.988377,61.206103,50.128432,34.00339,50,27,0,0,0,0,0,0,0,0
4145,60.655848,0,1.898986,0,38.011189,24.927257,0.804151,2.854641,0,89.378203,0,14.873979,0,61.263574,33.517303,60.704174,49.989062,33.724541,50,27,0,0,0,0,0,0,0,0
4146,60.945717,0,1.899534,0,37.992822,24.957571,0.8072,2.842704,0,89.283077,0,14.921253,0,60.762091,33.696424,60.615488,49.964604,33.675271,50,27,0,0,0,0,0,0,0,0
4147,60.586399,0,1.898012,0,37.930435,25.041605,0.796188,2.846303,0,88.949102,0,14.847802,0,60.752387,33.889532,61.022283,50.077216,33.901268,50,27,0,0,0,0,0,0,0,0
4148,60.896644,0,1.906315,0,37.956672,25.016756,0.798387,2.84365,0,89.386191,0,14.803666,0,60.865361,33.763692,60.852945,50.030028,33.807192,50,27,0,0,0,0,0,0,0,0
4149,60.790366,0,1.903464,0,37.856753,24.864012,0.80285,2.850456,0,89.403238,0,14.819941,0,60.514832,33.855633,60.697129,49.986811,33.720627,50,27,0,0,0,0,0,0,0,0
4150,60.753157,0,1.894193,0,38.134089,25.05377,0.79846,2.838756,0,89.11117,0,14.859484,0,60.710034,33.731268,60.618606,49.965174,33.677003,50,27,0,0,0,0,0,0,0,0
4151,60.959548,0,1.89702,0,37.783857,24.975693,0.797115,2.854925,0,89.160517,0,14.857092,0,60.632559,33.926497,60.958656,50.059335,33.86592,50,27,0,0,0,0,0,0,0,0
4152,60.657662,0,1.906785,0,38.043855,24.950935,0.798953,2.85107,0,89.417882,0,14.752913,0,60.701785,33.929016,61.012815,50.074009,33.896008,50,27,0,0,0,0,0,0,0,0
4153,60.952421,0,1.897045,0,37.972277,25.04807,0.801057,2.846603,0,89.012003,0,14.928126,0,60.750407,33.59272,60.332623,49.885639,33.518124,50,27,0,0,0,0,0,0,0,0
4154,60.439665,0,1.896642,0,38.068283,25.010326,0.796585,2.835303,0,89.828161,0,14.896561,0,61.102412,33.530123,60.5787,49.954223,33.654833,50,27,0,0,0,0,0,0,0,0
4155,60.974527,0,1.911216,0,38.019064,25.043771,0.801095,2.858704,0,89.614294,0,14.860742,0,60.546463,33.858802,60.748789,50.001462,33.749327,50,27,0,0,0,0,0,0,0,0
4156,60.786617,0,1.899512,0,38.029328,25.099444,0.800552,2.849224,0,89.292559,0,14.904668,0,60.390106,33.970265,60.814904,50.019729,33.786058,50,27,0,0,0,0,0,0,0,0
4157,60.606685,0,1.904088,0,37.9767,25.06301,0.798216,2.848497,0,89.395967,0,14.820983,0,60.856964,33.779329,60.852457,50.03001,33.806921,50,27,0,0,0,0,0,0,0,0
4158,60.584186,0,1.901883,0,37.8751,24.819601,0.798432,2.864324,0,88.930582,0,14.878943,0,60.719615,33.795688,60.749896,50.001513,33.749942,50,27,0,0,0,0,0,0,0,0
4159,60.898648,0,1.906474,0,38.133272,24.873815,0.798718,2.86504,0,89.604364,0,14.870217,0,60.725055,33.828862,60.82342,50.021828,33.790789,50,27,0,0,0,0,0,0,0,0
4160,60.568609,0,1.891984,0,38.124278,24.95801,0.798948,2.858671,0,88.837,0,14.932308,0,60.921088,33.847588,61.052806,50.08512,33.918226,50,27,0,0,0,0,0,0,0,0
4161,61.041303,0,1.901467,0,37.881,25.056844,0.801607,2.836653,0,88.648753,0,14.85491,0,60.932672,33.619335,60.574687,49.952547,33.652604,50,27,0,0,0,0,0,0,0,0
4162,60.823564,0,1.890345,0,38.161155,24.983859,0.800453,2.844056,0,88.829879,0,14.843639,0,60.695667,33.765126,60.667584,49.978459,33.704213,50,27,0,0,0,0,0,0,0,0
4163,61.004697,0,1.895916,0,37.995839,24.990767,0.800973,2.833613,0,89.253086,0,14.830708,0,60.589268,33.907611,60.863493,50.032715,33.813052,50,27,0,0,0,0,0,0,0,0
4164,60.744571,0,1.904798,0,38.025263,25.013115,0.804576,2.868752,0,89.356298,0,14.896976,0,60.662261,33.908119,60.920419,50.048286,33.844677,50,27,0,0,0,0,0,0,0,0
4165,60.853015,0,1.892166,0,37.874965,24.962143,0.800462,2.859565,0,89.195734,0,14.856921,0,60.60098,33.905104,60.836644,50.024891,33.798136,50,27,0,0,0,0,0,0,0,0
4166,60.784439,0,1.903978,0,37.930359,24.927993,0.799879,2.837027,0,89.024325,0,14.803059,0,60.998135,33.753216,60.89868,50.041913,33.8326,50,27,0,0,0,0,0,0,0,0
4167,60.831334,0,1.89243,0,37.947534,25.057057,0.801968,2.847512,0,88.891955,0,14.824482,0,60.792565,33.725585,60.641043,49.970495,33.689468,50,27,0,0,0,0,0,0,0,0
4168,60.932328,0,1.898057,0,38.074555,24.895606,0.796833,2.84653,0,89.320053,0,14.854407,0,60.603978,33.9008,60.831519,50.023289,33.795288,50,27,0,0,0,0,0,0,0,0
4169,60.673446,0,1.903958,0,38.052652,25.014493,0.800841,2.857291,0,89.251556,0,14.809181,0,60.622369,33.867383,60.7652,50.004843,33.758444,50,27,0,0,0,0,0,0,0,0
4170,60.622737,0,1.907648,0,37.980085,24.988755,0.798718,2.852557,0,88.695168,0,14.801423,0,60.851579,33.938678,61.135871,50.10727,33.964373,50,27,0,0,0,0,0,0,0,0
4171,60.489188,0,1.900921,0,37.823666,25.012293,0.801147,2.843866,0,88.83963,0,14.833253,0,60.830153,33.594768,60.371242,49.895396,33.539579,50,27,0,0,0,0,0,0,0,0
4172,60.82808,0,1.900658,0,37.87527,25.067493,0.799306,2.840421,0,89.185918,0,14.76276,0,60.595109,33.872318,60.750337,50.000697,33.750187,50,27,0,0,0,0,0,0,0,0
4173,60.698384,0,1.901685,0,37.829575,25.036239,0.79924,2.852278,0,89.519478,0,14.853701,0,61.055822,33.699437,60.836678,50.024558,33.798154,50,27,0,0,0,0,0,0,0,0
4174,61.048434,0,1.898351,0,37.927653,25.025988,0.804663,2.86045,0,89.078575,0,14.901467,0,60.73522,33.758355,60.654051,49.973958,33.696695,50,27,0,0,0,0,0,0,0,0
4175,60.548421,0,1.903037,0,37.982556,25.007764,0.798504,2.842084,0,88.816993,0,14.841857,0,60.649186,33.838045,60.741188,49.998172,33.745104,50,27,0,0,0,0,0,0,0,0
4176,60.533507,0,1.904238,0,37.970041,24.987503,0.801485,2.859858,0,88.879598,0,14.856913,0,60.749697,33.897354,60.961054,50.058951,33.867252,50,27,0,0,0,0,0,0,0,0
4177,60.792533,0,1.89809,0,38.123783,24.95804,0.797798,2.846591,0,89.509656,0,14.867424,0,60.846438,33.758252,60.751166,50.000646,33.750648,50,27,0,0,0,0,0,0,0,0
4178,60.925064,0,1.904505,0,38.159961,24.8557,0.799723,2.852367,0,88.97266,0,14.906216,0,60.670984,33.836768,60.747286,49.99957,33.748492,50,27,0,0,0,0,0,0,0,0
4179,60.818299,0,1.899208,0,37.873443,24.974188,0.801231,2.85467,0,89.137847,0,14.969741,0,61.194318,33.60307,60.772895,50.006651,33.76272,50,27,0,0,0,0,0,0,0,0
4180,61.078717,0,1.900551,0,37.849243,24.88445,0.800461,2.848492,0,89.421573,0,14.927652,0,60.874576,33.620122,60.51546,49.935464,33.6197,50,27,0,0,0,0,0,0,0,0
4181,60.71976,0,1.891392,0,37.92385,25.044032,0.797742,2.856232,0,88.992942,0,14.87025,0,60.751955,33.882123,60.967943,50.060849,33.87108,50,27,0,0,0,0,0,0,0,0
4182,60.759759,0,1.90063,0,37.728583,24.826311,0.801103,2.858425,0,89.159413,0,14.836133,0,60.653749,33.879241,60.850159,50.027991,33.805644,50,27,0,0,0,0,0,0,0,0
4183,60.847074,0,1.899829,0,37.976185,24.945243,0.806542,2.856503,0,89.40889,0,14.853012,0,60.902845,33.655544,60.615118,49.962888,33.675066,50,27,0,0,0,0,0,0,0,0
4184,60.835316,0,1.899517,0,37.869669,25.079184,0.797597,2.852217,0,89.186631,0,14.917051,0,60.770694,33.668638,60.528569,49.939151,33.626983,50,27,0,0,0,0,0,0,0,0
4185,60.927024,0,1.901517,0,38.11595,25.152108,0.795862,2.851707,0,89.098067,0,14.877836,0,60.835191,33.697973,60.670078,49.978566,33.705599,50,27,0,0,0,0,0,0,0,0
4186,60.51889,0,1.915192,0,37.953866,24.944074,0.801871,2.858083,0,88.547441,0,14.748116,0,61.081448,33.719131,60.971284,50.061925,33.872936,50,27,0,0,0,0,0,0,0,0
4187,60.619829,0,1.901114,0,37.991467,25.152892,0.800705,2.843293,0,89.094235,0,14.826873,0,60.82125,33.749956,60.782995,50.009574,33.768331,50,27,0,0,0,0,0,0,0,0
4188,60.728607,0,1.899269,0,37.787512,24.9764,0.798304,2.845952,0,89.158418,0,14.889492,0,60.810447,33.712806,60.696219,49.985542,33.720122,50,27,0,0,0,0,0,0,0,0
4189,60.857198,0,1.911101,0,38.098043,25.070374,0.800604,2.831984,0,89.12708,0,14.90259,0,60.921314,33.567221,60.507131,49.933351,33.615073,50,27,0,0,0,0,0,0,0,0
4190,60.805084,0,1.896297,0,38.007933,24.973152,0.798886,2.852394,0,88.857543,0,14.787076,0,60.763003,33.864649,61.002094,50.070488,33.890052,50,27,0,0,0,0,0,0,0,0
4191,61.059209,0,1.89954,0,37.88555,25.014393,0.798023,2.854808,0,89.049,0,14.868536,0,60.311886,33.818337,60.438343,49.914319,33.576857,50,27,0,0,0,0,0,0,0,0
4192,60.642365,0,1.897792,0,37.956272,25.123148,0.797963,2.843094,0,88.880352,0,14.85767,0,60.314275,33.968809,60.750232,50.00095,33.750129,50,27,0,0,0,0,0,0,0,0
4193,61.172141,0,1.894724,0,38.04669,25.067354,0.799626,2.849772,0,89.128541,0,14.829025,0,60.899526,33.657475,60.651515,49.97366,33.695286,50,27,0,0,0,0,0,0,0,0
4194,60.555887,0,1.904289,0,38.179733,25.015299,0.799579,2.846743,0,89.611871,0,14.88139,0,60.863378,33.585985,60.480068,49.926404,33.600038,50,27,0,0,0,0,0,0,0,0
4195,60.688082,0,1.890712,0,38.101237,24.926826,0.799307,2.859941,0,88.808892,0,14.86429,0,60.569801,33.884842,60.840851,50.026489,33.800473,50,27,0,0,0,0,0,0,0,0
4196,60.808416,0,1.900611,0,38.00833,25.020952,0.795273,2.838421,0,89.181835,0,14.968363,0,60.738761,33.734832,60.676442,49.980915,33.709134,50,27,0,0,0,0,0,0,0,0
4197,60.641529,0,1.894603,0,38.016357,25.160293,0.801943,2.854971,0,89.095369,0,14.934504,0,61.122012,33.633277,60.84937,50.028807,33.805206,50,27,0,0,0,0,0,0,0,0
4198,60.999571,0,1.896757,0,37.993383,24.923521,0.799725,2.825319,0,88.661821,0,14.906421,0,60.634897,33.804628,60.740739,49.998639,33.744855,50,27,0,0,0,0,0,0,0,0
4199,60.515984,0,1.892714,0,38.050243,25.074238,0.797415,2.840875,0,89.175263,0,14.86926,0,60.866797,33.841042,61.042835,50.082143,33.912686,50,27,0,0,0,0,0,0,0,0
4200,60.468454,0,1.905791,0,38.098659,25.079371,0.799177,2.851843,0,88.694046,0,14.868217,0,60.664574,33.835914,60.818792,50.01981,33.788218,50,27,0,0,0,0,0,0,0,0
4201,60.894827,0,1.910147,0,37.922414,25.100174,0.797616,2.843614,0,88.833868,0,14.83125,0,60.564784,33.702294,60.42751,49.911563,33.570839,50,27,0,0,0,0,0,0,0,0
4202,60.589353,0,1.894341,0,37.993551,25.075818,0.804812,2.838598,0,89.153007,0,14.845794,0,60.970283,33.632416,60.694189,49.985712,33.718994,50,27,0,0,0,0,0,0,0,0
4203,60.738499,0,1.90181,0,38.122431,25.01947,0.799911,2.836134,0,89.078795,0,14.834248,0,60.907427,33.678056,60.744859,49.999788,33.747144,50,27,0,0,0,0,0,0,0,0
4204,60.482328,0,1.893308,0,38.119578,25.061189,0.796721,2.84207,0,89.145912,0,14.854354,0,60.557904,33.833093,60.73253,49.996381,33.740294,50,27,0,0,0,0,0,0,0,0
4205,60.650422,0,1.899847,0,37.985639,25.074423,0.798281,2.843045,0,89.258665,0,14.839744,0,60.784943,33.66662,60.5975,49.959078,33.665278,50,27,0,0,0,0,0,0,0,0
4206,60.60388,0,1.903909,0,38.14426,25.086485,0.803727,2.863606,0,89.505416,0,14.770724,0,60.955491,33.618913,60.67913,49.981844,33.710628,50,27,0,0,0,0,0,0,0,0
4207,60.707342,0,1.899463,0,37.973446,24.952782,0.804687,2.851157,0,89.330981,0,14.841536,0,60.943124,33.67903,60.810847,50.01834,33.783804,50,27,0,0,0,0,0,0,0,0
4208,61.175746,0,1.902681,0,38.080041,25.143222,0.796819,2.85542,0,89.025741,0,14.867691,0,60.431367,33.982336,60.947142,50.05592,33.859524,50,27,0,0,0,0,0,0,0,0
4209,60.695287,0,1.897359,0,38.147839,24.843298,0.803484,2.853609,0,89.016761,0,14.856347,0,60.86365,33.770639,60.900641,50.042789,33.83369,50,27,0,0,0,0,0,0,0,0
4210,60.732156,0,1.893451,0,37.817884,25.090226,0.797716,2.849419,0,88.81339,0,14.851584,0,60.756088,33.849086,60.956241,50.057944,33.864578,50,27,0,0,0,0,0,0,0,0
4211,60.804341,0,1.900444,0,38.197952,24.888047,0.802107,2.85819,0,89.197232,0,14.811642,0,61.035679,33.682152,60.871196,50.034149,33.817331,50,27,0,0,0,0,0,0,0,0
4212,60.355529,0,1.893341,0,38.108332,24.971123,0.798707,2.860438,0,89.03773,0,14.837837,0,60.983979,33.539505,60.528881,49.939365,33.627156,50,27,0,0,0,0,0,0,0,0
4213,60.828175,0,1.89383,0,37.916535,25.009206,0.800311,2.861961,0,88.94081,0,14.846116,0,60.509364,33.857873,60.754266,50.001962,33.75237,50,27,0,0,0,0,0,0,0,0
4214,60.498759,0,1.900284,0,38.011185,24.925337,0.801122,2.832522,0,89.086899,0,14.855458,0,60.855218,33.766011,60.891042,50.039757,33.828357,50,27,0,0,0,0,0,0,0,0
4215,60.541822,0,1.904571,0,38.053804,25.099648,0.801463,2.859826,0,88.97825,0,14.844365,0,60.520335,33.86089,60.754057,50.001697,33.752254,50,27,0,0,0,0,0,0,0,0
4216,60.343768,0,1.899158,0,38.058718,25.019892,0.802454,2.848077,0,89.17324,0,14.786672,0,60.621646,33.935109,60.997315,50.068924,33.887397,50,27,0,0,0,0,0,0,0,0
4217,60.730268,0,1.899067,0,38.049945,25.004118,0.796165,2.856382,0,89.500895,0,14.829094,0,60.936415,33.743467,60.88436,50.037361,33.824644,50,27,0,0,0,0,0,0,0,0
4218,60.477334,0,1.896657,0,38.033453,25.006156,0.802626,2.85804,0,89.449288,0,14.832488,0,61.195029,33.498936,60.630419,49.966987,33.683566,50,27,0,0,0,0,0,0,0,0
4219,60.61086,0,1.898529,0,38.09921,24.949508,0.79645,2.851553,0,89.203568,0,14.896631,0,60.736708,33.742239,60.720605,49.992078,33.73367,50,27,0,0,0,0,0,0,0,0
4220,60.59247,0,1.889306,0,37.771681,24.893768,0.801328,2.846334,0,89.217444,0,14.843686,0,60.787823,33.754425,60.798431,50.013628,33.776906,50,27,0,0,0,0,0,0,0,0
4221,60.825057,0,1.893944,0,38.012386,24.958514,0.798298,2.836119,0,89.264102,0,14.852778,0,60.96769,33.585743,60.621821,49.964746,33.678789,50,27,0,0,0,0,0,0,0,0
4222,60.572781,0,1.900056,0,38.032851,24.921042,0.799405,2.844783,0,89.252551,0,14.883472,0,60.733512,33.707891,60.666916,49.977385,33.703842,50,27,0,0,0,0,0,0,0,0
4223,60.859541,0,1.909029,0,38.155698,24.904548,0.799051,2.853885,0,88.574241,0,14.852977,0,60.618904,33.565366,60.25583,49.863876,33.475461,50,27,0,0,0,0,0,0,0,0
4224,60.679657,0,1.903367,0,37.913096,25.045244,0.799466,2.855877,0,89.207815,0,14.809598,0,60.484149,33.710684,60.450299,49.918303,33.583499,50,27,0,0,0,0,0,0,0,0
4225,60.647396,0,1.90522,0,38.063996,25.058007,0.802171,2.859405,0,88.365025,0,14.79642,0,60.614235,33.936083,61.057953,50.086663,33.921085,50,27,0,0,0,0,0,0,0,0
4226,60.709243,0,1.899487,0,38.152667,24.974953,0.802589,2.856649,0,89.385379,0,14.876444,0,60.823598,33.749016,60.844987,50.027369,33.80277,50,27,0,0,0,0,0,0,0,0
4227,60.585169,0,1.896124,0,37.811273,24.990155,0.800789,2.848169,0,89.170754,0,14.936897,0,60.695574,33.913855,61.063334,50.087583,33.924074,50,27,0,0,0,0,0,0,0,0
4228,60.537167,0,1.903952,0,38.134821,24.940648,0.797663,2.837484,0,89.261605,0,14.866122,0,60.981639,33.618136,60.702633,49.987451,33.723685,50,27,0,0,0,0,0,0,0,0
4229,60.683028,0,1.894812,0,38.063102,24.975088,0.802017,2.849513,0,88.742099,0,14.825123,0,60.889888,33.635391,60.664717,49.977033,33.702621,50,27,0,0,0,0,0,0,0,0
4230,60.823401,0,1.902712,0,38.222903,25.000559,0.797678,2.847185,0,89.123898,0,14.819132,0,60.506227,33.879955,60.811006,50.017581,33.783892,50,27,0,0,0,0,0,0,0,0
4231,60.851167,0,1.884457,0,38.056316,24.952257,0.797807,2.847478,0,89.133038,0,14.90876,0,61.101285,33.447404,60.474603,49.924513,33.597002,50,27,0,0,0,0,0,0,0,0
4232,60.842485,0,1.907249,0,38.143833,25.012746,0.793489,2.856963,0,88.894947,0,14.882253,0,60.494543,33.796058,60.642471,49.971287,33.690262,50,27,0,0,0,0,0,0,0,0
4233,60.877432,0,1.908282,0,37.988401,25.046244,0.80054,2.843764,0,88.671079,0,14.919314,0,60.711186,33.703967,60.655612,49.975062,33.697562,50,27,0,0,0,0,0,0,0,0
4234,60.670152,0,1.908837,0,37.744096,25.072425,0.797856,2.855927,0,89.146988,0,14.723739,0,60.482465,33.978275,61.008984,50.072856,33.89388,50,27,0,0,0,0,0,0,0,0
4235,60.745146,0,1.890237,0,38.047718,25.037573,0.800551,2.861648,0,88.813301,0,14.834155,0,60.628704,33.633308,60.394651,49.902695,33.552584,50,27,0,0,0,0,0,0,0,0
4236,60.678614,0,1.899625,0,37.999846,25.082703,0.801822,2.848279,0,89.07597,0,14.906673,0,60.660338,33.692771,60.566342,49.950634,33.647968,50,27,0,0,0,0,0,0,0,0
4237,60.908342,0,1.900571,0,38.041801,24.970297,0.802427,2.842928,0,89.603081,0,14.836117,0,60.816853,33.596573,60.525814,49.939678,33.625452,50,27,0,0,0,0,0,0,0,0
4238,60.736113,0,1.898617,0,37.959717,25.017004,0.800059,2.857944,0,89.482675,0,14.855242,0,60.88688,33.546444,60.50829,49.935134,33.615717,50,27,0,0,0,0,0,0,0,0
4239,60.838667,0,1.893478,0,38.198158,24.984859,0.803332,2.848083,0,88.970064,0,14.887452,0,60.244649,33.964594,60.771756,50.008278,33.762087,50,27,0,0,0,0,0,0,0,0
4240,60.943255,0,1.890909,0,37.725261,24.900158,0.799693,2.83735,0,88.936802,0,14.793163,0,60.831178,33.73044,60.831423,50.024728,33.795235,50,27,0,0,0,0,0,0,0,0
4241,60.762889,0,1.905341,0,38.074729,24.942156,0.798758,2.841454,0,89.263647,0,14.963621,0,60.875607,33.580645,60.559864,49.949547,33.644369,50,27,0,0,0,0,0,0,0,0
4242,60.517171,0,1.899712,0,38.121543,24.875322,0.801668,2.840087,0,89.12844,0,14.825629,0,60.459723,33.912414,60.863537,50.033733,33.813076,50,27,0,0,0,0,0,0,0,0
4243,60.653455,0,1.893488,0,37.882198,25.059156,0.802606,2.838493,0,89.070108,0,14.760466,0,60.358711,33.901489,60.714242,49.9923,33.730135,50,27,0,0,0,0,0,0,0,0
4244,60.731911,0,1.899284,0,38.113538,25.133711,0.801531,2.836092,0,89.369125,0,14.827351,0,60.566775,33.823778,60.736165,49.998398,33.742314,50,27,0,0,0,0,0,0,0,0
4245,60.300552,0,1.912652,0,38.051476,25.066117,0.800486,2.855366,0,89.033583,0,14.929597,0,61.129411,33.610864,60.839098,50.026856,33.799499,50,27,0,0,0,0,0,0,0,0
4246,61.029835,0,1.895397,0,37.818732,25.080602,0.803366,2.837034,0,89.454159,0,14.905067,0,60.597997,33.935488,61.010584,50.07412,33.894769,50,27,0,0,0,0,0,0,0,0
4247,60.679307,0,1.909298,0,37.935124,25.024357,0.798945,2.860522,0,89.1028,0,14.846546,0,60.676351,33.745513,60.66242,49.977521,33.701345,50,27,0,0,0,0,0,0,0,0
4248,60.615357,0,1.907007,0,38.135795,25.107322,0.801884,2.84784,0,88.930785,0,14.779623,0,60.824199,33.736693,60.792535,50.013596,33.773631,50,27,0,0,0,0,0,0,0,0
4249,60.787884,0,1.901476,0,37.877546,25.137305,0.799295,2.848947,0,89.166281,0,14.840297,0,60.940024,33.599129,60.620164,49.965885,33.677869,50,27,0,0,0,0,0,0,0,0
4250,60.790979,0,1.890803,0,37.961252,25.048489,0.801212,2.848236,0,89.194959,0,14.892025,0,60.377715,33.997139,60.917399,50.04821,33.842999,50,27,0,0,0,0,0,0,0,0
4251,60.805968,0,1.90554,0,37.831448,25.091777,0.802377,2.855139,0,89.048546,0,14.826333,0,60.77645,33.784769,60.834436,50.025039,33.796909,50,27,0,0,0,0,0,0,0,0
4252,61.204282,0,1.906191,0,37.899896,25.046734,0.796204,2.866509,0,89.300642,0,14.865397,0,61.08025,33.626763,60.801318,50.015761,33.77851,50,27,0,0,0,0,0,0,0,0
4253,60.849456,0,1.896316,0,37.941408,24.962188,0.800811,2.84981,0,89.29138,0,14.918815,0,60.608018,33.772355,60.653627,49.974861,33.696459,50,27,0,0,0,0,0,0,0,0
4254,60.937212,0,1.905183,0,37.977263,24.934943,0.798557,2.846794,0,89.492731,0,14.885483,0,60.913122,33.56305,60.514378,49.936499,33.619099,50,27,0,0,0,0,0,0,0,0
4255,60.885461,0,1.900585,0,38.00976,24.819148,0.801756,2.85793,0,89.094949,0,14.788589,0,60.895992,33.524752,60.441385,49.916639,33.578547,50,27,0,0,0,0,0,0,0,0
4256,60.986203,0,1.903721,0,38.066728,25.068504,0.800713,2.862427,0,89.204942,0,14.832334,0,60.429226,33.92464,60.846546,50.029039,33.803636,50,27,0,0,0,0,0,0,0,0
4257,60.919203,0,1.903296,0,37.89633,25.118569,0.802298,2.858886,0,88.990271,0,14.823762,0,60.820574,33.676993,60.68943,49.985468,33.71635,50,27,0,0,0,0,0,0,0,0
4258,60.473352,0,1.904077,0,37.878405,24.963887,0.79911,2.848424,0,89.246052,0,14.861044,0,60.470954,33.855652,60.724867,49.995335,33.736037,50,27,0,0,0,0,0,0,0,0
4259,60.828595,0,1.907895,0,38.204242,24.786294,0.803007,2.854737,0,88.815209,0,14.920712,0,60.856627,33.727263,60.823851,50.022717,33.791028,50,27,0,0,0,0,0,0,0,0
4260,60.682506,0,1.891087,0,38.06822,25.117346,0.798165,2.839574,0,89.637826,0,14.890512,0,60.880953,33.622265,60.628743,49.968677,33.682635,50,27,0,0,0,0,0,0,0,0
4261,60.61824,0,1.897979,0,38.038277,25.056761,0.800523,2.840969,0,89.586967,0,14.934254,0,61.023355,33.590663,60.720248,49.994125,33.733471,50,27,0,0,0,0,0,0,0,0
4262,60.345299,0,1.896564,0,37.815391,25.047074,0.799879,2.856835,0,88.293237,0,14.873408,0,60.893465,33.519196,60.458552,49.921822,33.588084,50,27,0,0,0,0,0,0,0,0
4263,60.605329,0,1.911397,0,38.11707,25.135446,0.798793,2.850596,0,89.282607,0,14.781271,0,60.590395,33.694496,60.552437,49.948161,33.640243,50,27,0,0,0,0,0,0,0,0
4264,61.020711,0,1.906675,0,38.057579,24.897679,0.798273,2.860738,0,88.747517,0,14.849307,0,60.675739,33.783365,60.827613,50.024476,33.793118,50,27,0,0,0,0,0,0,0,0
4265,60.952945,0,1.9004,0,38.157605,24.919818,0.798379,2.855415,0,89.125075,0,14.811598,0,60.792619,33.542918,60.427808,49.91385,33.571004,50,27,0,0,0,0,0,0,0,0
4266,60.82881,0,1.900807,0,38.038474,25.120006,0.79688,2.867975,0,88.824941,0,14.837349,0,60.36988,33.99887,60.989642,50.069567,33.883134,50,27,0,0,0,0,0,0,0,0
4267,60.709542,0,1.902902,0,37.750405,24.921571,0.799212,2.844755,0,88.952584,0,14.778797,0,60.588395,33.88247,60.92389,50.051047,33.846606,50,27,0,0,0,0,0,0,0,0
4268,60.561859,0,1.89878,0,38.024928,24.94684,0.803202,2.843542,0,89.169052,0,14.868888,0,60.993589,33.656982,60.832478,50.025528,33.795821,50,27,0,0,0,0,0,0,0,0
4269,60.698686,0,1.897977,0,38.114596,24.946826,0.800043,2.846699,0,88.861987,0,14.894372,0,60.915561,33.738095,60.935618,50.053908,33.853121,50,27,0,0,0,0,0,0,0,0
4270,60.510519,0,1.902654,0,37.851662,25.024826,0.803059,2.842307,0,89.318486,0,14.821275,0,60.929702,33.630008,60.720508,49.994184,33.733615,50,27,0,0,0,0,0,0,0,0
4271,60.731532,0,1.903183,0,37.947969,24.941545,0.802902,2.84218,0,89.418327,0,14.878249,0,60.907601,33.637988,60.728315,49.996371,33.737953,50,27,0,0,0,0,0,0,0,0
4272,60.748052,0,1.899324,0,37.909446,24.932202,0.802666,2.851417,0,89.36841,0,14.927412,0,60.777754,33.750925,60.847899,50.029442,33.804388,50,27,0,0,0,0,0,0,0,0
4273,60.798156,0,1.903524,0,37.958532,24.803989,0.800851,2.857136,0,89.175599,0,14.784444,0,60.141516,33.869864,60.458164,49.921574,33.587869,50,27,0,0,0,0,0,0,0,0
4274,60.642136,0,1.896831,0,37.809541,25.002377,0.79858,2.854618,0,88.939035,0,14.817188,0,61.066513,33.53103,60.648642,49.974612,33.69369,50,27,0,0,0,0,0,0,0,0
4275,60.793119,0,1.898845,0,38.080872,25.077131,0.802411,2.858227,0,88.761232,0,14.884231,0,60.761006,33.675123,60.6732,49.981526,33.707334,50,27,0,0,0,0,0,0,0,0
4276,60.833927,0,1.901579,0,37.814572,24.997721,0.798969,2.865394,0,89.331356,0,14.809047,0,60.920998,33.730787,60.956096,50.059809,33.864498,50,27,0,0,0,0,0,0,0,0
4277,60.609048,0,1.890366,0,37.983028,24.945732,0.804928,2.842417,0,89.422624,0,14.933532,0,60.72457,33.732088,60.760217,50.005371,33.755676,50,27,0,0,0,0,0,0,0,0
4278,60.507876,0,1.902995,0,38.042505,24.971425,0.801588,2.842367,0,89.283721,0,14.877775,0,60.717314,33.78124,60.854414,50.03138,33.808008,50,27,0,0,0,0,0,0,0,0
4279,60.750176,0,1.898281,0,37.927585,25.019011,0.800865,2.848582,0,89.377779,0,14.793365,0,60.507288,33.935673,60.961577,50.060843,33.867543,50,27,0,0,0,0,0,0,0,0
4280,60.906617,0,1.910857,0,37.989214,24.923723,0.801594,2.8458,0,89.161594,0,14.865868,0,60.605735,33.690412,60.514283,49.93691,33.619046,50,27,0,0,0,0,0,0,0,0
4281,60.690548,0,1.89467,0,38.075046,24.937288,0.798264,2.85388,0,89.369701,0,14.852589,0,60.721788,33.790523,60.847222,50.029247,33.804012,50,27,0,0,0,0,0,0,0,0
4282,60.765362,0,1.906013,0,37.94396,24.942896,0.80047,2.842116,0,89.075545,0,14.857095,0,60.625564,33.688944,60.528891,49.941116,33.627162,50,27,0,0,0,0,0,0,0,0
4283,60.93368,0,1.892572,0,38.087272,25.065058,0.798011,2.84632,0,88.737431,0,14.847645,0,60.738006,33.758997,60.795144,50.015,33.77508,50,27,0,0,0,0,0,0,0,0
4284,61.02864,0,1.904647,0,38.001704,25.054222,0.797645,2.840231,0,88.799353,0,14.787767,0,60.307365,33.994101,60.856853,50.031982,33.809363,50,27,0,0,0,0,0,0,0,0
4285,60.546399,0,1.900689,0,37.917883,24.88433,0.798007,2.855484,0,89.336959,0,14.926888,0,60.943935,33.684664,60.806361,50.017867,33.781312,50,27,0,0,0,0,0,0,0,0
4286,61.048026,0,1.896614,0,38.177685,24.874148,0.800026,2.854604,0,89.222276,0,14.848876,0,61.040728,33.553659,60.635415,49.970529,33.686342,50,27,0,0,0,0,0,0,0,0
4287,60.938942,0,1.903467,0,37.953584,24.930774,0.79358,2.856126,0,88.724081,0,14.906284,0,60.702921,33.629105,60.482084,49.928296,33.601158,50,27,0,0,0,0,0,0,0,0
4288,60.868195,0,1.892782,0,38.067741,24.991116,0.799831,2.849417,0,89.077542,0,14.762672,0,60.946255,33.651393,60.786234,50.012718,33.77013,50,27,0,0,0,0,0,0,0,0
4289,60.615106,0,1.901401,0,38.106991,24.996299,0.797395,2.864242,0,89.501443,0,14.789726,0,60.885714,33.614312,60.657476,49.977067,33.698598,50,27,0,0,0,0,0,0,0,0
4290,60.78485,0,1.900885,0,37.905623,24.928647,0.795804,2.836635,0,89.01496,0,14.819922,0,60.70275,33.64534,60.554227,49.948644,33.641237,50,27,0,0,0,0,0,0,0,0
4291,60.852663,0,1.895013,0,37.769659,25.15647,0.802789,2.844803,0,89.254464,0,14.842449,0,60.597505,33.73919,60.65623,49.977092,33.697906,50,27,0,0,0,0,0,0,0,0
4292,60.814408,0,1.907125,0,37.959437,25.019915,0.797915,2.85491,0,88.895853,0,14.802312,0,60.763686,33.753994,60.849968,50.030755,33.805538,50,27,0,0,0,0,0,0,0,0
4293,60.805282,0,1.906857,0,38.128764,24.990452,0.803224,2.847058,0,89.529249,0,14.879575,0,60.484273,33.794095,60.649749,49.975262,33.694305,50,27,0,0,0,0,0,0,0,0
4294,60.920421,0,1.894711,0,37.797148,24.913992,0.802801,2.851652,0,88.80394,0,14.859999,0,60.266193,33.82537,60.487298,49.930484,33.604054,50,27,0,0,0,0,0,0,0,0
4295,60.203247,0,1.909354,0,37.848143,25.048233,0.802109,2.848641,0,88.815006,0,14.827907,0,60.440143,33.892191,60.78838,50.014048,33.771322,50,27,0,0,0,0,0,0,0,0
4296,60.850844,0,1.899316,0,38.020368,24.924177,0.798086,2.85044,0,88.899677,0,14.88834,0,60.727636,33.745055,60.743742,50.00164,33.746523,50,27,0,0,0,0,0,0,0,0
4297,60.858522,0,1.900629,0,38.034756,24.930297,0.801476,2.846027,0,88.404387,0,14.834866,0,60.387819,33.804423,60.528149,49.942043,33.62675,50,27,0,0,0,0,0,0,0,0
4298,60.581768,0,1.901524,0,38.023041,25.041146,0.799939,2.847607,0,88.954109,0,14.936001,0,60.693307,33.763505,60.738554,50.000486,33.743641,50,27,0,0,0,0,0,0,0,0
4299,60.686358,0,1.889205,0,37.905023,24.907863,0.803481,2.858841,0,89.173432,0,14.815849,0,60.691262,33.71669,60.63493,49.971843,33.686072,50,27,0,0,0,0,0,0,0,0
4300,61.014253,0,1.897793,0,37.983047,24.884121,0.799699,2.843273,0,89.005506,0,14.842034,0,60.547904,33.787655,60.644785,49.974707,33.691547,50,27,0,0,0,0,0,0,0,0
4301,60.736884,0,1.897696,0,38.031084,25.014344,0.798859,2.849099,0,89.739029,0,14.875982,0,60.740178,33.604357,60.44436,49.919436,33.5802,50,27,0,0,0,0,0,0,0,0
4302,60.821048,0,1.901471,0,37.999347,25.052391,0.800404,2.839664,0,89.057778,0,14.993849,0,60.67648,33.659362,60.515178,49.93941,33.619543,50,27,0,0,0,0,0,0,0,0
4303,60.700619,0,1.893483,0,37.812347,24.923373,0.798631,2.858634,0,89.008916,0,14.838546,0,60.898279,33.667204,60.7636,50.008375,33.757556,50,27,0,0,0,0,0,0,0,0
4304,60.546319,0,1.901707,0,37.922686,25.035999,0.801114,2.852945,0,89.077858,0,14.827372,0,60.958271,33.721256,60.946025,50.058755,33.858903,50,27,0,0,0,0,0,0,0,0
4305,60.810674,0,1.888727,0,37.93904,25.082647,0.794877,2.853248,0,89.311703,0,14.842583,0,60.321401,33.992159,60.881357,50.040588,33.822976,50,27,0,0,0,0,0,0,0,0
4306,60.514761,0,1.897099,0,38.095222,25.007104,0.798525,2.85238,0,89.512787,0,14.855576,0,61.115632,33.47481,60.549308,49.948609,33.638504,50,27,0,0,0,0,0,0,0,0
4307,60.658453,0,1.892073,0,37.941043,25.053527,0.799443,2.834315,0,88.755636,0,14.795319,0,60.987342,33.693454,60.917614,50.050663,33.843119,50,27,0,0,0,0,0,0,0,0
4308,60.703639,0,1.896091,0,38.036786,25.091044,0.800868,2.838902,0,88.839862,0,14.89862,0,60.846185,33.77073,60.943819,50.057654,33.857677,50,27,0,0,0,0,0,0,0,0
4309,60.678658,0,1.904138,0,37.845091,25.014861,0.798266,2.855001,0,88.93638,0,14.78652,0,60.669508,33.661534,60.530705,49.943184,33.628169,50,27,0,0,0,0,0,0,0,0
4310,60.679668,0,1.897086,0,38.087559,24.987135,0.79933,2.849937,0,89.313018,0,14.798739,0,60.855842,33.645101,60.691051,49.987786,33.717251,50,27,0,0,0,0,0,0,0,0
4311,60.499847,0,1.892278,0,37.794679,24.892087,0.802021,2.8651,0,88.961311,0,14.872232,0,60.627692,33.87732,60.963036,50.063022,33.868353,50,27,0,0,0,0,0,0,0,0
4312,60.812453,0,1.895809,0,37.865038,24.919432,0.8021,2.856599,0,89.086988,0,14.935224,0,60.756366,33.750532,60.803308,50.018561,33.779615,50,27,0,0,0,0,0,0,0,0
4313,60.829866,0,1.902825,0,38.030259,24.981366,0.802884,2.841448,0,89.010756,0,14.717722,0,60.795063,33.706273,60.745712,50.002549,33.747618,50,27,0,0,0,0,0,0,0,0
4314,60.794878,0,1.898622,0,37.908381,25.030265,0.796885,2.850601,0,89.343108,0,14.80344,0,60.647727,33.716101,60.622193,49.968396,33.678996,50,27,0,0,0,0,0,0,0,0
4315,60.863051,0,1.913549,0,38.150325,24.976632,0.798788,2.850026,0,89.355037,0,14.865914,0,60.739524,33.817571,60.929623,50.053526,33.849791,50,27,0,0,0,0,0,0,0,0
4316,60.924025,0,1.896074,0,37.971964,25.026529,0.802711,2.863121,0,89.245452,0,14.89077,0,60.476643,34.066663,61.180291,50.122543,33.989051,50,27,0,0,0,0,0,0,0,0
4317,60.610039,0,1.905331,0,38.211648,24.991334,0.80178,2.848955,0,89.065626,0,14.823275,0,60.973129,33.54142,60.524864,49.940776,33.624924,50,27,0,0,0,0,0,0,0,0
4318,60.631392,0,1.892494,0,37.878786,25.106439,0.799544,2.841509,0,89.225492,0,14.946815,0,61.148419,33.402022,60.434127,49.915991,33.574515,50,27,0,0,0,0,0,0,0,0
4319,60.682663,0,1.884185,0,37.988565,25.049313,0.802288,2.861108,0,88.470983,0,14.875343,0,60.705371,33.802558,60.880602,50.039813,33.822557,50,27,0,0,0,0,0,0,0,0
4320,60.640777,0,1.904409,0,38.097265,25.040381,0.801614,2.849075,0,88.832315,0,14.894055,0,60.504565,33.701798,60.456305,49.922341,33.586836,50,27,0,0,0,0,0,0,0,0
4321,60.240815,0,1.910376,0,38.165848,24.9373,0.802842,2.845962,0,89.025841,0,14.852251,0,60.575168,33.913036,60.975503,50.066232,33.87528,50,27,0,0,0,0,0,0,0,0
4322,60.896822,0,1.902353,0,38.208167,25.069416,0.800301,2.850871,0,89.128769,0,14.910491,0,60.728033,33.774227,60.810548,50.020309,33.783638,50,27,0,0,0,0,0,0,0,0
4323,60.626962,0,1.910814,0,38.105707,24.948203,0.800417,2.842458,0,89.309549,0,14.846144,0,60.620192,33.823297,60.801056,50.017585,33.778365,50,27,0,0,0,0,0,0,0,0
4324,60.519652,0,1.896836,0,38.086376,24.898086,0.799095,2.853761,0,89.464784,0,14.846069,0,60.608704,33.857037,60.849435,50.030869,33.805241,50,27,0,0,0,0,0,0,0,0
4325,60.549938,0,1.90436,0,38.07251,24.969456,0.80162,2.847721,0,88.975812,0,14.889183,0,60.814946,33.694741,60.698289,49.98894,33.721272,50,27,0,0,0,0,0,0,0,0
4326,60.554213,0,1.904193,0,37.923005,25.0919,0.800288,2.849567,0,88.711806,0,14.794534,0,60.816233,33.707507,60.733794,49.998808,33.740997,50,27,0,0,0,0,0,0,0,0
4327,60.728476,0,1.902939,0,38.011192,25.011224,0.799398,2.844559,0,88.543623,0,14.932346,0,60.851129,33.69233,60.741829,50.001035,33.745461,50,27,0,0,0,0,0,0,0,0
4328,60.80033,0,1.906014,0,37.999035,25.042023,0.801227,2.854579,0,89.179064,0,14.904633,0,60.861384,33.674161,60.720588,49.995159,33.73366,50,27,0,0,0,0,0,0,0,0
4329,60.618773,0,1.895091,0,38.050682,25.064308,0.804741,2.836549,0,89.101389,0,14.880975,0,60.793869,33.650401,60.611756,49.965102,33.673198,50,27,0,0,0,0,0,0,0,0
4330,60.645664,0,1.903579,0,37.910749,25.013743,0.797774,2.85107,0,89.159357,0,14.797029,0,60.710291,33.831446,60.921452,50.050874,33.845251,50,27,0,0,0,0,0,0,0,0
4331,60.600905,0,1.904264,0,37.877646,24.859097,0.801347,2.850942,0,89.365704,0,14.838972,0,60.693079,33.833047,60.894418,50.043149,33.830232,50,27,0,0,0,0,0,0,0,0
4332,61.159654,0,1.898764,0,37.956387,24.900329,0.800396,2.849596,0,88.975792,0,14.86213,0,60.83214,33.727286,60.797808,50.016232,33.77656,50,27,0,0,0,0,0,0,0,0
4333,60.767793,0,1.905129,0,37.831025,25.037266,0.801065,2.863313,0,88.569105,0,14.874448,0,60.827302,33.613939,60.556022,49.949322,33.642234,50,27,0,0,0,0,0,0,0,0
4334,60.743063,0,1.902937,0,37.987999,24.97671,0.798867,2.860837,0,89.412538,0,14.90645,0,60.915228,33.608165,60.648724,49.975197,33.693736,50,27,0,0,0,0,0,0,0,0
4335,60.987846,0,1.890723,0,37.949495,25.12053,0.797469,2.853799,0,89.147467,0,14.862886,0,60.705025,33.655109,60.554201,49.949195,33.641223,50,27,0,0,0,0,0,0,0,0
4336,60.558328,0,1.894042,0,37.934264,25.037805,0.794741,2.833254,0,88.967546,0,14.834194,0,61.075532,33.55428,60.721448,49.995674,33.734138,50,27,0,0,0,0,0,0,0,0
4337,60.401619,0,1.893038,0,37.872912,24.978166,0.800994,2.857264,0,88.960965,0,14.767497,0,60.684045,33.730663,60.72415,49.996442,33.735639,50,27,0,0,0,0,0,0,0,0
4338,60.549233,0,1.889838,0,38.071045,25.050619,0.803258,2.847114,0,89.384944,0,14.850013,0,60.706706,33.899614,61.100684,50.100532,33.944825,50,27,0,0,0,0,0,0,0,0
4339,60.7706,0,1.904206,0,38.15459,25.061346,0.800906,2.843297,0,89.193769,0,14.761149,0,60.593881,33.710936,60.565244,49.952039,33.647358,50,27,0,0,0,0,0,0,0,0
4340,60.636189,0,1.903301,0,38.063231,25.038506,0.798711,2.833705,0,89.45074,0,14.778891,0,60.6969,33.648268,60.537863,49.944709,33.632146,50,27,0,0,0,0,0,0,0,0
4341,60.623402,0,1.899468,0,38.018936,25.01578,0.80109,2.840826,0,89.428814,0,14.84458,0,60.403512,33.872388,60.727166,49.997307,33.737315,50,27,0,0,0,0,0,0,0,0
4342,60.979537,0,1.899817,0,38.161011,24.985872,0.797482,2.836586,0,89.597665,0,14.803692,0,60.524787,33.861469,60.805181,50.018883,33.780656,50,27,0,0,0,0,0,0,0,0
4343,61.12878,0,1.896835,0,37.970401,25.046557,0.801804,2.851363,0,89.270744,0,14.842757,0,60.837607,33.729872,60.82289,50.023684,33.790494,50,27,0,0,0,0,0,0,0,0
4344,60.806624,0,1.898337,0,37.873743,24.929604,0.797589,2.854137,0,89.016439,0,14.945906,0,60.721486,33.729314,60.70651,49.991399,33.725839,50,27,0,0,0,0,0,0,0,0
4345,60.892117,0,1.90083,0,38.2159,25.057308,0.798553,2.84257,0,88.967488,0,14.891424,0,60.848131,33.767042,60.913674,50.048701,33.84093,50,27,0,0,0,0,0,0,0,0
4346,61.069342,0,1.911011,0,38.178712,25.049734,0.796051,2.859194,0,89.067765,0,14.77933,0,60.840276,33.535479,60.41327,49.910149,33.562928,50,27,0,0,0,0,0,0,0,0
4347,60.612517,0,1.894945,0,38.004485,25.020736,0.799969,2.844495,0,89.539725,0,14.85106,0,60.802542,33.638409,60.619342,49.967554,33.677412,50,27,0,0,0,0,0,0,0,0
4348,60.489008,0,1.895391,0,37.92692,25.053236,0.800579,2.85444,0,89.003708,0,14.864637,0,60.799388,33.709575,60.777754,50.0115,33.765419,50,27,0,0,0,0,0,0,0,0
4349,60.928968,0,1.898788,0,37.978971,25.040972,0.801391,2.848174,0,89.352905,0,14.823721,0,61.07875,33.584767,60.795201,50.016265,33.775112,50,27,0,0,0,0,0,0,0,0
4350,60.596966,0,1.895998,0,38.006027,25.003571,0.800639,2.872678,0,89.140957,0,14.774527,0,60.693993,33.727392,60.729014,49.99789,33.738341,50,27,0,0,0,0,0,0,0,0
4351,60.678071,0,1.910396,0,37.926304,24.986792,0.8072,2.850217,0,89.29744,0,14.815807,0,60.517149,33.85098,60.810676,50.020472,33.783709,50,27,0,0,0,0,0,0,0,0
4352,60.807258,0,1.903092,0,38.027462,24.884324,0.798601,2.862967,0,88.921471,0,14.818675,0,60.607903,33.81374,60.80453,50.018671,33.780295,50,27,0,0,0,0,0,0,0,0
4353,60.672003,0,1.897413,0,37.795914,24.940013,0.80403,2.837645,0,89.376731,0,14.858802,0,60.846921,33.553113,60.4815,49.929294,33.600833,50,27,0,0,0,0,0,0,0,0
4354,60.321965,0,1.902653,0,37.975646,25.049361,0.803765,2.845034,0,88.7696,0,14.875368,0,60.85234,33.786742,61.002568,50.073667,33.890315,50,27,0,0,0,0,0,0,0,0
4355,60.823294,0,1.903309,0,38.001602,24.857106,0.798855,2.849791,0,88.5814,0,14.795326,0,60.667989,33.857466,60.958013,50.060985,33.865563,50,27,0,0,0,0,0,0,0,0
4356,60.990036,0,1.905411,0,37.961532,25.006728,0.799181,2.849049,0,89.072776,0,14.858233,0,60.523509,33.845181,60.769491,50.008575,33.760828,50,27,0,0,0,0,0,0,0,0
4357,60.767567,0,1.897315,0,38.008071,24.971481,0.800295,2.853554,0,89.034017,0,14.902111,0,60.720927,33.777751,60.809301,50.019536,33.782945,50,27,0,0,0,0,0,0,0,0
4358,60.800118,0,1.899302,0,37.949941,24.96821,0.799099,2.853632,0,89.247936,0,14.859267,0,60.75123,33.751741,60.779215,50.011123,33.76623,50,27,0,0,0,0,0,0,0,0
4359,60.823159,0,1.897393,0,38.08551,24.993582,0.799296,2.849929,0,89.17797,0,14.837701,0,60.934703,33.571824,60.581428,49.9564,33.656349,50,27,0,0,0,0,0,0,0,0
4360,60.758276,0,1.906472,0,37.766197,24.968922,0.802891,2.853144,0,89.393897,0,14.828192,0,60.452985,33.787672,60.577093,49.955419,33.653941,50,27,0,0,0,0,0,0,0,0
4361,60.73318,0,1.889336,0,37.903459,25.022406,0.800526,2.84868,0,89.320961,0,14.794317,0,60.60293,33.747229,60.633973,49.971362,33.685541,50,27,0,0,0,0,0,0,0,0
4362,60.926457,0,1.906312,0,38.041122,25.038159,0.800413,2.861288,0,89.340036,0,14.82851,0,60.947336,33.778276,61.041927,50.084261,33.912182,50,27,0,0,0,0,0,0,0,0
4363,60.709398,0,1.895621,0,37.867709,24.976442,0.803596,2.834635,0,88.784531,0,14.721083,0,60.60331,33.722336,60.573991,49.954507,33.652217,50,27,0,0,0,0,0,0,0,0
4364,60.695693,0,1.897605,0,38.047217,24.966356,0.796039,2.846339,0,88.732858,0,14.862974,0,60.79481,33.969961,61.289658,50.15254,34.04981,50,27,0,0,0,0,0,0,0,0
4365,60.784311,0,1.88645,0,38.028858,25.028083,0.80249,2.85148,0,89.30765,0,14.903075,0,60.718809,33.898708,61.032428,50.080684,33.906905,50,27,0,0,0,0,0,0,0,0
4366,60.722581,0,1.907681,0,38.002425,24.917537,0.799037,2.850364,0,89.11631,0,14.897188,0,60.787873,33.686596,60.634468,49.970288,33.685815,50,27,0,0,0,0,0,0,0,0
4367,60.927018,0,1.899534,0,38.053848,25.064648,0.804028,2.858156,0,89.202848,0,14.8934,0,61.125764,33.485346,60.557435,49.949145,33.64302,50,27,0,0,0,0,0,0,0,0
4368,60.882638,0,1.899897,0,37.90158,24.927542,0.8024,2.850113,0,89.310808,0,14.854608,0,61.0075,33.612694,60.743316,50.000774,33.746287,50,27,0,0,0,0,0,0,0,0
4369,60.636779,0,1.90219,0,38.158958,24.90015,0.802297,2.855608,0,89.142626,0,14.807289,0,60.717194,33.6862,60.624574,49.967951,33.680319,50,27,0,0,0,0,0,0,0,0
4370,60.898942,0,1.903695,0,37.997729,25.087579,0.801191,2.863069,0,88.725168,0,14.85257,0,60.873253,33.675369,60.763575,50.006529,33.757542,50,27,0,0,0,0,0,0,0,0
4371,60.506832,0,1.905269,0,38.153272,25.046836,0.796664,2.848926,0,88.591121,0,14.790475,0,60.498124,33.761048,60.57603,49.95466,33.65335,50,27,0,0,0,0,0,0,0,0
4372,60.679789,0,1.89483,0,38.120861,25.208584,0.802219,2.844409,0,88.674588,0,14.826071,0,60.731656,33.814068,60.916532,50.048999,33.842518,50,27,0,0,0,0,0,0,0,0
4373,60.786941,0,1.906423,0,37.902273,24.966369,0.79984,2.841188,0,89.309984,0,14.851552,0,60.865473,33.680261,60.756545,50.004536,33.753636,50,27,0,0,0,0,0,0,0,0
4374,60.643028,0,1.897563,0,38.135018,24.984993,0.800187,2.841914,0,89.438666,0,14.899772,0,60.873271,33.65081,60.709027,49.991379,33.727237,50,27,0,0,0,0,0,0,0,0
4375,60.537653,0,1.897649,0,38.071647,25.005333,0.800141,2.862987,0,89.272501,0,14.843862,0,60.63157,33.809223,60.811745,50.019813,33.784303,50,27,0,0,0,0,0,0,0,0
4376,60.990371,0,1.899461,0,37.972135,24.973216,0.800064,2.859671,0,89.032821,0,14.909974,0,60.926903,33.678908,60.820934,50.022254,33.789408,50,27,0,0,0,0,0,0,0,0
4377,60.497998,0,1.893315,0,37.774997,25.04135,0.80079,2.841232,0,89.185918,0,14.812434,0,60.873818,33.588855,60.584516,49.956799,33.658064,50,27,0,0,0,0,0,0,0,0
4378,60.925113,0,1.895369,0,37.995322,24.959456,0.797975,2.850902,0,89.067359,0,14.868736,0,60.682607,33.853795,60.970245,50.063627,33.872358,50,27,0,0,0,0,0,0,0,0
4379,60.723414,0,1.90482,0,37.745377,24.906708,0.796946,2.851437,0,88.960751,0,14.892186,0,60.410171,33.889239,60.754594,50.003706,33.752552,50,27,0,0,0,0,0,0,0,0
4380,60.981989,0,1.90024,0,37.930371,25.12132,0.798469,2.853294,0,89.464308,0,14.893639,0,60.735335,33.697251,60.65326,49.975679,33.696255,50,27,0,0,0,0,0,0,0,0
4381,60.671276,0,1.892318,0,37.969528,25.026143,0.798983,2.85054,0,89.738095,0,14.781865,0,60.502111,34.007587,61.07978,50.093689,33.933211,50,27,0,0,0,0,0,0,0,0
4382,60.64941,0,1.892496,0,37.799991,24.968341,0.802414,2.846391,0,88.518258,0,14.853015,0,60.785269,33.811774,60.91379,50.047343,33.840995,50,27,0,0,0,0,0,0,0,0
4383,61.052478,0,1.899164,0,37.880939,24.881299,0.802078,2.846301,0,89.060583,0,14.894167,0,61.165443,33.551859,60.737673,49.99843,33.743151,50,27,0,0,0,0,0,0,0,0
4384,60.707554,0,1.912541,0,37.818887,25.072661,0.800552,2.846689,0,89.200611,0,14.873787,0,61.058851,33.663887,60.894124,50.04168,33.830069,50,27,0,0,0,0,0,0,0,0
4385,60.935254,0,1.901498,0,38.24851,24.99225,0.798488,2.854439,0,89.310496,0,14.863471,0,60.894537,33.687841,60.790634,50.012869,33.772575,50,27,0,0,0,0,0,0,0,0
4386,60.613435,0,1.900815,0,37.856679,25.031815,0.796609,2.856252,0,88.740607,0,14.739248,0,60.563126,33.912997,60.940655,50.05427,33.85592,50,27,0,0,0,0,0,0,0,0
4387,60.592663,0,1.901526,0,37.865388,24.955474,0.79535,2.831232,0,89.273425,0,14.823685,0,60.88035,33.617362,60.610679,49.962796,33.672599,50,27,0,0,0,0,0,0,0,0
4388,60.727905,0,1.9046,0,38.19217,24.946268,0.800099,2.851121,0,89.113813,0,14.932121,0,60.628462,33.784904,60.729056,49.9957,33.738365,50,27,0,0,0,0,0,0,0,0
4389,60.538135,0,1.894982,0,38.041786,24.996332,0.797555,2.862362,0,89.715933,0,14.844483,0,60.784019,33.700208,60.69967,49.987599,33.722039,50,27,0,0,0,0,0,0,0,0
4390,60.828659,0,1.907873,0,38.082374,25.13326,0.797695,2.855332,0,89.35585,0,14.782367,0,60.825221,33.757321,60.866615,50.033803,33.814786,50,27,0,0,0,0,0,0,0,0
4391,60.677278,0,1.887082,0,37.984212,24.91209,0.798643,2.841321,0,89.022984,0,14.812539,0,60.427595,33.820038,60.598695,49.959583,33.665942,50,27,0,0,0,0,0,0,0,0
4392,60.826435,0,1.900904,0,38.024591,25.074308,0.800577,2.850373,0,88.48153,0,14.898075,0,60.7561,33.778474,60.828835,50.023394,33.793797,50,27,0,0,0,0,0,0,0,0
4393,60.899947,0,1.899831,0,37.995231,24.855616,0.802223,2.850635,0,89.385368,0,14.884633,0,60.938873,33.658615,60.754233,50.002658,33.752352,50,27,0,0,0,0,0,0,0,0
4394,60.812308,0,1.908601,0,37.783515,25.022618,0.803751,2.846741,0,89.500917,0,14.813965,0,60.718424,33.824726,60.895713,50.041749,33.830952,50,27,0,0,0,0,0,0,0,0
4395,60.900355,0,1.900612,0,38.083617,25.016405,0.79868,2.847568,0,89.219262,0,14.871008,0,60.678897,33.725413,60.635618,49.969653,33.686455,50,27,0,0,0,0,0,0,0,0
4396,60.873081,0,1.895227,0,37.813227,24.944085,0.799206,2.85503,0,88.723145,0,14.899106,0,60.930709,33.681473,60.79745,50.014533,33.776361,50,27,0,0,0,0,0,0,0,0
4397,60.765139,0,1.89371,0,37.96221,24.908486,0.801234,2.854797,0,89.615644,0,14.80685,0,60.621547,33.816244,60.780898,50.009886,33.767166,50,27,0,0,0,0,0,0,0,0
4398,60.522351,0,1.892923,0,37.722155,24.887732,0.799189,2.840173,0,89.123838,0,14.856279,0,60.182864,34.038077,60.800185,50.015168,33.77788,50,27,0,0,0,0,0,0,0,0
4399,60.385438,0,1.907628,0,37.976509,25.044932,0.80213,2.85375,0,89.067948,0,14.90808,0,60.776067,33.813021,60.880078,50.037174,33.822265,50,27,0,0,0,0,0,0,0,0
4400,60.932057,0,1.900944,0,37.806302,24.968282,0.80027,2.871114,0,89.377011,0,14.880536,0,60.543013,33.886523,60.795568,50.013631,33.775316,50,27,0,0,0,0,0,0,0,0
4401,60.614368,0,1.89459,0,38.106964,24.924179,0.802413,2.849276,0,89.288231,0,14.879015,0,60.932553,33.63372,60.636066,49.969477,33.686703,50,27,0,0,0,0,0,0,0,0
4402,60.867097,0,1.901251,0,38.045027,24.884677,0.796051,2.84557,0,89.176683,0,14.943748,0,60.71039,33.7881,60.758078,50.003353,33.754488,50,27,0,0,0,0,0,0,0,0
4403,60.539363,0,1.908636,0,38.09876,24.919942,0.800924,2.843498,0,89.412365,0,14.946998,0,60.666899,33.772952,60.679654,49.98166,33.710919,50,27,0,0,0,0,0,0,0,0
4404,60.881792,0,1.907173,0,37.916508,24.911648,0.795476,2.850542,0,89.246583,0,14.913756,0,60.72328,33.91608,61.037148,50.080561,33.909526,50,27,0,0,0,0,0,0,0,0
4405,61.05941,0,1.906719,0,37.958983,24.931893,0.801663,2.847968,0,89.386861,0,14.863821,0,60.714084,33.902563,60.979824,50.064316,33.87768,50,27,0,0,0,0,0,0,0,0
4406,60.875938,0,1.890378,0,38.274229,25.011729,0.803712,2.837952,0,88.762153,0,14.850956,0,60.575839,33.885334,60.788627,50.01115,33.771459,50,27,0,0,0,0,0,0,0,0
4407,60.755276,0,1.904368,0,38.065935,24.959786,0.801477,2.853466,0,89.095298,0,14.824757,0,60.858394,33.698878,60.664577,49.976808,33.702543,50,27,0,0,0,0,0,0,0,0
4408,60.939082,0,1.898484,0,38.07947,25.125838,0.801146,2.849307,0,88.552133,0,14.918899,0,61.144016,33.688117,60.939613,50.052942,33.855341,50,27,0,0,0,0,0,0,0,0
4409,60.672122,0,1.904101,0,38.049036,25.009907,0.800528,2.838285,0,88.704508,0,14.904526,0,60.624808,33.99148,61.073087,50.089571,33.929493,50,27,0,0,0,0,0,0,0,0
4410,60.644691,0,1.907127,0,37.931874,25.0711,0.799001,2.849782,0,88.501407,0,14.910635,0,60.878604,33.83981,60.978936,50.063102,33.877187,50,27,0,0,0,0,0,0,0,0
4411,60.625686,0,1.901845,0,38.287462,25.023133,0.800243,2.83904,0,89.395163,0,14.926527,0,60.760039,33.800519,60.771223,50.005377,33.76179,50,27,0,0,0,0,0,0,0,0
4412,60.637012,0,1.901834,0,38.127701,24.982869,0.798915,2.837807,0,89.879641,0,14.875714,0,60.67229,33.945921,60.989482,50.065676,33.883046,50,27,0,0,0,0,0,0,0,0
4413,61.018915,0,1.891326,0,38.131054,25.016864,0.798179,2.849422,0,89.478023,0,14.829765,0,61.119026,33.596371,60.679061,49.97955,33.710589,50,27,0,0,0,0,0,0,0,0
4414,60.903255,0,1.89563,0,37.996726,25.014067,0.799467,2.858697,0,89.032281,0,14.87892,0,61.026802,33.735154,60.907079,50.042675,33.837266,50,27,0,0,0,0,0,0,0,0
4415,60.744079,0,1.898751,0,37.92199,25.027794,0.795962,2.847528,0,89.857986,0,14.870166,0,61.035901,33.603895,60.646787,49.970519,33.692659,50,27,0,0,0,0,0,0,0,0
4416,60.697098,0,1.913562,0,38.032347,24.969112,0.8024,2.858189,0,88.915211,0,14.876212,0,60.835041,33.647032,60.561239,49.947021,33.645133,50,27,0,0,0,0,0,0,0,0
4417,60.631166,0,1.905519,0,38.047891,24.898897,0.80095,2.852947,0,88.977994,0,14.906796,0,60.831041,33.716557,60.721006,49.991444,33.733892,50,27,0,0,0,0,0,0,0,0
4418,60.869115,0,1.897765,0,38.168761,24.928299,0.795083,2.845784,0,89.013798,0,14.867449,0,60.876145,33.863366,61.082663,50.091446,33.934813,50,27,0,0,0,0,0,0,0,0
4419,61.009717,0,1.893583,0,37.767078,25.077956,0.796224,2.844224,0,88.923773,0,14.906929,0,60.819408,33.754911,60.784246,50.00851,33.769025,50,27,0,0,0,0,0,0,0,0
4420,60.602204,0,1.897391,0,37.992663,25.019146,0.80141,2.853125,0,88.648598,0,14.90637,0,60.422078,33.855354,60.600984,49.957815,33.667214,50,27,0,0,0,0,0,0,0,0
4421,60.975208,0,1.898043,0,38.036617,25.112953,0.799006,2.855792,0,89.159873,0,14.770799,0,60.898947,33.607976,60.544858,49.942512,33.636032,50,27,0,0,0,0,0,0,0,0
4422,60.660285,0,1.897955,0,38.06422,24.970556,0.79863,2.850374,0,89.487324,0,14.887546,0,60.72267,33.884567,60.974147,50.061452,33.874526,50,27,0,0,0,0,0,0,0,0
4423,60.995889,0,1.906846,0,37.861883,24.960797,0.800786,2.843807,0,89.581861,0,14.868317,0,60.785603,33.599764,60.420608,49.90815,33.567004,50,27,0,0,0,0,0,0,0,0
4424,60.769486,0,1.903386,0,37.895978,24.94401,0.800106,2.840673,0,88.563643,0,14.888216,0,61.124167,33.547152,60.671005,49.977816,33.706114,50,27,0,0,0,0,0,0,0,0
4425,60.693423,0,1.902494,0,38.041171,25.019712,0.801405,2.847629,0,89.263718,0,14.82181,0,60.772676,33.692344,60.6541,49.973253,33.696722,50,27,0,0,0,0,0,0,0,0
4426,60.848778,0,1.894104,0,37.725483,24.887596,0.798836,2.843809,0,89.094815,0,14.832552,0,60.347479,33.860997,60.592067,49.956241,33.662259,50,27,0,0,0,0,0,0,0,0
4427,60.606368,0,1.89679,0,37.979964,25.04836,0.802261,2.84442,0,88.838888,0,14.890713,0,60.741155,33.892411,61.03672,50.079359,33.909289,50,27,0,0,0,0,0,0,0,0
4428,60.812228,0,1.890095,0,37.945722,25.044265,0.802366,2.846208,0,89.162717,0,14.793646,0,60.768738,33.651892,60.538485,49.941254,33.632492,50,27,0,0,0,0,0,0,0,0
4429,60.99224,0,1.901835,0,38.038064,25.047969,0.800303,2.847203,0,89.611752,0,14.846372,0,60.811763,33.65441,60.601212,49.958884,33.66734,50,27,0,0,0,0,0,0,0,0
4430,60.76437,0,1.896495,0,37.79771,24.969505,0.803104,2.842267,0,89.277053,0,14.822282,0,60.621294,33.813023,60.758477,50.002556,33.75471,50,27,0,0,0,0,0,0,0,0
4431,60.624296,0,1.904656,0,38.034516,25.032124,0.795262,2.847559,0,88.85826,0,14.829655,0,60.490011,33.830886,60.656299,49.974302,33.697944,50,27,0,0,0,0,0,0,0,0
4432,60.61685,0,1.897561,0,38.057375,25.065394,0.802529,2.847141,0,89.127111,0,14.921222,0,60.560404,33.832769,60.720273,49.992111,33.733485,50,27,0,0,0,0,0,0,0,0
4433,60.796109,0,1.893067,0,37.913609,24.962115,0.802822,2.848705,0,88.99908,0,14.834965,0,60.759678,33.764037,60.764574,50.004395,33.758096,50,27,0,0,0,0,0,0,0,0
4434,60.610061,0,1.892704,0,38.016695,25.079126,0.79865,2.849671,0,89.117613,0,14.822844,0,60.800063,33.77595,60.829782,50.022397,33.794323,50,27,0,0,0,0,0,0,0,0
4435,60.72652,0,1.903894,0,37.92939,24.877923,0.800628,2.854562,0,89.50104,0,14.78689,0,60.636584,33.781653,60.676475,49.979912,33.709153,50,27,0,0,0,0,0,0,0,0
4436,60.539543,0,1.899244,0,38.054497,25.005279,0.800557,2.8494,0,89.33989,0,14.830309,0,60.773266,33.868036,60.992878,50.067464,33.884932,50,27,0,0,0,0,0,0,0,0
4437,60.909954,0,1.896493,0,38.017684,25.070278,0.80222,2.858139,0,89.327815,0,14.920558,0,60.742578,33.775833,60.753972,50.001096,33.752207,50,27,0,0,0,0,0,0,0,0
4438,60.622052,0,1.902713,0,38.048147,24.906816,0.80212,2.848615,0,89.256076,0,14.827761,0,61.009964,33.688302,60.83601,50.023765,33.797783,50,27,0,0,0,0,0,0,0,0
4439,60.820568,0,1.896144,0,38.034923,25.00294,0.802538,2.855049,0,89.193443,0,14.905612,0,60.805604,33.640243,60.541148,49.942149,33.633971,50,27,0,0,0,0,0,0,0,0
4440,60.902756,0,1.903188,0,38.075098,24.952334,0.804514,2.851465,0,89.019172,0,14.874175,0,60.760072,33.711118,60.661647,49.975742,33.700915,50,27,0,0,0,0,0,0,0,0
4441,60.908743,0,1.901032,0,37.919812,25.055108,0.800596,2.857123,0,89.192256,0,14.906632,0,60.339503,33.965832,60.784516,50.009823,33.769176,50,27,0,0,0,0,0,0,0,0
4442,60.638852,0,1.899225,0,38.059493,25.015033,0.805394,2.854691,0,89.348094,0,14.885773,0,61.018625,33.55308,60.565177,49.94915,33.647321,50,27,0,0,0,0,0,0,0,0
4443,61.025444,0,1.898238,0,38.081887,25.036702,0.799842,2.846878,0,88.985713,0,14.861352,0,60.737969,33.788989,60.810483,50.017204,33.783602,50,27,0,0,0,0,0,0,0,0
4444,60.422049,0,1.906378,0,37.882365,25.060892,0.800489,2.839349,0,89.227023,0,14.838829,0,60.939698,33.539665,60.481761,49.926261,33.600979,50,27,0,0,0,0,0,0,0,0
4445,60.495532,0,1.90305,0,38.057568,25.103677,0.798024,2.840148,0,89.009379,0,14.800485,0,60.782742,33.709468,60.711604,49.990156,33.728669,50,27,0,0,0,0,0,0,0,0
4446,60.71116,0,1.901884,0,37.997869,25.188013,0.797575,2.849444,0,88.960417,0,14.87272,0,60.629758,33.790074,60.733095,49.996145,33.740608,50,27,0,0,0,0,0,0,0,0
4447,60.497029,0,1.901367,0,37.975054,25.05999,0.794436,2.842499,0,89.088998,0,14.813065,0,60.774161,33.674948,60.628195,49.96717,33.682331,50,27,0,0,0,0,0,0,0,0
4448,60.842439,0,1.898503,0,37.874505,25.03791,0.795185,2.825578,0,88.573901,0,14.856951,0,61.144865,33.588489,60.825649,50.021909,33.792027,50,27,0,0,0,0,0,0,0,0
4449,60.622775,0,1.898583,0,38.084106,25.048998,0.795791,2.861303,0,89.150478,0,14.787083,0,60.766053,33.763061,60.835025,50.024391,33.797236,50,27,0,0,0,0,0,0,0,0
4450,60.687187,0,1.897595,0,37.818435,25.000017,0.795778,2.845963,0,89.32569,0,14.774513,0,60.619989,33.756791,60.671424,49.979051,33.706346,50,27,0,0,0,0,0,0,0,0
4451,60.846131,0,1.90105,0,38.033703,24.952288,0.797675,2.858819,0,88.988972,0,14.800994,0,60.673359,33.847071,60.912015,50.045654,33.840008,50,27,0,0,0,0,0,0,0,0
4452,61.076684,0,1.897375,0,37.884207,25.051032,0.801247,2.860873,0,89.424444,0,14.819671,0,60.87281,33.726573,60.842373,50.026178,33.801318,50,27,0,0,0,0,0,0,0,0
4453,60.694461,0,1.908561,0,38.260333,24.999968,0.802469,2.851194,0,89.254524,0,14.839852,0,60.626336,33.900555,60.964795,50.059885,33.86933,50,27,0,0,0,0,0,0,0,0
4454,60.587093,0,1.903839,0,37.950827,25.074359,0.800576,2.845025,0,89.096261,0,14.846953,0,60.731003,33.962321,61.178595,50.11868,33.988109,50,27,0,0,0,0,0,0,0,0
4455,60.625448,0,1.898456,0,38.085677,25.065529,0.803666,2.852819,0,89.174688,0,14.834027,0,60.56872,34.025217,61.121009,50.102173,33.956116,50,27,0,0,0,0,0,0,0,0
4456,60.790456,0,1.896231,0,37.933705,25.000157,0.800876,2.846103,0,89.19581,0,14.95302,0,60.595316,33.840547,60.723549,49.991809,33.735305,50,27,0,0,0,0,0,0,0,0
4457,60.941077,0,1.898284,0,37.993915,25.050768,0.796055,2.850283,0,89.56889,0,14.920171,0,61.357323,33.646615,61.068467,50.087183,33.926926,50,27,0,0,0,0,0,0,0,0
4458,61.120673,0,1.910892,0,37.833092,24.998009,0.800435,2.839343,0,89.091353,0,14.833614,0,60.759013,33.715795,60.634136,49.966702,33.685631,50,27,0,0,0,0,0,0,0,0
4459,60.627706,0,1.904114,0,38.006605,24.966806,0.795945,2.851977,0,89.347889,0,14.866766,0,60.846421,33.73612,60.772222,50.005034,33.762346,50,27,0,0,0,0,0,0,0,0
4460,60.272081,0,1.898757,0,37.986434,24.893582,0.804269,2.843542,0,89.128145,0,14.789208,0,60.870665,33.728304,60.784617,50.008435,33.769232,50,27,0,0,0,0,0,0,0,0
4461,60.804308,0,1.905949,0,37.969496,24.974916,0.798795,2.857512,0,89.303813,0,14.785526,0,60.532155,33.935356,60.888235,50.037033,33.826797,50,27,0,0,0,0,0,0,0,0
4462,60.542258,0,1.903682,0,38.065404,24.880684,0.799612,2.856055,0,89.120463,0,14.886375,0,60.440766,33.934069,60.771876,50.004687,33.762153,50,27,0,0,0,0,0,0,0,0
4463,61.210065,0,1.895762,0,37.73421,24.920352,0.80175,2.827501,0,89.218524,0,14.889622,0,60.733871,33.89031,60.951983,50.054445,33.862213,50,27,0,0,0,0,0,0,0,0
4464,60.679806,0,1.898232,0,37.956213,24.986324,0.802262,2.852991,0,89.860567,0,14.897691,0,60.642111,33.930173,60.930677,50.048285,33.850376,50,27,0,0,0,0,0,0,0,0
4465,60.700123,0,1.905237,0,38.017723,24.887876,0.799549,2.856555,0,89.61683,0,14.837101,0,60.645773,33.938664,60.934215,50.049023,33.852342,50,27,0,0,0,0,0,0,0,0
4466,60.982716,0,1.89088,0,37.892576,24.972052,0.79944,2.837113,0,89.596161,0,14.894742,0,61.081696,33.607157,60.652836,49.971007,33.69602,50,27,0,0,0,0,0,0,0,0
4467,61.043984,0,1.899099,0,38.002475,24.954581,0.804617,2.845945,0,89.14646,0,14.957648,0,60.903453,33.69365,60.683844,49.979722,33.713247,50,27,0,0,0,0,0,0,0,0
4468,60.580287,0,1.896717,0,38.005101,25.000088,0.800977,2.85569,0,89.652621,0,14.879507,0,60.999464,33.775237,60.965678,50.05772,33.869821,50,27,0,0,0,0,0,0,0,0
4469,60.828756,0,1.89705,0,38.143801,24.959518,0.800991,2.849724,0,89.091407,0,14.825016,0,60.715507,33.876099,60.896587,50.038337,33.831437,50,27,0,0,0,0,0,0,0,0
4470,60.582718,0,1.891126,0,38.051497,24.987931,0.801866,2.842806,0,89.258399,0,14.868849,0,61.00279,33.817212,61.048339,50.08009,33.915744,50,27,0,0,0,0,0,0,0,0
4471,60.645579,0,1.900751,0,38.032901,24.945393,0.795731,2.853096,0,89.308931,0,14.831695,0,60.867776,33.931774,61.152132,50.108379,33.973407,50,27,0,0,0,0,0,0,0,0
4472,61.01982,0,1.901996,0,38.071191,25.027691,0.797563,2.855702,0,89.278025,0,14.875191,0,60.843281,33.765133,60.758356,49.999002,33.754642,50,27,0,0,0,0,0,0,0,0
4473,60.644214,0,1.90338,0,37.997448,24.991067,0.797909,2.847411,0,89.371659,0,14.936671,0,60.753168,33.954174,61.07231,50.085782,33.929061,50,27,0,0,0,0,0,0,0,0
4474,60.543468,0,1.904157,0,37.9876,25.023155,0.803657,2.857485,0,89.384259,0,14.804716,0,60.965029,33.761348,60.857482,50.025978,33.809712,50,27,0,0,0,0,0,0,0,0
4475,60.503088,0,1.89893,0,38.102378,24.920862,0.799618,2.858449,0,89.397888,0,14.91277,0,60.931031,33.692195,60.684336,49.977992,33.71352,50,27,0,0,0,0,0,0,0,0
4476,60.479459,0,1.895287,0,38.058044,24.806847,0.799091,2.847079,0,88.766993,0,14.812967,0,61.005356,33.67325,60.734118,49.991861,33.741177,50,27,0,0,0,0,0,0,0,0
4477,60.4848,0,1.904387,0,38.088894,24.931816,0.801747,2.838674,0,89.357677,0,14.901229,0,60.792263,33.805844,60.817667,50.014994,33.787593,50,27,0,0,0,0,0,0,0,0
4478,60.86671,0,1.90474,0,37.974065,25.136133,0.793805,2.846846,0,89.467121,0,14.942825,0,60.961215,33.572915,60.493698,49.925376,33.60761,50,27,0,0,0,0,0,0,0,0
4479,60.703586,0,1.895869,0,37.871241,25.016221,0.795007,2.852829,0,89.320372,0,14.90374,0,60.77302,33.849485,60.918111,50.043053,33.843395,50,27,0,0,0,0,0,0,0,0
4480,60.907874,0,1.893553,0,38.140873,25.002353,0.798651,2.868457,0,88.848203,0,14.824189,0,60.800039,33.748056,60.722111,49.988665,33.734506,50,27,0,0,0,0,0,0,0,0
4481,60.563042,0,1.907604,0,38.016279,25.125714,0.79636,2.830589,0,89.259111,0,14.904725,0,60.78557,33.892071,61.016293,50.070032,33.897941,50,27,0,0,0,0,0,0,0,0
4482,60.445663,0,1.900901,0,37.893658,24.951878,0.800543,2.864075,0,89.019464,0,14.90199,0,61.013167,33.556434,60.521487,49.932922,33.623048,50,27,0,0,0,0,0,0,0,0
4483,60.733922,0,1.886349,0,38.008177,24.859046,0.801879,2.840736,0,89.022562,0,14.858061,0,61.046698,33.626245,60.733005,49.991718,33.740558,50,27,0,0,0,0,0,0,0,0
4484,60.67746,0,1.905607,0,38.268834,24.971441,0.802263,2.847838,0,88.938454,0,14.946937,0,60.555109,33.781593,60.588708,49.951876,33.660394,50,27,0,0,0,0,0,0,0,0
4485,60.472429,0,1.903888,0,37.913518,25.105736,0.796208,2.83661,0,88.532623,0,14.879476,0,60.632255,33.835188,60.776806,50.004105,33.764892,50,27,0,0,0,0,0,0,0,0
4486,60.57692,0,1.906931,0,37.915505,24.933524,0.799771,2.856556,0,89.519471,0,14.843336,0,60.562662,33.975727,60.994628,50.06429,33.885904,50,27,0,0,0,0,0,0,0,0
4487,60.56214,0,1.899209,0,38.342,25.13334,0.802734,2.848193,0,88.93858,0,14.837829,0,60.631001,33.88289,60.840141,50.02127,33.800078,50,27,0,0,0,0,0,0,0,0
4488,60.60476,0,1.896552,0,38.11858,25.157502,0.801668,2.842306,0,88.815457,0,14.906728,0,60.841323,33.634874,60.514234,49.931085,33.619019,50,27,0,0,0,0,0,0,0,0
4489,60.595891,0,1.899677,0,37.947293,25.076246,0.800845,2.846226,0,89.213468,0,14.91417,0,60.636862,33.736866,60.545356,49.94003,33.636309,50,27,0,0,0,0,0,0,0,0
4490,60.703749,0,1.892789,0,38.097552,24.970121,0.800022,2.843058,0,89.292388,0,14.910354,0,60.684294,33.768395,60.665013,49.973401,33.702785,50,27,0,0,0,0,0,0,0,0
4491,60.658459,0,1.898077,0,38.030795,25.008949,0.798442,2.851397,0,88.650467,0,14.926826,0,60.649606,33.751353,60.595581,49.954343,33.664212,50,27,0,0,0,0,0,0,0,0
4492,60.510936,0,1.903467,0,38.195918,25.047253,0.805604,2.851279,0,89.227606,0,14.814805,0,60.705521,33.540661,60.210445,49.84812,33.450247,50,27,0,0,0,0,0,0,0,0
4493,60.48668,0,1.893125,0,37.819328,25.011399,0.798334,2.851625,0,89.213974,0,14.825128,0,60.949477,33.672771,60.764012,50.001879,33.757784,50,27,0,0,0,0,0,0,0,0
4494,60.73543,0,1.905031,0,37.870406,25.094476,0.803778,2.859657,0,89.402656,0,14.946247,0,60.742803,33.750261,60.732387,49.993129,33.740215,50,27,0,0,0,0,0,0,0,0
4495,60.485677,0,1.909228,0,37.745106,25.115355,0.800823,2.865282,0,89.443546,0,14.869508,0,60.664094,33.73371,60.619417,49.961938,33.677454,50,27,0,0,0,0,0,0,0,0
4496,60.799694,0,1.910928,0,38.103805,25.066377,0.803006,2.847717,0,88.704595,0,14.829208,0,60.51248,33.800474,60.611423,49.959918,33.673013,50,27,0,0,0,0,0,0,0,0
4497,61.007661,0,1.893219,0,37.922737,25.132037,0.801581,2.859249,0,89.524755,0,14.840301,0,60.739169,33.768458,60.764396,50.002399,33.757998,50,27,0,0,0,0,0,0,0,0
4498,60.642411,0,1.901715,0,37.848507,25.033074,0.800508,2.849526,0,88.853194,0,14.882237,0,60.747334,33.722212,60.673435,49.977246,33.707464,50,27,0,0,0,0,0,0,0,0
4499,60.793492,0,1.902944,0,38.007604,25.141512,0.80674,2.8459,0,89.567256,0,14.875937,0,60.660192,33.930569,61.030413,50.076026,33.905785,50,27,0,0,0,0,0,0,0,0
4500,60.499641,0,1.904976,0,37.958628,25.0421,0.796283,2.831656,0,88.779206,0,14.907754,0,60.614018,33.844437,60.779416,50.006273,33.766342,50,27,0,0,0,0,0,0,0,0
4501,60.696112,0,1.88938,0,38.337931,25.091083,0.798772,2.851151,0,89.470572,0,14.875732,0,60.808332,33.769685,60.805712,50.01351,33.780951,50,27,0,0,0,0,0,0,0,0
4502,60.726105,0,1.91249,0,37.900014,24.921671,0.798391,2.841227,0,89.181466,0,14.898129,0,60.718264,33.807255,60.795058,50.010498,33.775032,50,27,0,0,0,0,0,0,0,0
4503,60.830725,0,1.910409,0,37.869735,24.951694,0.804077,2.857996,0,88.897874,0,14.870723,0,61.052155,33.608092,60.704041,49.985289,33.724467,50,27,0,0,0,0,0,0,0,0
4504,60.679334,0,1.899175,0,38.042787,24.983691,0.800704,2.847878,0,89.279906,0,14.748661,0,61.10693,33.563827,60.687201,49.980708,33.715112,50,27,0,0,0,0,0,0,0,0
4505,60.578507,0,1.911087,0,38.047366,24.964538,0.802374,2.866367,0,89.26392,0,14.861152,0,60.590366,33.775204,60.642742,49.968516,33.690412,50,27,0,0,0,0,0,0,0,0
4506,60.816262,0,1.908508,0,38.057728,24.926421,0.802738,2.838458,0,89.302827,0,14.849265,0,60.794944,33.803155,60.903005,50.040608,33.835003,50,27,0,0,0,0,0,0,0,0
4507,60.674677,0,1.91031,0,38.006492,25.082023,0.795809,2.8487,0,89.44204,0,14.903092,0,60.497033,33.893967,60.789898,50.009144,33.772166,50,27,0,0,0,0,0,0,0,0
4508,60.710824,0,1.896636,0,38.11318,25.079144,0.80038,2.851142,0,88.966306,0,14.908744,0,60.737303,33.791725,60.796198,50.010839,33.775666,50,27,0,0,0,0,0,0,0,0
4509,60.544123,0,1.90686,0,37.990353,25.03231,0.802965,2.85552,0,89.084758,0,14.835756,0,60.878342,33.636306,60.605718,49.958138,33.669844,50,27,0,0,0,0,0,0,0,0
4510,60.719314,0,1.909533,0,38.056667,24.88914,0.801653,2.86364,0,89.116877,0,14.895437,0,61.241827,33.472125,60.639923,49.9678,33.688846,50,27,0,0,0,0,0,0,0,0
4511,61.092688,0,1.908177,0,38.003931,25.097991,0.796968,2.837456,0,89.09858,0,14.885681,0,61.082555,33.585304,60.757006,50.000322,33.753892,50,27,0,0,0,0,0,0,0,0
4512,60.653872,0,1.898003,0,38.057246,25.101506,0.796734,2.84914,0,88.979832,0,14.876271,0,60.735529,33.810669,60.905708,50.04142,33.836504,50,27,0,0,0,0,0,0,0,0
4513,60.588912,0,1.897929,0,38.064967,24.941154,0.798241,2.850109,0,88.94833,0,14.799781,0,60.705607,33.807889,60.859284,50.028383,33.810713,50,27,0,0,0,0,0,0,0,0
4514,60.957267,0,1.897944,0,38.121229,24.929745,0.797202,2.856236,0,89.471425,0,14.783945,0,60.633528,33.705561,60.561751,49.946005,33.645417,50,27,0,0,0,0,0,0,0,0
4515,60.456956,0,1.894114,0,38.086875,24.943495,0.800348,2.851249,0,89.202428,0,14.874096,0,60.725847,33.782113,60.820034,50.017662,33.788908,50,27,0,0,0,0,0,0,0,0
4516,60.935916,0,1.907113,0,37.853961,25.030343,0.799217,2.848599,0,88.882734,0,14.790159,0,60.409412,33.946887,60.845283,50.024553,33.802935,50,27,0,0,0,0,0,0,0,0
4517,61.000655,0,1.903047,0,38.102992,24.964844,0.8005,2.845074,0,89.062811,0,14.953574,0,61.050746,33.518507,60.555761,49.944408,33.64209,50,27,0,0,0,0,0,0,0,0
4518,60.847809,0,1.902229,0,37.95575,24.997607,0.800277,2.84571,0,89.707387,0,14.770064,0,60.558354,33.810284,60.709773,49.987253,33.727652,50,27,0,0,0,0,0,0,0,0
4519,60.660179,0,1.902273,0,37.844894,25.008992,0.800401,2.865843,0,89.360459,0,14.772148,0,60.947215,33.680193,60.814759,50.016334,33.785977,50,27,0,0,0,0,0,0,0,0
4520,61.030552,0,1.89251,0,37.975954,25.048532,0.800223,2.856665,0,89.293971,0,14.890056,0,60.664155,33.796789,60.785923,50.008282,33.769957,50,27,0,0,0,0,0,0,0,0
4521,60.800499,0,1.900736,0,38.052074,25.066064,0.799417,2.857369,0,89.581862,0,14.913679,0,60.640496,33.725509,60.604298,49.958041,33.669054,50,27,0,0,0,0,0,0,0,0
4522,61.163525,0,1.891519,0,38.046303,25.078537,0.802259,2.833262,0,88.722604,0,14.839649,0,60.702086,33.838467,60.906419,50.041755,33.836899,50,27,0,0,0,0,0,0,0,0
4523,60.885835,0,1.893262,0,37.916466,24.996943,0.798126,2.861161,0,89.154503,0,14.780043,0,60.987853,33.69816,60.883456,50.0352,33.824142,50,27,0,0,0,0,0,0,0,0
4524,60.882182,0,1.898153,0,38.195785,24.933945,0.798441,2.859296,0,89.160049,0,14.927514,0,60.63826,33.70801,60.561165,49.945945,33.645092,50,27,0,0,0,0,0,0,0,0
4525,60.664374,0,1.900931,0,37.992157,25.01598,0.799872,2.860211,0,89.060197,0,14.84771,0,61.058377,33.521678,60.593058,49.955029,33.66281,50,27,0,0,0,0,0,0,0,0
4526,60.845836,0,1.901042,0,38.252547,25.157557,0.801718,2.855403,0,89.391237,0,14.84475,0,60.680521,33.803652,60.839072,50.02325,33.799485,50,27,0,0,0,0,0,0,0,0
4527,61.018282,0,1.895047,0,38.059628,25.071029,0.799901,2.855754,0,89.258009,0,14.912264,0,60.908875,33.671088,60.77789,50.006224,33.765494,50,27,0,0,0,0,0,0,0,0
4528,60.980243,0,1.905696,0,37.816956,25.144493,0.799404,2.830819,0,89.085032,0,14.849251,0,60.694144,33.860945,60.971825,50.059796,33.873236,50,27,0,0,0,0,0,0,0,0
4529,61.14678,0,1.894944,0,38.045219,24.955969,0.799934,2.841672,0,88.694139,0,14.844118,0,60.59651,33.770327,60.665688,49.974883,33.70316,50,27,0,0,0,0,0,0,0,0
4530,60.804453,0,1.891273,0,37.906759,24.921649,0.798613,2.839095,0,88.99818,0,14.841324,0,60.51364,33.891651,60.834413,50.021643,33.796896,50,27,0,0,0,0,0,0,0,0
4531,60.557577,0,1.912401,0,37.972747,25.016553,0.799609,2.8553,0,88.968971,0,14.765339,0,60.610608,33.807651,60.734146,49.993822,33.741192,50,27,0,0,0,0,0,0,0,0
4532,60.887426,0,1.897077,0,38.177101,24.984003,0.793138,2.852985,0,89.319328,0,14.775295,0,60.442612,33.856471,60.661408,49.973748,33.700782,50,27,0,0,0,0,0,0,0,0
4533,61.26232,0,1.905444,0,38.09785,24.922787,0.804119,2.847025,0,89.438284,0,14.841037,0,60.553991,33.785046,60.60845,49.959241,33.671361,50,27,0,0,0,0,0,0,0,0
4534,60.69717,0,1.896452,0,37.933736,25.024955,0.799791,2.846897,0,88.938799,0,14.866017,0,61.174381,33.559932,60.750585,49.99873,33.750325,50,27,0,0,0,0,0,0,0,0
4535,60.627621,0,1.900343,0,37.928102,24.984482,0.803785,2.854202,0,89.25386,0,14.920406,0,60.320734,33.891003,60.62178,49.963135,33.678766,50,27,0,0,0,0,0,0,0,0
4536,60.785452,0,1.899461,0,38.224466,25.099489,0.798753,2.848956,0,88.926531,0,14.886933,0,60.986948,33.571867,60.596001,49.956193,33.664445,50,27,0,0,0,0,0,0,0,0
4537,60.525956,0,1.903987,0,37.760409,25.1535,0.8014,2.842309,0,89.537196,0,14.899285,0,60.859939,33.660529,60.680447,49.979752,33.71136,50,27,0,0,0,0,0,0,0,0
4538,60.923544,0,1.911079,0,38.07329,24.976904,0.805239,2.856032,0,88.990054,0,14.924951,0,60.915105,33.66325,60.752571,49.999787,33.751428,50,27,0,0,0,0,0,0,0,0
4539,60.824246,0,1.906071,0,37.962987,24.929593,0.800307,2.854247,0,88.750029,0,14.787653,0,60.632474,33.870579,60.917433,50.045355,33.843018,50,27,0,0,0,0,0,0,0,0
4540,60.796521,0,1.90082,0,37.982987,25.010997,0.804094,2.841354,0,88.813371,0,14.820015,0,60.711686,33.75599,60.737124,49.995293,33.742846,50,27,0,0,0,0,0,0,0,0
4541,60.84873,0,1.895946,0,38.16008,25.05106,0.800424,2.868145,0,89.26063,0,14.836909,0,60.843319,33.696533,60.741749,49.996595,33.745416,50,27,0,0,0,0,0,0,0,0
4542,60.710548,0,1.888948,0,38.158764,24.996581,0.794775,2.84589,0,89.027601,0,14.909032,0,60.994882,33.637769,60.775706,50.005997,33.764281,50,27,0,0,0,0,0,0,0,0
4543,60.795172,0,1.901998,0,37.879685,24.957727,0.800559,2.851833,0,88.758884,0,14.962143,0,60.900848,33.692628,60.811088,50.015747,33.783938,50,27,0,0,0,0,0,0,0,0
4544,60.701522,0,1.901259,0,38.135602,25.044876,0.800004,2.854603,0,89.420692,0,14.838742,0,60.499572,33.883249,60.817512,50.017444,33.787507,50,27,0,0,0,0,0,0,0,0
4545,60.891346,0,1.896778,0,37.839008,24.970717,0.797969,2.860743,0,89.521055,0,14.894897,0,60.626927,33.733325,60.608752,49.959657,33.671529,50,27,0,0,0,0,0,0,0,0
4546,60.752169,0,1.902368,0,38.024301,25.068883,0.799407,2.8511,0,89.283323,0,14.852535,0,60.807613,33.723869,60.770627,50.004599,33.76146,50,27,0,0,0,0,0,0,0,0
4547,60.949385,0,1.890319,0,37.947307,25.120926,0.798374,2.842401,0,89.249759,0,14.837117,0,60.947059,33.773366,61.016792,50.072615,33.898218,50,27,0,0,0,0,0,0,0,0
4548,60.709145,0,1.89662,0,37.815421,25.148447,0.794736,2.855953,0,89.0341,0,14.910441,0,60.638284,33.739324,60.631852,49.965858,33.684362,50,27,0,0,0,0,0,0,0,0
4549,60.634317,0,1.903895,0,38.089787,24.993693,0.800626,2.860724,0,89.108289,0,14.860986,0,60.318977,33.932963,60.721404,49.99078,33.734113,50,27,0,0,0,0,0,0,0,0
4550,60.805861,0,1.903364,0,37.938413,25.117087,0.79925,2.845938,0,89.124254,0,14.907775,0,61.009387,33.694164,60.882946,50.035475,33.823859,50,27,0,0,0,0,0,0,0,0
4551,60.788817,0,1.897897,0,38.140159,25.151908,0.801202,2.842309,0,89.263047,0,14.853114,0,60.840464,33.702419,60.739338,49.995606,33.744077,50,27,0,0,0,0,0,0,0,0
4552,60.606277,0,1.897901,0,37.907888,24.987392,0.799509,2.848543,0,89.6362,0,14.872849,0,60.86021,33.694468,60.748632,49.998197,33.74924,50,27,0,0,0,0,0,0,0,0
4553,60.662934,0,1.894494,0,37.806325,25.077016,0.798835,2.855963,0,89.150456,0,14.862938,0,60.688882,33.739075,60.678371,49.978786,33.710206,50,27,0,0,0,0,0,0,0,0
4554,60.931322,0,1.907933,0,37.859067,24.997358,0.802777,2.844706,0,89.193534,0,14.890846,0,60.793165,33.730958,60.766189,50.003164,33.758994,50,27,0,0,0,0,0,0,0,0
4555,61.089809,0,1.902063,0,37.956262,24.888837,0.800657,2.852473,0,88.872651,0,14.890701,0,60.692033,33.908439,61.041117,50.079137,33.911732,50,27,0,0,0,0,0,0,0,0
4556,60.675657,0,1.904046,0,37.85935,25.0407,0.796947,2.848539,0,89.303505,0,14.847263,0,60.939698,33.694901,60.816534,50.01667,33.786963,50,27,0,0,0,0,0,0,0,0
4557,60.854954,0,1.901651,0,37.984404,24.99873,0.802846,2.852128,0,89.187173,0,14.898761,0,60.948246,33.626227,60.687919,49.981038,33.715511,50,27,0,0,0,0,0,0,0,0
4558,60.768664,0,1.889507,0,37.947189,25.028215,0.803829,2.847003,0,88.890504,0,14.885002,0,60.785263,33.775725,60.856553,50.027742,33.809196,50,27,0,0,0,0,0,0,0,0
4559,60.483537,0,1.90531,0,37.928821,25.023106,0.801341,2.847515,0,88.67004,0,14.72686,0,60.652415,33.797779,60.765771,50.002513,33.758762,50,27,0,0,0,0,0,0,0,0
4560,60.407388,0,1.892941,0,38.068584,25.024672,0.801168,2.850763,0,89.257807,0,14.878124,0,60.50184,34.021324,61.079652,50.089255,33.93314,50,27,0,0,0,0,0,0,0,0
4561,60.686538,0,1.908912,0,37.855852,24.982205,0.802475,2.835733,0,89.160828,0,14.922267,0,60.556047,33.748277,60.521786,49.93462,33.623215,50,27,0,0,0,0,0,0,0,0
4562,61.038305,0,1.890637,0,37.848524,24.881327,0.79623,2.862382,0,88.960545,0,14.887021,0,60.958415,33.767358,60.966545,50.057874,33.870303,50,27,0,0,0,0,0,0,0,0
4563,60.901463,0,1.90131,0,38.10528,24.954268,0.802567,2.845016,0,89.161489,0,14.954317,0,60.830934,33.691239,60.677991,49.977831,33.709995,50,27,0,0,0,0,0,0,0,0
4564,60.854935,0,1.901423,0,38.069491,24.996975,0.798996,2.841213,0,88.975889,0,14.928793,0,61.229124,33.52847,60.742399,49.995744,33.745777,50,27,0,0,0,0,0,0,0,0
4565,60.979306,0,1.901276,0,37.836582,25.019013,0.801402,2.848426,0,89.202648,0,14.901933,0,60.745791,33.739434,60.734489,49.993578,33.741383,50,27,0,0,0,0,0,0,0,0
4566,60.757618,0,1.896553,0,38.120753,25.025119,0.80577,2.853393,0,88.650082,0,14.874957,0,60.912293,33.728824,60.879317,50.03364,33.821843,50,27,0,0,0,0,0,0,0,0
4567,60.645757,0,1.895382,0,37.82602,24.958406,0.800968,2.852321,0,89.073789,0,14.767254,0,60.693915,33.749884,60.707424,49.985962,33.726347,50,27,0,0,0,0,0,0,0,0
4568,60.416103,0,1.895466,0,38.078357,25.053825,0.801712,2.830739,0,88.590846,0,14.87907,0,60.889712,33.674432,60.743221,49.995926,33.746234,50,27,0,0,0,0,0,0,0,0
4569,61.188271,0,1.89794,0,37.955116,24.964442,0.800747,2.847601,0,89.032511,0,14.924394,0,60.741681,33.642439,60.53686,49.938909,33.631589,50,27,0,0,0,0,0,0,0,0
4570,60.872131,0,1.905339,0,38.147323,25.171484,0.801403,2.848416,0,88.84853,0,14.831017,0,60.901197,33.733109,60.900433,50.039703,33.833574,50,27,0,0,0,0,0,0,0,0
4571,60.859541,0,1.893573,0,38.064274,24.913584,0.799151,2.852534,0,89.009172,0,14.799341,0,60.520176,33.798394,60.65717,49.972269,33.698428,50,27,0,0,0,0,0,0,0,0
4572,60.892146,0,1.898314,0,38.1131,25.177879,0.795099,2.838947,0,88.80828,0,14.849179,0,60.737462,33.901976,61.084388,50.090488,33.935771,50,27,0,0,0,0,0,0,0,0
4573,60.734765,0,1.899579,0,38.063805,24.988174,0.800851,2.856841,0,89.129937,0,14.805541,0,60.731647,33.672127,60.572054,49.948431,33.651141,50,27,0,0,0,0,0,0,0,0
4574,61.069209,0,1.89674,0,37.901187,24.994686,0.805354,2.849643,0,89.45835,0,14.871142,0,60.647287,33.733112,60.626308,49.963683,33.681282,50,27,0,0,0,0,0,0,0,0
4575,60.862777,0,1.897656,0,37.965111,25.034995,0.803403,2.846008,0,89.120716,0,14.908608,0,60.681635,33.660743,60.509312,49.931527,33.616285,50,27,0,0,0,0,0,0,0,0
4576,60.784141,0,1.895578,0,38.342,25.057705,0.800186,2.85701,0,89.321103,0,14.855713,0,60.600731,33.838042,60.813169,50.015852,33.785094,50,27,0,0,0,0,0,0,0,0
4577,60.664965,0,1.898412,0,37.871587,25.104978,0.800069,2.852753,0,89.003893,0,14.785926,0,61.058187,33.700999,60.968272,50.058643,33.871262,50,27,0,0,0,0,0,0,0,0
4578,60.742251,0,1.900786,0,38.183873,25.076664,0.800375,2.842302,0,89.298333,0,14.866138,0,60.913763,33.53971,60.48925,49.925952,33.605139,50,27,0,0,0,0,0,0,0,0
4579,60.698867,0,1.896273,0,37.878527,24.979916,0.798519,2.836662,0,89.619916,0,14.919649,0,60.716093,33.913993,61.107614,50.097233,33.948674,50,27,0,0,0,0,0,0,0,0
4580,60.85398,0,1.890233,0,38.088611,24.984199,0.799866,2.843128,0,89.334823,0,14.802181,0,60.606286,33.84308,60.823756,50.018292,33.790976,50,27,0,0,0,0,0,0,0,0
4581,60.849284,0,1.899322,0,37.975728,25.006586,0.800051,2.860953,0,89.145644,0,14.933171,0,60.525414,33.889321,60.82683,50.019051,33.792683,50,27,0,0,0,0,0,0,0,0
4582,60.474748,0,1.89396,0,37.836093,24.937765,0.804568,2.851627,0,88.836298,0,14.994174,0,60.78631,33.717898,60.707293,49.985917,33.726274,50,27,0,0,0,0,0,0,0,0
4583,60.458556,0,1.899311,0,37.822924,24.869354,0.802161,2.853401,0,88.875224,0,14.884871,0,60.918438,33.821118,61.06209,50.084051,33.923383,50,27,0,0,0,0,0,0,0,0
4584,60.489381,0,1.903284,0,38.149639,25.003993,0.799274,2.844337,0,88.838873,0,14.936571,0,60.692734,33.778879,60.73831,49.994142,33.743506,50,27,0,0,0,0,0,0,0,0
4585,60.992477,0,1.896126,0,37.99283,24.98041,0.799044,2.847104,0,88.906786,0,14.883909,0,60.59213,33.803698,60.687209,49.980047,33.715116,50,27,0,0,0,0,0,0,0,0
4586,60.355222,0,1.907641,0,37.833467,25.084845,0.80377,2.842441,0,89.284994,0,14.803854,0,60.864679,33.682587,60.698349,49.983225,33.721305,50,27,0,0,0,0,0,0,0,0
4587,60.732008,0,1.892636,0,37.904199,25.061333,0.801819,2.857711,0,89.127208,0,14.820083,0,60.792826,33.619383,60.50357,49.929472,33.613094,50,27,0,0,0,0,0,0,0,0
4588,60.528662,0,1.89906,0,38.019196,24.8736,0.797745,2.848568,0,89.279803,0,14.88063,0,60.561994,33.856838,60.791698,50.009461,33.773166,50,27,0,0,0,0,0,0,0,0
4589,60.702492,0,1.889875,0,37.979594,24.961209,0.799332,2.84897,0,89.40056,0,14.853737,0,60.663996,33.830717,60.824244,50.018409,33.791247,50,27,0,0,0,0,0,0,0,0
4590,61.08741,0,1.900128,0,37.869602,24.903107,0.794433,2.842268,0,88.996522,0,14.862925,0,60.514512,33.928659,60.871341,50.031335,33.817412,50,27,0,0,0,0,0,0,0,0
4591,60.927564,0,1.89684,0,38.026555,25.115318,0.801454,2.839954,0,89.089778,0,14.843002,0,60.715643,33.694023,60.555234,49.943808,33.641797,50,27,0,0,0,0,0,0,0,0
4592,60.567421,0,1.899017,0,37.940744,24.938699,0.801083,2.844764,0,89.306825,0,14.840969,0,60.990791,33.614693,60.673072,49.976658,33.707262,50,27,0,0,0,0,0,0,0,0
4593,61.00057,0,1.898202,0,38.254516,25.039959,0.800831,2.857127,0,88.969095,0,14.930267,0,60.99173,33.574783,60.609682,49.959253,33.672046,50,27,0,0,0,0,0,0,0,0
4594,60.625722,0,1.903636,0,37.887156,25.033648,0.799941,2.846018,0,88.774896,0,14.828874,0,61.002049,33.655396,60.813922,50.015907,33.785512,50,27,0,0,0,0,0,0,0,0
4595,60.90614,0,1.8939,0,37.836207,25.088393,0.799234,2.868703,0,89.253185,0,14.819861,0,60.637733,33.750962,60.662949,49.9741,33.701639,50,27,0,0,0,0,0,0,0,0
4596,60.962206,0,1.897228,0,37.696343,25.006166,0.798735,2.844862,0,89.058764,0,14.805192,0,60.677921,33.884674,60.983609,50.062857,33.879783,50,27,0,0,0,0,0,0,0,0
4597,60.425633,0,1.89995,0,37.855098,25.103591,0.796237,2.838732,0,89.043979,0,14.900657,0,60.821332,33.650082,60.613073,49.96013,33.67393,50,27,0,0,0,0,0,0,0,0
4598,60.671069,0,1.89628,0,37.906131,25.037926,0.796343,2.840336,0,89.204087,0,14.898841,0,61.000204,33.564552,60.624546,49.9635,33.680303,50,27,0,0,0,0,0,0,0,0
4599,60.647519,0,1.899001,0,38.015104,24.887202,0.79758,2.842395,0,88.553714,0,14.795002,0,60.631751,33.725006,60.61803,49.96188,33.676683,50,27,0,0,0,0,0,0,0,0
4600,60.883192,0,1.908138,0,38.088875,24.932666,0.798831,2.870384,0,89.205797,0,14.898783,0,60.136824,33.981892,60.66583,49.975282,33.703239,50,27,0,0,0,0,0,0,0,0
4601,60.635929,0,1.896731,0,38.284047,24.938464,0.803756,2.850146,0,88.401509,0,14.769241,0,60.730063,33.779186,60.798423,50.012053,33.776901,50,27,0,0,0,0,0,0,0,0
4602,60.666467,0,1.905943,0,37.73017,25.009875,0.798384,2.856891,0,88.838324,0,14.788592,0,61.055653,33.623302,60.790922,50.00992,33.772734,50,27,0,0,0,0,0,0,0,0
4603,60.81355,0,1.889068,0,38.136732,24.893962,0.80066,2.846183,0,89.407376,0,14.844019,0,60.869682,33.673496,60.727376,49.992306,33.737431,50,27,0,0,0,0,0,0,0,0
4604,60.915417,0,1.908018,0,37.870021,25.113409,0.799017,2.834735,0,89.73696,0,14.801066,0,60.528504,33.811193,60.685544,49.980782,33.714191,50,27,0,0,0,0,0,0,0,0
4605,61.054897,0,1.902421,0,37.933446,25.122977,0.799369,2.847506,0,88.583692,0,14.884719,0,60.493454,33.776542,60.567589,49.948276,33.64866,50,27,0,0,0,0,0,0,0,0
4606,60.805655,0,1.904661,0,38.115436,24.955619,0.800796,2.857946,0,88.333314,0,14.895669,0,60.458667,33.940499,60.874015,50.033228,33.818897,50,27,0,0,0,0,0,0,0,0
4607,60.67443,0,1.900252,0,37.990509,25.096124,0.796462,2.848818,0,89.497966,0,14.781193,0,60.627922,33.900925,60.933833,50.049596,33.852129,50,27,0,0,0,0,0,0,0,0
4608,60.791732,0,1.905058,0,37.98655,25.073903,0.797537,2.849402,0,89.457134,0,14.926988,0,60.623961,33.838692,60.779482,50.006687,33.766379,50,27,0,0,0,0,0,0,0,0
4609,60.685741,0,1.896656,0,37.797937,25.003383,0.802345,2.870843,0,89.488399,0,14.918049,0,60.993902,33.582614,60.599539,49.956919,33.66641,50,27,0,0,0,0,0,0,0,0
4610,60.780148,0,1.905066,0,38.058622,24.856223,0.799093,2.837355,0,88.724802,0,14.953341,0,60.811885,33.759121,60.814489,50.016544,33.785827,50,27,0,0,0,0,0,0,0,0
4611,60.507854,0,1.9171,0,38.075064,25.084009,0.79897,2.857656,0,89.312351,0,14.847469,0,60.822341,33.642574,60.57894,49.951357,33.654967,50,27,0,0,0,0,0,0,0,0
4612,60.968772,0,1.903797,0,38.101623,25.093068,0.794139,2.857367,0,89.068778,0,14.919644,0,60.763467,33.666668,60.586103,49.953579,33.658946,50,27,0,0,0,0,0,0,0,0
4613,60.685025,0,1.904475,0,37.867449,25.053896,0.801649,2.857215,0,89.032886,0,14.885621,0,60.778335,33.824658,60.945316,50.053095,33.858509,50,27,0,0,0,0,0,0,0,0
4614,60.828798,0,1.90817,0,37.952935,24.98541,0.796483,2.840095,0,88.374706,0,14.78616,0,60.933355,33.606046,60.628763,49.965337,33.682646,50,27,0,0,0,0,0,0,0,0
4615,60.75907,0,1.902847,0,37.994397,25.12165,0.800003,2.835724,0,89.45593,0,14.90439,0,60.929759,33.496,60.412078,49.905618,33.562265,50,27,0,0,0,0,0,0,0,0
4616,60.914096,0,1.897453,0,37.968138,24.985953,0.800145,2.843435,0,88.971313,0,14.87906,0,60.753483,33.816241,60.943664,50.053016,33.857591,50,27,0,0,0,0,0,0,0,0
4617,60.95175,0,1.900396,0,38.209152,25.010357,0.802951,2.851314,0,89.275022,0,14.874913,0,60.902466,33.594976,60.614031,49.961643,33.674462,50,27,0,0,0,0,0,0,0,0
4618,60.980401,0,1.904659,0,38.036552,24.913811,0.802659,2.858169,0,89.038163,0,14.804068,0,60.579361,33.729713,60.593162,49.956066,33.662868,50,27,0,0,0,0,0,0,0,0
4619,60.541266,0,1.897173,0,37.877719,25.029288,0.800364,2.861022,0,89.130113,0,14.910084,0,60.48278,33.839905,60.728155,49.993596,33.737864,50,27,0,0,0,0,0,0,0,0
4620,60.895146,0,1.899798,0,38.035909,24.884489,0.799369,2.857547,0,88.640138,0,14.809351,0,60.669603,33.673898,60.549471,49.94424,33.638595,50,27,0,0,0,0,0,0,0,0
4621,60.534182,0,1.900052,0,38.059776,25.055447,0.799136,2.846976,0,89.326109,0,14.821405,0,60.689919,33.74308,60.723226,49.992543,33.735126,50,27,0,0,0,0,0,0,0,0
4622,60.732603,0,1.900559,0,38.092318,24.966955,0.802689,2.850761,0,88.819694,0,14.898076,0,60.846177,33.712067,60.811985,50.017113,33.784436,50,27,0,0,0,0,0,0,0,0
4623,60.763132,0,1.90382,0,38.039236,25.001332,0.802891,2.863611,0,89.174706,0,14.852103,0,60.919534,33.480429,60.398868,49.902844,33.554927,50,27,0,0,0,0,0,0,0,0
4624,60.500024,0,1.896661,0,37.892389,24.994907,0.803797,2.854004,0,88.955922,0,14.795779,0,60.652623,33.664163,60.552062,49.945669,33.640034,50,27,0,0,0,0,0,0,0,0
4625,60.661757,0,1.894556,0,37.921644,25.000831,0.802932,2.85703,0,88.783945,0,14.902256,0,60.371896,33.833791,60.635428,49.968982,33.686349,50,27,0,0,0,0,0,0,0,0
4626,60.478025,0,1.905895,0,37.915122,25.106682,0.800795,2.852334,0,89.02812,0,14.835047,0,60.385186,33.917108,60.807994,50.016832,33.782219,50,27,0,0,0,0,0,0,0,0
4627,60.640424,0,1.898693,0,37.968427,24.929128,0.79748,2.850689,0,89.128743,0,14.831253,0,60.307549,33.884776,60.635731,49.969136,33.686517,50,27,0,0,0,0,0,0,0,0
4628,60.750522,0,1.900416,0,37.849643,25.031543,0.79886,2.861619,0,89.041894,0,14.831879,0,60.617888,33.896721,60.950755,50.056361,33.861531,50,27,0,0,0,0,0,0,0,0
4629,60.74172,0,1.905306,0,37.999099,25.10533,0.79541,2.848386,0,89.049234,0,14.804478,0,60.977415,33.737155,60.952895,50.056672,33.862719,50,27,0,0,0,0,0,0,0,0
4630,60.639472,0,1.903051,0,37.812799,25.047506,0.801613,2.845026,0,89.569509,0,14.923691,0,60.843043,33.55816,60.442488,49.915315,33.57916,50,27,0,0,0,0,0,0,0,0
4631,60.882939,0,1.894018,0,38.172426,24.901282,0.799518,2.84291,0,89.29548,0,14.858062,0,60.910533,33.691435,60.816139,50.019013,33.786744,50,27,0,0,0,0,0,0,0,0
4632,60.803887,0,1.888532,0,37.72763,24.986214,0.801623,2.839832,0,88.911221,0,14.812671,0,60.848758,33.745035,60.873326,50.034724,33.818515,50,27,0,0,0,0,0,0,0,0
4633,60.938093,0,1.894339,0,38.083264,24.878092,0.803799,2.853321,0,89.367036,0,14.844706,0,60.72415,33.534976,60.304089,49.877216,33.502271,50,27,0,0,0,0,0,0,0,0
4634,60.598137,0,1.893119,0,38.077034,25.026997,0.800825,2.845321,0,89.579746,0,14.866469,0,60.756972,33.682391,60.674118,49.980102,33.707843,50,27,0,0,0,0,0,0,0,0
4635,60.952591,0,1.899878,0,38.160284,25.035321,0.803701,2.840527,0,88.721939,0,14.867376,0,60.875886,33.639375,60.707473,49.98942,33.726374,50,27,0,0,0,0,0,0,0,0
4636,60.718504,0,1.898889,0,38.156034,24.959383,0.799303,2.84893,0,88.766825,0,14.803526,0,60.74472,33.703001,60.721046,49.993224,33.733914,50,27,0,0,0,0,0,0,0,0
4637,60.530007,0,1.91064,0,37.846203,25.061282,0.801745,2.862192,0,89.089721,0,14.793679,0,60.573457,33.973121,61.121047,50.103817,33.956137,50,27,0,0,0,0,0,0,0,0
4638,60.672621,0,1.898458,0,37.988766,24.952936,0.801688,2.859181,0,89.172884,0,14.798247,0,60.717128,33.875242,61.02403,50.076485,33.902239,50,27,0,0,0,0,0,0,0,0
4639,60.707678,0,1.895912,0,38.032616,24.97194,0.80461,2.857037,0,89.180502,0,14.897527,0,60.82354,33.691476,60.723628,49.993075,33.735349,50,27,0,0,0,0,0,0,0,0
4640,61.02765,0,1.898531,0,38.171136,24.990027,0.797855,2.861044,0,89.834108,0,14.828494,0,60.57238,33.915249,60.950735,50.05588,33.861519,50,27,0,0,0,0,0,0,0,0
4641,60.804808,0,1.903056,0,37.751993,25.006539,0.797291,2.845315,0,89.106891,0,14.830086,0,60.672019,33.996652,61.198436,50.124066,33.999131,50,27,0,0,0,0,0,0,0,0
4642,60.768193,0,1.90166,0,37.989277,24.953866,0.798026,2.860018,0,89.296372,0,14.877899,0,60.529608,33.863786,60.74286,49.997529,33.746033,50,27,0,0,0,0,0,0,0,0
4643,60.553995,0,1.902023,0,38.06668,25.029337,0.795999,2.846518,0,89.475191,0,14.904495,0,61.016322,33.695483,60.861231,50.030259,33.811795,50,27,0,0,0,0,0,0,0,0
4644,60.866765,0,1.901827,0,38.074782,24.975656,0.798309,2.857423,0,89.303856,0,14.942803,0,60.62383,33.837037,60.777022,50.006833,33.765012,50,27,0,0,0,0,0,0,0,0
4645,60.891705,0,1.904654,0,38.085855,24.927017,0.804059,2.873576,0,88.780568,0,14.813636,0,60.761221,33.926496,61.093541,50.094284,33.940856,50,27,0,0,0,0,0,0,0,0
4646,60.628742,0,1.889683,0,38.162457,24.957645,0.798696,2.853282,0,89.279398,0,14.909491,0,60.909483,33.575717,60.48111,49.924542,33.600617,50,27,0,0,0,0,0,0,0,0
4647,60.628331,0,1.89842,0,37.969997,24.990325,0.796468,2.842354,0,89.655419,0,14.900361,0,60.955166,33.580395,60.563432,49.947671,33.646351,50,27,0,0,0,0,0,0,0,0
4648,60.48203,0,1.898932,0,38.089289,25.18833,0.794527,2.85159,0,89.701854,0,14.916441,0,60.806229,33.797029,60.895943,50.039835,33.83108,50,27,0,0,0,0,0,0,0,0
4649,60.818233,0,1.890989,0,37.883613,25.165616,0.80098,2.847448,0,88.540015,0,14.787334,0,60.909127,33.708628,60.806761,50.014988,33.781534,50,27,0,0,0,0,0,0,0,0
4650,60.400991,0,1.906146,0,37.942278,25.035087,0.795433,2.846136,0,89.188865,0,14.81253,0,60.976372,33.599197,60.649575,49.971467,33.694208,50,27,0,0,0,0,0,0,0,0
4651,60.950172,0,1.898217,0,37.973061,24.881292,0.799514,2.840506,0,88.750562,0,14.921968,0,60.867907,33.675612,60.722721,49.991827,33.734845,50,27,0,0,0,0,0,0,0,0
4652,60.963781,0,1.914157,0,38.02973,24.933808,0.798279,2.838833,0,89.474963,0,14.766101,0,60.70017,33.72422,60.666591,49.976353,33.703662,50,27,0,0,0,0,0,0,0,0
4653,60.9783,0,1.89432,0,37.843408,25.041127,0.80333,2.85414,0,88.944448,0,14.870238,0,60.600732,33.793737,60.71589,49.990097,33.73105,50,27,0,0,0,0,0,0,0,0
4654,60.791903,0,1.906019,0,38.101397,25.032918,0.802568,2.85127,0,89.355272,0,14.862933,0,60.29742,33.926342,60.685093,49.981634,33.713941,50,27,0,0,0,0,0,0,0,0
4655,60.575022,0,1.896591,0,37.830058,24.99397,0.80408,2.852373,0,89.123805,0,14.757841,0,60.298641,33.946884,60.705416,49.987343,33.725231,50,27,0,0,0,0,0,0,0,0
4656,60.706568,0,1.897586,0,37.962548,25.003551,0.800093,2.850988,0,89.213324,0,14.829343,0,60.528463,33.837224,60.6785,49.979966,33.710278,50,27,0,0,0,0,0,0,0,0
4657,60.947773,0,1.901175,0,38.088381,25.053891,0.800461,2.854758,0,89.888716,0,14.834377,0,60.948623,33.535224,60.452251,49.917532,33.584584,50,27,0,0,0,0,0,0,0,0
4658,60.73529,0,1.89666,0,37.982607,24.931401,0.798666,2.865974,0,88.81189,0,14.86533,0,61.130305,33.579483,60.758317,50.002537,33.75462,50,27,0,0,0,0,0,0,0,0
4659,60.678753,0,1.904019,0,38.271965,25.110835,0.799992,2.85272,0,88.806567,0,14.826939,0,60.788377,33.71674,60.729164,49.994467,33.738424,50,27,0,0,0,0,0,0,0,0
4660,60.676079,0,1.893718,0,37.876602,25.057522,0.802366,2.845599,0,89.22391,0,14.829802,0,60.705563,33.723774,60.664888,49.976729,33.702715,50,27,0,0,0,0,0,0,0,0
4661,60.50862,0,1.903736,0,37.721035,25.024923,0.8009,2.8357,0,89.106945,0,14.937457,0,60.632942,33.848063,60.85698,50.029938,33.809433,50,27,0,0,0,0,0,0,0,0
4662,60.937255,0,1.902086,0,37.856068,25.03576,0.801244,2.853366,0,89.322118,0,14.848706,0,60.580942,33.850897,60.796956,50.013199,33.776087,50,27,0,0,0,0,0,0,0,0
4663,60.753592,0,1.900829,0,38.099486,25.000213,0.79779,2.848391,0,89.007283,0,14.962306,0,61.080233,33.659634,60.879302,50.035893,33.821835,50,27,0,0,0,0,0,0,0,0
4664,60.589357,0,1.892918,0,38.033926,24.802957,0.80196,2.834912,0,89.419311,0,14.852149,0,60.686489,33.732748,60.652341,49.972983,33.695745,50,27,0,0,0,0,0,0,0,0
4665,60.824001,0,1.908619,0,37.967944,24.873358,0.802142,2.850865,0,89.150466,0,14.837548,0,60.878816,33.66855,60.711384,49.989437,33.728547,50,27,0,0,0,0,0,0,0,0
4666,60.943406,0,1.899693,0,37.976364,24.969196,0.800084,2.847854,0,89.108041,0,14.878677,0,61.014635,33.567549,60.644618,49.971036,33.691454,50,27,0,0,0,0,0,0,0,0
4667,60.683061,0,1.902911,0,38.025926,24.876457,0.799811,2.837529,0,88.573336,0,14.881494,0,60.762742,33.819678,60.947686,50.054946,33.859825,50,27,0,0,0,0,0,0,0,0
4668,60.677147,0,1.893356,0,37.965061,24.89881,0.798299,2.857745,0,89.222754,0,14.824188,0,60.908416,33.417592,60.23365,49.857317,33.463139,50,27,0,0,0,0,0,0,0,0
4669,60.413456,0,1.900196,0,38.050876,25.019053,0.79986,2.851313,0,89.173253,0,14.858303,0,60.861423,33.685615,60.794193,50.012958,33.774552,50,27,0,0,0,0,0,0,0,0
4670,60.988902,0,1.892299,0,38.012503,24.967447,0.800974,2.851986,0,88.972525,0,14.784908,0,60.522327,33.841936,60.789037,50.011469,33.771687,50,27,0,0,0,0,0,0,0,0
4671,60.46579,0,1.907307,0,37.887002,24.986165,0.804407,2.852659,0,89.267951,0,14.826918,0,60.48192,33.859647,60.76932,50.005962,33.760733,50,27,0,0,0,0,0,0,0,0
4672,60.588334,0,1.899998,0,38.053005,25.018273,0.801401,2.835621,0,89.343252,0,14.853664,0,60.764487,33.780613,60.867212,50.032989,33.815118,50,27,0,0,0,0,0,0,0,0
4673,60.573122,0,1.897007,0,37.964108,24.886673,0.802465,2.855736,0,89.190807,0,14.935788,0,60.611388,33.756581,60.657,49.974723,33.698333,50,27,0,0,0,0,0,0,0,0
4674,60.476454,0,1.898541,0,38.086222,25.013384,0.801529,2.842791,0,89.254,0,14.763432,0,60.789167,33.744698,60.806863,50.016271,33.781591,50,27,0,0,0,0,0,0,0,0
4675,60.617114,0,1.897791,0,38.112672,25.003225,0.800062,2.846131,0,89.553171,0,14.727551,0,60.834094,33.677907,60.709797,49.989361,33.727665,50,27,0,0,0,0,0,0,0,0
4676,60.470738,0,1.895488,0,38.070117,24.978353,0.797907,2.837914,0,89.345427,0,14.858459,0,60.749295,33.690859,60.660087,49.975674,33.700048,50,27,0,0,0,0,0,0,0,0
4677,60.803574,0,1.899337,0,38.041538,24.964414,0.796347,2.866152,0,88.751524,0,14.856404,0,60.75175,33.721404,60.732548,49.995823,33.740304,50,27,0,0,0,0,0,0,0,0
4678,60.367933,0,1.901192,0,38.049632,25.067894,0.80604,2.846027,0,88.792036,0,14.835475,0,60.347931,34.062923,61.050321,50.083675,33.916845,50,27,0,0,0,0,0,0,0,0
4679,60.43844,0,1.908452,0,38.004877,25.097816,0.799004,2.850394,0,89.028963,0,14.867733,0,60.522774,33.925601,60.891601,50.039389,33.828667,50,27,0,0,0,0,0,0,0,0
4680,60.645068,0,1.901554,0,37.924794,24.959033,0.796091,2.847388,0,89.391058,0,14.879939,0,60.933648,33.558425,60.504911,49.932314,33.613839,50,27,0,0,0,0,0,0,0,0
4681,60.804159,0,1.908668,0,38.336648,25.13189,0.796793,2.847268,0,88.947577,0,14.876267,0,60.753958,33.774374,60.807536,50.016295,33.781964,50,27,0,0,0,0,0,0,0,0
4682,60.717914,0,1.89859,0,37.950007,25.083116,0.79969,2.839549,0,89.307256,0,14.918579,0,60.266106,34.018081,60.830403,50.022534,33.794669,50,27,0,0,0,0,0,0,0,0
4683,60.517043,0,1.88774,0,38.010869,24.958826,0.800979,2.84973,0,88.997555,0,14.828535,0,60.765475,33.854659,60.949786,50.055419,33.860992,50,27,0,0,0,0,0,0,0,0
4684,60.500734,0,1.901622,0,38.015804,24.942142,0.799512,2.844884,0,89.387758,0,14.886002,0,60.914952,33.613418,60.578876,49.952625,33.654931,50,27,0,0,0,0,0,0,0,0
4685,60.777307,0,1.896498,0,38.005952,24.943334,0.801576,2.856997,0,89.451616,0,14.904122,0,61.120731,33.537628,60.645791,49.971356,33.692106,50,27,0,0,0,0,0,0,0,0
4686,60.505349,0,1.896114,0,38.306435,24.946998,0.801123,2.850046,0,88.80214,0,14.745076,0,60.87651,33.752855,60.885247,50.037683,33.825137,50,27,0,0,0,0,0,0,0,0
4687,60.924654,0,1.906558,0,37.928615,24.970082,0.799799,2.847486,0,89.045205,0,14.814333,0,60.866607,33.767528,60.905749,50.043162,33.836527,50,27,0,0,0,0,0,0,0,0
4688,60.728393,0,1.89516,0,38.032298,25.029844,0.79996,2.84016,0,88.332446,0,14.828287,0,60.780824,33.708648,60.69332,49.984233,33.718511,50,27,0,0,0,0,0,0,0,0
4689,60.670087,0,1.901816,0,37.927995,25.015008,0.798232,2.836745,0,89.190579,0,14.849614,0,60.54201,33.882979,60.827705,50.021455,33.793169,50,27,0,0,0,0,0,0,0,0
4690,60.632397,0,1.898642,0,37.955637,24.967936,0.800258,2.846477,0,88.906377,0,14.786025,0,60.699597,33.728275,60.641106,49.969773,33.689503,50,27,0,0,0,0,0,0,0,0
4691,60.95026,0,1.896679,0,38.186876,25.083563,0.801308,2.841914,0,88.998411,0,14.915383,0,61.074193,33.616262,60.78308,50.009165,33.768378,50,27,0,0,0,0,0,0,0,0
4692,60.570393,0,1.893432,0,37.979505,25.06669,0.800011,2.86567,0,89.422051,0,14.906743,0,60.921411,33.81034,61.057877,50.085072,33.921043,50,27,0,0,0,0,0,0,0,0
4693,60.423817,0,1.908715,0,38.143199,24.96356,0.801428,2.843748,0,89.125118,0,14.737673,0,60.689233,33.734664,60.657541,49.973997,33.698634,50,27,0,0,0,0,0,0,0,0
4694,60.876265,0,1.897766,0,38.049205,24.900327,0.800605,2.834365,0,89.422853,0,14.855995,0,60.430392,34.018064,60.998477,50.06836,33.888043,50,27,0,0,0,0,0,0,0,0
4695,60.799955,0,1.903734,0,38.024533,25.049931,0.803716,2.845805,0,89.713027,0,14.896284,0,60.936829,33.603416,60.594761,49.956434,33.663756,50,27,0,0,0,0,0,0,0,0
4696,60.8883,0,1.898014,0,37.969119,24.994694,0.800816,2.864598,0,89.352727,0,14.905236,0,60.75835,33.844995,60.947241,50.054075,33.859578,50,27,0,0,0,0,0,0,0,0
4697,60.647099,0,1.897925,0,37.87374,25.096078,0.801143,2.846086,0,89.319478,0,14.884877,0,60.644007,33.875122,60.884643,50.036504,33.824802,50,27,0,0,0,0,0,0,0,0
4698,61.075643,0,1.892187,0,37.9483,24.961104,0.800374,2.841933,0,89.276752,0,14.903183,0,60.782546,33.754376,60.753443,50.000059,33.751913,50,27,0,0,0,0,0,0,0,0
4699,60.838659,0,1.899711,0,38.119196,24.905139,0.801292,2.852884,0,88.53046,0,14.833058,0,60.658853,33.748089,60.618307,49.962708,33.676837,50,27,0,0,0,0,0,0,0,0
4700,60.724996,0,1.895267,0,38.037392,25.063688,0.800323,2.846233,0,89.036264,0,14.884785,0,60.655129,33.760008,60.642259,49.969514,33.690144,50,27,0,0,0,0,0,0,0,0
4701,60.865031,0,1.902935,0,38.002747,25.041497,0.801934,2.857696,0,89.271999,0,14.863084,0,60.56764,33.77526,60.587747,49.954599,33.659859,50,27,0,0,0,0,0,0,0,0
4702,60.684107,0,1.901111,0,38.176384,24.914007,0.798381,2.853573,0,89.293715,0,14.835166,0,61.136948,33.515602,60.608081,49.960445,33.671156,50,27,0,0,0,0,0,0,0,0
4703,61.095271,0,1.901802,0,37.956538,24.955124,0.800725,2.849283,0,89.433229,0,14.91346,0,60.9276,33.595761,60.600873,49.958649,33.667152,50,27,0,0,0,0,0,0,0,0
4704,60.709543,0,1.89732,0,38.037455,24.989614,0.801642,2.860605,0,89.697609,0,14.881687,0,60.480512,33.825789,60.659421,49.975037,33.699678,50,27,0,0,0,0,0,0,0,0
4705,60.701257,0,1.904031,0,37.880291,24.962319,0.799682,2.85656,0,88.781206,0,14.92346,0,60.626598,33.835639,60.815103,50.018192,33.786168,50,27,0,0,0,0,0,0,0,0
4706,60.771827,0,1.907294,0,38.045368,25.074364,0.801601,2.863685,0,88.90167,0,14.856735,0,60.909683,33.718324,60.838946,50.024691,33.799414,50,27,0,0,0,0,0,0,0,0
4707,60.873148,0,1.894945,0,37.877392,24.950796,0.801928,2.84274,0,89.32872,0,14.797071,0,60.730453,33.682229,60.587997,49.955207,33.659998,50,27,0,0,0,0,0,0,0,0
4708,60.92657,0,1.906792,0,38.000075,24.877972,0.799744,2.848072,0,88.948221,0,14.858428,0,60.314159,34.098784,61.059278,50.08569,33.921821,50,27,0,0,0,0,0,0,0,0
4709,60.381045,0,1.899269,0,38.183776,24.950421,0.802478,2.839682,0,89.266013,0,14.966905,0,60.812891,33.80969,60.901633,50.041691,33.834241,50,27,0,0,0,0,0,0,0,0
4710,60.781016,0,1.896668,0,37.905727,25.023254,0.799511,2.856091,0,88.953267,0,14.848485,0,60.832937,33.696437,60.677238,49.979462,33.709577,50,27,0,0,0,0,0,0,0,0
4711,60.694253,0,1.898801,0,38.092878,24.90997,0.80384,2.8545,0,89.284632,0,14.856424,0,60.899011,33.778516,60.92618,50.048371,33.847878,50,27,0,0,0,0,0,0,0,0
4712,60.469632,0,1.898395,0,37.96485,25.092509,0.804759,2.861034,0,89.279013,0,14.893577,0,60.858515,33.785405,60.898517,50.040484,33.83251,50,27,0,0,0,0,0,0,0,0
4713,60.49748,0,1.90811,0,37.907014,25.051885,0.797747,2.850532,0,89.288787,0,14.798491,0,60.727771,33.525985,60.218059,49.852207,33.454477,50,27,0,0,0,0,0,0,0,0
4714,60.566503,0,1.902162,0,38.083979,25.067468,0.800233,2.848708,0,88.939423,0,14.88795,0,60.924964,33.584132,60.569763,49.950152,33.649868,50,27,0,0,0,0,0,0,0,0
4715,60.912916,0,1.906043,0,38.097592,24.956426,0.799711,2.851497,0,89.614542,0,14.853885,0,60.708236,33.704604,60.629355,49.966871,33.682975,50,27,0,0,0,0,0,0,0,0
4716,60.792311,0,1.899956,0,37.807311,24.884886,0.801698,2.85074,0,88.936524,0,14.880948,0,60.800087,33.681934,60.678316,49.980568,33.710175,50,27,0,0,0,0,0,0,0,0
4717,61.11173,0,1.893888,0,37.759507,24.950252,0.802836,2.829642,0,88.38671,0,14.790997,0,60.749333,33.81928,60.924889,50.048817,33.84716,50,27,0,0,0,0,0,0,0,0
4718,60.765872,0,1.893544,0,37.863265,24.858228,0.802376,2.851556,0,88.748302,0,14.844967,0,60.846599,33.517684,60.375002,49.896587,33.541668,50,27,0,0,0,0,0,0,0,0
4719,60.533753,0,1.902079,0,37.905567,25.053449,0.801673,2.87186,0,89.228338,0,14.825126,0,60.771292,33.587365,60.476155,49.92506,33.597864,50,27,0,0,0,0,0,0,0,0
4720,60.441456,0,1.898933,0,38.148948,24.971171,0.799006,2.854229,0,89.473465,0,14.813879,0,60.686369,33.678007,60.600875,49.959905,33.667153,50,27,0,0,0,0,0,0,0,0
4721,60.713373,0,1.899571,0,37.962726,24.968932,0.797238,2.839233,0,88.964714,0,14.827004,0,60.336216,33.88904,60.701212,49.987837,33.722896,50,27,0,0,0,0,0,0,0,0
4722,60.918429,0,1.901831,0,38.094069,25.03085,0.797649,2.85611,0,89.073168,0,14.824225,0,60.681143,33.641675,60.501542,49.93271,33.611968,50,27,0,0,0,0,0,0,0,0
4723,60.65338,0,1.889506,0,37.773866,25.003823,0.801993,2.843694,0,88.847537,0,14.807281,0,60.805126,33.531339,60.40401,49.906087,33.557783,50,27,0,0,0,0,0,0,0,0
4724,61.021197,0,1.893649,0,37.86725,24.970312,0.803252,2.846882,0,88.71804,0,14.87521,0,60.710747,33.480751,60.227992,49.857904,33.459996,50,27,0,0,0,0,0,0,0,0
4725,60.856031,0,1.896265,0,37.940939,25.031961,0.800341,2.856818,0,89.150435,0,14.966013,0,60.465882,34.027932,61.167509,50.118289,33.981949,50,27,0,0,0,0,0,0,0,0
4726,60.528071,0,1.894166,0,37.978724,24.964568,0.802161,2.855093,0,89.097544,0,14.784058,0,60.74647,33.732682,60.781451,50.010996,33.767473,50,27,0,0,0,0,0,0,0,0
4727,60.682762,0,1.915014,0,37.741528,25.054819,0.800574,2.86408,0,88.92109,0,14.900942,0,60.377207,33.848069,60.653398,49.975548,33.696332,50,27,0,0,0,0,0,0,0,0
4728,60.585288,0,1.903452,0,37.984198,25.068672,0.800049,2.849267,0,88.898971,0,14.857576,0,60.678153,33.749963,60.730139,49.99688,33.738966,50,27,0,0,0,0,0,0,0,0
4729,60.666675,0,1.896496,0,37.902856,25.102427,0.799873,2.849711,0,89.215346,0,14.817789,0,60.319135,34.030333,60.959278,50.060229,33.866265,50,27,0,0,0,0,0,0,0,0
4730,60.855728,0,1.912694,0,37.787109,25.111145,0.803926,2.843012,0,89.164414,0,14.813239,0,60.762351,33.787715,60.850711,50.029922,33.805951,50,27,0,0,0,0,0,0,0,0
4731,60.882507,0,1.901746,0,37.893117,25.119227,0.800262,2.85501,0,89.108694,0,14.887874,0,60.731303,33.625083,60.47109,49.924847,33.59505,50,27,0,0,0,0,0,0,0,0
4732,61.012712,0,1.909231,0,38.186706,25.159995,0.797853,2.854618,0,89.619839,0,14.866178,0,60.872451,33.608806,60.594167,49.959239,33.663426,50,27,0,0,0,0,0,0,0,0
4733,60.720152,0,1.907011,0,38.12439,24.977299,0.800231,2.84022,0,89.236449,0,14.830213,0,60.650477,33.792125,60.776274,50.009776,33.764596,50,27,0,0,0,0,0,0,0,0
4734,60.799257,0,1.891576,0,37.8758,25.076387,0.806262,2.873079,0,89.606464,0,14.821654,0,60.821723,33.710886,60.768295,50.007522,33.760164,50,27,0,0,0,0,0,0,0,0
4735,60.654041,0,1.893226,0,38.095497,25.071969,0.799079,2.844163,0,89.058789,0,14.884932,0,60.457552,33.90986,60.827173,50.023758,33.792874,50,27,0,0,0,0,0,0,0,0
4736,60.59511,0,1.894575,0,38.168953,24.969197,0.799783,2.846475,0,89.656047,0,14.803929,0,60.974432,33.508409,60.474142,49.926063,33.596746,50,27,0,0,0,0,0,0,0,0
4737,60.516766,0,1.898632,0,37.741762,25.006571,0.798904,2.831579,0,89.277002,0,14.848351,0,60.739932,33.691429,60.656967,49.976963,33.698315,50,27,0,0,0,0,0,0,0,0
4738,60.856614,0,1.898582,0,38.018008,25.045612,0.801118,2.841557,0,89.183115,0,14.839667,0,60.464427,33.906244,60.839774,50.027605,33.799874,50,27,0,0,0,0,0,0,0,0
4739,60.874227,0,1.901474,0,37.782901,25.014862,0.803905,2.854597,0,89.092004,0,14.863321,0,60.778185,33.764257,60.830568,50.024923,33.79476,50,27,0,0,0,0,0,0,0,0
4740,60.96692,0,1.898386,0,38.091517,25.029446,0.798626,2.837208,0,89.105265,0,14.896632,0,60.422209,33.913311,60.785728,50.012406,33.769849,50,27,0,0,0,0,0,0,0,0
4741,60.51466,0,1.902148,0,38.042094,24.965713,0.799511,2.856399,0,89.139382,0,14.850538,0,61.226625,33.348935,60.376945,49.899358,33.542747,50,27,0,0,0,0,0,0,0,0
4742,60.763287,0,1.900638,0,38.096598,24.857503,0.79873,2.84008,0,89.045024,0,14.849938,0,61.003965,33.624628,60.788928,50.013729,33.771627,50,27,0,0,0,0,0,0,0,0
4743,60.663745,0,1.902174,0,37.912117,25.013701,0.796813,2.845846,0,89.03353,0,14.909416,0,60.553622,33.733345,60.581352,49.956287,33.656306,50,27,0,0,0,0,0,0,0,0
4744,61.042456,0,1.899268,0,37.729118,25.119365,0.798353,2.860679,0,89.16475,0,14.809499,0,60.757145,33.750368,60.819048,50.022203,33.78836,50,27,0,0,0,0,0,0,0,0
4745,60.376315,0,1.888668,0,37.915258,25.101456,0.798013,2.843858,0,89.363928,0,14.823394,0,60.377933,33.831706,60.607539,49.963633,33.670855,50,27,0,0,0,0,0,0,0,0
4746,60.650963,0,1.897637,0,38.0359,25.013646,0.799492,2.847485,0,89.246232,0,14.871109,0,60.57145,33.915566,60.963599,50.062227,33.868666,50,27,0,0,0,0,0,0,0,0
4747,60.975575,0,1.904443,0,38.041072,24.996625,0.804144,2.853341,0,88.939795,0,14.838747,0,60.531506,33.896729,60.859411,50.03312,33.810784,50,27,0,0,0,0,0,0,0,0
4748,60.868895,0,1.905474,0,38.182264,25.042064,0.797387,2.83007,0,89.316964,0,14.837349,0,60.96377,33.623678,60.695215,49.987572,33.719564,50,27,0,0,0,0,0,0,0,0
4749,60.779479,0,1.903065,0,37.86281,24.983844,0.798571,2.842285,0,89.317865,0,14.811251,0,60.908726,33.637222,60.685525,49.984956,33.71418,50,27,0,0,0,0,0,0,0,0
4750,60.648448,0,1.89376,0,38.274315,25.110722,0.799216,2.843762,0,89.088493,0,14.8075,0,60.733133,33.782786,60.830931,50.02522,33.794962,50,27,0,0,0,0,0,0,0,0
4751,60.877646,0,1.90681,0,38.020482,24.989384,0.797569,2.852901,0,89.405836,0,14.817066,0,60.870373,33.689248,60.764751,50.006803,33.758195,50,27,0,0,0,0,0,0,0,0
4752,61.05267,0,1.89553,0,38.010209,24.902948,0.798989,2.858121,0,89.117582,0,14.898897,0,60.614406,33.79139,60.730841,49.997397,33.739356,50,27,0,0,0,0,0,0,0,0
4753,60.653916,0,1.911164,0,37.947329,25.036656,0.796005,2.854007,0,89.170075,0,14.855814,0,60.772995,33.63672,60.555896,49.949056,33.642165,50,27,0,0,0,0,0,0,0,0
4754,60.840041,0,1.899225,0,37.923344,25.149607,0.803179,2.837931,0,89.367339,0,14.836415,0,61.022409,33.587495,60.715044,49.993297,33.73058,50,27,0,0,0,0,0,0,0,0
4755,60.800557,0,1.896825,0,37.965689,25.151911,0.799017,2.851158,0,89.151589,0,14.841304,0,61.005143,33.62695,60.800215,50.016871,33.777897,50,27,0,0,0,0,0,0,0,0
4756,60.720105,0,1.902248,0,37.958149,25.0376,0.800073,2.842199,0,89.36251,0,14.870246,0,60.604064,33.995317,61.188968,50.124237,33.993871,50,27,0,0,0,0,0,0,0,0
4757,60.883554,0,1.896005,0,37.837887,24.973901,0.800303,2.858241,0,89.292294,0,14.935126,0,60.60948,34.03338,61.238117,50.137203,34.021176,50,27,0,0,0,0,0,0,0,0
4758,60.395736,0,1.903208,0,37.907137,25.079403,0.801101,2.860143,0,88.960164,0,14.860476,0,60.756907,33.750716,60.750008,50.001609,33.750004,50,27,0,0,0,0,0,0,0,0
4759,60.679236,0,1.906265,0,37.903906,24.9903,0.795397,2.849941,0,89.101301,0,14.84185,0,60.933486,33.596983,60.602738,49.960897,33.668188,50,27,0,0,0,0,0,0,0,0
4760,60.640692,0,1.899529,0,38.029409,24.920339,0.800383,2.845454,0,89.384491,0,14.832909,0,60.706444,33.846523,60.922742,50.049539,33.845968,50,27,0,0,0,0,0,0,0,0
4761,61.004892,0,1.903714,0,38.02824,24.943115,0.799244,2.842554,0,88.996416,0,14.821076,0,61.06547,33.565665,60.675814,49.981043,33.708785,50,27,0,0,0,0,0,0,0,0
4762,60.838287,0,1.897042,0,38.168615,24.982866,0.800907,2.838478,0,89.095049,0,14.8979,0,60.642738,33.810794,60.794506,50.013943,33.774725,50,27,0,0,0,0,0,0,0,0
4763,60.632371,0,1.891506,0,37.983438,24.955481,0.803373,2.856148,0,89.093172,0,14.795472,0,60.858964,33.643425,60.648201,49.973435,33.693445,50,27,0,0,0,0,0,0,0,0
4764,60.644667,0,1.89582,0,37.798523,24.961645,0.802951,2.844908,0,89.075624,0,14.808663,0,60.69118,33.760555,60.740661,49.999123,33.744811,50,27,0,0,0,0,0,0,0,0
4765,60.679109,0,1.89578,0,37.962937,24.950467,0.79992,2.841197,0,89.282821,0,14.795185,0,60.55328,33.619071,60.301225,49.877669,33.500681,50,27,0,0,0,0,0,0,0,0
4766,60.481731,0,1.897146,0,37.948275,25.09268,0.798392,2.856108,0,88.794998,0,14.857469,0,60.61441,33.821861,60.80587,50.01776,33.781039,50,27,0,0,0,0,0,0,0,0
4767,60.640101,0,1.899376,0,37.993355,25.04085,0.803077,2.863935,0,88.943418,0,14.815736,0,60.738278,33.680415,60.619408,49.966134,33.677449,50,27,0,0,0,0,0,0,0,0
4768,60.653879,0,1.898134,0,38.123821,24.901388,0.798348,2.854105,0,89.287601,0,14.870793,0,61.126666,33.527984,60.693691,49.986834,33.718717,50,27,0,0,0,0,0,0,0,0
4769,60.605368,0,1.899455,0,38.082491,25.126744,0.800138,2.858994,0,89.066681,0,14.871015,0,60.474385,33.914563,60.883913,50.039476,33.824396,50,27,0,0,0,0,0,0,0,0
4770,61.029239,0,1.89379,0,38.045239,24.918076,0.801238,2.852163,0,89.101826,0,14.819342,0,60.735848,33.845884,60.974909,50.064431,33.87495,50,27,0,0,0,0,0,0,0,0
4771,60.507616,0,1.900357,0,38.038605,24.983419,0.80186,2.835499,0,88.831332,0,14.817543,0,60.755107,33.756628,60.790953,50.013265,33.772752,50,27,0,0,0,0,0,0,0,0
4772,60.652367,0,1.907551,0,38.176236,25.031391,0.802218,2.846108,0,89.023431,0,14.873476,0,60.645426,33.695274,60.549614,49.946494,33.638674,50,27,0,0,0,0,0,0,0,0
4773,61.296747,0,1.900263,0,38.233175,24.950708,0.802361,2.850434,0,89.031972,0,14.916636,0,60.691249,33.795171,60.812145,50.019323,33.784525,50,27,0,0,0,0,0,0,0,0
4774,60.731132,0,1.907777,0,38.061682,25.073376,0.80232,2.851235,0,89.348245,0,14.841688,0,60.54441,34.101752,61.304445,50.155296,34.058025,50,27,0,0,0,0,0,0,0,0
4775,60.885481,0,1.896732,0,38.219295,24.90774,0.795687,2.84416,0,89.50624,0,14.893965,0,60.592182,33.901625,60.882571,50.03792,33.823651,50,27,0,0,0,0,0,0,0,0
4776,60.841488,0,1.900872,0,38.025889,25.009598,0.801874,2.831031,0,88.969289,0,14.895793,0,60.974068,33.737525,60.900158,50.042592,33.833421,50,27,0,0,0,0,0,0,0,0
4777,60.736391,0,1.897502,0,38.063543,24.981305,0.800882,2.859162,0,89.311301,0,14.862133,0,60.658462,33.878365,60.886257,50.038538,33.825698,50,27,0,0,0,0,0,0,0,0
4778,60.786596,0,1.899129,0,37.929368,24.989311,0.79964,2.858035,0,88.815116,0,14.913152,0,60.833697,33.920814,61.136796,50.107594,33.964887,50,27,0,0,0,0,0,0,0,0
4779,60.85202,0,1.893167,0,37.991986,24.94985,0.799045,2.863908,0,88.538779,0,14.848413,0,61.16975,33.698334,60.984611,50.064995,33.880339,50,27,0,0,0,0,0,0,0,0
4780,60.853569,0,1.891132,0,38.098151,25.059927,0.796309,2.85499,0,89.556973,0,14.955051,0,60.75649,33.95341,61.120973,50.102362,33.956096,50,27,0,0,0,0,0,0,0,0
4781,60.692112,0,1.89473,0,38.082912,25.043149,0.801419,2.853412,0,88.823061,0,14.902418,0,60.920958,33.663424,60.650972,49.971946,33.694985,50,27,0,0,0,0,0,0,0,0
4782,60.835239,0,1.899583,0,37.931436,24.944256,0.804299,2.853039,0,89.614763,0,14.833138,0,60.731476,33.85894,60.890781,50.038368,33.828212,50,27,0,0,0,0,0,0,0,0
4783,60.623723,0,1.902575,0,38.096991,25.003269,0.802004,2.861233,0,89.365175,0,14.919125,0,60.847747,33.767731,60.804701,50.014385,33.780389,50,27,0,0,0,0,0,0,0,0
4784,60.790849,0,1.89596,0,38.002495,25.049857,0.798431,2.841938,0,89.492181,0,14.867017,0,60.898518,33.792651,60.910728,50.043619,33.839294,50,27,0,0,0,0,0,0,0,0
4785,60.791581,0,1.908576,0,38.074806,24.989681,0.799805,2.865845,0,89.302534,0,14.843882,0,61.082627,33.59642,60.680148,49.979671,33.711193,50,27,0,0,0,0,0,0,0,0
4786,60.704236,0,1.910482,0,38.023718,24.944425,0.798021,2.847482,0,89.807465,0,14.815604,0,60.911128,33.63152,60.607844,49.959787,33.671025,50,27,0,0,0,0,0,0,0,0
4787,60.440313,0,1.897828,0,37.940387,24.962202,0.800668,2.857765,0,89.3954,0,14.90628,0,60.803559,33.829575,60.937002,50.050965,33.85389,50,27,0,0,0,0,0,0,0,0
4788,60.7737,0,1.901199,0,38.107491,25.036929,0.79691,2.843645,0,89.778355,0,14.830801,0,60.40781,33.78825,60.445743,49.91493,33.580968,50,27,0,0,0,0,0,0,0,0
4789,60.65441,0,1.904125,0,38.028008,25.16116,0.799374,2.843716,0,89.12432,0,14.781762,0,60.427943,33.894613,60.687864,49.982274,33.71548,50,27,0,0,0,0,0,0,0,0
4790,60.78133,0,1.893241,0,37.933658,24.959546,0.799724,2.840553,0,89.127666,0,14.818981,0,60.441825,33.908078,60.713905,49.98956,33.729947,50,27,0,0,0,0,0,0,0,0
4791,60.8064,0,1.897009,0,37.828078,24.968024,0.796056,2.847276,0,89.077915,0,14.857373,0,60.835131,33.726133,60.706416,49.987542,33.725786,50,27,0,0,0,0,0,0,0,0
4792,60.708687,0,1.916765,0,38.076963,25.043642,0.797864,2.860428,0,89.408369,0,14.83164,0,61.11689,33.7437,61.033275,50.077946,33.907375,50,27,0,0,0,0,0,0,0,0
4793,60.825792,0,1.908525,0,38.018355,25.222176,0.804757,2.834703,0,89.21387,0,14.960676,0,60.756553,33.812652,60.823609,50.019608,33.790894,50,27,0,0,0,0,0,0,0,0
4794,60.934855,0,1.90036,0,38.017339,25.002813,0.799257,2.853991,0,89.550711,0,14.900679,0,60.599134,33.760962,60.552965,49.944705,33.640536,50,27,0,0,0,0,0,0,0,0
4795,60.965571,0,1.895905,0,38.115934,25.104239,0.801,2.855424,0,89.629664,0,14.815379,0,60.708965,33.748187,60.638735,49.968687,33.688186,50,27,0,0,0,0,0,0,0,0
4796,60.706165,0,1.903924,0,38.099306,24.958492,0.800902,2.844526,0,89.09015,0,14.881088,0,60.861372,33.709328,60.713562,49.989525,33.729757,50,27,0,0,0,0,0,0,0,0
4797,60.465082,0,1.902851,0,37.879264,24.882322,0.799711,2.855474,0,89.469669,0,14.85749,0,60.832024,33.758512,60.7972,50.012694,33.776222,50,27,0,0,0,0,0,0,0,0
4798,60.359383,0,1.902872,0,38.195496,24.959476,0.799699,2.829747,0,89.068466,0,14.840906,0,60.929434,33.84653,61.082449,50.091472,33.934694,50,27,0,0,0,0,0,0,0,0
4799,60.754532,0,1.909477,0,37.953736,25.140326,0.798977,2.861945,0,89.340785,0,14.825015,0,60.755133,33.80734,60.815919,50.01735,33.786622,50,27,0,0,0,0,0,0,0,0
4800,60.873268,0,1.904834,0,38.095034,24.995899,0.797871,2.855889,0,89.372722,0,14.832114,0,60.6789,33.733862,60.580895,49.952304,33.656053,50,27,0,0,0,0,0,0,0,0
4801,60.586085,0,1.897009,0,37.965652,25.017979,0.803224,2.844282,0,89.383979,0,14.847382,0,61.006364,33.694216,60.830856,50.021629,33.79492,50,27,0,0,0,0,0,0,0,0
4802,60.44418,0,1.895033,0,38.023096,24.915476,0.798046,2.854527,0,88.956079,0,14.89082,0,60.709902,33.549563,60.240236,49.858276,33.466798,50,27,0,0,0,0,0,0,0,0
4803,60.708335,0,1.894599,0,37.759088,25.003039,0.800997,2.84712,0,89.119212,0,14.980816,0,60.984245,33.865359,61.210065,50.127038,34.005592,50,27,0,0,0,0,0,0,0,0
4804,60.624753,0,1.893956,0,38.09856,24.960956,0.800909,2.842229,0,89.42419,0,14.832548,0,60.898441,33.669482,60.696969,49.984589,33.720538,50,27,0,0,0,0,0,0,0,0
4805,60.848354,0,1.898547,0,37.933658,24.850242,0.801095,2.842312,0,89.14511,0,14.854205,0,60.626518,33.855754,60.830556,50.021588,33.794753,50,27,0,0,0,0,0,0,0,0
4806,60.401845,0,1.903469,0,38.051071,25.040611,0.799563,2.847857,0,89.207482,0,14.897967,0,60.668162,33.739543,60.614314,49.961713,33.674619,50,27,0,0,0,0,0,0,0,0
4807,60.508645,0,1.900365,0,37.894953,25.152384,0.799324,2.844338,0,89.405981,0,14.907601,0,60.820689,33.649581,60.580444,49.952541,33.655802,50,27,0,0,0,0,0,0,0,0
4808,60.653092,0,1.899362,0,37.807894,25.040928,0.799535,2.844584,0,89.298685,0,14.860854,0,60.505111,33.979039,60.974831,50.061785,33.874906,50,27,0,0,0,0,0,0,0,0
4809,60.6785,0,1.903791,0,38.001941,24.950513,0.800459,2.852381,0,89.630588,0,14.86309,0,60.904029,33.803869,60.974892,50.061494,33.87494,50,27,0,0,0,0,0,0,0,0
4810,60.905292,0,1.901052,0,38.152333,25.004561,0.800088,2.849191,0,88.882552,0,14.863142,0,61.05523,33.558953,60.605044,49.958964,33.669469,50,27,0,0,0,0,0,0,0,0
4811,60.80401,0,1.898706,0,38.057476,24.936699,0.799007,2.849421,0,89.258281,0,14.910079,0,60.555523,33.73841,60.512017,49.933455,33.617787,50,27,0,0,0,0,0,0,0,0
4812,60.89707,0,1.886789,0,37.852941,25.193173,0.800264,2.851331,0,89.679235,0,14.885456,0,61.01766,33.5284,60.533883,49.93983,33.629935,50,27,0,0,0,0,0,0,0,0
4813,60.546755,0,1.896812,0,38.115436,25.00575,0.796143,2.856619,0,89.531678,0,14.866979,0,60.804544,33.848076,61.02532,50.075961,33.902955,50,27,0,0,0,0,0,0,0,0
4814,60.998636,0,1.897121,0,38.270051,24.924429,0.799468,2.834279,0,89.335611,0,14.834634,0,60.28027,33.903579,60.604323,49.959221,33.669068,50,27,0,0,0,0,0,0,0,0
4815,60.766341,0,1.898988,0,37.764357,25.021263,0.799811,2.836499,0,89.432856,0,14.895817,0,60.675807,33.715989,60.58391,49.953782,33.657728,50,27,0,0,0,0,0,0,0,0
4816,60.818601,0,1.897029,0,37.894242,24.929362,0.802252,2.853833,0,89.639189,0,14.897461,0,61.105282,33.701214,60.987962,50.06569,33.882201,50,27,0,0,0,0,0,0,0,0
4817,60.541761,0,1.891682,0,38.131803,25.013742,0.802439,2.851495,0,89.361746,0,14.887484,0,60.779056,33.806159,60.890437,50.038408,33.82802,50,27,0,0,0,0,0,0,0,0
4818,60.632505,0,1.906573,0,37.992906,25.019807,0.797789,2.845498,0,89.439694,0,14.838338,0,60.5758,33.871315,60.817657,50.0181,33.787587,50,27,0,0,0,0,0,0,0,0
4819,60.952163,0,1.897622,0,38.276665,24.984328,0.799361,2.842368,0,88.835142,0,14.799052,0,60.305214,33.87368,60.536944,49.940423,33.631636,50,27,0,0,0,0,0,0,0,0
4820,60.758819,0,1.888206,0,38.085081,25.136349,0.795457,2.844024,0,89.021078,0,14.944588,0,60.794007,33.824226,60.906936,50.042983,33.837187,50,27,0,0,0,0,0,0,0,0
4821,61.08211,0,1.906551,0,37.958304,25.022613,0.796297,2.842486,0,89.49197,0,14.872344,0,60.839469,33.734037,60.755098,50.000802,33.752832,50,27,0,0,0,0,0,0,0,0
4822,60.978379,0,1.900059,0,37.811594,25.09399,0.799904,2.85043,0,89.222402,0,14.904199,0,60.87939,33.841416,61.026797,50.075894,33.903776,50,27,0,0,0,0,0,0,0,0
4823,60.833943,0,1.894303,0,38.195378,25.006242,0.794617,2.85549,0,89.166222,0,14.828727,0,60.785159,33.724562,60.676863,49.978797,33.709368,50,27,0,0,0,0,0,0,0,0
4824,60.850916,0,1.902316,0,38.195782,24.972825,0.800382,2.84581,0,89.306164,0,14.866241,0,61.012192,33.739154,60.941443,50.052031,33.856357,50,27,0,0,0,0,0,0,0,0
4825,61.001707,0,1.905377,0,37.978704,24.976269,0.800465,2.846649,0,89.556703,0,14.849373,0,60.848427,33.862421,61.042118,50.079598,33.912288,50,27,0,0,0,0,0,0,0,0
4826,60.570703,0,1.904369,0,37.975153,25.001783,0.801168,2.85894,0,89.216493,0,14.898882,0,60.543801,33.920175,60.847209,50.02533,33.804005,50,27,0,0,0,0,0,0,0,0
4827,60.869791,0,1.90052,0,37.893373,24.904262,0.801464,2.855016,0,89.574573,0,14.771701,0,60.983284,33.863994,61.149223,50.10868,33.971791,50,27,0,0,0,0,0,0,0,0
4828,60.683052,0,1.899979,0,37.855826,25.16507,0.798882,2.852055,0,89.41852,0,14.86104,0,61.178621,33.618169,60.815652,50.015941,33.786474,50,27,0,0,0,0,0,0,0,0
4829,60.85072,0,1.906917,0,37.975851,24.981993,0.800865,2.849341,0,89.215156,0,14.821714,0,60.936601,33.78816,60.954892,50.054347,33.863829,50,27,0,0,0,0,0,0,0,0
4830,60.629209,0,1.902844,0,37.913531,24.995309,0.802095,2.860925,0,89.7097,0,14.938101,0,60.89535,33.806153,60.950452,50.05285,33.861362,50,27,0,0,0,0,0,0,0,0
4831,60.721249,0,1.90243,0,37.97201,24.924067,0.803265,2.840436,0,89.074287,0,14.887059,0,60.832195,33.943132,61.172794,50.114041,33.984886,50,27,0,0,0,0,0,0,0,0
4832,60.800737,0,1.909372,0,37.821771,25.064737,0.795177,2.854516,0,88.972744,0,14.807502,0,60.653106,33.883391,60.846402,50.02326,33.803556,50,27,0,0,0,0,0,0,0,0
4833,60.604378,0,1.902958,0,37.936327,24.99759,0.800315,2.856837,0,89.148139,0,14.851353,0,60.934363,33.796165,60.931585,50.046689,33.85088,50,27,0,0,0,0,0,0,0,0
4834,60.61207,0,1.897761,0,37.894452,25.052693,0.798589,2.845843,0,89.288116,0,14.910573,0,61.017194,33.613711,60.629725,49.963024,33.68318,50,27,0,0,0,0,0,0,0,0
4835,60.830194,0,1.898843,0,37.986575,25.103874,0.798745,2.845975,0,89.531372,0,14.900708,0,60.817855,33.699266,60.63507,49.964685,33.68615,50,27,0,0,0,0,0,0,0,0
4836,60.608709,0,1.901167,0,37.941455,25.03208,0.799347,2.85987,0,89.544554,0,14.830484,0,60.546347,33.987101,60.982139,50.060789,33.878966,50,27,0,0,0,0,0,0,0,0
4837,60.904504,0,1.898267,0,37.874433,24.955975,0.801064,2.850753,0,89.233277,0,14.936473,0,60.680393,33.734852,60.55686,49.942941,33.6427,50,27,0,0,0,0,0,0,0,0
4838,60.691621,0,1.902433,0,37.903305,24.969166,0.797445,2.833704,0,88.589287,0,14.811987,0,60.994323,33.744996,60.899908,50.038042,33.833282,50,27,0,0,0,0,0,0,0,0
4839,60.903197,0,1.903863,0,38.149867,24.915641,0.799434,2.855161,0,89.242837,0,14.780618,0,60.808493,33.772041,60.777028,50.003889,33.765015,50,27,0,0,0,0,0,0,0,0
4840,60.899718,0,1.909453,0,38.127275,25.176471,0.797847,2.845851,0,88.711857,0,14.908625,0,60.696784,33.787543,60.699985,49.982576,33.722214,50,27,0,0,0,0,0,0,0,0
4841,60.923784,0,1.893118,0,37.917933,25.106284,0.806508,2.853028,0,89.263818,0,14.85956,0,60.496441,33.838434,60.60679,49.956904,33.670439,50,27,0,0,0,0,0,0,0,0
4842,60.882932,0,1.894122,0,37.824892,25.020089,0.799121,2.860458,0,88.764396,0,14.832377,0,61.009182,33.765038,60.957815,50.05414,33.865453,50,27,0,0,0,0,0,0,0,0
4843,60.869367,0,1.894641,0,37.963648,25.066284,0.798771,2.84741,0,89.640518,0,14.913013,0,61.160071,33.559059,60.677426,49.976372,33.709681,50,27,0,0,0,0,0,0,0,0
4844,60.738092,0,1.903673,0,38.044881,25.06014,0.796893,2.84866,0,88.92118,0,14.808662,0,60.601272,33.781709,60.618445,49.960188,33.676914,50,27,0,0,0,0,0,0,0,0
4845,60.672778,0,1.897709,0,37.986752,24.945262,0.798954,2.855607,0,89.281022,0,14.880433,0,60.868368,33.645427,60.596998,49.954458,33.664999,50,27,0,0,0,0,0,0,0,0
4846,60.901072,0,1.898935,0,38.055269,24.979665,0.798213,2.850197,0,89.588684,0,14.844172,0,60.817911,33.902589,61.105954,50.095358,33.947752,50,27,0,0,0,0,0,0,0,0
4847,60.836466,0,1.900232,0,37.901719,25.072599,0.797739,2.839393,0,89.115499,0,14.861931,0,60.892411,33.699914,60.734934,49.992335,33.74163,50,27,0,0,0,0,0,0,0,0
4848,60.575233,0,1.897585,0,38.038986,24.972703,0.799702,2.847903,0,89.035881,0,14.810105,0,60.740376,33.702707,60.598631,49.9547,33.665906,50,27,0,0,0,0,0,0,0,0
4849,60.406471,0,1.896682,0,38.004686,25.074253,0.798958,2.842201,0,88.980663,0,14.928324,0,61.090908,33.685732,60.922216,50.044363,33.845676,50,27,0,0,0,0,0,0,0,0
4850,60.902907,0,1.899252,0,37.869634,25.016432,0.802219,2.839744,0,89.54669,0,14.909341,0,60.867867,33.594301,60.516855,49.932102,33.620475,50,27,0,0,0,0,0,0,0,0
4851,60.664796,0,1.899234,0,38.064576,25.054153,0.794763,2.853268,0,88.954157,0,14.878726,0,60.289846,33.999083,60.81461,50.014738,33.785895,50,27,0,0,0,0,0,0,0,0
4852,60.587316,0,1.903633,0,37.916042,25.020564,0.79742,2.825605,0,89.453523,0,14.810212,0,60.573953,33.817326,60.682524,49.978157,33.712514,50,27,0,0,0,0,0,0,0,0
4853,60.577747,0,1.900554,0,38.097272,24.951743,0.799771,2.841757,0,89.692167,0,14.836487,0,60.861764,33.81203,60.952379,50.052852,33.862433,50,27,0,0,0,0,0,0,0,0
4854,60.465909,0,1.891695,0,38.067596,24.869838,0.802755,2.836827,0,89.78739,0,14.840602,0,60.507557,33.85261,60.678108,49.976782,33.71006,50,27,0,0,0,0,0,0,0,0
4855,60.539438,0,1.895445,0,37.897203,24.986606,0.797547,2.852611,0,89.185171,0,14.834006,0,60.889799,33.811358,60.962674,50.05555,33.868152,50,27,0,0,0,0,0,0,0,0
4856,61.027751,0,1.901907,0,37.936468,25.039932,0.799701,2.855039,0,89.50721,0,14.954867,0,60.781238,33.799432,60.824403,50.017056,33.791335,50,27,0,0,0,0,0,0,0,0
4857,60.747174,0,1.904998,0,38.057163,25.05432,0.800564,2.852838,0,89.347171,0,14.93331,0,60.70831,33.878404,60.915357,50.042111,33.841865,50,27,0,0,0,0,0,0,0,0
4858,60.930158,0,1.897455,0,37.907193,24.957433,0.80372,2.848334,0,89.156931,0,14.86327,0,61.230826,33.543953,60.719452,49.987754,33.733029,50,27,0,0,0,0,0,0,0,0
4859,60.756828,0,1.905698,0,37.995106,24.969691,0.800835,2.845293,0,89.440376,0,14.932854,0,61.142455,33.727296,61.049781,50.079116,33.916545,50,27,0,0,0,0,0,0,0,0
4860,60.749532,0,1.90468,0,38.109678,25.144648,0.799677,2.85738,0,88.548559,0,14.903297,0,60.75397,33.649349,60.502668,49.927503,33.612593,50,27,0,0,0,0,0,0,0,0
4861,60.793093,0,1.912523,0,38.05512,25.167412,0.799082,2.856546,0,88.943194,0,14.790167,0,60.882952,33.621146,60.587865,49.951411,33.659925,50,27,0,0,0,0,0,0,0,0
4862,60.710824,0,1.905296,0,38.192392,25.024095,0.801055,2.842882,0,88.912511,0,14.885927,0,60.673088,33.919191,61.025134,50.072513,33.902852,50,27,0,0,0,0,0,0,0,0
4863,60.603372,0,1.905345,0,37.943985,25.056754,0.797695,2.849473,0,89.015726,0,14.886595,0,60.67679,33.670927,60.483151,49.92235,33.60175,50,27,0,0,0,0,0,0,0,0
4864,60.612183,0,1.89624,0,37.952966,24.99036,0.796999,2.845665,0,89.138522,0,14.817528,0,60.791714,33.796055,60.87412,50.030798,33.818955,50,27,0,0,0,0,0,0,0,0
4865,60.88877,0,1.907169,0,38.011599,25.075184,0.799597,2.83855,0,89.471967,0,14.87031,0,60.622156,33.739069,60.579205,49.949132,33.655114,50,27,0,0,0,0,0,0,0,0
4866,60.774582,0,1.897591,0,38.159124,25.040883,0.7928,2.846079,0,89.40262,0,14.880341,0,60.804191,33.721382,60.726615,49.990129,33.737009,50,27,0,0,0,0,0,0,0,0
4867,60.655729,0,1.905025,0,38.040402,24.990807,0.801751,2.852838,0,88.893382,0,14.861199,0,60.674178,33.900612,60.979515,50.060078,33.877508,50,27,0,0,0,0,0,0,0,0
4868,60.70274,0,1.899614,0,38.047333,24.979833,0.796931,2.845202,0,88.915966,0,14.891857,0,60.499076,33.909956,60.80504,50.011555,33.780578,50,27,0,0,0,0,0,0,0,0
4869,60.804978,0,1.90433,0,38.091488,24.937406,0.799766,2.854456,0,88.957111,0,14.901666,0,60.554268,33.958627,60.943773,50.049843,33.857652,50,27,0,0,0,0,0,0,0,0
4870,60.888609,0,1.891497,0,37.90915,25.038405,0.802024,2.848885,0,89.687488,0,14.839321,0,60.89046,33.864121,61.056273,50.08069,33.920152,50,27,0,0,0,0,0,0,0,0
4871,60.501948,0,1.898542,0,37.950259,24.92891,0.79947,2.85042,0,89.215435,0,14.84256,0,61.032477,33.732046,60.909331,50.039674,33.838517,50,27,0,0,0,0,0,0,0,0
4872,60.522961,0,1.890116,0,37.935887,24.876924,0.800031,2.857277,0,88.825594,0,14.865075,0,61.207197,33.497796,60.597627,49.953323,33.665348,50,27,0,0,0,0,0,0,0,0
4873,60.663678,0,1.892683,0,37.949625,25.01809,0.801196,2.866721,0,89.526258,0,14.869987,0,60.535072,33.918482,60.850985,50.023582,33.806103,50,27,0,0,0,0,0,0,0,0
4874,60.734637,0,1.893175,0,37.98492,25.046429,0.798643,2.847557,0,89.392092,0,14.82614,0,60.929819,33.762716,60.897419,50.036299,33.831899,50,27,0,0,0,0,0,0,0,0
4875,60.472133,0,1.89819,0,37.926189,24.990826,0.801225,2.849264,0,89.059306,0,14.828719,0,60.765162,33.665153,60.528989,49.934286,33.627216,50,27,0,0,0,0,0,0,0,0
4876,60.60333,0,1.896438,0,37.876043,24.9538,0.799623,2.845051,0,89.51141,0,14.894668,0,60.478548,33.899357,60.751161,49.99602,33.750645,50,27,0,0,0,0,0,0,0,0
4877,60.343621,0,1.895086,0,38.240188,24.814659,0.804721,2.844828,0,89.222322,0,14.820726,0,60.867091,33.664721,60.627731,49.961924,33.682073,50,27,0,0,0,0,0,0,0,0
4878,60.612119,0,1.905722,0,38.085646,24.976608,0.80107,2.865945,0,89.267807,0,14.887999,0,60.74545,33.55041,60.279924,49.865982,33.488847,50,27,0,0,0,0,0,0,0,0
4879,60.550517,0,1.897409,0,38.038364,24.968717,0.800567,2.840824,0,89.268477,0,14.814862,0,60.561559,33.940835,60.948682,50.05149,33.860379,50,27,0,0,0,0,0,0,0,0
4880,60.712095,0,1.899382,0,37.939326,24.89961,0.79878,2.847287,0,89.448417,0,14.857175,0,60.601624,33.7749,60.614532,49.958876,33.67474,50,27,0,0,0,0,0,0,0,0
4881,60.522261,0,1.901456,0,38.020521,24.903234,0.799727,2.834699,0,89.217161,0,14.838984,0,60.997295,33.584983,60.60879,49.957494,33.67155,50,27,0,0,0,0,0,0,0,0
4882,60.630602,0,1.900858,0,37.953706,24.998882,0.802665,2.850486,0,89.681698,0,14.827656,0,61.132529,33.428679,60.438601,49.910666,33.577,50,27,0,0,0,0,0,0,0,0
4883,60.548028,0,1.90076,0,38.118492,25.11454,0.800183,2.843696,0,89.248044,0,14.903394,0,60.695712,33.856796,60.948216,50.051966,33.86012,50,27,0,0,0,0,0,0,0,0
4884,60.730676,0,1.903752,0,37.862727,25.112199,0.802705,2.847735,0,88.940937,0,14.837314,0,60.842373,33.657765,60.659262,49.971842,33.69959,50,27,0,0,0,0,0,0,0,0
4885,60.513752,0,1.901363,0,37.896022,25.006288,0.800618,2.857428,0,89.268082,0,14.834726,0,60.654489,33.798156,60.778962,50.005066,33.76609,50,27,0,0,0,0,0,0,0,0
4886,60.74372,0,1.897623,0,37.94327,24.836124,0.800499,2.856652,0,89.48506,0,14.799899,0,60.787034,33.786588,60.879325,50.032781,33.821847,50,27,0,0,0,0,0,0,0,0
4887,60.74489,0,1.903277,0,38.04066,24.91853,0.803871,2.840183,0,88.972534,0,14.811689,0,60.8661,33.746128,60.867278,50.029288,33.815154,50,27,0,0,0,0,0,0,0,0
4888,60.600071,0,1.892707,0,38.063735,24.884868,0.800609,2.847038,0,89.149699,0,14.856559,0,60.594278,33.807017,60.72382,49.989491,33.735456,50,27,0,0,0,0,0,0,0,0
4889,60.997536,0,1.906895,0,38.008624,25.202211,0.795134,2.848741,0,89.409842,0,14.825823,0,60.821983,33.749829,60.822797,50.0169,33.790443,50,27,0,0,0,0,0,0,0,0
4890,61.042962,0,1.901764,0,38.069196,24.927671,0.801786,2.858192,0,89.05749,0,14.841296,0,60.507876,33.964656,60.961791,50.055233,33.867661,50,27,0,0,0,0,0,0,0,0
4891,60.927413,0,1.906226,0,37.873242,24.994377,0.801553,2.841412,0,89.676366,0,14.778886,0,60.947202,33.726428,60.870234,50.029653,33.816797,50,27,0,0,0,0,0,0,0,0
4892,60.887138,0,1.904072,0,38.187409,24.999387,0.801299,2.85543,0,89.589879,0,14.778663,0,60.843543,33.853831,61.040126,50.076463,33.911181,50,27,0,0,0,0,0,0,0,0
4893,60.663409,0,1.90292,0,37.909519,25.03912,0.795876,2.866226,0,89.139904,0,14.813425,0,60.788439,33.699956,60.648156,49.967743,33.69342,50,27,0,0,0,0,0,0,0,0
4894,60.658417,0,1.908314,0,38.032857,24.925298,0.801213,2.844389,0,88.535194,0,14.870547,0,60.54523,33.953886,60.949347,50.051152,33.860748,50,27,0,0,0,0,0,0,0,0
4895,60.582776,0,1.912116,0,38.067329,24.980688,0.801376,2.849864,0,89.016873,0,14.905422,0,60.737242,33.764876,60.717409,49.986791,33.731894,50,27,0,0,0,0,0,0,0,0
4896,60.793223,0,1.89242,0,37.927754,24.912009,0.798073,2.85491,0,89.084044,0,14.87918,0,60.768614,33.686676,60.585069,49.950278,33.658372,50,27,0,0,0,0,0,0,0,0
4897,60.992264,0,1.89965,0,38.034162,24.91124,0.799326,2.831861,0,89.617996,0,14.935489,0,61.044571,33.547873,60.57971,49.949044,33.655394,50,27,0,0,0,0,0,0,0,0
4898,60.868813,0,1.894858,0,38.243577,25.063654,0.80455,2.855433,0,89.057806,0,14.833279,0,61.047709,33.636443,60.798727,50.009833,33.777071,50,27,0,0,0,0,0,0,0,0
4899,60.706394,0,1.91115,0,37.935112,25.092906,0.799592,2.849765,0,89.1386,0,14.824632,0,60.598669,33.788163,60.685285,49.978429,33.714047,50,27,0,0,0,0,0,0,0,0
4900,60.746027,0,1.890836,0,37.879765,24.994893,0.797894,2.853339,0,89.296557,0,14.815924,0,60.717674,33.77212,60.765034,50.000579,33.758352,50,27,0,0,0,0,0,0,0,0
4901,60.808433,0,1.898534,0,37.869913,24.810514,0.800225,2.842374,0,89.356363,0,14.824034,0,60.465538,33.970697,60.928812,50.045844,33.84934,50,27,0,0,0,0,0,0,0,0
4902,60.729309,0,1.896918,0,38.078934,24.947355,0.799126,2.855414,0,88.700176,0,14.802668,0,60.748685,33.68869,60.588147,49.951457,33.660081,50,27,0,0,0,0,0,0,0,0
4903,60.606064,0,1.90437,0,37.909065,25.022842,0.802052,2.849011,0,89.11524,0,14.769957,0,60.513399,33.959993,60.935173,50.047615,33.852874,50,27,0,0,0,0,0,0,0,0
4904,60.646694,0,1.89999,0,37.973298,25.091987,0.799362,2.843116,0,88.843583,0,14.923891,0,60.51051,33.920697,60.823033,50.016383,33.790574,50,27,0,0,0,0,0,0,0,0
4905,60.83647,0,1.893412,0,38.038566,25.055574,0.79963,2.842737,0,89.286477,0,14.846177,0,60.907108,33.72713,60.791793,50.007667,33.773219,50,27,0,0,0,0,0,0,0,0
4906,60.710928,0,1.89462,0,38.002215,24.978646,0.800775,2.849974,0,89.541268,0,14.933585,0,60.798897,33.74651,60.73167,49.991011,33.739817,50,27,0,0,0,0,0,0,0,0
4907,60.609261,0,1.895839,0,37.916372,25.100702,0.801477,2.842486,0,89.544271,0,14.890054,0,60.866523,33.66615,60.633989,49.964057,33.685549,50,27,0,0,0,0,0,0,0,0
4908,60.709138,0,1.893787,0,38.103296,24.981111,0.800029,2.852898,0,88.969225,0,14.874435,0,61.017664,33.642616,60.750019,49.996306,33.75001,50,27,0,0,0,0,0,0,0,0
4909,60.768641,0,1.896454,0,38.033607,24.961583,0.795512,2.850479,0,89.447951,0,14.852611,0,60.933342,33.700817,60.805193,50.011575,33.780663,50,27,0,0,0,0,0,0,0,0
4910,60.856502,0,1.905071,0,37.925857,25.033582,0.795066,2.860309,0,88.942816,0,14.839413,0,60.800063,33.839289,60.972013,50.057626,33.873341,50,27,0,0,0,0,0,0,0,0
4911,60.892115,0,1.901282,0,38.152913,24.984111,0.799945,2.860165,0,88.57142,0,14.812368,0,60.910352,33.706478,60.791407,50.00742,33.773004,50,27,0,0,0,0,0,0,0,0
4912,60.823032,0,1.903597,0,38.071779,25.052264,0.805019,2.845113,0,89.152008,0,14.855961,0,60.698209,33.668417,60.506414,49.928612,33.614675,50,27,0,0,0,0,0,0,0,0
4913,60.926364,0,1.911906,0,38.170087,24.891417,0.802015,2.853345,0,89.517151,0,14.84926,0,60.608729,33.6792,60.451667,49.913836,33.58426,50,27,0,0,0,0,0,0,0,0
4914,60.366636,0,1.9008,0,37.974682,24.982097,0.799013,2.852908,0,89.683265,0,14.891773,0,60.519198,33.770337,60.564193,49.945366,33.646774,50,27,0,0,0,0,0,0,0,0
4915,60.710892,0,1.908063,0,38.027476,25.064638,0.805029,2.84589,0,89.156744,0,14.864914,0,60.609599,34.045527,61.232262,50.130289,34.017923,50,27,0,0,0,0,0,0,0,0
4916,60.662541,0,1.897353,0,37.917975,24.881424,0.797886,2.848834,0,89.29988,0,14.852507,0,60.719725,33.82182,60.831589,50.018897,33.795327,50,27,0,0,0,0,0,0,0,0
4917,60.709488,0,1.904356,0,37.893252,25.109469,0.798821,2.858102,0,89.031,0,14.871278,0,60.889573,33.651751,60.635707,49.964662,33.686504,50,27,0,0,0,0,0,0,0,0
4918,60.723851,0,1.896721,0,38.155631,24.987236,0.800866,2.851385,0,89.283177,0,14.835392,0,60.855408,33.653878,60.621894,49.96102,33.67883,50,27,0,0,0,0,0,0,0,0
4919,60.983574,0,1.894381,0,37.969284,24.884828,0.794685,2.843011,0,89.415911,0,14.775707,0,60.966565,33.756515,60.964145,50.05581,33.86897,50,27,0,0,0,0,0,0,0,0
4920,60.796553,0,1.898927,0,38.022284,25.033413,0.802759,2.851982,0,89.241091,0,14.814434,0,60.505195,33.8824,60.768466,50.001448,33.760259,50,27,0,0,0,0,0,0,0,0
4921,60.636786,0,1.898376,0,37.940021,25.030417,0.803277,2.83823,0,89.100403,0,14.837648,0,60.767885,33.861951,60.971568,50.057577,33.873093,50,27,0,0,0,0,0,0,0,0
4922,61.013206,0,1.90977,0,38.13779,25.039995,0.802184,2.861578,0,89.488704,0,14.937737,0,60.54715,33.96872,60.963318,50.05501,33.86851,50,27,0,0,0,0,0,0,0,0
4923,60.844701,0,1.898487,0,37.972369,25.143786,0.801301,2.851413,0,89.484145,0,14.880115,0,60.853456,33.856708,61.007337,50.066903,33.892965,50,27,0,0,0,0,0,0,0,0
4924,60.699326,0,1.899027,0,38.004142,24.947314,0.799973,2.856876,0,89.334369,0,14.879773,0,60.955519,33.78259,60.943441,50.04891,33.857467,50,27,0,0,0,0,0,0,0,0
4925,60.885502,0,1.895852,0,37.838203,25.049776,0.801534,2.855628,0,89.063435,0,14.894832,0,60.937385,33.578595,60.495758,49.924929,33.608755,50,27,0,0,0,0,0,0,0,0
4926,60.924783,0,1.905527,0,38.055571,24.961915,0.799311,2.856125,0,89.421087,0,14.881021,0,60.843522,33.633013,60.544287,49.938716,33.635715,50,27,0,0,0,0,0,0,0,0
4927,60.411315,0,1.897816,0,38.176689,25.062226,0.794977,2.853901,0,89.372311,0,14.865818,0,60.608276,33.931603,60.957582,50.053253,33.865323,50,27,0,0,0,0,0,0,0,0
4928,60.792452,0,1.896282,0,37.862532,25.146048,0.800014,2.851563,0,88.616696,0,14.808855,0,60.727436,33.812872,60.804461,50.010666,33.780256,50,27,0,0,0,0,0,0,0,0
4929,60.356402,0,1.892117,0,38.119441,24.99115,0.803768,2.853678,0,89.377234,0,14.83196,0,60.484959,33.946494,60.839029,50.020168,33.79946,50,27,0,0,0,0,0,0,0,0
4930,60.89346,0,1.899807,0,38.084661,25.118865,0.799767,2.843008,0,89.615671,0,14.806778,0,60.507903,33.882317,60.704469,49.982876,33.724705,50,27,0,0,0,0,0,0,0,0
4931,60.442137,0,1.900356,0,38.101345,25.12938,0.797458,2.841987,0,89.194154,0,14.874157,0,60.726026,33.855489,60.853717,50.024212,33.80762,50,27,0,0,0,0,0,0,0,0
4932,60.444841,0,1.896458,0,38.094733,24.995618,0.800239,2.858997,0,89.535369,0,14.874632,0,60.504621,33.830167,60.570917,49.945927,33.65051,50,27,0,0,0,0,0,0,0,0
4933,61.051158,0,1.88851,0,37.766832,24.99353,0.801131,2.843321,0,89.503439,0,14.895932,0,60.807451,33.659845,60.510332,49.929451,33.616851,50,27,0,0,0,0,0,0,0,0
4934,60.947374,0,1.902327,0,38.033764,24.913046,0.800888,2.832972,0,89.204482,0,14.903598,0,61.178549,33.556443,60.681886,49.977219,33.712159,50,27,0,0,0,0,0,0,0,0
4935,60.632153,0,1.89772,0,37.89793,24.978251,0.797881,2.873617,0,89.237615,0,14.919284,0,60.940509,33.772721,60.9311,50.046214,33.850611,50,27,0,0,0,0,0,0,0,0
4936,60.688462,0,1.907522,0,38.033382,25.132142,0.79713,2.85051,0,88.932219,0,14.890133,0,60.902248,33.835462,61.025771,50.07215,33.903206,50,27,0,0,0,0,0,0,0,0
4937,60.801016,0,1.900442,0,37.966933,25.031043,0.797276,2.857171,0,88.90341,0,14.780448,0,60.712676,33.846674,60.852127,50.023797,33.806737,50,27,0,0,0,0,0,0,0,0
4938,60.97231,0,1.899655,0,37.897322,25.085832,0.801987,2.857861,0,89.096125,0,14.762088,0,60.757519,33.86609,60.929211,50.044985,33.849562,50,27,0,0,0,0,0,0,0,0
4939,61.05055,0,1.895446,0,37.955659,24.939398,0.804415,2.851189,0,88.94148,0,14.882965,0,60.71228,33.781077,60.693918,49.979727,33.718843,50,27,0,0,0,0,0,0,0,0
4940,61.076801,0,1.898986,0,37.886974,24.917059,0.798841,2.86993,0,89.192842,0,14.910119,0,61.012289,33.726329,60.87959,50.031146,33.821994,50,27,0,0,0,0,0,0,0,0
4941,60.994276,0,1.893947,0,38.138954,24.894029,0.799676,2.843629,0,89.027997,0,14.817075,0,60.846711,33.609539,60.475952,49.919428,33.597751,50,27,0,0,0,0,0,0,0,0
4942,60.666355,0,1.890999,0,38.072057,24.937045,0.801722,2.84734,0,89.265696,0,14.915768,0,60.866525,33.764764,60.846364,50.022209,33.803536,50,27,0,0,0,0,0,0,0,0
4943,60.846419,0,1.895757,0,38.044033,24.966018,0.799067,2.861373,0,89.289854,0,14.865446,0,60.604983,33.873203,60.814823,50.01338,33.786013,50,27,0,0,0,0,0,0,0,0
4944,60.594986,0,1.900652,0,38.082983,24.921402,0.8,2.838952,0,89.878995,0,14.903148,0,60.73825,33.989864,61.181055,50.114539,33.989475,50,27,0,0,0,0,0,0,0,0
4945,60.742071,0,1.897174,0,37.892579,25.051522,0.799609,2.840088,0,88.901236,0,14.951823,0,60.427325,33.927982,60.711924,49.984303,33.728846,50,27,0,0,0,0,0,0,0,0
4946,60.622086,0,1.90132,0,38.008981,25.057035,0.802236,2.860103,0,89.276137,0,14.872079,0,60.641645,33.834961,60.712239,49.984468,33.729022,50,27,0,0,0,0,0,0,0,0
4947,60.867397,0,1.898499,0,37.814514,24.981686,0.801544,2.836927,0,89.298344,0,14.867821,0,60.904925,33.663046,60.608474,49.955866,33.671375,50,27,0,0,0,0,0,0,0,0
4948,60.689289,0,1.906704,0,37.866963,24.946097,0.799401,2.851131,0,89.106372,0,14.873703,0,61.121674,33.542897,60.590312,49.951065,33.661285,50,27,0,0,0,0,0,0,0,0
4949,60.605139,0,1.901715,0,38.091293,25.015898,0.80323,2.850744,0,88.865164,0,14.876014,0,61.168172,33.553228,60.691812,49.979363,33.717673,50,27,0,0,0,0,0,0,0,0
4950,60.811442,0,1.904968,0,38.078325,25.076659,0.798487,2.847104,0,89.322863,0,14.883956,0,60.904415,33.617169,60.592704,49.952072,33.662613,50,27,0,0,0,0,0,0,0,0
4951,60.684108,0,1.90356,0,37.857834,24.929639,0.795809,2.851144,0,89.211199,0,14.894432,0,60.961326,33.487129,60.394794,49.897609,33.552663,50,27,0,0,0,0,0,0,0,0
4952,60.647739,0,1.907724,0,38.03743,24.917794,0.801875,2.86444,0,88.965295,0,14.838112,0,60.895929,33.743737,60.906087,50.039438,33.836715,50,27,0,0,0,0,0,0,0,0
4953,60.484277,0,1.897128,0,38.08966,25.05345,0.802881,2.847593,0,88.987992,0,14.824968,0,60.802883,33.592888,60.494208,49.9254,33.607894,50,27,0,0,0,0,0,0,0,0
4954,60.884569,0,1.903166,0,38.020052,25.007047,0.796233,2.856441,0,88.759298,0,14.879636,0,60.773584,33.743086,60.801025,50.010574,33.778347,50,27,0,0,0,0,0,0,0,0
4955,60.826614,0,1.894481,0,38.032818,24.923024,0.799591,2.869895,0,89.259887,0,14.862777,0,60.701276,33.840456,60.932393,50.046831,33.851329,50,27,0,0,0,0,0,0,0,0
4956,60.603556,0,1.897654,0,37.969727,24.89376,0.801589,2.847058,0,89.272685,0,14.778704,0,60.55333,33.95081,61.00278,50.066053,33.890433,50,27,0,0,0,0,0,0,0,0
4957,60.776156,0,1.907763,0,37.758309,24.940098,0.795204,2.847526,0,89.50638,0,14.836807,0,60.957386,33.753904,60.963397,50.054839,33.868554,50,27,0,0,0,0,0,0,0,0
4958,60.661499,0,1.906696,0,37.912814,24.927053,0.798271,2.856508,0,89.022723,0,14.87092,0,60.975518,33.507117,60.460587,49.915591,33.589215,50,27,0,0,0,0,0,0,0,0
4959,60.521553,0,1.892147,0,38.274594,25.009909,0.80089,2.845776,0,89.221237,0,14.915882,0,61.166113,33.536614,60.745586,49.994784,33.747548,50,27,0,0,0,0,0,0,0,0
4960,60.635909,0,1.910781,0,38.127535,25.132963,0.798887,2.853589,0,89.565825,0,14.953525,0,60.853067,33.599522,60.591519,49.952226,33.661955,50,27,0,0,0,0,0,0,0,0
4961,60.818429,0,1.901662,0,37.81331,24.933581,0.796817,2.848469,0,88.826312,0,14.889325,0,60.644182,33.813306,60.849932,50.023888,33.805518,50,27,0,0,0,0,0,0,0,0
4962,60.835678,0,1.90108,0,38.056818,25.081232,0.799401,2.840114,0,89.242347,0,14.797102,0,60.51774,33.857866,60.804623,50.011246,33.780346,50,27,0,0,0,0,0,0,0,0
4963,61.027056,0,1.911825,0,37.985617,24.967356,0.805298,2.851195,0,89.001961,0,14.852411,0,60.823614,33.602823,60.554587,49.942082,33.641437,50,27,0,0,0,0,0,0,0,0
4964,60.941564,0,1.906655,0,38.0061,25.107989,0.799814,2.847205,0,88.96418,0,14.781906,0,60.94414,33.555445,60.591988,49.952707,33.662215,50,27,0,0,0,0,0,0,0,0
4965,60.99543,0,1.898866,0,38.036476,25.001528,0.795941,2.844539,0,89.094473,0,14.894001,0,60.867622,33.653269,60.743827,49.99491,33.74657,50,27,0,0,0,0,0,0,0,0
4966,60.572987,0,1.903722,0,38.09489,24.95296,0.796669,2.842928,0,89.178076,0,14.890614,0,60.613735,33.942229,61.107201,50.095371,33.948445,50,27,0,0,0,0,0,0,0,0
4967,60.858788,0,1.896998,0,37.760416,24.951692,0.800747,2.850416,0,89.566833,0,14.812202,0,60.744176,33.62528,60.538237,49.937637,33.632354,50,27,0,0,0,0,0,0,0,0
4968,61.055036,0,1.910201,0,37.884587,25.138931,0.793397,2.849628,0,89.416687,0,14.799464,0,60.53767,33.812051,60.738573,49.993319,33.743652,50,27,0,0,0,0,0,0,0,0
4969,60.900362,0,1.893993,0,38.118821,25.015906,0.800138,2.854746,0,88.957185,0,14.75041,0,60.449949,33.811308,60.636728,49.965203,33.687071,50,27,0,0,0,0,0,0,0,0
4970,60.823834,0,1.901712,0,38.095577,24.980567,0.799845,2.851465,0,89.260057,0,14.820218,0,60.524107,33.80023,60.675844,49.976187,33.708802,50,27,0,0,0,0,0,0,0,0
4971,60.874452,0,1.905761,0,38.077012,25.030859,0.797277,2.859498,0,88.772288,0,14.929931,0,60.414955,33.856578,60.676067,49.976368,33.708926,50,27,0,0,0,0,0,0,0,0
4972,60.735352,0,1.902856,0,38.280524,24.977744,0.799576,2.862931,0,88.881458,0,14.949515,0,60.647023,33.792757,60.757194,49.998908,33.753997,50,27,0,0,0,0,0,0,0,0
4973,60.981012,0,1.901482,0,38.203078,24.896455,0.80019,2.870698,0,89.191334,0,14.815847,0,61.001907,33.626611,60.754728,49.998232,33.752627,50,27,0,0,0,0,0,0,0,0
4974,60.794713,0,1.90188,0,38.056628,25.072538,0.797322,2.83985,0,89.109148,0,14.789582,0,60.725797,33.571069,60.376909,49.893813,33.542727,50,27,0,0,0,0,0,0,0,0
4975,60.791684,0,1.897938,0,38.149451,24.922412,0.801624,2.840345,0,89.507856,0,14.82085,0,60.579464,33.765581,60.66268,49.973327,33.701489,50,27,0,0,0,0,0,0,0,0
4976,60.904927,0,1.898687,0,37.875026,25.038766,0.799629,2.842937,0,89.035533,0,14.802668,0,60.825656,33.5642,60.478882,49.922659,33.599379,50,27,0,0,0,0,0,0,0,0
4977,60.665797,0,1.898864,0,38.150923,24.906621,0.797722,2.843101,0,89.11685,0,14.758901,0,60.681506,33.781976,60.815777,50.01616,33.786543,50,27,0,0,0,0,0,0,0,0
4978,60.845938,0,1.899637,0,38.040649,25.121336,0.79896,2.853176,0,88.904616,0,14.852297,0,60.919588,33.723443,60.921999,50.045439,33.845555,50,27,0,0,0,0,0,0,0,0
4979,60.754671,0,1.899149,0,38.015624,24.907003,0.800353,2.847759,0,88.683143,0,14.811117,0,60.706051,33.657176,60.568528,49.947515,33.649182,50,27,0,0,0,0,0,0,0,0
4980,60.392153,0,1.897639,0,37.887393,24.925427,0.801583,2.860285,0,89.076016,0,14.854045,0,60.449858,33.856536,60.741458,49.995573,33.745254,50,27,0,0,0,0,0,0,0,0
4981,60.819358,0,1.894522,0,37.997186,24.955178,0.799007,2.846014,0,89.079173,0,14.844193,0,60.929272,33.695205,60.862339,50.029006,33.81241,50,27,0,0,0,0,0,0,0,0
4982,60.650596,0,1.896055,0,37.980415,24.916074,0.801968,2.851238,0,89.339088,0,14.828687,0,60.693759,33.687291,60.614314,49.960309,33.674619,50,27,0,0,0,0,0,0,0,0
4983,60.791041,0,1.908318,0,37.886469,24.973944,0.796536,2.842619,0,88.532428,0,14.857369,0,60.829389,33.661137,60.69974,49.984118,33.722078,50,27,0,0,0,0,0,0,0,0
4984,60.68256,0,1.898012,0,38.147965,25.006409,0.798031,2.854349,0,89.00254,0,14.812656,0,60.743777,33.815794,60.948463,50.052943,33.860257,50,27,0,0,0,0,0,0,0,0
4985,60.593673,0,1.904789,0,38.015443,24.960038,0.802592,2.846767,0,88.93744,0,14.8579,0,60.799674,33.654756,60.651878,49.970705,33.695488,50,27,0,0,0,0,0,0,0,0
4986,60.55206,0,1.904177,0,38.013539,25.038616,0.798697,2.846373,0,89.081314,0,14.885347,0,60.901324,33.66738,60.789393,50.008859,33.771885,50,27,0,0,0,0,0,0,0,0
4987,60.744739,0,1.906879,0,37.974519,24.931297,0.797035,2.858852,0,88.713625,0,14.851126,0,61.025755,33.76448,61.125639,50.101752,33.958688,50,27,0,0,0,0,0,0,0,0
4988,60.68632,0,1.890575,0,37.997511,25.02896,0.799762,2.840095,0,89.082826,0,14.869816,0,60.15838,34.001046,60.751028,49.997705,33.750571,50,27,0,0,0,0,0,0,0,0
4989,60.602958,0,1.894584,0,38.120502,25.095819,0.800317,2.862955,0,89.228145,0,14.821095,0,60.851629,33.734415,60.844813,50.023638,33.802674,50,27,0,0,0,0,0,0,0,0
4990,61.042003,0,1.906217,0,37.960368,24.947545,0.795776,2.85367,0,89.326339,0,14.857905,0,60.783965,33.845715,61.012347,50.069826,33.895748,50,27,0,0,0,0,0,0,0,0
4991,60.522136,0,1.90156,0,38.108715,24.997359,0.798588,2.842682,0,88.894908,0,14.836903,0,60.879276,33.738583,60.867403,50.029417,33.815224,50,27,0,0,0,0,0,0,0,0
4992,60.942686,0,1.903621,0,38.170642,24.775,0.799814,2.844803,0,89.194349,0,14.973617,0,60.879037,33.525874,60.419223,49.905396,33.566235,50,27,0,0,0,0,0,0,0,0
4993,60.458743,0,1.892078,0,37.971127,25.07185,0.798595,2.858203,0,89.094344,0,14.851827,0,60.829788,33.747838,60.866919,50.029607,33.814955,50,27,0,0,0,0,0,0,0,0
4994,61.206412,0,1.896936,0,38.054847,25.061772,0.800434,2.863009,0,89.569808,0,14.794314,0,60.468694,33.940543,60.90999,50.041365,33.838884,50,27,0,0,0,0,0,0,0,0
4995,60.905657,0,1.904325,0,37.900172,25.03261,0.799521,2.847906,0,88.585483,0,14.817366,0,60.588106,33.80665,60.71939,49.988478,33.732995,50,27,0,0,0,0,0,0,0,0
4996,60.391892,0,1.905692,0,37.957408,24.93827,0.798204,2.850897,0,88.773211,0,14.82178,0,60.867428,33.653783,60.668055,49.974346,33.704475,50,27,0,0,0,0,0,0,0,0
4997,60.605537,0,1.895542,0,38.111678,25.051512,0.79939,2.851563,0,88.595616,0,14.829719,0,60.487593,34.011136,61.054471,50.081278,33.919151,50,27,0,0,0,0,0,0,0,0
4998,60.69498,0,1.891757,0,38.107696,25.007665,0.799485,2.840856,0,89.52009,0,14.858204,0,60.729747,33.663565,60.528037,49.935369,33.626687,50,27,0,0,0,0,0,0,0,0
4999,60.666346,0,1.903311,0,37.881489,25.075082,0.800906,2.865954,0,89.236274,0,14.925993,0,60.659961,33.885277,60.938531,50.04915,33.85474,50,27,0,0,0,0,0,0,0,0
5000,60.857904,0,1.891141,0,37.671556,24.99916,0.801387,2.856889,0,89.067759,0,14.821634,0,60.900042,33.795101,60.970987,50.057876,33.872771,50,27,0,0,0,0,0,0,0,0
